{
"type": "FeatureCollection",
"crs": { "type": "name", "properties": { "name": "urn:ogc:def:crs:OGC:1.3:CRS84" } },
"features": [
{ "type": "Feature", "properties": { "objectid": 16885, "cod_region": "13", "region": "Región Metropolitana De Santiago", "cut_provincia": "131", "provincia": "Santiago", "cut_comuna": "13110", "comuna": "La Florida", "zona": "PL", "nombre_zona": "PL Zona de Plazas", "uperm": "Espacio público y áreas verdes.", "uproh": "Todo uso no mencionado como permitido.", "srid": "EPSG: 4326" }, "geometry": { "type": "MultiPolygon", "coordinates": [ [ [ [ -70.602518253620573, -33.531981453616304 ], [ -70.602718137986415, -33.531980377862467 ], [ -70.60270281423557, -33.531501432800603 ], [ -70.602505845180218, -33.531500892591446 ], [ -70.602518253620573, -33.531981453616304 ] ] ] ] } },
{ "type": "Feature", "properties": { "objectid": 17242, "cod_region": "13", "region": "Región Metropolitana De Santiago", "cut_provincia": "131", "provincia": "Santiago", "cut_comuna": "13110", "comuna": "La Florida", "zona": "PL", "nombre_zona": "PL Zona de Plazas", "uperm": "Espacio público y áreas verdes.", "uproh": "Todo uso no mencionado como permitido.", "srid": "EPSG: 4326" }, "geometry": { "type": "MultiPolygon", "coordinates": [ [ [ [ -70.575208846110925, -33.554767750428709 ], [ -70.575808658232873, -33.554834245484848 ], [ -70.575827458272784, -33.554683845316596 ], [ -70.575770753742177, -33.554682666180256 ], [ -70.575251356501511, -33.554611352665873 ], [ -70.575208846110925, -33.554767750428709 ] ] ] ] } },
{ "type": "Feature", "properties": { "objectid": 17210, "cod_region": "13", "region": "Región Metropolitana De Santiago", "cut_provincia": "131", "provincia": "Santiago", "cut_comuna": "13110", "comuna": "La Florida", "zona": "PL", "nombre_zona": "PL Zona de Plazas", "uperm": "Espacio público y áreas verdes.", "uproh": "Todo uso no mencionado como permitido.", "srid": "EPSG: 4326" }, "geometry": { "type": "MultiPolygon", "coordinates": [ [ [ [ -70.590663282557912, -33.556803270518337 ], [ -70.590983734567288, -33.556841418314107 ], [ -70.591082917525284, -33.556318797253802 ], [ -70.590754835938156, -33.556276830229123 ], [ -70.590663282557912, -33.556803270518337 ] ] ] ] } },
{ "type": "Feature", "properties": { "objectid": 17214, "cod_region": "13", "region": "Región Metropolitana De Santiago", "cut_provincia": "131", "provincia": "Santiago", "cut_comuna": "13110", "comuna": "La Florida", "zona": "PL", "nombre_zona": "PL Zona de Plazas", "uperm": "Espacio público y áreas verdes.", "uproh": "Todo uso no mencionado como permitido.", "srid": "EPSG: 4326" }, "geometry": { "type": "MultiPolygon", "coordinates": [ [ [ [ -70.588237023227464, -33.55839023511227 ], [ -70.588410943146243, -33.55840588089827 ], [ -70.588488091521256, -33.557822895278917 ], [ -70.588310586247047, -33.557811507094812 ], [ -70.588237023227464, -33.55839023511227 ] ] ] ] } },
{ "type": "Feature", "properties": { "objectid": 17243, "cod_region": "13", "region": "Región Metropolitana De Santiago", "cut_provincia": "131", "provincia": "Santiago", "cut_comuna": "13110", "comuna": "La Florida", "zona": "PL", "nombre_zona": "PL Zona de Plazas", "uperm": "Espacio público y áreas verdes.", "uproh": "Todo uso no mencionado como permitido.", "srid": "EPSG: 4326" }, "geometry": { "type": "MultiPolygon", "coordinates": [ [ [ [ -70.575338360725667, -33.555783166010002 ], [ -70.575617324459728, -33.555830591646469 ], [ -70.575680913858875, -33.555295247987821 ], [ -70.57572133389418, -33.555244002252117 ], [ -70.575585452518055, -33.555227192331031 ], [ -70.575509305488481, -33.555231997971497 ], [ -70.575338360725667, -33.555783166010002 ] ] ] ] } },
{ "type": "Feature", "properties": { "objectid": 17072, "cod_region": "13", "region": "Región Metropolitana De Santiago", "cut_provincia": "131", "provincia": "Santiago", "cut_comuna": "13110", "comuna": "La Florida", "zona": "PL", "nombre_zona": "PL Zona de Plazas", "uperm": "Espacio público y áreas verdes.", "uproh": "Todo uso no mencionado como permitido.", "srid": "EPSG: 4326" }, "geometry": { "type": "MultiPolygon", "coordinates": [ [ [ [ -70.551453339926127, -33.51269474054417 ], [ -70.551461875258823, -33.512820966033487 ], [ -70.551771688419365, -33.512810064862521 ], [ -70.551767755598405, -33.512690801606134 ], [ -70.551453339926127, -33.51269474054417 ] ] ] ] } },
{ "type": "Feature", "properties": { "objectid": 17073, "cod_region": "13", "region": "Región Metropolitana De Santiago", "cut_provincia": "131", "provincia": "Santiago", "cut_comuna": "13110", "comuna": "La Florida", "zona": "PL", "nombre_zona": "PL Zona de Plazas", "uperm": "Espacio público y áreas verdes.", "uproh": "Todo uso no mencionado como permitido.", "srid": "EPSG: 4326" }, "geometry": { "type": "MultiPolygon", "coordinates": [ [ [ [ -70.579635759509316, -33.512357253508654 ], [ -70.580049879923962, -33.51240351056525 ], [ -70.580088005723724, -33.512120736529482 ], [ -70.579687411467162, -33.512079674741642 ], [ -70.579635759509316, -33.512357253508654 ] ] ] ] } },
{ "type": "Feature", "properties": { "objectid": 17244, "cod_region": "13", "region": "Región Metropolitana De Santiago", "cut_provincia": "131", "provincia": "Santiago", "cut_comuna": "13110", "comuna": "La Florida", "zona": "PL", "nombre_zona": "PL Zona de Plazas", "uperm": "Espacio público y áreas verdes.", "uproh": "Todo uso no mencionado como permitido.", "srid": "EPSG: 4326" }, "geometry": { "type": "MultiPolygon", "coordinates": [ [ [ [ -70.575093115255314, -33.556680473879268 ], [ -70.575460514759342, -33.556732161870634 ], [ -70.575509203020729, -33.556444740680625 ], [ -70.575171858644808, -33.556391849666547 ], [ -70.575123907459115, -33.556557482748673 ], [ -70.575093115255314, -33.556680473879268 ] ] ] ] } },
{ "type": "Feature", "properties": { "objectid": 17207, "cod_region": "13", "region": "Región Metropolitana De Santiago", "cut_provincia": "131", "provincia": "Santiago", "cut_comuna": "13110", "comuna": "La Florida", "zona": "PL", "nombre_zona": "PL Zona de Plazas", "uperm": "Espacio público y áreas verdes.", "uproh": "Todo uso no mencionado como permitido.", "srid": "EPSG: 4326" }, "geometry": { "type": "MultiPolygon", "coordinates": [ [ [ [ -70.589760519801459, -33.55481402428309 ], [ -70.590107539810163, -33.554860994847623 ], [ -70.590121550229142, -33.554781437474759 ], [ -70.590200764589909, -33.554743311665163 ], [ -70.590262961185658, -33.554326749638903 ], [ -70.58984377567333, -33.554293042434296 ], [ -70.589768724356702, -33.554765182689373 ], [ -70.589760519801459, -33.55481402428309 ] ] ] ] } },
{ "type": "Feature", "properties": { "objectid": 17208, "cod_region": "13", "region": "Región Metropolitana De Santiago", "cut_provincia": "131", "provincia": "Santiago", "cut_comuna": "13110", "comuna": "La Florida", "zona": "PL", "nombre_zona": "PL Zona de Plazas", "uperm": "Espacio público y áreas verdes.", "uproh": "Todo uso no mencionado como permitido.", "srid": "EPSG: 4326" }, "geometry": { "type": "MultiPolygon", "coordinates": [ [ [ [ -70.591914558394208, -33.555880085352243 ], [ -70.592706156851904, -33.555991669054748 ], [ -70.592756947117763, -33.555708180243137 ], [ -70.592776724734989, -33.555597785503892 ], [ -70.591990855113664, -33.555483347289417 ], [ -70.591914558394208, -33.555880085352243 ] ] ] ] } },
{ "type": "Feature", "properties": { "objectid": 17209, "cod_region": "13", "region": "Región Metropolitana De Santiago", "cut_provincia": "131", "provincia": "Santiago", "cut_comuna": "13110", "comuna": "La Florida", "zona": "PL", "nombre_zona": "PL Zona de Plazas", "uperm": "Espacio público y áreas verdes.", "uproh": "Todo uso no mencionado como permitido.", "srid": "EPSG: 4326" }, "geometry": { "type": "MultiPolygon", "coordinates": [ [ [ [ -70.589559287282071, -33.556012010387747 ], [ -70.589900296261561, -33.556021244393186 ], [ -70.589942242140708, -33.555799669277249 ], [ -70.589596029744868, -33.555793278004252 ], [ -70.589559287282071, -33.556012010387747 ] ] ] ] } },
{ "type": "Feature", "properties": { "objectid": 17245, "cod_region": "13", "region": "Región Metropolitana De Santiago", "cut_provincia": "131", "provincia": "Santiago", "cut_comuna": "13110", "comuna": "La Florida", "zona": "PL", "nombre_zona": "PL Zona de Plazas", "uperm": "Espacio público y áreas verdes.", "uproh": "Todo uso no mencionado como permitido.", "srid": "EPSG: 4326" }, "geometry": { "type": "MultiPolygon", "coordinates": [ [ [ [ -70.574922342747357, -33.557299030570739 ], [ -70.575354324765811, -33.557357519247709 ], [ -70.575378788165523, -33.557290207824451 ], [ -70.575404111872032, -33.557130163591239 ], [ -70.575403199014289, -33.557079891351464 ], [ -70.575001759797033, -33.557036539956364 ], [ -70.574922342747357, -33.557299030570739 ] ] ] ] } },
{ "type": "Feature", "properties": { "objectid": 17234, "cod_region": "13", "region": "Región Metropolitana De Santiago", "cut_provincia": "131", "provincia": "Santiago", "cut_comuna": "13110", "comuna": "La Florida", "zona": "PL", "nombre_zona": "PL Zona de Plazas", "uperm": "Espacio público y áreas verdes.", "uproh": "Todo uso no mencionado como permitido.", "srid": "EPSG: 4326" }, "geometry": { "type": "MultiPolygon", "coordinates": [ [ [ [ -70.580241370991359, -33.557498947792126 ], [ -70.58089715568849, -33.557585362072224 ], [ -70.580958719630814, -33.557253192117038 ], [ -70.580308946401615, -33.557160251531343 ], [ -70.580241370991359, -33.557498947792126 ] ] ] ] } },
{ "type": "Feature", "properties": { "objectid": 17246, "cod_region": "13", "region": "Región Metropolitana De Santiago", "cut_provincia": "131", "provincia": "Santiago", "cut_comuna": "13110", "comuna": "La Florida", "zona": "PL", "nombre_zona": "PL Zona de Plazas", "uperm": "Espacio público y áreas verdes.", "uproh": "Todo uso no mencionado como permitido.", "srid": "EPSG: 4326" }, "geometry": { "type": "MultiPolygon", "coordinates": [ [ [ [ -70.573404706034964, -33.5581843263599 ], [ -70.574002757804166, -33.55825698365269 ], [ -70.574045367186699, -33.558006457254905 ], [ -70.573954049677525, -33.55798214204043 ], [ -70.573343666695536, -33.557879147873336 ], [ -70.572969805681694, -33.55780285286864 ], [ -70.572881689525516, -33.558117051543014 ], [ -70.573278707483922, -33.558166675904857 ], [ -70.573404706034964, -33.5581843263599 ] ] ] ] } },
{ "type": "Feature", "properties": { "objectid": 17236, "cod_region": "13", "region": "Región Metropolitana De Santiago", "cut_provincia": "131", "provincia": "Santiago", "cut_comuna": "13110", "comuna": "La Florida", "zona": "PL", "nombre_zona": "PL Zona de Plazas", "uperm": "Espacio público y áreas verdes.", "uproh": "Todo uso no mencionado como permitido.", "srid": "EPSG: 4326" }, "geometry": { "type": "MultiPolygon", "coordinates": [ [ [ [ -70.581984025241226, -33.554528768189918 ], [ -70.582805688830035, -33.554596996471219 ], [ -70.582827060644362, -33.554472339333124 ], [ -70.582005682026505, -33.554400358655244 ], [ -70.581984025241226, -33.554528768189918 ] ] ] ] } },
{ "type": "Feature", "properties": { "objectid": 17237, "cod_region": "13", "region": "Región Metropolitana De Santiago", "cut_provincia": "131", "provincia": "Santiago", "cut_comuna": "13110", "comuna": "La Florida", "zona": "PL", "nombre_zona": "PL Zona de Plazas", "uperm": "Espacio público y áreas verdes.", "uproh": "Todo uso no mencionado como permitido.", "srid": "EPSG: 4326" }, "geometry": { "type": "MultiPolygon", "coordinates": [ [ [ [ -70.581940988165584, -33.554779139286858 ], [ -70.582769126242511, -33.554826038088784 ], [ -70.582789356809414, -33.554696560883976 ], [ -70.581963836983661, -33.554647101826596 ], [ -70.581940988165584, -33.554779139286858 ] ] ] ] } },
{ "type": "Feature", "properties": { "objectid": 17251, "cod_region": "13", "region": "Región Metropolitana De Santiago", "cut_provincia": "131", "provincia": "Santiago", "cut_comuna": "13110", "comuna": "La Florida", "zona": "PL", "nombre_zona": "PL Zona de Plazas", "uperm": "Espacio público y áreas verdes.", "uproh": "Todo uso no mencionado como permitido.", "srid": "EPSG: 4326" }, "geometry": { "type": "MultiPolygon", "coordinates": [ [ [ [ -70.566339486329753, -33.554400102745817 ], [ -70.56609533519439, -33.554701472587901 ], [ -70.566215150026537, -33.554771091621546 ], [ -70.566458952406762, -33.554469389582565 ], [ -70.566587188858705, -33.554543765220984 ], [ -70.56676457638703, -33.554360922301612 ], [ -70.566500478683281, -33.554344775613394 ], [ -70.566442451612161, -33.554272531586221 ], [ -70.566339486329753, -33.554400102745817 ] ] ] ] } },
{ "type": "Feature", "properties": { "objectid": 17256, "cod_region": "13", "region": "Región Metropolitana De Santiago", "cut_provincia": "131", "provincia": "Santiago", "cut_comuna": "13110", "comuna": "La Florida", "zona": "PL", "nombre_zona": "PL Zona de Plazas", "uperm": "Espacio público y áreas verdes.", "uproh": "Todo uso no mencionado como permitido.", "srid": "EPSG: 4326" }, "geometry": { "type": "MultiPolygon", "coordinates": [ [ [ [ -70.580239133820072, -33.551372232444763 ], [ -70.580721396788775, -33.551544994681201 ], [ -70.580803386462833, -33.551331113776136 ], [ -70.580630263438508, -33.551326916230373 ], [ -70.580680404244063, -33.551215331866906 ], [ -70.580267368033745, -33.551095775220531 ], [ -70.580176510777662, -33.551301138549903 ], [ -70.580268325990389, -33.55132025924712 ], [ -70.580239133820072, -33.551372232444763 ] ] ] ] } },
{ "type": "Feature", "properties": { "objectid": 17203, "cod_region": "13", "region": "Región Metropolitana De Santiago", "cut_provincia": "131", "provincia": "Santiago", "cut_comuna": "13110", "comuna": "La Florida", "zona": "PL", "nombre_zona": "PL Zona de Plazas", "uperm": "Espacio público y áreas verdes.", "uproh": "Todo uso no mencionado como permitido.", "srid": "EPSG: 4326" }, "geometry": { "type": "MultiPolygon", "coordinates": [ [ [ [ -70.602074223991693, -33.548253059063185 ], [ -70.602200377046742, -33.548252221704608 ], [ -70.60223456595152, -33.548151570769825 ], [ -70.602319284394341, -33.54780770689694 ], [ -70.6021286434448, -33.547809380825342 ], [ -70.602110549091535, -33.547933867755809 ], [ -70.602083769007621, -33.548134640212055 ], [ -70.602074223991693, -33.548253059063185 ] ] ] ] } },
{ "type": "Feature", "properties": { "objectid": 17247, "cod_region": "13", "region": "Región Metropolitana De Santiago", "cut_provincia": "131", "provincia": "Santiago", "cut_comuna": "13110", "comuna": "La Florida", "zona": "PL", "nombre_zona": "PL Zona de Plazas", "uperm": "Espacio público y áreas verdes.", "uproh": "Todo uso no mencionado como permitido.", "srid": "EPSG: 4326" }, "geometry": { "type": "MultiPolygon", "coordinates": [ [ [ [ -70.569666088375897, -33.555716178563031 ], [ -70.570123877343875, -33.555876406162092 ], [ -70.57014071786449, -33.555847932966955 ], [ -70.570284100105638, -33.555594108232093 ], [ -70.570406176321271, -33.555338513731947 ], [ -70.569856827076407, -33.555128705474473 ], [ -70.569666088375897, -33.555716178563031 ] ] ] ] } },
{ "type": "Feature", "properties": { "objectid": 17238, "cod_region": "13", "region": "Región Metropolitana De Santiago", "cut_provincia": "131", "provincia": "Santiago", "cut_comuna": "13110", "comuna": "La Florida", "zona": "PL", "nombre_zona": "PL Zona de Plazas", "uperm": "Espacio público y áreas verdes.", "uproh": "Todo uso no mencionado como permitido.", "srid": "EPSG: 4326" }, "geometry": { "type": "MultiPolygon", "coordinates": [ [ [ [ -70.580757235908365, -33.555881175414228 ], [ -70.58118707256385, -33.555933555020921 ], [ -70.581132182535185, -33.55574940246462 ], [ -70.581067625100005, -33.55547289507809 ], [ -70.581053914591337, -33.555357876819087 ], [ -70.581037753027402, -33.555131516587281 ], [ -70.580891034555336, -33.555132292184012 ], [ -70.580757235908365, -33.555881175414228 ] ] ] ] } },
{ "type": "Feature", "properties": { "objectid": 17249, "cod_region": "13", "region": "Región Metropolitana De Santiago", "cut_provincia": "131", "provincia": "Santiago", "cut_comuna": "13110", "comuna": "La Florida", "zona": "PL", "nombre_zona": "PL Zona de Plazas", "uperm": "Espacio público y áreas verdes.", "uproh": "Todo uso no mencionado como permitido.", "srid": "EPSG: 4326" }, "geometry": { "type": "MultiPolygon", "coordinates": [ [ [ [ -70.568346137111249, -33.556124373797644 ], [ -70.568677981344024, -33.556166967813837 ], [ -70.568780900359599, -33.555821269254864 ], [ -70.568506358281098, -33.555788672049616 ], [ -70.568359817711752, -33.556095708204566 ], [ -70.568346137111249, -33.556124373797644 ] ] ] ] } },
{ "type": "Feature", "properties": { "objectid": 17250, "cod_region": "13", "region": "Región Metropolitana De Santiago", "cut_provincia": "131", "provincia": "Santiago", "cut_comuna": "13110", "comuna": "La Florida", "zona": "PL", "nombre_zona": "PL Zona de Plazas", "uperm": "Espacio público y áreas verdes.", "uproh": "Todo uso no mencionado como permitido.", "srid": "EPSG: 4326" }, "geometry": { "type": "MultiPolygon", "coordinates": [ [ [ [ -70.569103871579117, -33.554546865278262 ], [ -70.569513207813912, -33.554653914769339 ], [ -70.569677763451992, -33.554158804183636 ], [ -70.56930550485562, -33.554075775064277 ], [ -70.56914091604213, -33.554416745747837 ], [ -70.569139620507755, -33.554472567079976 ], [ -70.569103871579117, -33.554546865278262 ] ] ] ] } },
{ "type": "Feature", "properties": { "objectid": 17252, "cod_region": "13", "region": "Región Metropolitana De Santiago", "cut_provincia": "131", "provincia": "Santiago", "cut_comuna": "13110", "comuna": "La Florida", "zona": "PL", "nombre_zona": "PL Zona de Plazas", "uperm": "Espacio público y áreas verdes.", "uproh": "Todo uso no mencionado como permitido.", "srid": "EPSG: 4326" }, "geometry": { "type": "MultiPolygon", "coordinates": [ [ [ [ -70.565258016156719, -33.555795838746057 ], [ -70.565607899028862, -33.55599574462677 ], [ -70.565744374074143, -33.555823021447814 ], [ -70.565393403362492, -33.555628469406329 ], [ -70.565258016156719, -33.555795838746057 ] ] ] ] } },
{ "type": "Feature", "properties": { "objectid": 17253, "cod_region": "13", "region": "Región Metropolitana De Santiago", "cut_provincia": "131", "provincia": "Santiago", "cut_comuna": "13110", "comuna": "La Florida", "zona": "PL", "nombre_zona": "PL Zona de Plazas", "uperm": "Espacio público y áreas verdes.", "uproh": "Todo uso no mencionado como permitido.", "srid": "EPSG: 4326" }, "geometry": { "type": "MultiPolygon", "coordinates": [ [ [ [ -70.563804139602468, -33.557639637402005 ], [ -70.564140917185085, -33.557739730256408 ], [ -70.564209119818187, -33.55758089744841 ], [ -70.563867513902323, -33.557488273366737 ], [ -70.563804139602468, -33.557639637402005 ] ] ] ] } },
{ "type": "Feature", "properties": { "objectid": 17254, "cod_region": "13", "region": "Región Metropolitana De Santiago", "cut_provincia": "131", "provincia": "Santiago", "cut_comuna": "13110", "comuna": "La Florida", "zona": "PL", "nombre_zona": "PL Zona de Plazas", "uperm": "Espacio público y áreas verdes.", "uproh": "Todo uso no mencionado como permitido.", "srid": "EPSG: 4326" }, "geometry": { "type": "MultiPolygon", "coordinates": [ [ [ [ -70.564493523087762, -33.559461099582876 ], [ -70.564737210977782, -33.559506283753301 ], [ -70.564781665426764, -33.55932428632341 ], [ -70.564540790088458, -33.559283437822927 ], [ -70.564493523087762, -33.559461099582876 ] ] ] ] } },
{ "type": "Feature", "properties": { "objectid": 14043, "cod_region": "13", "region": "Región Metropolitana De Santiago", "cut_provincia": "131", "provincia": "Santiago", "cut_comuna": "13110", "comuna": "La Florida", "zona": "PL", "nombre_zona": "PL Zona de Plazas", "uperm": "Espacio público y áreas verdes.", "uproh": "Todo uso no mencionado como permitido.", "srid": "EPSG: 4326" }, "geometry": { "type": "MultiPolygon", "coordinates": [ [ [ [ -70.584554822752366, -33.558591619351361 ], [ -70.584617143335834, -33.558592583632738 ], [ -70.584710653675032, -33.558004064324351 ], [ -70.584652902369797, -33.557996943464545 ], [ -70.584460267891984, -33.557973195508353 ], [ -70.58436109024926, -33.558588623608607 ], [ -70.584554822752366, -33.558591619351361 ] ] ] ] } },
{ "type": "Feature", "properties": { "objectid": 14092, "cod_region": "13", "region": "Región Metropolitana De Santiago", "cut_provincia": "131", "provincia": "Santiago", "cut_comuna": "13110", "comuna": "La Florida", "zona": "PL", "nombre_zona": "PL Zona de Plazas", "uperm": "Espacio público y áreas verdes.", "uproh": "Todo uso no mencionado como permitido.", "srid": "EPSG: 4326" }, "geometry": { "type": "MultiPolygon", "coordinates": [ [ [ [ -70.557992747716739, -33.526605212425295 ], [ -70.558159975129044, -33.526618228354657 ], [ -70.558205645446392, -33.526230728800606 ], [ -70.557797297398011, -33.526195828947245 ], [ -70.557787961579237, -33.526374492570667 ], [ -70.558022151495237, -33.5263887071143 ], [ -70.557992747716739, -33.526605212425295 ] ] ] ] } },
{ "type": "Feature", "properties": { "objectid": 17239, "cod_region": "13", "region": "Región Metropolitana De Santiago", "cut_provincia": "131", "provincia": "Santiago", "cut_comuna": "13110", "comuna": "La Florida", "zona": "PL", "nombre_zona": "PL Zona de Plazas", "uperm": "Espacio público y áreas verdes.", "uproh": "Todo uso no mencionado como permitido.", "srid": "EPSG: 4326" }, "geometry": { "type": "MultiPolygon", "coordinates": [ [ [ [ -70.57882945631718, -33.554583136620437 ], [ -70.579132114792117, -33.554621708257876 ], [ -70.579201106951274, -33.5541556497312 ], [ -70.578905751354853, -33.554113917076265 ], [ -70.578539519871455, -33.554075771442413 ], [ -70.578455596609899, -33.554533546542928 ], [ -70.57882945631718, -33.554583136620437 ] ] ] ] } },
{ "type": "Feature", "properties": { "objectid": 17020, "cod_region": "13", "region": "Región Metropolitana De Santiago", "cut_provincia": "131", "provincia": "Santiago", "cut_comuna": "13110", "comuna": "La Florida", "zona": "PL", "nombre_zona": "PL Zona de Plazas", "uperm": "Espacio público y áreas verdes.", "uproh": "Todo uso no mencionado como permitido.", "srid": "EPSG: 4326" }, "geometry": { "type": "MultiPolygon", "coordinates": [ [ [ [ -70.582270240294434, -33.525331330793144 ], [ -70.582374443996656, -33.525339919339523 ], [ -70.582581049566954, -33.523908084421713 ], [ -70.582401855316007, -33.523892040278604 ], [ -70.582350695588289, -33.524171636168596 ], [ -70.582308381091167, -33.524400521132584 ], [ -70.58224734267435, -33.524534039097098 ], [ -70.582064229734527, -33.52473241051127 ], [ -70.582236490181117, -33.525127952894536 ], [ -70.58185822934233, -33.525274110777211 ], [ -70.582270240294434, -33.525331330793144 ] ] ] ] } },
{ "type": "Feature", "properties": { "objectid": 17240, "cod_region": "13", "region": "Región Metropolitana De Santiago", "cut_provincia": "131", "provincia": "Santiago", "cut_comuna": "13110", "comuna": "La Florida", "zona": "PL", "nombre_zona": "PL Zona de Plazas", "uperm": "Espacio público y áreas verdes.", "uproh": "Todo uso no mencionado como permitido.", "srid": "EPSG: 4326" }, "geometry": { "type": "MultiPolygon", "coordinates": [ [ [ [ -70.575518119085629, -33.553652350844622 ], [ -70.57599116835064, -33.553717195797987 ], [ -70.57602195540062, -33.553563973562575 ], [ -70.575547307846122, -33.553515877885729 ], [ -70.575518119085629, -33.553652350844622 ] ] ] ] } },
{ "type": "Feature", "properties": { "objectid": 17220, "cod_region": "13", "region": "Región Metropolitana De Santiago", "cut_provincia": "131", "provincia": "Santiago", "cut_comuna": "13110", "comuna": "La Florida", "zona": "PL", "nombre_zona": "PL Zona de Plazas", "uperm": "Espacio público y áreas verdes.", "uproh": "Todo uso no mencionado como permitido.", "srid": "EPSG: 4326" }, "geometry": { "type": "MultiPolygon", "coordinates": [ [ [ [ -70.597414464594792, -33.554295833535441 ], [ -70.597405054970579, -33.554345327804974 ], [ -70.597110908359753, -33.554303082087934 ], [ -70.597047443540603, -33.55462372778473 ], [ -70.59734154539521, -33.554663542904628 ], [ -70.59737747851355, -33.554487653580985 ], [ -70.597697930292114, -33.554533429715804 ], [ -70.597736794871707, -33.554326147988021 ], [ -70.597414464594792, -33.554295833535441 ] ] ] ] } },
{ "type": "Feature", "properties": { "objectid": 17273, "cod_region": "13", "region": "Región Metropolitana De Santiago", "cut_provincia": "131", "provincia": "Santiago", "cut_comuna": "13110", "comuna": "La Florida", "zona": "PL", "nombre_zona": "PL Zona de Plazas", "uperm": "Espacio público y áreas verdes.", "uproh": "Todo uso no mencionado como permitido.", "srid": "EPSG: 4326" }, "geometry": { "type": "MultiPolygon", "coordinates": [ [ [ [ -70.606270134982552, -33.560280109965696 ], [ -70.606469835298753, -33.560298099290605 ], [ -70.606492037727378, -33.560072337793088 ], [ -70.60622052441245, -33.560047808042064 ], [ -70.606217297890311, -33.560085718136044 ], [ -70.606214223847147, -33.56013186345227 ], [ -70.606204207923625, -33.560227486895776 ], [ -70.606200253032569, -33.560271960850926 ], [ -70.606270134982552, -33.560280109965696 ] ] ] ] } },
{ "type": "Feature", "properties": { "objectid": 14696, "cod_region": "13", "region": "Región Metropolitana De Santiago", "cut_provincia": "131", "provincia": "Santiago", "cut_comuna": "13110", "comuna": "La Florida", "zona": "PL", "nombre_zona": "PL Zona de Plazas", "uperm": "Espacio público y áreas verdes.", "uproh": "Todo uso no mencionado como permitido.", "srid": "EPSG: 4326" }, "geometry": { "type": "MultiPolygon", "coordinates": [ [ [ [ -70.557822189909103, -33.535638268165606 ], [ -70.557755812136492, -33.53584884532367 ], [ -70.558389083240485, -33.535658102385831 ], [ -70.557954182009624, -33.535394884683456 ], [ -70.557870255929345, -33.535520773704462 ], [ -70.557822189909103, -33.535638268165606 ] ] ] ] } },
{ "type": "Feature", "properties": { "objectid": 17204, "cod_region": "13", "region": "Región Metropolitana De Santiago", "cut_provincia": "131", "provincia": "Santiago", "cut_comuna": "13110", "comuna": "La Florida", "zona": "PL", "nombre_zona": "PL Zona de Plazas", "uperm": "Espacio público y áreas verdes.", "uproh": "Todo uso no mencionado como permitido.", "srid": "EPSG: 4326" }, "geometry": { "type": "MultiPolygon", "coordinates": [ [ [ [ -70.602205385693821, -33.547161968448243 ], [ -70.602168925911897, -33.547456972937937 ], [ -70.602428340045392, -33.547449341389921 ], [ -70.602421889374597, -33.547153975162431 ], [ -70.602381849913172, -33.54715430588071 ], [ -70.602205385693821, -33.547161968448243 ] ] ] ] } },
{ "type": "Feature", "properties": { "objectid": 17205, "cod_region": "13", "region": "Región Metropolitana De Santiago", "cut_provincia": "131", "provincia": "Santiago", "cut_comuna": "13110", "comuna": "La Florida", "zona": "PL", "nombre_zona": "PL Zona de Plazas", "uperm": "Espacio público y áreas verdes.", "uproh": "Todo uso no mencionado como permitido.", "srid": "EPSG: 4326" }, "geometry": { "type": "MultiPolygon", "coordinates": [ [ [ [ -70.596446634518912, -33.553186818622301 ], [ -70.597118053711569, -33.553217335736846 ], [ -70.597145791892174, -33.552736778484388 ], [ -70.596553445771576, -33.552713783604702 ], [ -70.596446634518912, -33.553186818622301 ] ] ] ] } },
{ "type": "Feature", "properties": { "objectid": 17206, "cod_region": "13", "region": "Región Metropolitana De Santiago", "cut_provincia": "131", "provincia": "Santiago", "cut_comuna": "13110", "comuna": "La Florida", "zona": "PL", "nombre_zona": "PL Zona de Plazas", "uperm": "Espacio público y áreas verdes.", "uproh": "Todo uso no mencionado como permitido.", "srid": "EPSG: 4326" }, "geometry": { "type": "MultiPolygon", "coordinates": [ [ [ [ -70.598966804010274, -33.553022163073706 ], [ -70.599726906590121, -33.553047238549055 ], [ -70.599753127177223, -33.552667312965262 ], [ -70.598999552698302, -33.552652630605792 ], [ -70.598966804010274, -33.553022163073706 ] ] ] ] } },
{ "type": "Feature", "properties": { "objectid": 14517, "cod_region": "13", "region": "Región Metropolitana De Santiago", "cut_provincia": "131", "provincia": "Santiago", "cut_comuna": "13110", "comuna": "La Florida", "zona": "PL", "nombre_zona": "PL Zona de Plazas", "uperm": "Espacio público y áreas verdes.", "uproh": "Todo uso no mencionado como permitido.", "srid": "EPSG: 4326" }, "geometry": { "type": "MultiPolygon", "coordinates": [ [ [ [ -70.563806196576053, -33.531320657844191 ], [ -70.563964177290345, -33.531404345220267 ], [ -70.564026522401008, -33.531273701612932 ], [ -70.564206606751085, -33.530843442319942 ], [ -70.563695289496039, -33.530859414086223 ], [ -70.563806196576053, -33.531320657844191 ] ] ] ] } },
{ "type": "Feature", "properties": { "objectid": 14549, "cod_region": "13", "region": "Región Metropolitana De Santiago", "cut_provincia": "131", "provincia": "Santiago", "cut_comuna": "13110", "comuna": "La Florida", "zona": "PL", "nombre_zona": "PL Zona de Plazas", "uperm": "Espacio público y áreas verdes.", "uproh": "Todo uso no mencionado como permitido.", "srid": "EPSG: 4326" }, "geometry": { "type": "MultiPolygon", "coordinates": [ [ [ [ -70.566274162689865, -33.533870130987822 ], [ -70.566920619541634, -33.53388684374864 ], [ -70.567012304229607, -33.53350056866843 ], [ -70.566404623162711, -33.533484857409562 ], [ -70.566274162689865, -33.533870130987822 ] ] ] ] } },
{ "type": "Feature", "properties": { "objectid": 14982, "cod_region": "13", "region": "Región Metropolitana De Santiago", "cut_provincia": "131", "provincia": "Santiago", "cut_comuna": "13110", "comuna": "La Florida", "zona": "PL", "nombre_zona": "PL Zona de Plazas", "uperm": "Espacio público y áreas verdes.", "uproh": "Todo uso no mencionado como permitido.", "srid": "EPSG: 4326" }, "geometry": { "type": "MultiPolygon", "coordinates": [ [ [ [ -70.581145394881034, -33.526004501066161 ], [ -70.581293631632605, -33.526037072356978 ], [ -70.581408075699755, -33.525548777888758 ], [ -70.581317607813361, -33.525511910406713 ], [ -70.58124424711832, -33.525658982783526 ], [ -70.581169119771801, -33.525922792054907 ], [ -70.581145394881034, -33.526004501066161 ] ] ] ] } },
{ "type": "Feature", "properties": { "objectid": 17255, "cod_region": "13", "region": "Región Metropolitana De Santiago", "cut_provincia": "131", "provincia": "Santiago", "cut_comuna": "13110", "comuna": "La Florida", "zona": "PL", "nombre_zona": "PL Zona de Plazas", "uperm": "Espacio público y áreas verdes.", "uproh": "Todo uso no mencionado como permitido.", "srid": "EPSG: 4326" }, "geometry": { "type": "MultiPolygon", "coordinates": [ [ [ [ -70.580883168950891, -33.552208639106524 ], [ -70.581279338629273, -33.552345858415713 ], [ -70.581545637893441, -33.55172203091621 ], [ -70.581181995408144, -33.551709493283632 ], [ -70.581103110385669, -33.551706774602707 ], [ -70.580883168950891, -33.552208639106524 ] ] ] ] } },
{ "type": "Feature", "properties": { "objectid": 15021, "cod_region": "13", "region": "Región Metropolitana De Santiago", "cut_provincia": "131", "provincia": "Santiago", "cut_comuna": "13110", "comuna": "La Florida", "zona": "PL", "nombre_zona": "PL Zona de Plazas", "uperm": "Espacio público y áreas verdes.", "uproh": "Todo uso no mencionado como permitido.", "srid": "EPSG: 4326" }, "geometry": { "type": "MultiPolygon", "coordinates": [ [ [ [ -70.578730028593355, -33.526842006710652 ], [ -70.579477750585298, -33.527009853426478 ], [ -70.579533207467364, -33.526833581134362 ], [ -70.578791440984361, -33.52665279603869 ], [ -70.578730028593355, -33.526842006710652 ] ] ] ] } },
{ "type": "Feature", "properties": { "objectid": 17211, "cod_region": "13", "region": "Región Metropolitana De Santiago", "cut_provincia": "131", "provincia": "Santiago", "cut_comuna": "13110", "comuna": "La Florida", "zona": "PL", "nombre_zona": "PL Zona de Plazas", "uperm": "Espacio público y áreas verdes.", "uproh": "Todo uso no mencionado como permitido.", "srid": "EPSG: 4326" }, "geometry": { "type": "MultiPolygon", "coordinates": [ [ [ [ -70.594173977966179, -33.556315107036028 ], [ -70.594059634117315, -33.556910743890093 ], [ -70.594537311195666, -33.556971982138037 ], [ -70.594553160441123, -33.55687037009988 ], [ -70.594798344516065, -33.556900939205192 ], [ -70.594889336946721, -33.556400194550719 ], [ -70.594432395734728, -33.556349288681815 ], [ -70.594173977966179, -33.556315107036028 ] ] ] ] } },
{ "type": "Feature", "properties": { "objectid": 15119, "cod_region": "13", "region": "Región Metropolitana De Santiago", "cut_provincia": "131", "provincia": "Santiago", "cut_comuna": "13110", "comuna": "La Florida", "zona": "PL", "nombre_zona": "PL Zona de Plazas", "uperm": "Espacio público y áreas verdes.", "uproh": "Todo uso no mencionado como permitido.", "srid": "EPSG: 4326" }, "geometry": { "type": "MultiPolygon", "coordinates": [ [ [ [ -70.576926294803641, -33.528460228370342 ], [ -70.577151984211071, -33.528510811538155 ], [ -70.577213730978983, -33.528293634418468 ], [ -70.577283741450785, -33.528073178474031 ], [ -70.577042653188357, -33.528021183691109 ], [ -70.576980016849163, -33.528242281486747 ], [ -70.576926294803641, -33.528460228370342 ] ] ] ] } },
{ "type": "Feature", "properties": { "objectid": 17212, "cod_region": "13", "region": "Región Metropolitana De Santiago", "cut_provincia": "131", "provincia": "Santiago", "cut_comuna": "13110", "comuna": "La Florida", "zona": "PL", "nombre_zona": "PL Zona de Plazas", "uperm": "Espacio público y áreas verdes.", "uproh": "Todo uso no mencionado como permitido.", "srid": "EPSG: 4326" }, "geometry": { "type": "MultiPolygon", "coordinates": [ [ [ [ -70.594417146744874, -33.557596723807144 ], [ -70.594653587622773, -33.557629995820001 ], [ -70.5947104082301, -33.55730722746106 ], [ -70.594478182843076, -33.557280096738005 ], [ -70.594417146744874, -33.557596723807144 ] ] ] ] } },
{ "type": "Feature", "properties": { "objectid": 17213, "cod_region": "13", "region": "Región Metropolitana De Santiago", "cut_provincia": "131", "provincia": "Santiago", "cut_comuna": "13110", "comuna": "La Florida", "zona": "PL", "nombre_zona": "PL Zona de Plazas", "uperm": "Espacio público y áreas verdes.", "uproh": "Todo uso no mencionado como permitido.", "srid": "EPSG: 4326" }, "geometry": { "type": "MultiPolygon", "coordinates": [ [ [ [ -70.589045271768853, -33.558462940138412 ], [ -70.589359943815495, -33.558494732662368 ], [ -70.589436186227942, -33.557964004277835 ], [ -70.589120820248027, -33.557937680446699 ], [ -70.589045271768853, -33.558462940138412 ] ] ] ] } },
{ "type": "Feature", "properties": { "objectid": 17215, "cod_region": "13", "region": "Región Metropolitana De Santiago", "cut_provincia": "131", "provincia": "Santiago", "cut_comuna": "13110", "comuna": "La Florida", "zona": "PL", "nombre_zona": "PL Zona de Plazas", "uperm": "Espacio público y áreas verdes.", "uproh": "Todo uso no mencionado como permitido.", "srid": "EPSG: 4326" }, "geometry": { "type": "MultiPolygon", "coordinates": [ [ [ [ -70.596594522674593, -33.556805528566443 ], [ -70.596892025572089, -33.556846967314115 ], [ -70.596927339670614, -33.556711678838752 ], [ -70.596959798036835, -33.556531673498441 ], [ -70.596656964444136, -33.556489944736228 ], [ -70.596594522674593, -33.556805528566443 ] ] ] ] } },
{ "type": "Feature", "properties": { "objectid": 17216, "cod_region": "13", "region": "Región Metropolitana De Santiago", "cut_provincia": "131", "provincia": "Santiago", "cut_comuna": "13110", "comuna": "La Florida", "zona": "PL", "nombre_zona": "PL Zona de Plazas", "uperm": "Espacio público y áreas verdes.", "uproh": "Todo uso no mencionado como permitido.", "srid": "EPSG: 4326" }, "geometry": { "type": "MultiPolygon", "coordinates": [ [ [ [ -70.596810057750005, -33.555758523864299 ], [ -70.596742676239131, -33.556075984171635 ], [ -70.596992625685289, -33.556115835741032 ], [ -70.597036151947947, -33.556107735819964 ], [ -70.597079929973617, -33.555944905632401 ], [ -70.59739274995799, -33.555986865235937 ], [ -70.597429788176825, -33.555820199902541 ], [ -70.597101019466564, -33.555761544271746 ], [ -70.597092229849622, -33.555804420173715 ], [ -70.596810057750005, -33.555758523864299 ] ] ] ] } },
{ "type": "Feature", "properties": { "objectid": 17274, "cod_region": "13", "region": "Región Metropolitana De Santiago", "cut_provincia": "131", "provincia": "Santiago", "cut_comuna": "13110", "comuna": "La Florida", "zona": "PL", "nombre_zona": "PL Zona de Plazas", "uperm": "Espacio público y áreas verdes.", "uproh": "Todo uso no mencionado como permitido.", "srid": "EPSG: 4326" }, "geometry": { "type": "MultiPolygon", "coordinates": [ [ [ [ -70.606120756074404, -33.560849840984034 ], [ -70.606370566519459, -33.56087651755896 ], [ -70.606398020733252, -33.560654430468801 ], [ -70.606149104043354, -33.560630495588015 ], [ -70.606135329183317, -33.560735223853584 ], [ -70.606124977895945, -33.560812741338715 ], [ -70.606120756074404, -33.560849840984034 ] ] ] ] } },
{ "type": "Feature", "properties": { "objectid": 17257, "cod_region": "13", "region": "Región Metropolitana De Santiago", "cut_provincia": "131", "provincia": "Santiago", "cut_comuna": "13110", "comuna": "La Florida", "zona": "PL", "nombre_zona": "PL Zona de Plazas", "uperm": "Espacio público y áreas verdes.", "uproh": "Todo uso no mencionado como permitido.", "srid": "EPSG: 4326" }, "geometry": { "type": "MultiPolygon", "coordinates": [ [ [ [ -70.577710213334854, -33.551937308784581 ], [ -70.579012445960799, -33.552358145714223 ], [ -70.579041737197329, -33.552290191224621 ], [ -70.57945201669996, -33.552401091674305 ], [ -70.579508484805132, -33.552263739500475 ], [ -70.577866533989464, -33.551761666503324 ], [ -70.577776522612908, -33.551863199448114 ], [ -70.577710213334854, -33.551937308784581 ] ] ] ] } },
{ "type": "Feature", "properties": { "objectid": 17217, "cod_region": "13", "region": "Región Metropolitana De Santiago", "cut_provincia": "131", "provincia": "Santiago", "cut_comuna": "13110", "comuna": "La Florida", "zona": "PL", "nombre_zona": "PL Zona de Plazas", "uperm": "Espacio público y áreas verdes.", "uproh": "Todo uso no mencionado como permitido.", "srid": "EPSG: 4326" }, "geometry": { "type": "MultiPolygon", "coordinates": [ [ [ [ -70.596895611439734, -33.555352255029561 ], [ -70.597158596382641, -33.555386318881631 ], [ -70.597202149242065, -33.555364003180017 ], [ -70.597195190932666, -33.555424146950159 ], [ -70.59750277029471, -33.555465188245513 ], [ -70.597537710446829, -33.555296388291104 ], [ -70.59722488857129, -33.555254427230658 ], [ -70.597257132157196, -33.555101076945014 ], [ -70.597229916287432, -33.555071213581833 ], [ -70.596963241329334, -33.55503236822868 ], [ -70.596895611439734, -33.555352255029561 ] ] ] ] } },
{ "type": "Feature", "properties": { "objectid": 17218, "cod_region": "13", "region": "Región Metropolitana De Santiago", "cut_provincia": "131", "provincia": "Santiago", "cut_comuna": "13110", "comuna": "La Florida", "zona": "PL", "nombre_zona": "PL Zona de Plazas", "uperm": "Espacio público y áreas verdes.", "uproh": "Todo uso no mencionado como permitido.", "srid": "EPSG: 4326" }, "geometry": { "type": "MultiPolygon", "coordinates": [ [ [ [ -70.598181219600647, -33.555434664481531 ], [ -70.598422971391358, -33.555469397497347 ], [ -70.598451570478332, -33.5553141965758 ], [ -70.59848542840264, -33.555152647459323 ], [ -70.598246773493671, -33.555117409222177 ], [ -70.598181219600647, -33.555434664481531 ] ] ] ] } },
{ "type": "Feature", "properties": { "objectid": 15782, "cod_region": "13", "region": "Región Metropolitana De Santiago", "cut_provincia": "131", "provincia": "Santiago", "cut_comuna": "13110", "comuna": "La Florida", "zona": "PL", "nombre_zona": "PL Zona de Plazas", "uperm": "Espacio público y áreas verdes.", "uproh": "Todo uso no mencionado como permitido.", "srid": "EPSG: 4326" }, "geometry": { "type": "MultiPolygon", "coordinates": [ [ [ [ -70.578905530304866, -33.528772287771332 ], [ -70.579172575253949, -33.528833323217832 ], [ -70.579340425360428, -33.528360288370727 ], [ -70.579065753825617, -33.528299253121375 ], [ -70.578989455820647, -33.528531955812866 ], [ -70.578905530304866, -33.528772287771332 ] ] ] ] } },
{ "type": "Feature", "properties": { "objectid": 17219, "cod_region": "13", "region": "Región Metropolitana De Santiago", "cut_provincia": "131", "provincia": "Santiago", "cut_comuna": "13110", "comuna": "La Florida", "zona": "PL", "nombre_zona": "PL Zona de Plazas", "uperm": "Espacio público y áreas verdes.", "uproh": "Todo uso no mencionado como permitido.", "srid": "EPSG: 4326" }, "geometry": { "type": "MultiPolygon", "coordinates": [ [ [ [ -70.59834518198673, -33.55470653742865 ], [ -70.59856852070952, -33.554741268084221 ], [ -70.598600732362215, -33.554580476076175 ], [ -70.598626132415376, -33.554419690869516 ], [ -70.598414066402853, -33.554388350764995 ], [ -70.59834518198673, -33.55470653742865 ] ] ] ] } },
{ "type": "Feature", "properties": { "objectid": 17227, "cod_region": "13", "region": "Región Metropolitana De Santiago", "cut_provincia": "131", "provincia": "Santiago", "cut_comuna": "13110", "comuna": "La Florida", "zona": "PL", "nombre_zona": "PL Zona de Plazas", "uperm": "Espacio público y áreas verdes.", "uproh": "Todo uso no mencionado como permitido.", "srid": "EPSG: 4326" }, "geometry": { "type": "MultiPolygon", "coordinates": [ [ [ [ -70.597730212576636, -33.557619934986867 ], [ -70.597967603975277, -33.557652408297656 ], [ -70.598001013750846, -33.557491761534443 ], [ -70.598031920500361, -33.557331543878156 ], [ -70.597785804943584, -33.557297306611773 ], [ -70.597730212576636, -33.557619934986867 ] ] ] ] } },
{ "type": "Feature", "properties": { "objectid": 17270, "cod_region": "13", "region": "Región Metropolitana De Santiago", "cut_provincia": "131", "provincia": "Santiago", "cut_comuna": "13110", "comuna": "La Florida", "zona": "PL", "nombre_zona": "PL Zona de Plazas", "uperm": "Espacio público y áreas verdes.", "uproh": "Todo uso no mencionado como permitido.", "srid": "EPSG: 4326" }, "geometry": { "type": "MultiPolygon", "coordinates": [ [ [ [ -70.595515711013832, -33.543325600162085 ], [ -70.595523344235545, -33.543527783980132 ], [ -70.596164246984088, -33.543512520386862 ], [ -70.596148984287936, -33.543142486071325 ], [ -70.595927721383376, -33.543260745704288 ], [ -70.595828533945181, -33.543298894422009 ], [ -70.595729347002049, -33.543321784233541 ], [ -70.595515711013832, -33.543325600162085 ] ] ] ] } },
{ "type": "Feature", "properties": { "objectid": 16237, "cod_region": "13", "region": "Región Metropolitana De Santiago", "cut_provincia": "131", "provincia": "Santiago", "cut_comuna": "13110", "comuna": "La Florida", "zona": "PL", "nombre_zona": "PL Zona de Plazas", "uperm": "Espacio público y áreas verdes.", "uproh": "Todo uso no mencionado como permitido.", "srid": "EPSG: 4326" }, "geometry": { "type": "MultiPolygon", "coordinates": [ [ [ [ -70.584560150441988, -33.56108697903155 ], [ -70.58506087018948, -33.561151127557309 ], [ -70.585227768409226, -33.560215780113587 ], [ -70.58472640273321, -33.560149827778041 ], [ -70.584698461212753, -33.56031366589032 ], [ -70.58465322431698, -33.560578927812863 ], [ -70.584637266753347, -33.56065416364941 ], [ -70.584560150441988, -33.56108697903155 ] ] ] ] } },
{ "type": "Feature", "properties": { "objectid": 16309, "cod_region": "13", "region": "Región Metropolitana De Santiago", "cut_provincia": "131", "provincia": "Santiago", "cut_comuna": "13110", "comuna": "La Florida", "zona": "PL", "nombre_zona": "PL Zona de Plazas", "uperm": "Espacio público y áreas verdes.", "uproh": "Todo uso no mencionado como permitido.", "srid": "EPSG: 4326" }, "geometry": { "type": "MultiPolygon", "coordinates": [ [ [ [ -70.579779518777727, -33.530548765282738 ], [ -70.580072906092994, -33.530595749406416 ], [ -70.580141566246496, -33.530298194097824 ], [ -70.579838147766154, -33.530235135900789 ], [ -70.579779518777727, -33.530548765282738 ] ] ] ] } },
{ "type": "Feature", "properties": { "objectid": 17221, "cod_region": "13", "region": "Región Metropolitana De Santiago", "cut_provincia": "131", "provincia": "Santiago", "cut_comuna": "13110", "comuna": "La Florida", "zona": "PL", "nombre_zona": "PL Zona de Plazas", "uperm": "Espacio público y áreas verdes.", "uproh": "Todo uso no mencionado como permitido.", "srid": "EPSG: 4326" }, "geometry": { "type": "MultiPolygon", "coordinates": [ [ [ [ -70.599462322128943, -33.554704372980261 ], [ -70.599651428766364, -33.554735025911178 ], [ -70.599707527174445, -33.554723304105302 ], [ -70.599718039741703, -33.55470764612204 ], [ -70.599753822406768, -33.554563700576196 ], [ -70.599760141068728, -33.5544446599121 ], [ -70.599726276095353, -33.554423470168032 ], [ -70.599525646120952, -33.554394742837651 ], [ -70.599522980185768, -33.554421088773367 ], [ -70.599462322128943, -33.554704372980261 ] ] ] ] } },
{ "type": "Feature", "properties": { "objectid": 17271, "cod_region": "13", "region": "Región Metropolitana De Santiago", "cut_provincia": "131", "provincia": "Santiago", "cut_comuna": "13110", "comuna": "La Florida", "zona": "PL", "nombre_zona": "PL Zona de Plazas", "uperm": "Espacio público y áreas verdes.", "uproh": "Todo uso no mencionado como permitido.", "srid": "EPSG: 4326" }, "geometry": { "type": "MultiPolygon", "coordinates": [ [ [ [ -70.598788895597863, -33.543501059976975 ], [ -70.599879954761036, -33.543489612149685 ], [ -70.599879164542443, -33.543357803205097 ], [ -70.59964149439341, -33.54336087451702 ], [ -70.599330230884149, -33.543363315262724 ], [ -70.599267985076807, -33.543364119407272 ], [ -70.598988819421436, -33.543367725522835 ], [ -70.598785105425051, -33.543370356596036 ], [ -70.598788895597863, -33.543501059976975 ] ] ] ] } },
{ "type": "Feature", "properties": { "objectid": 17272, "cod_region": "13", "region": "Región Metropolitana De Santiago", "cut_provincia": "131", "provincia": "Santiago", "cut_comuna": "13110", "comuna": "La Florida", "zona": "PL", "nombre_zona": "PL Zona de Plazas", "uperm": "Espacio público y áreas verdes.", "uproh": "Todo uso no mencionado como permitido.", "srid": "EPSG: 4326" }, "geometry": { "type": "MultiPolygon", "coordinates": [ [ [ [ -70.595760850940479, -33.546033726889625 ], [ -70.595803384702833, -33.54694206822672 ], [ -70.59597067874121, -33.546937816549374 ], [ -70.595942134232729, -33.546031389876966 ], [ -70.595925752712091, -33.545140460076318 ], [ -70.595893575271887, -33.544233624547019 ], [ -70.595709266345338, -33.544241242715763 ], [ -70.595738219748853, -33.54514287759546 ], [ -70.595760850940479, -33.546033726889625 ] ] ] ] } },
{ "type": "Feature", "properties": { "objectid": 17222, "cod_region": "13", "region": "Región Metropolitana De Santiago", "cut_provincia": "131", "provincia": "Santiago", "cut_comuna": "13110", "comuna": "La Florida", "zona": "PL", "nombre_zona": "PL Zona de Plazas", "uperm": "Espacio público y áreas verdes.", "uproh": "Todo uso no mencionado como permitido.", "srid": "EPSG: 4326" }, "geometry": { "type": "MultiPolygon", "coordinates": [ [ [ [ -70.599462535212467, -33.555461029149065 ], [ -70.599545205930767, -33.55546183118534 ], [ -70.599562692476155, -33.55544100584649 ], [ -70.599593675534138, -33.555333490949486 ], [ -70.599615558934957, -33.555183612543914 ], [ -70.599597885980131, -33.555159093215345 ], [ -70.599562342536501, -33.555143741859126 ], [ -70.599376306446786, -33.555117969458003 ], [ -70.599312437122137, -33.555437685287799 ], [ -70.599462535212467, -33.555461029149065 ] ] ] ] } },
{ "type": "Feature", "properties": { "objectid": 16423, "cod_region": "13", "region": "Región Metropolitana De Santiago", "cut_provincia": "131", "provincia": "Santiago", "cut_comuna": "13110", "comuna": "La Florida", "zona": "PL", "nombre_zona": "PL Zona de Plazas", "uperm": "Espacio público y áreas verdes.", "uproh": "Todo uso no mencionado como permitido.", "srid": "EPSG: 4326" }, "geometry": { "type": "MultiPolygon", "coordinates": [ [ [ [ -70.584862571321835, -33.564178516678801 ], [ -70.585414050659068, -33.56423450845552 ], [ -70.585515729105353, -33.56356993485727 ], [ -70.585520859870115, -33.563536400758601 ], [ -70.58498550667268, -33.563481826132531 ], [ -70.58492371179284, -33.563841846979663 ], [ -70.584862571321835, -33.564178516678801 ] ] ] ] } },
{ "type": "Feature", "properties": { "objectid": 16463, "cod_region": "13", "region": "Región Metropolitana De Santiago", "cut_provincia": "131", "provincia": "Santiago", "cut_comuna": "13110", "comuna": "La Florida", "zona": "PL", "nombre_zona": "PL Zona de Plazas", "uperm": "Espacio público y áreas verdes.", "uproh": "Todo uso no mencionado como permitido.", "srid": "EPSG: 4326" }, "geometry": { "type": "MultiPolygon", "coordinates": [ [ [ [ -70.563209865434175, -33.524951846148433 ], [ -70.56309127373045, -33.525445996446919 ], [ -70.563002180570393, -33.525434722676643 ], [ -70.562891726961695, -33.525913346967677 ], [ -70.562780719732174, -33.525899472793711 ], [ -70.562643717999876, -33.526677729280244 ], [ -70.563308561914525, -33.526745785557836 ], [ -70.563427513550153, -33.52645623403923 ], [ -70.562840577477303, -33.526371936153481 ], [ -70.563027911632247, -33.525930367169252 ], [ -70.563211020787634, -33.525461147035443 ], [ -70.563417022637495, -33.524980482871143 ], [ -70.563209865434175, -33.524951846148433 ] ] ] ] } },
{ "type": "Feature", "properties": { "objectid": 16471, "cod_region": "13", "region": "Región Metropolitana De Santiago", "cut_provincia": "131", "provincia": "Santiago", "cut_comuna": "13110", "comuna": "La Florida", "zona": "PL", "nombre_zona": "PL Zona de Plazas", "uperm": "Espacio público y áreas verdes.", "uproh": "Todo uso no mencionado como permitido.", "srid": "EPSG: 4326" }, "geometry": { "type": "MultiPolygon", "coordinates": [ [ [ [ -70.561879804390415, -33.525994773696873 ], [ -70.56221915344166, -33.52603718697975 ], [ -70.562264931758648, -33.525835001808886 ], [ -70.562117185224565, -33.525832116701032 ], [ -70.562195331363554, -33.525332630055878 ], [ -70.561723210945559, -33.525274232489345 ], [ -70.561685064576963, -33.52546497081201 ], [ -70.561930958818692, -33.525499596606096 ], [ -70.561879804390415, -33.525994773696873 ] ] ] ] } },
{ "type": "Feature", "properties": { "objectid": 17223, "cod_region": "13", "region": "Región Metropolitana De Santiago", "cut_provincia": "131", "provincia": "Santiago", "cut_comuna": "13110", "comuna": "La Florida", "zona": "PL", "nombre_zona": "PL Zona de Plazas", "uperm": "Espacio público y áreas verdes.", "uproh": "Todo uso no mencionado como permitido.", "srid": "EPSG: 4326" }, "geometry": { "type": "MultiPolygon", "coordinates": [ [ [ [ -70.599156523962293, -33.556156949162812 ], [ -70.599368413094737, -33.556186859008363 ], [ -70.599401973765936, -33.55618104869189 ], [ -70.599417694459035, -33.556164046457603 ], [ -70.599447739662565, -33.556013056192747 ], [ -70.599473849204557, -33.555902043924291 ], [ -70.599461805502855, -33.555879177917852 ], [ -70.599444792982808, -33.555873195048648 ], [ -70.599226205619715, -33.555841805405656 ], [ -70.599156523962293, -33.556156949162812 ] ] ] ] } },
{ "type": "Feature", "properties": { "objectid": 16505, "cod_region": "13", "region": "Región Metropolitana De Santiago", "cut_provincia": "131", "provincia": "Santiago", "cut_comuna": "13110", "comuna": "La Florida", "zona": "PL", "nombre_zona": "PL Zona de Plazas", "uperm": "Espacio público y áreas verdes.", "uproh": "Todo uso no mencionado como permitido.", "srid": "EPSG: 4326" }, "geometry": { "type": "MultiPolygon", "coordinates": [ [ [ [ -70.564371715017941, -33.526872082785353 ], [ -70.564508098866568, -33.526887867813052 ], [ -70.564631548470189, -33.52658874407733 ], [ -70.564035459827267, -33.526510470916826 ], [ -70.563905345758968, -33.526823021729072 ], [ -70.564371715017941, -33.526872082785353 ] ] ] ] } },
{ "type": "Feature", "properties": { "objectid": 16521, "cod_region": "13", "region": "Región Metropolitana De Santiago", "cut_provincia": "131", "provincia": "Santiago", "cut_comuna": "13110", "comuna": "La Florida", "zona": "PL", "nombre_zona": "PL Zona de Plazas", "uperm": "Espacio público y áreas verdes.", "uproh": "Todo uso no mencionado como permitido.", "srid": "EPSG: 4326" }, "geometry": { "type": "MultiPolygon", "coordinates": [ [ [ [ -70.591555922656823, -33.551676191438496 ], [ -70.592021278422877, -33.551683461158952 ], [ -70.592025846830936, -33.551454938644696 ], [ -70.591555920855853, -33.551457633288187 ], [ -70.591555922656823, -33.551676191438496 ] ] ] ] } },
{ "type": "Feature", "properties": { "objectid": 17224, "cod_region": "13", "region": "Región Metropolitana De Santiago", "cut_provincia": "131", "provincia": "Santiago", "cut_comuna": "13110", "comuna": "La Florida", "zona": "PL", "nombre_zona": "PL Zona de Plazas", "uperm": "Espacio público y áreas verdes.", "uproh": "Todo uso no mencionado como permitido.", "srid": "EPSG: 4326" }, "geometry": { "type": "MultiPolygon", "coordinates": [ [ [ [ -70.598040183647115, -33.556164903138189 ], [ -70.598275019889456, -33.556199565169997 ], [ -70.598307092713355, -33.556041065669518 ], [ -70.598333902661253, -33.555874441992742 ], [ -70.598094859789256, -33.555840000305558 ], [ -70.598040183647115, -33.556164903138189 ] ] ] ] } },
{ "type": "Feature", "properties": { "objectid": 17225, "cod_region": "13", "region": "Región Metropolitana De Santiago", "cut_provincia": "131", "provincia": "Santiago", "cut_comuna": "13110", "comuna": "La Florida", "zona": "PL", "nombre_zona": "PL Zona de Plazas", "uperm": "Espacio público y áreas verdes.", "uproh": "Todo uso no mencionado como permitido.", "srid": "EPSG: 4326" }, "geometry": { "type": "MultiPolygon", "coordinates": [ [ [ [ -70.597898029184691, -33.556891022093623 ], [ -70.598116895188696, -33.556919114295908 ], [ -70.598156792240857, -33.556767190887527 ], [ -70.598187585315443, -33.556604512684885 ], [ -70.597961999056579, -33.556571873807719 ], [ -70.597898029184691, -33.556891022093623 ] ] ] ] } },
{ "type": "Feature", "properties": { "objectid": 16551, "cod_region": "13", "region": "Región Metropolitana De Santiago", "cut_provincia": "131", "provincia": "Santiago", "cut_comuna": "13110", "comuna": "La Florida", "zona": "PL", "nombre_zona": "PL Zona de Plazas", "uperm": "Espacio público y áreas verdes.", "uproh": "Todo uso no mencionado como permitido.", "srid": "EPSG: 4326" }, "geometry": { "type": "MultiPolygon", "coordinates": [ [ [ [ -70.588074384541017, -33.552261675914799 ], [ -70.58897454162296, -33.552294112850554 ], [ -70.588975768119042, -33.5521405168938 ], [ -70.588085160923725, -33.552134562961221 ], [ -70.588074384541017, -33.552261675914799 ] ] ] ] } },
{ "type": "Feature", "properties": { "objectid": 17226, "cod_region": "13", "region": "Región Metropolitana De Santiago", "cut_provincia": "131", "provincia": "Santiago", "cut_comuna": "13110", "comuna": "La Florida", "zona": "PL", "nombre_zona": "PL Zona de Plazas", "uperm": "Espacio público y áreas verdes.", "uproh": "Todo uso no mencionado como permitido.", "srid": "EPSG: 4326" }, "geometry": { "type": "MultiPolygon", "coordinates": [ [ [ [ -70.599164848337196, -33.556911290954979 ], [ -70.599210935147909, -33.556918151730443 ], [ -70.599256916244201, -33.55690572033533 ], [ -70.599264378989133, -33.556892708054328 ], [ -70.599287049661598, -33.556782512222796 ], [ -70.599321301727201, -33.556638022059104 ], [ -70.599309236609074, -33.556610199919753 ], [ -70.599078738573695, -33.556571209208286 ], [ -70.599011414601705, -33.556888444388122 ], [ -70.599164848337196, -33.556911290954979 ] ] ] ] } },
{ "type": "Feature", "properties": { "objectid": 16578, "cod_region": "13", "region": "Región Metropolitana De Santiago", "cut_provincia": "131", "provincia": "Santiago", "cut_comuna": "13110", "comuna": "La Florida", "zona": "PL", "nombre_zona": "PL Zona de Plazas", "uperm": "Espacio público y áreas verdes.", "uproh": "Todo uso no mencionado como permitido.", "srid": "EPSG: 4326" }, "geometry": { "type": "MultiPolygon", "coordinates": [ [ [ [ -70.593291338723475, -33.548992346273515 ], [ -70.593567789233674, -33.548998873638922 ], [ -70.593565953769897, -33.548703413738593 ], [ -70.593289121024057, -33.548700830428515 ], [ -70.593291338723475, -33.548992346273515 ] ] ] ] } },
{ "type": "Feature", "properties": { "objectid": 16630, "cod_region": "13", "region": "Región Metropolitana De Santiago", "cut_provincia": "131", "provincia": "Santiago", "cut_comuna": "13110", "comuna": "La Florida", "zona": "PL", "nombre_zona": "PL Zona de Plazas", "uperm": "Espacio público y áreas verdes.", "uproh": "Todo uso no mencionado como permitido.", "srid": "EPSG: 4326" }, "geometry": { "type": "MultiPolygon", "coordinates": [ [ [ [ -70.599483252844109, -33.548853201944418 ], [ -70.600013890378591, -33.548853198971386 ], [ -70.600012891277245, -33.548373886358277 ], [ -70.599475618030681, -33.54837635312024 ], [ -70.599483252844109, -33.548853201944418 ] ] ] ] } },
{ "type": "Feature", "properties": { "objectid": 17228, "cod_region": "13", "region": "Región Metropolitana De Santiago", "cut_provincia": "131", "provincia": "Santiago", "cut_comuna": "13110", "comuna": "La Florida", "zona": "PL", "nombre_zona": "PL Zona de Plazas", "uperm": "Espacio público y áreas verdes.", "uproh": "Todo uso no mencionado como permitido.", "srid": "EPSG: 4326" }, "geometry": { "type": "MultiPolygon", "coordinates": [ [ [ [ -70.599941120501754, -33.558142205010668 ], [ -70.600284460753215, -33.558191795999186 ], [ -70.600376014643004, -33.557837019868565 ], [ -70.600284456446801, -33.557783613006045 ], [ -70.600215789111829, -33.557756910577567 ], [ -70.600025044469334, -33.557730208134352 ], [ -70.60001491829415, -33.557779915632871 ], [ -70.599941120501754, -33.558142205010668 ] ] ] ] } },
{ "type": "Feature", "properties": { "objectid": 16747, "cod_region": "13", "region": "Región Metropolitana De Santiago", "cut_provincia": "131", "provincia": "Santiago", "cut_comuna": "13110", "comuna": "La Florida", "zona": "PL", "nombre_zona": "PL Zona de Plazas", "uperm": "Espacio público y áreas verdes.", "uproh": "Todo uso no mencionado como permitido.", "srid": "EPSG: 4326" }, "geometry": { "type": "MultiPolygon", "coordinates": [ [ [ [ -70.571123094899264, -33.522851785652357 ], [ -70.571412638654962, -33.522939635648783 ], [ -70.571596271113251, -33.522454382425188 ], [ -70.571324012320105, -33.522452794355992 ], [ -70.571288066396747, -33.522451555026194 ], [ -70.571123094899264, -33.522851785652357 ] ] ] ] } },
{ "type": "Feature", "properties": { "objectid": 16795, "cod_region": "13", "region": "Región Metropolitana De Santiago", "cut_provincia": "131", "provincia": "Santiago", "cut_comuna": "13110", "comuna": "La Florida", "zona": "U-VEV3", "nombre_zona": "U-VEV3 Zona de Vivienda y Equipamiento Vecinal N°3", "uperm": "Residencial; equipamiento de comercio, culto, deporte, educación, esparcimiento, salud, seguridad, servicios, social, oficina y turismo; espacio público y áreas verdes.", "uproh": "Todo uso no mencionado como permitido.", "srid": "EPSG: 4326" }, "geometry": { "type": "MultiPolygon", "coordinates": [ [ [ [ -70.585129953713547, -33.519693057774582 ], [ -70.585193198805015, -33.519693056264444 ], [ -70.585200559945093, -33.518363799377013 ], [ -70.584490447890545, -33.518357885940404 ], [ -70.584269184764821, -33.518354072028224 ], [ -70.584261559409967, -33.518811846728333 ], [ -70.584253934450231, -33.519227659391419 ], [ -70.584246306977533, -33.519685434060534 ], [ -70.584841429991755, -33.519693060237415 ], [ -70.585129953713547, -33.519693057774582 ] ] ] ] } },
{ "type": "Feature", "properties": { "objectid": 16801, "cod_region": "13", "region": "Región Metropolitana De Santiago", "cut_provincia": "131", "provincia": "Santiago", "cut_comuna": "13110", "comuna": "La Florida", "zona": "PL", "nombre_zona": "PL Zona de Plazas", "uperm": "Espacio público y áreas verdes.", "uproh": "Todo uso no mencionado como permitido.", "srid": "EPSG: 4326" }, "geometry": { "type": "MultiPolygon", "coordinates": [ [ [ [ -70.585759652769795, -33.52146649727905 ], [ -70.586004197721664, -33.521471252032171 ], [ -70.58618862461131, -33.521466245731126 ], [ -70.586572914557223, -33.521470538609407 ], [ -70.586687852992256, -33.521009152689693 ], [ -70.586776010178738, -33.520702649454215 ], [ -70.586714510878224, -33.520698530616826 ], [ -70.586299126609418, -33.520696494191263 ], [ -70.586214358698342, -33.520693833813041 ], [ -70.586155103541714, -33.520695392708916 ], [ -70.585755252479331, -33.520705910933131 ], [ -70.585749896619859, -33.520732964865623 ], [ -70.585748271158309, -33.520804124447821 ], [ -70.585740153695085, -33.521000483839323 ], [ -70.585749598191711, -33.521273173473965 ], [ -70.585759652769795, -33.52146649727905 ] ] ] ] } },
{ "type": "Feature", "properties": { "objectid": 16805, "cod_region": "13", "region": "Región Metropolitana De Santiago", "cut_provincia": "131", "provincia": "Santiago", "cut_comuna": "13110", "comuna": "La Florida", "zona": "PL", "nombre_zona": "PL Zona de Plazas", "uperm": "Espacio público y áreas verdes.", "uproh": "Todo uso no mencionado como permitido.", "srid": "EPSG: 4326" }, "geometry": { "type": "MultiPolygon", "coordinates": [ [ [ [ -70.607593536355367, -33.527703973682513 ], [ -70.60786263689107, -33.52790790766619 ], [ -70.607906359055434, -33.527879450186788 ], [ -70.608303105501378, -33.527608601150106 ], [ -70.607814797409361, -33.527234754470129 ], [ -70.607665795800045, -33.527120339678369 ], [ -70.607613704026591, -33.527077869236038 ], [ -70.607584998836217, -33.527057696608018 ], [ -70.607563736522025, -33.52705557380299 ], [ -70.60754353801552, -33.527061943166274 ], [ -70.607524863046308, -33.527074533353904 ], [ -70.607143375088071, -33.527356831607868 ], [ -70.607593536355367, -33.527703973682513 ] ] ] ] } },
{ "type": "Feature", "properties": { "objectid": 16836, "cod_region": "13", "region": "Región Metropolitana De Santiago", "cut_provincia": "131", "provincia": "Santiago", "cut_comuna": "13110", "comuna": "La Florida", "zona": "U-EC1", "nombre_zona": "U-EC1 Zona de Equipamiento Comunal N°1", "uperm": "Residencial; equip. de comercio, culto, deporte, educación, esparcimiento, salud, seguridad, servicios, social, oficina y turismo; act. productiva peligrosa, contaminante y molesta; infr. de transporte; espacio público y áreas verdes.", "uproh": "Todo uso no mencionado como permitido.", "srid": "EPSG: 4326" }, "geometry": { "type": "MultiPolygon", "coordinates": [ [ [ [ -70.578340917819986, -33.510678818166561 ], [ -70.576151022045977, -33.510831361693583 ], [ -70.576003125504926, -33.510829841991651 ], [ -70.57487770767716, -33.510912907333072 ], [ -70.574788802646324, -33.510918748924176 ], [ -70.574814096360271, -33.511082536846878 ], [ -70.574816496648154, -33.511100156934717 ], [ -70.575021828408921, -33.512609060722845 ], [ -70.575139735674881, -33.513538831565555 ], [ -70.575544513311286, -33.513510956835397 ], [ -70.575537638040672, -33.513622948658877 ], [ -70.576267354448603, -33.513591282002565 ], [ -70.576496364977658, -33.513535597522221 ], [ -70.576517276751588, -33.513703893976206 ], [ -70.577089507497078, -33.513177451018841 ], [ -70.577271416510598, -33.513175935331134 ], [ -70.577440324591279, -33.513148445456245 ], [ -70.577615001407452, -33.513105678841292 ], [ -70.57790223183035, -33.513622466921674 ], [ -70.57801885039872, -33.513531622510762 ], [ -70.578619759582921, -33.513402313432579 ], [ -70.57945474396081, -33.513330027831792 ], [ -70.579623809581378, -33.512421470915761 ], [ -70.579635759509316, -33.512357253508654 ], [ -70.579687411467162, -33.512079674741642 ], [ -70.579980157794054, -33.510804589506662 ], [ -70.580030241195232, -33.510580526151763 ], [ -70.57870213238003, -33.510653652853463 ], [ -70.578340917819986, -33.510678818166561 ] ] ] ] } },
{ "type": "Feature", "properties": { "objectid": 17229, "cod_region": "13", "region": "Región Metropolitana De Santiago", "cut_provincia": "131", "provincia": "Santiago", "cut_comuna": "13110", "comuna": "La Florida", "zona": "PL", "nombre_zona": "PL Zona de Plazas", "uperm": "Espacio público y áreas verdes.", "uproh": "Todo uso no mencionado como permitido.", "srid": "EPSG: 4326" }, "geometry": { "type": "MultiPolygon", "coordinates": [ [ [ [ -70.600326994978076, -33.557344477804925 ], [ -70.600372900433825, -33.557343884247686 ], [ -70.600396086266329, -33.557338005796773 ], [ -70.600467569288099, -33.557302949432717 ], [ -70.600536232450224, -33.556959615641389 ], [ -70.60019289164039, -33.556910027075169 ], [ -70.600111028042789, -33.557307101207215 ], [ -70.600282266254041, -33.557336689054623 ], [ -70.600326994978076, -33.557344477804925 ] ] ] ] } },
{ "type": "Feature", "properties": { "objectid": 16857, "cod_region": "13", "region": "Región Metropolitana De Santiago", "cut_provincia": "131", "provincia": "Santiago", "cut_comuna": "13110", "comuna": "La Florida", "zona": "AV4", "nombre_zona": "AV4 Avenidas Parques", "uperm": "Equipamiento de deporte, esparcimiento y turismo; espacio público y áreas verdes.", "uproh": "Residencial; equipamiento de comercio, culto, educación, salud, seguridad, servicios, social, oficina, científico y cementerio; actividad productiva; infraestructura.", "srid": "EPSG: 4326" }, "geometry": { "type": "MultiPolygon", "coordinates": [ [ [ [ -70.602185412259018, -33.516324898270014 ], [ -70.602144347971915, -33.516391206761753 ], [ -70.602064903207264, -33.516341629532413 ], [ -70.601926629458191, -33.516274545864029 ], [ -70.601353425881456, -33.517053260291455 ], [ -70.601403898833297, -33.517073589483097 ], [ -70.601180191364463, -33.517356916867392 ], [ -70.600884187914346, -33.517733171714561 ], [ -70.60046908859195, -33.518291542734083 ], [ -70.600079913770855, -33.518815033976054 ], [ -70.599511438352621, -33.519579695354466 ], [ -70.598997473215931, -33.520265736374618 ], [ -70.599197178068138, -33.520359019714036 ], [ -70.599406706220307, -33.520444481488632 ], [ -70.599505155982129, -33.520291488860444 ], [ -70.600337423431384, -33.519199117549675 ], [ -70.601065158523284, -33.518166698224377 ], [ -70.601339394654218, -33.517812164386541 ], [ -70.60151762389502, -33.517574449318808 ], [ -70.602011694537822, -33.516915466733565 ], [ -70.602216532264237, -33.516642356191845 ], [ -70.602313595143997, -33.516523940844905 ], [ -70.602412160465192, -33.516403700532464 ], [ -70.602457548198046, -33.51635011305661 ], [ -70.60257554006408, -33.516214472410795 ], [ -70.602726490696398, -33.516075636528626 ], [ -70.602905367901386, -33.515929527443276 ], [ -70.603130676842468, -33.515751769077667 ], [ -70.603329522559875, -33.515579262442181 ], [ -70.60427518633098, -33.514806477358448 ], [ -70.60465869276004, -33.514480136790986 ], [ -70.605198841225544, -33.514020499052364 ], [ -70.605315292161805, -33.51392335486544 ], [ -70.605476837033848, -33.513828059140714 ], [ -70.606125463312623, -33.513314063317821 ], [ -70.606531683717009, -33.512968886450125 ], [ -70.606603094253629, -33.512908980848948 ], [ -70.606657571013415, -33.512848142351736 ], [ -70.607016857836371, -33.512558685029447 ], [ -70.607177245729758, -33.512429473737335 ], [ -70.608241929520943, -33.511548345891377 ], [ -70.608676826167041, -33.511201197184974 ], [ -70.608974383115154, -33.510960864825776 ], [ -70.609338521937261, -33.510655958209519 ], [ -70.609607653787634, -33.510430606864311 ], [ -70.610037544940781, -33.510047348212858 ], [ -70.610680127599892, -33.509554791753764 ], [ -70.610979555758107, -33.509279057241386 ], [ -70.611444184201034, -33.508920035744552 ], [ -70.611931069135352, -33.508551306057171 ], [ -70.611956333040141, -33.508530282217642 ], [ -70.612209532045142, -33.508328213992748 ], [ -70.611832633954876, -33.508337548170616 ], [ -70.611619390277482, -33.508342829193346 ], [ -70.611313942971549, -33.508570421199209 ], [ -70.610594850711053, -33.509160414978481 ], [ -70.609540344048341, -33.510047099100788 ], [ -70.608660338881847, -33.510762547837217 ], [ -70.608149470282214, -33.511183548491843 ], [ -70.607519669049879, -33.511666430035412 ], [ -70.607162232286214, -33.51194462623036 ], [ -70.606855244861478, -33.512205694185774 ], [ -70.606736527667451, -33.512300582154424 ], [ -70.606689144056446, -33.512344080384374 ], [ -70.606636156111364, -33.512410370044726 ], [ -70.606615545752803, -33.512435863223423 ], [ -70.606598131299592, -33.512471406350812 ], [ -70.606546125503982, -33.512590658171071 ], [ -70.606522970899832, -33.512641415565739 ], [ -70.606496614972869, -33.512682123072125 ], [ -70.606464101469683, -33.51271534594418 ], [ -70.606373189727591, -33.512782010159441 ], [ -70.606332167452308, -33.512817016241343 ], [ -70.606287538518387, -33.512855106429548 ], [ -70.605595855070703, -33.513440901748609 ], [ -70.605527166408095, -33.513505426712761 ], [ -70.605125373421316, -33.513830986029227 ], [ -70.604648077111648, -33.514228366044506 ], [ -70.604292732619754, -33.5145242082273 ], [ -70.6040607909393, -33.514715913786588 ], [ -70.603811571453662, -33.514920491653925 ], [ -70.603412580610168, -33.515240140198351 ], [ -70.603199747272328, -33.515413230245393 ], [ -70.60279634031771, -33.515741304753 ], [ -70.602734492293152, -33.515799138326628 ], [ -70.602547053756581, -33.515953364345613 ], [ -70.602413915853717, -33.516082799790084 ], [ -70.602380889093382, -33.516114906391536 ], [ -70.602185412259018, -33.516324898270014 ] ] ] ] } },
{ "type": "Feature", "properties": { "objectid": 16847, "cod_region": "13", "region": "Región Metropolitana De Santiago", "cut_provincia": "131", "provincia": "Santiago", "cut_comuna": "13110", "comuna": "La Florida", "zona": "Z-AA+CB/CM", "nombre_zona": "Z-AA+CB/CM Zona de Edificación Aislada Alta con Continuidad Baja y Media", "uperm": "Todos los usos no señalados como prohibidos en el artículo 41, numeral 9, letra B).", "uproh": "Todos los usos señalados como prohibidos en el artículo 41, numeral 9, letra B), específicamente terminales de transporte terrestre, locales de compra-venta y exhibición de automóviles, camiones y similares que se desar*", "srid": "EPSG: 4326" }, "geometry": { "type": "MultiPolygon", "coordinates": [ [ [ [ -70.601594838209721, -33.519775174471526 ], [ -70.602298396369022, -33.520112581087616 ], [ -70.60262244712591, -33.519842591614143 ], [ -70.602882391068775, -33.519595143389047 ], [ -70.603381320964331, -33.519089830088234 ], [ -70.603610709472932, -33.518857508171422 ], [ -70.604407981412592, -33.518038338044377 ], [ -70.604915207862135, -33.517519225181395 ], [ -70.605342655089927, -33.517102697016831 ], [ -70.606090370443482, -33.516343547428015 ], [ -70.606586299653699, -33.5158247313422 ], [ -70.606763567084343, -33.515635909280498 ], [ -70.60693726927893, -33.515450883014118 ], [ -70.607616313818923, -33.514729884235614 ], [ -70.608142765483024, -33.514153847412636 ], [ -70.608844634058954, -33.513371883677905 ], [ -70.608902574043881, -33.5133104671539 ], [ -70.608932562046348, -33.513275898478646 ], [ -70.608966459916445, -33.513237825018891 ], [ -70.60913210505214, -33.513041798989434 ], [ -70.609471786819469, -33.512664953804453 ], [ -70.609683967828872, -33.512429552920807 ], [ -70.609912857259332, -33.512170148005602 ], [ -70.610019674052324, -33.512044259164 ], [ -70.610173471812743, -33.51188841773061 ], [ -70.610813164498921, -33.511182111840832 ], [ -70.611582422303059, -33.510364263131031 ], [ -70.611785548025523, -33.510162706572956 ], [ -70.611790288070424, -33.510158003204189 ], [ -70.612830774474887, -33.509125534489968 ], [ -70.613107950954813, -33.508854330484276 ], [ -70.61350160080849, -33.508467345829835 ], [ -70.613538132618842, -33.508431431881021 ], [ -70.61367841522457, -33.508293524595167 ], [ -70.613744797045555, -33.508224914772448 ], [ -70.612209690223565, -33.50832821013018 ], [ -70.612209532045142, -33.508328213992748 ], [ -70.611956333040141, -33.508530282217642 ], [ -70.611931069135352, -33.508551306057171 ], [ -70.611444184201034, -33.508920035744552 ], [ -70.610979555758107, -33.509279057241386 ], [ -70.610680127599892, -33.509554791753764 ], [ -70.610037544940781, -33.510047348212858 ], [ -70.609607653787634, -33.510430606864311 ], [ -70.609338521937261, -33.510655958209519 ], [ -70.608974383115154, -33.510960864825776 ], [ -70.608676826167041, -33.511201197184974 ], [ -70.608241929520943, -33.511548345891377 ], [ -70.607177245729758, -33.512429473737335 ], [ -70.607016857836371, -33.512558685029447 ], [ -70.606657571013415, -33.512848142351736 ], [ -70.606603094253629, -33.512908980848948 ], [ -70.606531683717009, -33.512968886450125 ], [ -70.606125463312623, -33.513314063317821 ], [ -70.605476837033848, -33.513828059140714 ], [ -70.605315292161805, -33.51392335486544 ], [ -70.605198841225544, -33.514020499052364 ], [ -70.60465869276004, -33.514480136790986 ], [ -70.60427518633098, -33.514806477358448 ], [ -70.603329522559875, -33.515579262442181 ], [ -70.603130676842468, -33.515751769077667 ], [ -70.602905367901386, -33.515929527443276 ], [ -70.602726490696398, -33.516075636528626 ], [ -70.60257554006408, -33.516214472410795 ], [ -70.602457548198046, -33.51635011305661 ], [ -70.602412160465192, -33.516403700532464 ], [ -70.602313595143997, -33.516523940844905 ], [ -70.602216532264237, -33.516642356191845 ], [ -70.602011694537822, -33.516915466733565 ], [ -70.60151762389502, -33.517574449318808 ], [ -70.601339394654218, -33.517812164386541 ], [ -70.601065158523284, -33.518166698224377 ], [ -70.600337423431384, -33.519199117549675 ], [ -70.600862187037208, -33.519431147091645 ], [ -70.601423968923001, -33.519693229606006 ], [ -70.601594838209721, -33.519775174471526 ] ] ] ] } },
{ "type": "Feature", "properties": { "objectid": 16848, "cod_region": "13", "region": "Región Metropolitana De Santiago", "cut_provincia": "131", "provincia": "Santiago", "cut_comuna": "13110", "comuna": "La Florida", "zona": "Z-AA+CM", "nombre_zona": "Z-AA+CM Zona de Edificación Aislada Alta con Continuidad Media", "uperm": "Todos los usos no señalados como prohibidos en el artículo 41, numeral 9, letra B).", "uproh": "Todos los usos señalados como prohibidos en el artículo 41, numeral 9, letra B), específicamente terminales de transporte terrestre, locales de compra-venta y exhibición de automóviles, camiones y similares que se desar*", "srid": "EPSG: 4326" }, "geometry": { "type": "MultiPolygon", "coordinates": [ [ [ [ -70.604614543214225, -33.512509970692619 ], [ -70.606332167452308, -33.512817016241343 ], [ -70.606373189727591, -33.512782010159441 ], [ -70.606464101469683, -33.51271534594418 ], [ -70.606496614972869, -33.512682123072125 ], [ -70.606522970899832, -33.512641415565739 ], [ -70.606546125503982, -33.512590658171071 ], [ -70.606598131299592, -33.512471406350812 ], [ -70.606615545752803, -33.512435863223423 ], [ -70.606636156111364, -33.512410370044726 ], [ -70.606689144056446, -33.512344080384374 ], [ -70.606736527667451, -33.512300582154424 ], [ -70.606855244861478, -33.512205694185774 ], [ -70.607162232286214, -33.51194462623036 ], [ -70.607519669049879, -33.511666430035412 ], [ -70.608149470282214, -33.511183548491843 ], [ -70.608660338881847, -33.510762547837217 ], [ -70.609540344048341, -33.510047099100788 ], [ -70.610594850711053, -33.509160414978481 ], [ -70.611313942971549, -33.508570421199209 ], [ -70.611619390277482, -33.508342829193346 ], [ -70.61121230269633, -33.508352910518674 ], [ -70.610610070740861, -33.508381860265779 ], [ -70.610609271129974, -33.5083819319876 ], [ -70.609816434509469, -33.508453499163863 ], [ -70.609597090413445, -33.508473297804642 ], [ -70.609592412151486, -33.50847360750398 ], [ -70.608361169058256, -33.508555067986649 ], [ -70.606373853046662, -33.508686525024324 ], [ -70.606181037784623, -33.508701905435736 ], [ -70.604365451228333, -33.508846712923493 ], [ -70.604306212511602, -33.508851437449678 ], [ -70.604338826465238, -33.509060595465996 ], [ -70.604362275537284, -33.509224355284445 ], [ -70.604303067861963, -33.509476902639285 ], [ -70.60418017980048, -33.50973971686534 ], [ -70.603919940093888, -33.510092432431129 ], [ -70.603631373388765, -33.510335361764696 ], [ -70.603289506703049, -33.510533762926144 ], [ -70.603027534664292, -33.510799530730836 ], [ -70.60285939318193, -33.511053487284606 ], [ -70.602803762294585, -33.511296543749729 ], [ -70.60280627307543, -33.511636416188097 ], [ -70.602828320785434, -33.511745255250446 ], [ -70.602847606392018, -33.511840452980124 ], [ -70.603036652640895, -33.512108670888779 ], [ -70.603283942444108, -33.512275422370053 ], [ -70.603593289668382, -33.512343805077748 ], [ -70.604614543214225, -33.512509970692619 ] ] ] ] } },
{ "type": "Feature", "properties": { "objectid": 16849, "cod_region": "13", "region": "Región Metropolitana De Santiago", "cut_provincia": "131", "provincia": "Santiago", "cut_comuna": "13110", "comuna": "La Florida", "zona": "Z-AA1", "nombre_zona": "Z-AA1 Zona de Edificación Aislada Alta", "uperm": "Todos los usos no señalados como prohibidos en el artículo 41, numeral 9, letra B).", "uproh": "Todos los usos señalados como prohibidos en el artículo 41, numeral 9, letra B), específicamente terminales de transporte terrestre, locales de compra-venta y exhibición de automóviles, camiones y similares que se desar*", "srid": "EPSG: 4326" }, "geometry": { "type": "MultiPolygon", "coordinates": [ [ [ [ -70.594033310605099, -33.511182142089226 ], [ -70.594121917238567, -33.512085756944224 ], [ -70.595456462258738, -33.511991269973585 ], [ -70.595921128031591, -33.511958549614619 ], [ -70.596379486419892, -33.511925807810108 ], [ -70.59761363379765, -33.511838336297849 ], [ -70.598183159014496, -33.511800959548054 ], [ -70.598834400494511, -33.511758218209891 ], [ -70.599166073300893, -33.511728793275921 ], [ -70.599307446708465, -33.511716252324533 ], [ -70.600345094916307, -33.511647579651459 ], [ -70.600820628046094, -33.511577406463694 ], [ -70.601192229459002, -33.511558440653197 ], [ -70.601420549874291, -33.511562569817571 ], [ -70.601606831518566, -33.511579043470775 ], [ -70.602044666796743, -33.511637114601385 ], [ -70.602828320785434, -33.511745255250446 ], [ -70.60280627307543, -33.511636416188097 ], [ -70.602803762294585, -33.511296543749729 ], [ -70.60285939318193, -33.511053487284606 ], [ -70.603027534664292, -33.510799530730836 ], [ -70.603289506703049, -33.510533762926144 ], [ -70.603631373388765, -33.510335361764696 ], [ -70.603919940093888, -33.510092432431129 ], [ -70.60418017980048, -33.50973971686534 ], [ -70.604303067861963, -33.509476902639285 ], [ -70.604362275537284, -33.509224355284445 ], [ -70.604338826465238, -33.509060595465996 ], [ -70.604306212511602, -33.508851437449678 ], [ -70.604249410706501, -33.508855967153728 ], [ -70.603405684745539, -33.508923250218778 ], [ -70.602026971413252, -33.509033183258211 ], [ -70.601420871803654, -33.509075311401453 ], [ -70.6011557982185, -33.509093734838345 ], [ -70.600722752217564, -33.509123831209706 ], [ -70.597673295853539, -33.509335723715395 ], [ -70.597423511474219, -33.509353077112088 ], [ -70.59730907339528, -33.509361626017316 ], [ -70.593870584054315, -33.509618447520971 ], [ -70.593877256219841, -33.509668389579907 ], [ -70.593899464509121, -33.509867227062799 ], [ -70.593951319205388, -33.510331517972588 ], [ -70.593993613937357, -33.510761606542928 ], [ -70.594033310605099, -33.511182142089226 ] ] ] ] } },
{ "type": "Feature", "properties": { "objectid": 16858, "cod_region": "13", "region": "Región Metropolitana De Santiago", "cut_provincia": "131", "provincia": "Santiago", "cut_comuna": "13110", "comuna": "La Florida", "zona": "ESP-2", "nombre_zona": "ESP-1 Zona Especial (manzana Cívica)", "uperm": "Equipamiento de comercio, culto, deporte, educación, esparcimiento, salud,  servicios, oficina y turismo; infraestructura de transporte; espacio público y áreas verdes.", "uproh": "Todo uso no mencionado como permitido.", "srid": "EPSG: 4326" }, "geometry": { "type": "MultiPolygon", "coordinates": [ [ [ [ -70.599406706220307, -33.520444481488632 ], [ -70.600970821849643, -33.521165468555964 ], [ -70.601362819567967, -33.520854582715536 ], [ -70.602298396369022, -33.520112581087616 ], [ -70.601594838209721, -33.519775174471526 ], [ -70.601423968923001, -33.519693229606006 ], [ -70.600862187037208, -33.519431147091645 ], [ -70.600337423431384, -33.519199117549675 ], [ -70.599505155982129, -33.520291488860444 ], [ -70.599406706220307, -33.520444481488632 ] ] ] ] } },
{ "type": "Feature", "properties": { "objectid": 16850, "cod_region": "13", "region": "Región Metropolitana De Santiago", "cut_provincia": "131", "provincia": "Santiago", "cut_comuna": "13110", "comuna": "La Florida", "zona": "Z-AA2", "nombre_zona": "Z-AA2 Zona de Transición A Edificación Aislada Alta", "uperm": "Todos los usos no señalados como prohibidos en el artículo 41, numeral 9, letra B).", "uproh": "Todos los usos señalados como prohibidos en el artículo 41, numeral 9, letra B), específicamente terminales de transporte terrestre, locales de compra-venta y exhibición de automóviles, camiones y similares que se desar*", "srid": "EPSG: 4326" }, "geometry": { "type": "MultiPolygon", "coordinates": [ [ [ [ -70.589901235512571, -33.510545743110946 ], [ -70.589608336984355, -33.510593179007174 ], [ -70.589326279277685, -33.510589640013137 ], [ -70.588913326260396, -33.510437456799217 ], [ -70.588854910837242, -33.510409891511522 ], [ -70.588383537103596, -33.510187452347253 ], [ -70.588325135040478, -33.510159892944358 ], [ -70.588239982533878, -33.510272596859359 ], [ -70.58826709186404, -33.510286231157664 ], [ -70.58829646124434, -33.510301003432218 ], [ -70.588519063013692, -33.510461410050461 ], [ -70.588552168920756, -33.510850419694734 ], [ -70.588704340911974, -33.511504809534387 ], [ -70.587139498426211, -33.513253803123249 ], [ -70.58612993862819, -33.51365686150114 ], [ -70.586029491729889, -33.513782516158528 ], [ -70.585774755062459, -33.513651876554327 ], [ -70.585733101969751, -33.513708494512542 ], [ -70.584015350311518, -33.516043391108518 ], [ -70.584386945524869, -33.516003168907034 ], [ -70.585474905074136, -33.51589237679255 ], [ -70.585470302367312, -33.515824571426279 ], [ -70.585466348667623, -33.515793516221954 ], [ -70.585475918609433, -33.515762289692709 ], [ -70.585498706900538, -33.51571675689916 ], [ -70.585782586341892, -33.515372487807348 ], [ -70.585951166588274, -33.515168045714923 ], [ -70.58622510149614, -33.514825217848262 ], [ -70.58627579210345, -33.51476053166504 ], [ -70.586510258181676, -33.514481516965851 ], [ -70.586657275070095, -33.514306569363455 ], [ -70.58669542474243, -33.514268418511918 ], [ -70.586797847951217, -33.51420349860669 ], [ -70.587137821435036, -33.514075564930074 ], [ -70.587546456320382, -33.513920683821006 ], [ -70.587598028666534, -33.513904579853957 ], [ -70.587649142436263, -33.513898380196864 ], [ -70.587755959887758, -33.513841158895211 ], [ -70.588225699649357, -33.513250544684887 ], [ -70.588793600821433, -33.512536495451293 ], [ -70.588831749581075, -33.512521235946032 ], [ -70.588904459320446, -33.512444050097415 ], [ -70.5890093489691, -33.51242697114872 ], [ -70.58928639159555, -33.512373060209306 ], [ -70.589526059466465, -33.512338121190218 ], [ -70.589651574143431, -33.512784368271952 ], [ -70.589663399843388, -33.512826414764397 ], [ -70.589671028720659, -33.512864561514384 ], [ -70.589655769245269, -33.512902708046305 ], [ -70.589609991008473, -33.512933230846777 ], [ -70.589686083671936, -33.51299309502626 ], [ -70.58969983908348, -33.513009032308503 ], [ -70.589707884190474, -33.513028262405939 ], [ -70.589818709049965, -33.513435870549564 ], [ -70.58984510346005, -33.513524994737601 ], [ -70.589851531671442, -33.513537873271801 ], [ -70.590075414837102, -33.513802994907721 ], [ -70.590357720432323, -33.514131065522747 ], [ -70.59052059087152, -33.514314423762777 ], [ -70.590633129585228, -33.514444331255568 ], [ -70.590677975285246, -33.514487178216591 ], [ -70.590693723106412, -33.514497835747569 ], [ -70.590718500491946, -33.514506200291663 ], [ -70.590769730490109, -33.51452398823524 ], [ -70.590907129299893, -33.514574529267527 ], [ -70.591074816886874, -33.514656542550775 ], [ -70.591270226746659, -33.514775430405443 ], [ -70.591374011874009, -33.514850178535262 ], [ -70.591436959939159, -33.51491087241353 ], [ -70.591455396948689, -33.515042257024291 ], [ -70.591466062998023, -33.515118266555355 ], [ -70.591509542906749, -33.51516938426149 ], [ -70.591687419759126, -33.51537850437991 ], [ -70.591815023420878, -33.515531087416349 ], [ -70.591950496280106, -33.515692291618791 ], [ -70.592091446381005, -33.515860013988785 ], [ -70.592196516531544, -33.515985039693931 ], [ -70.59223065525839, -33.516032330828381 ], [ -70.592475403413346, -33.516326526756863 ], [ -70.592494081963466, -33.516351259935092 ], [ -70.592776385758441, -33.516686959498578 ], [ -70.592802215443456, -33.516713568438185 ], [ -70.593079337899198, -33.517046641040999 ], [ -70.593112102447108, -33.517072251663315 ], [ -70.592677205599657, -33.517331658780648 ], [ -70.591830295838662, -33.516946370021614 ], [ -70.592280457329252, -33.517587251596126 ], [ -70.592715361896694, -33.518224318064235 ], [ -70.593028187675515, -33.518663016775967 ], [ -70.593550289946222, -33.518402976875564 ], [ -70.594699771697947, -33.517753762595468 ], [ -70.594979499025271, -33.517595771410001 ], [ -70.596018904394782, -33.516956016069607 ], [ -70.596695694880566, -33.516587408091354 ], [ -70.598246513330167, -33.515693521379191 ], [ -70.598276644637451, -33.51573465975963 ], [ -70.598406237202624, -33.515897323186444 ], [ -70.598439619194295, -33.515934550740212 ], [ -70.598493372189282, -33.515968095634584 ], [ -70.598893464717534, -33.516164932454956 ], [ -70.59904722392541, -33.516240938864506 ], [ -70.599487446342906, -33.516458547640298 ], [ -70.600698696562262, -33.517097801095012 ], [ -70.600912436280638, -33.51721060345227 ], [ -70.601084846033871, -33.517309368089258 ], [ -70.601180191364463, -33.517356916867392 ], [ -70.601403898833297, -33.517073589483097 ], [ -70.601353425881456, -33.517053260291455 ], [ -70.601926629458191, -33.516274545864029 ], [ -70.602064903207264, -33.516341629532413 ], [ -70.602144347971915, -33.516391206761753 ], [ -70.602185412259018, -33.516324898270014 ], [ -70.602380889093382, -33.516114906391536 ], [ -70.602413915853717, -33.516082799790084 ], [ -70.602547053756581, -33.515953364345613 ], [ -70.602734492293152, -33.515799138326628 ], [ -70.60279634031771, -33.515741304753 ], [ -70.603199747272328, -33.515413230245393 ], [ -70.603412580610168, -33.515240140198351 ], [ -70.603811571453662, -33.514920491653925 ], [ -70.6040607909393, -33.514715913786588 ], [ -70.604292732619754, -33.5145242082273 ], [ -70.604648077111648, -33.514228366044506 ], [ -70.605125373421316, -33.513830986029227 ], [ -70.605527166408095, -33.513505426712761 ], [ -70.605595855070703, -33.513440901748609 ], [ -70.606287538518387, -33.512855106429548 ], [ -70.606332167452308, -33.512817016241343 ], [ -70.604614543214225, -33.512509970692619 ], [ -70.603593289668382, -33.512343805077748 ], [ -70.603283942444108, -33.512275422370053 ], [ -70.603036652640895, -33.512108670888779 ], [ -70.602847606392018, -33.511840452980124 ], [ -70.602828320785434, -33.511745255250446 ], [ -70.602044666796743, -33.511637114601385 ], [ -70.601606831518566, -33.511579043470775 ], [ -70.601420549874291, -33.511562569817571 ], [ -70.601192229459002, -33.511558440653197 ], [ -70.600820628046094, -33.511577406463694 ], [ -70.600345094916307, -33.511647579651459 ], [ -70.599307446708465, -33.511716252324533 ], [ -70.599166073300893, -33.511728793275921 ], [ -70.598834400494511, -33.511758218209891 ], [ -70.598183159014496, -33.511800959548054 ], [ -70.59761363379765, -33.511838336297849 ], [ -70.596379486419892, -33.511925807810108 ], [ -70.595921128031591, -33.511958549614619 ], [ -70.595456462258738, -33.511991269973585 ], [ -70.594121917238567, -33.512085756944224 ], [ -70.594033310605099, -33.511182142089226 ], [ -70.593993613937357, -33.510761606542928 ], [ -70.593951319205388, -33.510331517972588 ], [ -70.593899464509121, -33.509867227062799 ], [ -70.593877256219841, -33.509668389579907 ], [ -70.593870584054315, -33.509618447520971 ], [ -70.593406638804495, -33.509650849517506 ], [ -70.591952014453298, -33.509752428796212 ], [ -70.591797342540957, -33.509763638799527 ], [ -70.591252753538384, -33.509863394002984 ], [ -70.590977327091835, -33.509988622960208 ], [ -70.590606601571366, -33.510210426279386 ], [ -70.590525541302341, -33.510254623284368 ], [ -70.59038804552236, -33.510329590183403 ], [ -70.590211895461408, -33.510420791011533 ], [ -70.590030091065856, -33.510503467066144 ], [ -70.589901235512571, -33.510545743110946 ] ], [ [ -70.600465581712811, -33.514082481226517 ], [ -70.600062817669155, -33.514451450829974 ], [ -70.600001427170028, -33.514399406039999 ], [ -70.599915529478068, -33.514375464837528 ], [ -70.599655152917265, -33.514389568931065 ], [ -70.599296847252546, -33.514422825707889 ], [ -70.598411727960979, -33.514555813004343 ], [ -70.597880732688139, -33.514595518500421 ], [ -70.597874158287453, -33.514568434939903 ], [ -70.597862993146066, -33.514547436603067 ], [ -70.597846067548019, -33.514543620206958 ], [ -70.597816130574245, -33.51454522029649 ], [ -70.597781916435565, -33.514547358937435 ], [ -70.597382262072699, -33.514576109643066 ], [ -70.596858307944203, -33.514615507114556 ], [ -70.596808388297092, -33.514632185206388 ], [ -70.59678847261722, -33.514641415144951 ], [ -70.596763285534379, -33.514655198723247 ], [ -70.596640672589203, -33.51472693790344 ], [ -70.5946553096733, -33.514806448168621 ], [ -70.594050545689427, -33.514852039927995 ], [ -70.594004766915901, -33.514817705037224 ], [ -70.593478313624587, -33.514859672578574 ], [ -70.59343664280199, -33.514851724348944 ], [ -70.593340835286881, -33.514858564533334 ], [ -70.593260709901358, -33.514868936458335 ], [ -70.593234097089294, -33.514877689248607 ], [ -70.593131494193173, -33.514939745305902 ], [ -70.593012318562586, -33.515010423075587 ], [ -70.59292738591445, -33.515062906959344 ], [ -70.59266205236986, -33.514821076851661 ], [ -70.592454017621279, -33.514646925531125 ], [ -70.592385594277985, -33.514563248294202 ], [ -70.592350511614583, -33.514528926757201 ], [ -70.592985452644811, -33.514331029972226 ], [ -70.593367389222067, -33.514260023763924 ], [ -70.593802228240264, -33.514197159064508 ], [ -70.5967956876014, -33.513980368932259 ], [ -70.600656275635501, -33.513684627981341 ], [ -70.600710738772989, -33.513685451768197 ], [ -70.600617199570692, -33.513873437613334 ], [ -70.600552955300614, -33.51398314518309 ], [ -70.600465581712811, -33.514082481226517 ] ] ] ] } },
{ "type": "Feature", "properties": { "objectid": 16851, "cod_region": "13", "region": "Región Metropolitana De Santiago", "cut_provincia": "131", "provincia": "Santiago", "cut_comuna": "13110", "comuna": "La Florida", "zona": "ESP-2", "nombre_zona": "ESP-2 Zona Terrenos Consultorios", "uperm": "Equipamiento de salud.", "uproh": "Residencial; equipamiento de comercio, culto, deporte, educación, esparcimiento, seguridad, servicios, social, oficina, turismo, científico y cementerio; actividad productiva; infraestructura; espacio público y áreas ve*", "srid": "EPSG: 4326" }, "geometry": { "type": "MultiPolygon", "coordinates": [ [ [ [ -70.596800776498199, -33.514024242055946 ], [ -70.596858307944203, -33.514615507114556 ], [ -70.597382262072699, -33.514576109643066 ], [ -70.597781916435565, -33.514547358937435 ], [ -70.597816130574245, -33.51454522029649 ], [ -70.597846067548019, -33.514543620206958 ], [ -70.597862993146066, -33.514547436603067 ], [ -70.597874158287453, -33.514568434939903 ], [ -70.597880732688139, -33.514595518500421 ], [ -70.598411727960979, -33.514555813004343 ], [ -70.599296847252546, -33.514422825707889 ], [ -70.599655152917265, -33.514389568931065 ], [ -70.599915529478068, -33.514375464837528 ], [ -70.600001427170028, -33.514399406039999 ], [ -70.600062817669155, -33.514451450829974 ], [ -70.600465581712811, -33.514082481226517 ], [ -70.600552955300614, -33.51398314518309 ], [ -70.600617199570692, -33.513873437613334 ], [ -70.600710738772989, -33.513685451768197 ], [ -70.600656275635501, -33.513684627981341 ], [ -70.5967956876014, -33.513980368932259 ], [ -70.596800776498199, -33.514024242055946 ] ] ] ] } },
{ "type": "Feature", "properties": { "objectid": 16852, "cod_region": "13", "region": "Región Metropolitana De Santiago", "cut_provincia": "131", "provincia": "Santiago", "cut_comuna": "13110", "comuna": "La Florida", "zona": "AV4", "nombre_zona": "AV4 Avenidas Parques", "uperm": "Equipamiento de deporte, esparcimiento y turismo; espacio público y áreas verdes.", "uproh": "Residencial; equipamiento de comercio, culto, educación, salud, seguridad, servicios, social, oficina, científico y cementerio; actividad productiva; infraestructura.", "srid": "EPSG: 4326" }, "geometry": { "type": "MultiPolygon", "coordinates": [ [ [ [ -70.59266205236986, -33.514821076851661 ], [ -70.59292738591445, -33.515062906959344 ], [ -70.593012318562586, -33.515010423075587 ], [ -70.593131494193173, -33.514939745305902 ], [ -70.593234097089294, -33.514877689248607 ], [ -70.593260709901358, -33.514868936458335 ], [ -70.593340835286881, -33.514858564533334 ], [ -70.59343664280199, -33.514851724348944 ], [ -70.593478313624587, -33.514859672578574 ], [ -70.594004766915901, -33.514817705037224 ], [ -70.594050545689427, -33.514852039927995 ], [ -70.5946553096733, -33.514806448168621 ], [ -70.596640672589203, -33.51472693790344 ], [ -70.596763285534379, -33.514655198723247 ], [ -70.59678847261722, -33.514641415144951 ], [ -70.596808388297092, -33.514632185206388 ], [ -70.596858307944203, -33.514615507114556 ], [ -70.596800776498199, -33.514024242055946 ], [ -70.5967956876014, -33.513980368932259 ], [ -70.593802228240264, -33.514197159064508 ], [ -70.593367389222067, -33.514260023763924 ], [ -70.592985452644811, -33.514331029972226 ], [ -70.592350511614583, -33.514528926757201 ], [ -70.592385594277985, -33.514563248294202 ], [ -70.592454017621279, -33.514646925531125 ], [ -70.59266205236986, -33.514821076851661 ] ] ] ] } },
{ "type": "Feature", "properties": { "objectid": 16853, "cod_region": "13", "region": "Región Metropolitana De Santiago", "cut_provincia": "131", "provincia": "Santiago", "cut_comuna": "13110", "comuna": "La Florida", "zona": "AV1.1", "nombre_zona": "AV1.1 Zona de Parque Isabel Riquelme", "uperm": "Equipamiento de culto, deporte, científico y turismo; espacio público y áreas verdes.", "uproh": "Residencial; equipamiento de comercio, educación, salud, seguridad, servicios, social, oficina y cementerio; actividad productiva; infraestructura; espacio público y áreas verdes.", "srid": "EPSG: 4326" }, "geometry": { "type": "MultiPolygon", "coordinates": [ [ [ [ -70.585774755062459, -33.513651876554327 ], [ -70.586029491729889, -33.513782516158528 ], [ -70.58612993862819, -33.51365686150114 ], [ -70.587139498426211, -33.513253803123249 ], [ -70.588704340911974, -33.511504809534387 ], [ -70.588552168920756, -33.510850419694734 ], [ -70.588519063013692, -33.510461410050461 ], [ -70.58829646124434, -33.510301003432218 ], [ -70.58826709186404, -33.510286231157664 ], [ -70.588239982533878, -33.510272596859359 ], [ -70.588227454043434, -33.510289179790483 ], [ -70.588080839244796, -33.510498330353869 ], [ -70.587399024941732, -33.511429218065445 ], [ -70.58604140008687, -33.51328700616984 ], [ -70.585877023610621, -33.513511934569372 ], [ -70.585774755062459, -33.513651876554327 ] ] ] ] } },
{ "type": "Feature", "properties": { "objectid": 16854, "cod_region": "13", "region": "Región Metropolitana De Santiago", "cut_provincia": "131", "provincia": "Santiago", "cut_comuna": "13110", "comuna": "La Florida", "zona": "U-VEV3", "nombre_zona": "U-VEV3 Zona de Vivienda y Equipamiento Vecinal N°3", "uperm": "Residencial; equipamiento de comercio, culto, deporte, educación, esparcimiento, salud, seguridad, servicios, social, oficina, turismo; espacio público y áreas verdes.", "uproh": "Todo uso no mencionado como permitido.", "srid": "EPSG: 4326" }, "geometry": { "type": "MultiPolygon", "coordinates": [ [ [ [ -70.586093500848648, -33.51292209811222 ], [ -70.58604140008687, -33.51328700616984 ], [ -70.587399024941732, -33.511429218065445 ], [ -70.588080839244796, -33.510498330353869 ], [ -70.588227454043434, -33.510289179790483 ], [ -70.588239982533878, -33.510272596859359 ], [ -70.588325135040478, -33.510159892944358 ], [ -70.588260358946343, -33.510139651512681 ], [ -70.588112333128294, -33.510093395641896 ], [ -70.587849645932124, -33.510049698114855 ], [ -70.587662940198086, -33.510063224611542 ], [ -70.586441064935372, -33.510138930346145 ], [ -70.586432201003873, -33.510205072095161 ], [ -70.586404825699688, -33.510424687695206 ], [ -70.586093500848648, -33.51292209811222 ] ] ] ] } },
{ "type": "Feature", "properties": { "objectid": 16855, "cod_region": "13", "region": "Región Metropolitana De Santiago", "cut_provincia": "131", "provincia": "Santiago", "cut_comuna": "13110", "comuna": "La Florida", "zona": "PL", "nombre_zona": "PL Zona de Plazas", "uperm": "Espacio público y áreas verdes.", "uproh": "Todo uso no mencionado como permitido.", "srid": "EPSG: 4326" }, "geometry": { "type": "MultiPolygon", "coordinates": [ [ [ [ -70.571787666942939, -33.523053420538176 ], [ -70.572032380943355, -33.523127788480096 ], [ -70.572107193849845, -33.52294007548393 ], [ -70.57188296942283, -33.522867563287825 ], [ -70.571787666942939, -33.523053420538176 ] ] ] ] } },
{ "type": "Feature", "properties": { "objectid": 16856, "cod_region": "13", "region": "Región Metropolitana De Santiago", "cut_provincia": "131", "provincia": "Santiago", "cut_comuna": "13110", "comuna": "La Florida", "zona": "Z-AA+CM", "nombre_zona": "Z-AA+CM Zona de Edificación Aislada Alta con Continuidad Media", "uperm": "Todos los usos no señalados como prohibidos en el artículo 41, numeral 9, letra B).", "uproh": "Todos los usos señalados como prohibidos en el artículo 41, numeral 9, letra B), específicamente terminales de transporte terrestre, locales de compra-venta y exhibición de automóviles, camiones y similares que se desar*", "srid": "EPSG: 4326" }, "geometry": { "type": "MultiPolygon", "coordinates": [ [ [ [ -70.597199301465039, -33.519425781706325 ], [ -70.598997473215931, -33.520265736374618 ], [ -70.599511438352621, -33.519579695354466 ], [ -70.600079913770855, -33.518815033976054 ], [ -70.60046908859195, -33.518291542734083 ], [ -70.600884187914346, -33.517733171714561 ], [ -70.601180191364463, -33.517356916867392 ], [ -70.601084846033871, -33.517309368089258 ], [ -70.600912436280638, -33.51721060345227 ], [ -70.600698696562262, -33.517097801095012 ], [ -70.599487446342906, -33.516458547640298 ], [ -70.59904722392541, -33.516240938864506 ], [ -70.598893464717534, -33.516164932454956 ], [ -70.598493372189282, -33.515968095634584 ], [ -70.598439619194295, -33.515934550740212 ], [ -70.598406237202624, -33.515897323186444 ], [ -70.598276644637451, -33.51573465975963 ], [ -70.598246513330167, -33.515693521379191 ], [ -70.596695694880566, -33.516587408091354 ], [ -70.596018904394782, -33.516956016069607 ], [ -70.594979499025271, -33.517595771410001 ], [ -70.594699771697947, -33.517753762595468 ], [ -70.595330252055632, -33.518594270590171 ], [ -70.595802009143995, -33.518751633805209 ], [ -70.596446493347131, -33.519046362108085 ], [ -70.596497834761252, -33.51910984884168 ], [ -70.597199301465039, -33.519425781706325 ] ] ] ] } },
{ "type": "Feature", "properties": { "objectid": 17230, "cod_region": "13", "region": "Región Metropolitana De Santiago", "cut_provincia": "131", "provincia": "Santiago", "cut_comuna": "13110", "comuna": "La Florida", "zona": "PL", "nombre_zona": "PL Zona de Plazas", "uperm": "Espacio público y áreas verdes.", "uproh": "Todo uso no mencionado como permitido.", "srid": "EPSG: 4326" }, "geometry": { "type": "MultiPolygon", "coordinates": [ [ [ [ -70.6004286098363, -33.555644530061713 ], [ -70.600841414323853, -33.555704550118605 ], [ -70.600925338326704, -33.555311627868527 ], [ -70.600513328376977, -33.555254407852644 ], [ -70.6004286098363, -33.555644530061713 ] ] ] ] } },
{ "type": "Feature", "properties": { "objectid": 16859, "cod_region": "13", "region": "Región Metropolitana De Santiago", "cut_provincia": "131", "provincia": "Santiago", "cut_comuna": "13110", "comuna": "La Florida", "zona": "AV4", "nombre_zona": "AV4 Avenidas Parques", "uperm": "Equipamiento de deporte, esparcimiento y turismo; espacio público y áreas verdes.", "uproh": "Residencial; equipamiento de comercio, culto, educación, salud, seguridad, servicios, social, oficina, científico y cementerio; actividad productiva; infraestructura.", "srid": "EPSG: 4326" }, "geometry": { "type": "MultiPolygon", "coordinates": [ [ [ [ -70.608156576515981, -33.517476947717789 ], [ -70.607935780877185, -33.518179203590407 ], [ -70.606658484654545, -33.518100664152882 ], [ -70.606659604495178, -33.518195809997941 ], [ -70.606914403026806, -33.518212787897255 ], [ -70.608074131697407, -33.518289076300427 ], [ -70.608124027291083, -33.518122422652006 ], [ -70.608264871463035, -33.517652004698981 ], [ -70.608304273535978, -33.517517117783157 ], [ -70.608156576515981, -33.517476947717789 ] ] ] ] } },
{ "type": "Feature", "properties": { "objectid": 16860, "cod_region": "13", "region": "Región Metropolitana De Santiago", "cut_provincia": "131", "provincia": "Santiago", "cut_comuna": "13110", "comuna": "La Florida", "zona": "Z-AM", "nombre_zona": "Z-AM Zona de Edificación Aislada de Altura Media", "uperm": "Todos los usos no señalados como prohibidos en el artículo 41, numeral 9, letra B).", "uproh": "Todos los usos señalados como prohibidos en el artículo 41, numeral 9, letra B), específicamente terminales de transporte terrestre, locales de compra-venta y exhibición de automóviles, camiones y similares que se desar*", "srid": "EPSG: 4326" }, "geometry": { "type": "MultiPolygon", "coordinates": [ [ [ [ -70.605342655089927, -33.517102697016831 ], [ -70.604915207862135, -33.517519225181395 ], [ -70.604407981412592, -33.518038338044377 ], [ -70.603610709472932, -33.518857508171422 ], [ -70.603381320964331, -33.519089830088234 ], [ -70.602882391068775, -33.519595143389047 ], [ -70.60262244712591, -33.519842591614143 ], [ -70.602298396369022, -33.520112581087616 ], [ -70.601362819567967, -33.520854582715536 ], [ -70.600970821849643, -33.521165468555964 ], [ -70.601035571030238, -33.521201990398573 ], [ -70.601749734251044, -33.52187925024397 ], [ -70.601679472764303, -33.522107813533886 ], [ -70.601818531401292, -33.522235588848417 ], [ -70.601798291356076, -33.522848610763951 ], [ -70.60179891887752, -33.52290915467082 ], [ -70.60183262057835, -33.522907899873147 ], [ -70.601840638578551, -33.523336075632166 ], [ -70.601846691811971, -33.523759643210205 ], [ -70.601848270798342, -33.52387014662532 ], [ -70.601855902585484, -33.524167701844547 ], [ -70.601871165640134, -33.524663624336632 ], [ -70.601878798340891, -33.524957361186331 ], [ -70.60188428951362, -33.525577075201092 ], [ -70.601603651149674, -33.525211428647751 ], [ -70.601044858151198, -33.524614382816608 ], [ -70.600617502497911, -33.524261820558124 ], [ -70.600279239013943, -33.524031197115555 ], [ -70.599894402588532, -33.523790991048607 ], [ -70.599892074990379, -33.523830760875796 ], [ -70.599909278255495, -33.523896202181916 ], [ -70.599904265576455, -33.523934583622676 ], [ -70.599902304751922, -33.523949602673994 ], [ -70.599877967892212, -33.524069064220228 ], [ -70.599761721011902, -33.524492186568992 ], [ -70.599727195992415, -33.524617857992396 ], [ -70.599536455598951, -33.52530452097168 ], [ -70.599055795637241, -33.527105104810886 ], [ -70.598903203786946, -33.527578139002692 ], [ -70.598849109819653, -33.527807254867234 ], [ -70.598845110295045, -33.527842915899015 ], [ -70.598846372427744, -33.527911479644743 ], [ -70.598859082082214, -33.528046332884806 ], [ -70.598872689622695, -33.528165616274144 ], [ -70.598899396463253, -33.528505132461156 ], [ -70.599425853097657, -33.528501314732964 ], [ -70.599431628694205, -33.528515099344268 ], [ -70.599438116817822, -33.528534539101393 ], [ -70.599441825415127, -33.528555831033209 ], [ -70.599443678526484, -33.528572493526163 ], [ -70.59945256032249, -33.528985791557318 ], [ -70.599665959781149, -33.52898550761131 ], [ -70.600145450043343, -33.528984867329775 ], [ -70.600786833699686, -33.528984008104409 ], [ -70.600967440225801, -33.528983765292217 ], [ -70.602961642207987, -33.528981073264148 ], [ -70.6030681253675, -33.528980928409354 ], [ -70.603072650996239, -33.528980922123523 ], [ -70.603393213218837, -33.529042862452179 ], [ -70.603750740452838, -33.528840960442999 ], [ -70.603945726526192, -33.528671190094883 ], [ -70.604113761579043, -33.528524885908709 ], [ -70.604386820233458, -33.528346187238093 ], [ -70.605297521672838, -33.527750197953189 ], [ -70.605405090495012, -33.527682109998331 ], [ -70.605410279076239, -33.527678826829728 ], [ -70.606133936632105, -33.527220778672991 ], [ -70.6061452481202, -33.527213619383268 ], [ -70.60665118473969, -33.526893375074629 ], [ -70.60694966412656, -33.526777600236066 ], [ -70.607296034815349, -33.526722748787414 ], [ -70.609232447434607, -33.526713140379144 ], [ -70.609740948140214, -33.526709937958842 ], [ -70.609725225829976, -33.526276591689395 ], [ -70.609725162112895, -33.52627483847494 ], [ -70.609722054348026, -33.526189183289226 ], [ -70.609809868768977, -33.525417038393485 ], [ -70.609809953060918, -33.525416299607592 ], [ -70.60990573239188, -33.524574116568488 ], [ -70.609905934145104, -33.524572337356801 ], [ -70.609909929255721, -33.524537211767793 ], [ -70.609960747925157, -33.524119277262599 ], [ -70.610012958350907, -33.523689895836206 ], [ -70.610013101343142, -33.523688722510585 ], [ -70.610094328910293, -33.523020698822805 ], [ -70.610110100183618, -33.522891245553978 ], [ -70.610119651334443, -33.52281285946129 ], [ -70.610157734646862, -33.522500272585226 ], [ -70.610158179423479, -33.52249661803053 ], [ -70.610257976778144, -33.521677485996371 ], [ -70.610363981481214, -33.520807393192449 ], [ -70.610438227366643, -33.520301407291583 ], [ -70.610441836039698, -33.520276818174509 ], [ -70.610463584590718, -33.52010783147135 ], [ -70.610479194270539, -33.519961751519503 ], [ -70.610510213340987, -33.519671455568776 ], [ -70.610573128007218, -33.519089503091159 ], [ -70.61061881204418, -33.518674115773756 ], [ -70.610628119860579, -33.518589497573025 ], [ -70.61065300492254, -33.518468356782392 ], [ -70.610659991004553, -33.518375120297165 ], [ -70.61077448274294, -33.517375750238124 ], [ -70.610906171517698, -33.516226258932321 ], [ -70.610915496790568, -33.516124603228029 ], [ -70.610931667593022, -33.515949619657015 ], [ -70.610966108662879, -33.515576956973483 ], [ -70.611001133748957, -33.515197945050218 ], [ -70.611005296026676, -33.51515497586815 ], [ -70.611017496160883, -33.515029013795164 ], [ -70.611021874420302, -33.514994443183092 ], [ -70.611085511903013, -33.514492017015463 ], [ -70.611096806652938, -33.514326578586889 ], [ -70.61112157870663, -33.514150941971415 ], [ -70.61114831653552, -33.513918280961818 ], [ -70.611215916281537, -33.51333006231053 ], [ -70.61124241842262, -33.513099460483176 ], [ -70.611248948808694, -33.513045795516405 ], [ -70.611255479171362, -33.512992129647465 ], [ -70.611268265311509, -33.512881660430445 ], [ -70.611313234702664, -33.512493107508874 ], [ -70.6113547715929, -33.512134223199979 ], [ -70.611367567862942, -33.51202169857617 ], [ -70.611417110507603, -33.51163167382731 ], [ -70.611507457863112, -33.510959356991854 ], [ -70.611522816627428, -33.510845063889178 ], [ -70.611582422303059, -33.510364263131031 ], [ -70.610813164498921, -33.511182111840832 ], [ -70.610173471812743, -33.51188841773061 ], [ -70.610019674052324, -33.512044259164 ], [ -70.609912857259332, -33.512170148005602 ], [ -70.609683967828872, -33.512429552920807 ], [ -70.609471786819469, -33.512664953804453 ], [ -70.60913210505214, -33.513041798989434 ], [ -70.608966459916445, -33.513237825018891 ], [ -70.608932562046348, -33.513275898478646 ], [ -70.608902574043881, -33.5133104671539 ], [ -70.608844634058954, -33.513371883677905 ], [ -70.608142765483024, -33.514153847412636 ], [ -70.607616313818923, -33.514729884235614 ], [ -70.60693726927893, -33.515450883014118 ], [ -70.606763567084343, -33.515635909280498 ], [ -70.606586299653699, -33.5158247313422 ], [ -70.606090370443482, -33.516343547428015 ], [ -70.605342655089927, -33.517102697016831 ] ], [ [ -70.608124027291083, -33.518122422652006 ], [ -70.608074131697407, -33.518289076300427 ], [ -70.606914403026806, -33.518212787897255 ], [ -70.606659604495178, -33.518195809997941 ], [ -70.606658484654545, -33.518100664152882 ], [ -70.607935780877185, -33.518179203590407 ], [ -70.608156576515981, -33.517476947717789 ], [ -70.608304273535978, -33.517517117783157 ], [ -70.608264871463035, -33.517652004698981 ], [ -70.608124027291083, -33.518122422652006 ] ] ] ] } },
{ "type": "Feature", "properties": { "objectid": 16861, "cod_region": "13", "region": "Región Metropolitana De Santiago", "cut_provincia": "131", "provincia": "Santiago", "cut_comuna": "13110", "comuna": "La Florida", "zona": "PL", "nombre_zona": "PL Zona de Plazas", "uperm": "Espacio público y áreas verdes.", "uproh": "Todo uso no mencionado como permitido.", "srid": "EPSG: 4326" }, "geometry": { "type": "MultiPolygon", "coordinates": [ [ [ [ -70.59863617417858, -33.528993425148357 ], [ -70.59945256032249, -33.528985791557318 ], [ -70.599443678526484, -33.528572493526163 ], [ -70.599441825415127, -33.528555831033209 ], [ -70.599438116817822, -33.528534539101393 ], [ -70.599431628694205, -33.528515099344268 ], [ -70.599425853097657, -33.528501314732964 ], [ -70.598899396463253, -33.528505132461156 ], [ -70.59863617417858, -33.528993425148357 ] ] ] ] } },
{ "type": "Feature", "properties": { "objectid": 16862, "cod_region": "13", "region": "Región Metropolitana De Santiago", "cut_provincia": "131", "provincia": "Santiago", "cut_comuna": "13110", "comuna": "La Florida", "zona": "U-VEV3", "nombre_zona": "U-VEV3 Zona de Vivienda y Equipamiento Vecinal N°3", "uperm": "Residencial; equipamiento de comercio, culto, deporte, educación, esparcimiento, salud, seguridad, servicios, social, oficina y turismo; espacio público y áreas verdes.", "uproh": "Todo uso no mencionado como permitido.", "srid": "EPSG: 4326" }, "geometry": { "type": "MultiPolygon", "coordinates": [ [ [ [ -70.582108173539197, -33.518130387903689 ], [ -70.582333084562535, -33.518156531613265 ], [ -70.58281062520048, -33.517652400467995 ], [ -70.583042421371616, -33.517340220990882 ], [ -70.582845523270677, -33.517315130964207 ], [ -70.582382077378981, -33.517264446592122 ], [ -70.582369357284421, -33.517263055270554 ], [ -70.581967068520854, -33.517223773399884 ], [ -70.581392742615321, -33.517167690119024 ], [ -70.581469035226021, -33.516599287771641 ], [ -70.580950210485696, -33.516545883581564 ], [ -70.580469532141805, -33.51649629482467 ], [ -70.580401325606118, -33.516489288669113 ], [ -70.579983262145618, -33.516446345356087 ], [ -70.579747367234447, -33.516422113092396 ], [ -70.579576862498257, -33.516404598288219 ], [ -70.579490976886575, -33.516389432818428 ], [ -70.579467478059655, -33.516540049205375 ], [ -70.5793784778961, -33.517110481185135 ], [ -70.579325071195512, -33.517465257783527 ], [ -70.580889180579589, -33.517633098056109 ], [ -70.580828146183805, -33.518003134074107 ], [ -70.580980215491294, -33.518014970963812 ], [ -70.581955827351038, -33.518113769043453 ], [ -70.582108173539197, -33.518130387903689 ] ] ] ] } },
{ "type": "Feature", "properties": { "objectid": 16863, "cod_region": "13", "region": "Región Metropolitana De Santiago", "cut_provincia": "131", "provincia": "Santiago", "cut_comuna": "13110", "comuna": "La Florida", "zona": "PL", "nombre_zona": "PL Zona de Plazas", "uperm": "Espacio público y áreas verdes.", "uproh": "Todo uso no mencionado como permitido.", "srid": "EPSG: 4326" }, "geometry": { "type": "MultiPolygon", "coordinates": [ [ [ [ -70.570870506270751, -33.523442414140554 ], [ -70.571135169659584, -33.523523595704084 ], [ -70.571229914286121, -33.523286670058397 ], [ -70.570974908504596, -33.523203573331273 ], [ -70.570870506270751, -33.523442414140554 ] ] ] ] } },
{ "type": "Feature", "properties": { "objectid": 16864, "cod_region": "13", "region": "Región Metropolitana De Santiago", "cut_provincia": "131", "provincia": "Santiago", "cut_comuna": "13110", "comuna": "La Florida", "zona": "Z-AA+CB/CM", "nombre_zona": "Z-AA+CB/CM Zona de Edificación Aislada Alta con Continuidad Baja y Media", "uperm": "Todos los usos no señalados como prohibidos en el artículo 41, numeral 9, letra B).", "uproh": "Todos los usos señalados como prohibidos en el artículo 41, numeral 9, letra B), específicamente terminales de transporte terrestre, locales de compra-venta y exhibición de automóviles, camiones y similares que se desar*", "srid": "EPSG: 4326" }, "geometry": { "type": "MultiPolygon", "coordinates": [ [ [ [ -70.592339311490818, -33.520238190023356 ], [ -70.592906126865728, -33.520501745630341 ], [ -70.593065786910032, -33.520574990631097 ], [ -70.593106046366273, -33.520502180614571 ], [ -70.593186935933261, -33.520484348001624 ], [ -70.593728013173859, -33.520365059870727 ], [ -70.594074475772302, -33.520443673098583 ], [ -70.594120890032258, -33.520454205053305 ], [ -70.595321666887827, -33.520726655873268 ], [ -70.595416822533977, -33.520761956606073 ], [ -70.595393441594354, -33.520906097960861 ], [ -70.595393447042767, -33.52121127986306 ], [ -70.595387300137745, -33.521519268130554 ], [ -70.595388109224814, -33.521578218998691 ], [ -70.595393448648068, -33.521596574486338 ], [ -70.595347679766903, -33.5227066779265 ], [ -70.595576572815858, -33.522710490761256 ], [ -70.59499818322773, -33.524098629639312 ], [ -70.594945769101699, -33.524224421146009 ], [ -70.59478342099402, -33.524614050346699 ], [ -70.59466101594434, -33.524907813277153 ], [ -70.594363461245536, -33.525613549952574 ], [ -70.594012497502476, -33.526448990229959 ], [ -70.594140711129853, -33.52645365966135 ], [ -70.594121531360457, -33.52656205333065 ], [ -70.594091059279293, -33.526741248485529 ], [ -70.594070485367737, -33.526815691985263 ], [ -70.594035338555685, -33.526919240973776 ], [ -70.593884287513461, -33.527268714133179 ], [ -70.593793033818571, -33.527537963143523 ], [ -70.593495509738474, -33.528252537005628 ], [ -70.593450589498687, -33.528365160401449 ], [ -70.593058789567138, -33.528356391225927 ], [ -70.593028274427056, -33.528756941186295 ], [ -70.593547925008068, -33.528767331511197 ], [ -70.593981997730239, -33.528776011252674 ], [ -70.594821275973928, -33.528802709315187 ], [ -70.594889943671248, -33.528791264506459 ], [ -70.594890944379202, -33.528816205980448 ], [ -70.595615673311315, -33.528828136707006 ], [ -70.595736637047466, -33.528872764761125 ], [ -70.595816568406363, -33.528902254145756 ], [ -70.595899215606792, -33.528932746473089 ], [ -70.596629916484829, -33.52891774247805 ], [ -70.59662953802048, -33.528940031413981 ], [ -70.597857933259789, -33.52894002353041 ], [ -70.59863617417858, -33.528993425148357 ], [ -70.598899396463253, -33.528505132461156 ], [ -70.598872689622695, -33.528165616274144 ], [ -70.598859082082214, -33.528046332884806 ], [ -70.598846372427744, -33.527911479644743 ], [ -70.598845110295045, -33.527842915899015 ], [ -70.598849109819653, -33.527807254867234 ], [ -70.598903203786946, -33.527578139002692 ], [ -70.599055795637241, -33.527105104810886 ], [ -70.599536455598951, -33.52530452097168 ], [ -70.599727195992415, -33.524617857992396 ], [ -70.599761721011902, -33.524492186568992 ], [ -70.599877967892212, -33.524069064220228 ], [ -70.599902304751922, -33.523949602673994 ], [ -70.599904265576455, -33.523934583622676 ], [ -70.599909278255495, -33.523896202181916 ], [ -70.599892074990379, -33.523830760875796 ], [ -70.599894402588532, -33.523790991048607 ], [ -70.600279239013943, -33.524031197115555 ], [ -70.600617502497911, -33.524261820558124 ], [ -70.601044858151198, -33.524614382816608 ], [ -70.601603651149674, -33.525211428647751 ], [ -70.60188428951362, -33.525577075201092 ], [ -70.601878798340891, -33.524957361186331 ], [ -70.601871165640134, -33.524663624336632 ], [ -70.601855902585484, -33.524167701844547 ], [ -70.601848270798342, -33.52387014662532 ], [ -70.601846691811971, -33.523759643210205 ], [ -70.601840638578551, -33.523336075632166 ], [ -70.60183262057835, -33.522907899873147 ], [ -70.60179891887752, -33.52290915467082 ], [ -70.601798291356076, -33.522848610763951 ], [ -70.601818531401292, -33.522235588848417 ], [ -70.601679472764303, -33.522107813533886 ], [ -70.601749734251044, -33.52187925024397 ], [ -70.601035571030238, -33.521201990398573 ], [ -70.600970821849643, -33.521165468555964 ], [ -70.599406706220307, -33.520444481488632 ], [ -70.599197178068138, -33.520359019714036 ], [ -70.598997473215931, -33.520265736374618 ], [ -70.597199301465039, -33.519425781706325 ], [ -70.596497834761252, -33.51910984884168 ], [ -70.596446493347131, -33.519046362108085 ], [ -70.595802009143995, -33.518751633805209 ], [ -70.595330252055632, -33.518594270590171 ], [ -70.594699771697947, -33.517753762595468 ], [ -70.593550289946222, -33.518402976875564 ], [ -70.593028187675515, -33.518663016775967 ], [ -70.592715368112195, -33.518849943161115 ], [ -70.593165530038306, -33.519406900805528 ], [ -70.592890859817018, -33.519803638007176 ], [ -70.592776415407783, -33.51997911989897 ], [ -70.592745897595819, -33.520009637879582 ], [ -70.5927001178989, -33.520036342623726 ], [ -70.592562783129196, -33.520101195112034 ], [ -70.592541050347052, -33.520119464204782 ], [ -70.592339311490818, -33.520238190023356 ] ] ] ] } },
{ "type": "Feature", "properties": { "objectid": 16869, "cod_region": "13", "region": "Región Metropolitana De Santiago", "cut_provincia": "131", "provincia": "Santiago", "cut_comuna": "13110", "comuna": "La Florida", "zona": "U-VEV3", "nombre_zona": "U-VEV3 Zona de Vivienda y Equipamiento Vecinal N°3", "uperm": "Residencial; equipamiento de comercio, culto, deporte, educación, esparcimiento, salud, seguridad, servicios, social, oficina y turismo; espacio público y áreas verdes.", "uproh": "Todo uso no mencionado como permitido.", "srid": "EPSG: 4326" }, "geometry": { "type": "MultiPolygon", "coordinates": [ [ [ [ -70.60665118473969, -33.526893375074629 ], [ -70.6061452481202, -33.527213619383268 ], [ -70.60632148586636, -33.52735807772207 ], [ -70.606184308847304, -33.52745433024652 ], [ -70.606181352678973, -33.527464030712501 ], [ -70.606182300006509, -33.527476362562844 ], [ -70.60619033340511, -33.527491073488243 ], [ -70.606574703905451, -33.52777679650157 ], [ -70.607143375088071, -33.527356831607868 ], [ -70.607524863046308, -33.527074533353904 ], [ -70.60754353801552, -33.527061943166274 ], [ -70.607563736522025, -33.52705557380299 ], [ -70.607584998836217, -33.527057696608018 ], [ -70.607613704026591, -33.527077869236038 ], [ -70.607665795800045, -33.527120339678369 ], [ -70.607814797409361, -33.527234754470129 ], [ -70.608303105501378, -33.527608601150106 ], [ -70.607906359055434, -33.527879450186788 ], [ -70.60786263689107, -33.52790790766619 ], [ -70.607593536355367, -33.527703973682513 ], [ -70.607007816856239, -33.528122731594635 ], [ -70.606777153049805, -33.528287641674112 ], [ -70.606753852683184, -33.528306213131756 ], [ -70.606743297689178, -33.528322023756907 ], [ -70.606739527879384, -33.528334072314252 ], [ -70.606751591233731, -33.528355909405931 ], [ -70.606783254715296, -33.528383014913018 ], [ -70.606847339250692, -33.52843195845012 ], [ -70.607151017935692, -33.528661488027865 ], [ -70.607055510077927, -33.528730430992645 ], [ -70.607040767960356, -33.528741554207706 ], [ -70.607034229702464, -33.528753308636865 ], [ -70.607032920536639, -33.528771592926468 ], [ -70.607045998821391, -33.528785307633555 ], [ -70.607060385488552, -33.528796408111717 ], [ -70.607463842269695, -33.52911162973033 ], [ -70.607405471814715, -33.529155274512384 ], [ -70.607363730317843, -33.529185020966871 ], [ -70.607344144794453, -33.529201964320173 ], [ -70.607336952417143, -33.529216658175521 ], [ -70.60733469726074, -33.529229206535923 ], [ -70.607347364868858, -33.529241553967012 ], [ -70.607425547026295, -33.529298953626935 ], [ -70.60760472376613, -33.529436395342451 ], [ -70.607781465709323, -33.529566177668904 ], [ -70.607860451641287, -33.529569828873996 ], [ -70.609077748405383, -33.52875463966042 ], [ -70.609517862679411, -33.528404086567399 ], [ -70.609788469356999, -33.528231069669332 ], [ -70.609781985788629, -33.528007266923346 ], [ -70.609781914165353, -33.528004796864309 ], [ -70.6097580829083, -33.527182183031833 ], [ -70.609757473480101, -33.527165393630149 ], [ -70.609757315530942, -33.527161054315563 ], [ -70.609740948140214, -33.526709937958842 ], [ -70.609232447434607, -33.526713140379144 ], [ -70.607296034815349, -33.526722748787414 ], [ -70.60694966412656, -33.526777600236066 ], [ -70.60665118473969, -33.526893375074629 ] ] ] ] } },
{ "type": "Feature", "properties": { "objectid": 16865, "cod_region": "13", "region": "Región Metropolitana De Santiago", "cut_provincia": "131", "provincia": "Santiago", "cut_comuna": "13110", "comuna": "La Florida", "zona": "Z-AM", "nombre_zona": "Z-AM Zona de Edificación Aislada de Altura Media", "uperm": "Todos los usos no señalados como prohibidos en el artículo 41, numeral 9, letra B).", "uproh": "Todos los usos señalados como prohibidos en el artículo 41, numeral 9, letra B), específicamente terminales de transporte terrestre, locales de compra-venta y exhibición de automóviles, camiones y similares que se desar*", "srid": "EPSG: 4326" }, "geometry": { "type": "MultiPolygon", "coordinates": [ [ [ [ -70.585782586341892, -33.515372487807348 ], [ -70.585498706900538, -33.51571675689916 ], [ -70.585475918609433, -33.515762289692709 ], [ -70.585466348667623, -33.515793516221954 ], [ -70.585470302367312, -33.515824571426279 ], [ -70.585474905074136, -33.51589237679255 ], [ -70.586270387577869, -33.515808462536853 ], [ -70.587108347735494, -33.515720061466517 ], [ -70.58725240800787, -33.515714221942311 ], [ -70.587969609158435, -33.515649367262519 ], [ -70.588030647944407, -33.515641736131897 ], [ -70.588831773555, -33.515531103993361 ], [ -70.588914143683709, -33.515528496096358 ], [ -70.588993277732627, -33.515543212267623 ], [ -70.589036811197829, -33.51556152893982 ], [ -70.589874059074404, -33.516024119814411 ], [ -70.590121927242251, -33.516161068721189 ], [ -70.590246344807866, -33.516191527505747 ], [ -70.589891992619215, -33.516578124943962 ], [ -70.589594766486329, -33.516927310899852 ], [ -70.589423160651748, -33.517109547693352 ], [ -70.588633814867592, -33.517947779511879 ], [ -70.588489893174213, -33.518100613897751 ], [ -70.588163939589791, -33.518454390952748 ], [ -70.588129858906797, -33.518491380826333 ], [ -70.587832301106602, -33.518792752099529 ], [ -70.587416808423185, -33.518558634753262 ], [ -70.587351621603787, -33.518521905635211 ], [ -70.587305431678359, -33.518569641547757 ], [ -70.586731349079599, -33.519182582951863 ], [ -70.586705314711622, -33.519207319041193 ], [ -70.586615562814487, -33.519344603260592 ], [ -70.586553172204233, -33.519476995286972 ], [ -70.586514329126928, -33.519610138948856 ], [ -70.586479537802916, -33.519712875216236 ], [ -70.586460397421533, -33.519783675706023 ], [ -70.586432084336337, -33.519888415794945 ], [ -70.586214358698342, -33.520693833813041 ], [ -70.586299126609418, -33.520696494191263 ], [ -70.586714510878224, -33.520698530616826 ], [ -70.586776010178738, -33.520702649454215 ], [ -70.586687852992256, -33.521009152689693 ], [ -70.586572914557223, -33.521470538609407 ], [ -70.58618862461131, -33.521466245731126 ], [ -70.586004197721664, -33.521471252032171 ], [ -70.585700732876191, -33.522593794089808 ], [ -70.58557234669999, -33.523213866160219 ], [ -70.584471654695079, -33.528529598741777 ], [ -70.584580836231737, -33.52854079106487 ], [ -70.584674820212882, -33.528495810088188 ], [ -70.584668133097622, -33.528448699533243 ], [ -70.584674738679226, -33.52840470421053 ], [ -70.584731940069076, -33.528142697058023 ], [ -70.58478918429546, -33.527821916452645 ], [ -70.584801223218903, -33.527758093484813 ], [ -70.584819583545013, -33.527704225123706 ], [ -70.584833089010687, -33.527679822920256 ], [ -70.584869224355771, -33.527677864290155 ], [ -70.584958763738598, -33.527687601448093 ], [ -70.585192165678251, -33.527726057973041 ], [ -70.585291415580215, -33.527739220160321 ], [ -70.585490060813726, -33.527775040457996 ], [ -70.585524807052266, -33.527780391583164 ], [ -70.585561936822316, -33.527797042712407 ], [ -70.585561539000636, -33.527834825273885 ], [ -70.585555614390913, -33.527870324840734 ], [ -70.585544950196933, -33.527912924745927 ], [ -70.585491832994194, -33.528165762490069 ], [ -70.585435276612088, -33.528444102772518 ], [ -70.585414310021619, -33.528542529507412 ], [ -70.585391244171149, -33.528588601492466 ], [ -70.585365144797052, -33.52861572708553 ], [ -70.586411262251815, -33.528654783390884 ], [ -70.58663141319839, -33.528663001877526 ], [ -70.586640518266677, -33.528663341530979 ], [ -70.586657398627736, -33.528608204979548 ], [ -70.586899545423208, -33.528618508426703 ], [ -70.587015997970397, -33.528623463078539 ], [ -70.587421047105138, -33.528633257504723 ], [ -70.587962092340277, -33.528646342391582 ], [ -70.588286964363945, -33.528657394852566 ], [ -70.588923445174856, -33.528669224278374 ], [ -70.588905464514454, -33.528726764167814 ], [ -70.589342282117656, -33.528721756921556 ], [ -70.589360369448684, -33.528671239014692 ], [ -70.589411752304869, -33.528673041447071 ], [ -70.589726042785486, -33.528684321544098 ], [ -70.589787630153339, -33.528686876594882 ], [ -70.590089373107958, -33.528694345231848 ], [ -70.590174253900472, -33.528696447651285 ], [ -70.590252554037619, -33.528699410096863 ], [ -70.59031161155464, -33.528712817467536 ], [ -70.590520913805491, -33.528717309452006 ], [ -70.590911381692038, -33.528726636734071 ], [ -70.59099111949898, -33.528730252098889 ], [ -70.591433647040617, -33.528737879826259 ], [ -70.591466596276888, -33.528820710955749 ], [ -70.592360986759488, -33.528821798149458 ], [ -70.592389601441681, -33.528742751415585 ], [ -70.592486559573331, -33.528749317875416 ], [ -70.593028274427056, -33.528756941186295 ], [ -70.593058789567138, -33.528356391225927 ], [ -70.593450589498687, -33.528365160401449 ], [ -70.593495509738474, -33.528252537005628 ], [ -70.593793033818571, -33.527537963143523 ], [ -70.593884287513461, -33.527268714133179 ], [ -70.594035338555685, -33.526919240973776 ], [ -70.594070485367737, -33.526815691985263 ], [ -70.594091059279293, -33.526741248485529 ], [ -70.594121531360457, -33.52656205333065 ], [ -70.594140711129853, -33.52645365966135 ], [ -70.594012497502476, -33.526448990229959 ], [ -70.594363461245536, -33.525613549952574 ], [ -70.59466101594434, -33.524907813277153 ], [ -70.59478342099402, -33.524614050346699 ], [ -70.594945769101699, -33.524224421146009 ], [ -70.59499818322773, -33.524098629639312 ], [ -70.595576572815858, -33.522710490761256 ], [ -70.595347679766903, -33.5227066779265 ], [ -70.595393448648068, -33.521596574486338 ], [ -70.595388109224814, -33.521578218998691 ], [ -70.595387300137745, -33.521519268130554 ], [ -70.595393447042767, -33.52121127986306 ], [ -70.595393441594354, -33.520906097960861 ], [ -70.595416822533977, -33.520761956606073 ], [ -70.595321666887827, -33.520726655873268 ], [ -70.594120890032258, -33.520454205053305 ], [ -70.594074475772302, -33.520443673098583 ], [ -70.593728013173859, -33.520365059870727 ], [ -70.593186935933261, -33.520484348001624 ], [ -70.593106046366273, -33.520502180614571 ], [ -70.593065786910032, -33.520574990631097 ], [ -70.592906126865728, -33.520501745630341 ], [ -70.592339311490818, -33.520238190023356 ], [ -70.592541050347052, -33.520119464204782 ], [ -70.592562783129196, -33.520101195112034 ], [ -70.5927001178989, -33.520036342623726 ], [ -70.592745897595819, -33.520009637879582 ], [ -70.592776415407783, -33.51997911989897 ], [ -70.592890859817018, -33.519803638007176 ], [ -70.593165530038306, -33.519406900805528 ], [ -70.592715368112195, -33.518849943161115 ], [ -70.593028187675515, -33.518663016775967 ], [ -70.592715361896694, -33.518224318064235 ], [ -70.592280457329252, -33.517587251596126 ], [ -70.591830295838662, -33.516946370021614 ], [ -70.592677205599657, -33.517331658780648 ], [ -70.593112102447108, -33.517072251663315 ], [ -70.593079337899198, -33.517046641040999 ], [ -70.592802215443456, -33.516713568438185 ], [ -70.592776385758441, -33.516686959498578 ], [ -70.592494081963466, -33.516351259935092 ], [ -70.592475403413346, -33.516326526756863 ], [ -70.59223065525839, -33.516032330828381 ], [ -70.592196516531544, -33.515985039693931 ], [ -70.592091446381005, -33.515860013988785 ], [ -70.591950496280106, -33.515692291618791 ], [ -70.591815023420878, -33.515531087416349 ], [ -70.591687419759126, -33.51537850437991 ], [ -70.591509542906749, -33.51516938426149 ], [ -70.591466062998023, -33.515118266555355 ], [ -70.591455396948689, -33.515042257024291 ], [ -70.591436959939159, -33.51491087241353 ], [ -70.591374011874009, -33.514850178535262 ], [ -70.591270226746659, -33.514775430405443 ], [ -70.591074816886874, -33.514656542550775 ], [ -70.590907129299893, -33.514574529267527 ], [ -70.590769730490109, -33.51452398823524 ], [ -70.590718500491946, -33.514506200291663 ], [ -70.590693723106412, -33.514497835747569 ], [ -70.590677975285246, -33.514487178216591 ], [ -70.590633129585228, -33.514444331255568 ], [ -70.59052059087152, -33.514314423762777 ], [ -70.590357720432323, -33.514131065522747 ], [ -70.590075414837102, -33.513802994907721 ], [ -70.589851531671442, -33.513537873271801 ], [ -70.58984510346005, -33.513524994737601 ], [ -70.589818709049965, -33.513435870549564 ], [ -70.589707884190474, -33.513028262405939 ], [ -70.58969983908348, -33.513009032308503 ], [ -70.589686083671936, -33.51299309502626 ], [ -70.589609991008473, -33.512933230846777 ], [ -70.589655769245269, -33.512902708046305 ], [ -70.589671028720659, -33.512864561514384 ], [ -70.589663399843388, -33.512826414764397 ], [ -70.589651574143431, -33.512784368271952 ], [ -70.589526059466465, -33.512338121190218 ], [ -70.58928639159555, -33.512373060209306 ], [ -70.5890093489691, -33.51242697114872 ], [ -70.588904459320446, -33.512444050097415 ], [ -70.588831749581075, -33.512521235946032 ], [ -70.588793600821433, -33.512536495451293 ], [ -70.588225699649357, -33.513250544684887 ], [ -70.587755959887758, -33.513841158895211 ], [ -70.587649142436263, -33.513898380196864 ], [ -70.587598028666534, -33.513904579853957 ], [ -70.587546456320382, -33.513920683821006 ], [ -70.587137821435036, -33.514075564930074 ], [ -70.586797847951217, -33.51420349860669 ], [ -70.58669542474243, -33.514268418511918 ], [ -70.586657275070095, -33.514306569363455 ], [ -70.586510258181676, -33.514481516965851 ], [ -70.58627579210345, -33.51476053166504 ], [ -70.58622510149614, -33.514825217848262 ], [ -70.585951166588274, -33.515168045714923 ], [ -70.585782586341892, -33.515372487807348 ] ] ] ] } },
{ "type": "Feature", "properties": { "objectid": 16866, "cod_region": "13", "region": "Región Metropolitana De Santiago", "cut_provincia": "131", "provincia": "Santiago", "cut_comuna": "13110", "comuna": "La Florida", "zona": "ED-2", "nombre_zona": "ED-2 Zona Balneario Municipal", "uperm": "Equipamiento de comercio y deporte; espacio público y áreas verdes.", "uproh": "Residencial; equipamiento; actividad productiva; infraestructura.", "srid": "EPSG: 4326" }, "geometry": { "type": "MultiPolygon", "coordinates": [ [ [ [ -70.587416808423185, -33.518558634753262 ], [ -70.587832301106602, -33.518792752099529 ], [ -70.588129858906797, -33.518491380826333 ], [ -70.588163939589791, -33.518454390952748 ], [ -70.588489893174213, -33.518100613897751 ], [ -70.588633814867592, -33.517947779511879 ], [ -70.589423160651748, -33.517109547693352 ], [ -70.589594766486329, -33.516927310899852 ], [ -70.589891992619215, -33.516578124943962 ], [ -70.590246344807866, -33.516191527505747 ], [ -70.590121927242251, -33.516161068721189 ], [ -70.589874059074404, -33.516024119814411 ], [ -70.589036811197829, -33.51556152893982 ], [ -70.588993277732627, -33.515543212267623 ], [ -70.588914143683709, -33.515528496096358 ], [ -70.588831773555, -33.515531103993361 ], [ -70.588030647944407, -33.515641736131897 ], [ -70.588030653024632, -33.516282620948488 ], [ -70.58767205696941, -33.516667913871778 ], [ -70.587275311753999, -33.517102804608278 ], [ -70.586893825503537, -33.517507173765637 ], [ -70.586516630256668, -33.517912648362845 ], [ -70.586432363200331, -33.518004435383858 ], [ -70.586478492180419, -33.518031009279113 ], [ -70.586939609882592, -33.518293017701694 ], [ -70.587351621603787, -33.518521905635211 ], [ -70.587416808423185, -33.518558634753262 ] ] ] ] } },
{ "type": "Feature", "properties": { "objectid": 16867, "cod_region": "13", "region": "Región Metropolitana De Santiago", "cut_provincia": "131", "provincia": "Santiago", "cut_comuna": "13110", "comuna": "La Florida", "zona": "U-VEV3", "nombre_zona": "U-VEV3 Zona de Vivienda y Equipamiento Vecinal N°3", "uperm": "Residencial; equipamiento de comercio, culto, deporte, educación, esparcimiento, salud, seguridad, servicios, social, oficina, turismo; espacio público y áreas verdes.", "uproh": "Todo uso no mencionado como permitido.", "srid": "EPSG: 4326" }, "geometry": { "type": "MultiPolygon", "coordinates": [ [ [ [ -70.583590111338722, -33.515801984691151 ], [ -70.583536496357709, -33.516153628987915 ], [ -70.583510558107264, -33.516429708778375 ], [ -70.583467042291744, -33.51676592168748 ], [ -70.583181032180306, -33.517153543856928 ], [ -70.583115843071496, -33.517241338597245 ], [ -70.583042421371616, -33.517340220990882 ], [ -70.58281062520048, -33.517652400467995 ], [ -70.582333084562535, -33.518156531613265 ], [ -70.58216179800614, -33.518337353977429 ], [ -70.581930324568077, -33.518533691622828 ], [ -70.581760273141811, -33.518686932416045 ], [ -70.581504449266959, -33.518875889515385 ], [ -70.581086255785564, -33.519227428234075 ], [ -70.580734418497585, -33.519508879901522 ], [ -70.580501416547122, -33.51971327875485 ], [ -70.580866313503549, -33.52017374766443 ], [ -70.580858684910709, -33.520635335295019 ], [ -70.580851060470962, -33.520932889500422 ], [ -70.580843825332224, -33.521200122902563 ], [ -70.580844642338889, -33.521244904422815 ], [ -70.580839751638479, -33.521370743781503 ], [ -70.582694063307059, -33.521406856017187 ], [ -70.585759652769795, -33.52146649727905 ], [ -70.585749598191711, -33.521273173473965 ], [ -70.585740153695085, -33.521000483839323 ], [ -70.585748271158309, -33.520804124447821 ], [ -70.585749896619859, -33.520732964865623 ], [ -70.585755252479331, -33.520705910933131 ], [ -70.586155103541714, -33.520695392708916 ], [ -70.586214358698342, -33.520693833813041 ], [ -70.586432084336337, -33.519888415794945 ], [ -70.586460397421533, -33.519783675706023 ], [ -70.586479537802916, -33.519712875216236 ], [ -70.586514329126928, -33.519610138948856 ], [ -70.586553172204233, -33.519476995286972 ], [ -70.586615562814487, -33.519344603260592 ], [ -70.586705314711622, -33.519207319041193 ], [ -70.586731349079599, -33.519182582951863 ], [ -70.587305431678359, -33.518569641547757 ], [ -70.587351621603787, -33.518521905635211 ], [ -70.586939609882592, -33.518293017701694 ], [ -70.586478492180419, -33.518031009279113 ], [ -70.586432363200331, -33.518004435383858 ], [ -70.586516630256668, -33.517912648362845 ], [ -70.586893825503537, -33.517507173765637 ], [ -70.587275311753999, -33.517102804608278 ], [ -70.58767205696941, -33.516667913871778 ], [ -70.588030653024632, -33.516282620948488 ], [ -70.588030647944407, -33.515641736131897 ], [ -70.587969609158435, -33.515649367262519 ], [ -70.58725240800787, -33.515714221942311 ], [ -70.587108347735494, -33.515720061466517 ], [ -70.586270387577869, -33.515808462536853 ], [ -70.585474905074136, -33.51589237679255 ], [ -70.584386945524869, -33.516003168907034 ], [ -70.584015350311518, -33.516043391108518 ], [ -70.585733101969751, -33.513708494512542 ], [ -70.585519244161205, -33.51370853963062 ], [ -70.583880024247506, -33.513715295721909 ], [ -70.583859246210039, -33.51384604147043 ], [ -70.583819094804142, -33.514098664453293 ], [ -70.583778903873551, -33.51439467484628 ], [ -70.583738893239399, -33.514680860206788 ], [ -70.583658773086128, -33.515229764775825 ], [ -70.583658157285143, -33.51523490585204 ], [ -70.583627211165151, -33.515492793136211 ], [ -70.583590111338722, -33.515801984691151 ] ], [ [ -70.585200559945093, -33.518363799377013 ], [ -70.585193198805015, -33.519693056264444 ], [ -70.585129953713547, -33.519693057774582 ], [ -70.584841429991755, -33.519693060237415 ], [ -70.584246306977533, -33.519685434060534 ], [ -70.584253934450231, -33.519227659391419 ], [ -70.584261559409967, -33.518811846728333 ], [ -70.584269184764821, -33.518354072028224 ], [ -70.584490447890545, -33.518357885940404 ], [ -70.585200559945093, -33.518363799377013 ] ] ] ] } },
{ "type": "Feature", "properties": { "objectid": 16868, "cod_region": "13", "region": "Región Metropolitana De Santiago", "cut_provincia": "131", "provincia": "Santiago", "cut_comuna": "13110", "comuna": "La Florida", "zona": "U-VEV3", "nombre_zona": "U-VEV3 Zona de Vivienda y Equipamiento Vecinal N°3", "uperm": "Residencial; equipamiento de comercio, culto, deporte, educación, esparcimiento, salud, seguridad, servicios, social, oficina y turismo; espacio público y áreas verdes.", "uproh": "Todo uso no mencionado como permitido.", "srid": "EPSG: 4326" }, "geometry": { "type": "MultiPolygon", "coordinates": [ [ [ [ -70.605410279076239, -33.527678826829728 ], [ -70.605571644618422, -33.527925244252401 ], [ -70.605846320079991, -33.528348684183108 ], [ -70.605883650758017, -33.528405685771624 ], [ -70.606128625191204, -33.528779753079007 ], [ -70.606403301379387, -33.529207006324967 ], [ -70.606685608397811, -33.529634260875802 ], [ -70.606950477609345, -33.530050183277126 ], [ -70.606976481392735, -33.530090750610043 ], [ -70.607017677481295, -33.530136363049031 ], [ -70.607860451641287, -33.529569828873996 ], [ -70.607781465709323, -33.529566177668904 ], [ -70.60760472376613, -33.529436395342451 ], [ -70.607425547026295, -33.529298953626935 ], [ -70.607347364868858, -33.529241553967012 ], [ -70.60733469726074, -33.529229206535923 ], [ -70.607336952417143, -33.529216658175521 ], [ -70.607344144794453, -33.529201964320173 ], [ -70.607363730317843, -33.529185020966871 ], [ -70.607405471814715, -33.529155274512384 ], [ -70.607463842269695, -33.52911162973033 ], [ -70.607060385488552, -33.528796408111717 ], [ -70.607045998821391, -33.528785307633555 ], [ -70.607032920536639, -33.528771592926468 ], [ -70.607034229702464, -33.528753308636865 ], [ -70.607040767960356, -33.528741554207706 ], [ -70.607055510077927, -33.528730430992645 ], [ -70.607151017935692, -33.528661488027865 ], [ -70.606847339250692, -33.52843195845012 ], [ -70.606783254715296, -33.528383014913018 ], [ -70.606751591233731, -33.528355909405931 ], [ -70.606739527879384, -33.528334072314252 ], [ -70.606743297689178, -33.528322023756907 ], [ -70.606753852683184, -33.528306213131756 ], [ -70.606777153049805, -33.528287641674112 ], [ -70.607007816856239, -33.528122731594635 ], [ -70.607593536355367, -33.527703973682513 ], [ -70.607143375088071, -33.527356831607868 ], [ -70.606574703905451, -33.52777679650157 ], [ -70.60619033340511, -33.527491073488243 ], [ -70.606182300006509, -33.527476362562844 ], [ -70.606181352678973, -33.527464030712501 ], [ -70.606184308847304, -33.52745433024652 ], [ -70.60632148586636, -33.52735807772207 ], [ -70.6061452481202, -33.527213619383268 ], [ -70.606133936632105, -33.527220778672991 ], [ -70.605410279076239, -33.527678826829728 ] ] ] ] } },
{ "type": "Feature", "properties": { "objectid": 16870, "cod_region": "13", "region": "Región Metropolitana De Santiago", "cut_provincia": "131", "provincia": "Santiago", "cut_comuna": "13110", "comuna": "La Florida", "zona": "U-VEV3", "nombre_zona": "U-VEV3 Zona de Vivienda y Equipamiento Vecinal N°3", "uperm": "Residencial; equipamiento de comercio, culto, deporte, educación, esparcimiento, salud, seguridad, servicios, social, oficina y turismo; espacio público y áreas verdes.", "uproh": "Todo uso no mencionado como permitido.", "srid": "EPSG: 4326" }, "geometry": { "type": "MultiPolygon", "coordinates": [ [ [ [ -70.605714694135727, -33.531873391721277 ], [ -70.605144412597241, -33.532140588264575 ], [ -70.605556425929379, -33.532781469800099 ], [ -70.606138441602894, -33.532512892641634 ], [ -70.606369984881695, -33.532404767136903 ], [ -70.606437232796139, -33.532509827980412 ], [ -70.60667278522024, -33.532409062868787 ], [ -70.606965971873848, -33.532278716285752 ], [ -70.606654804618586, -33.531795383195742 ], [ -70.606354791592523, -33.531928501415003 ], [ -70.606128086721469, -33.532026849695562 ], [ -70.605955459943189, -33.531757150046914 ], [ -70.605714694135727, -33.531873391721277 ] ] ] ] } },
{ "type": "Feature", "properties": { "objectid": 16909, "cod_region": "13", "region": "Región Metropolitana De Santiago", "cut_provincia": "131", "provincia": "Santiago", "cut_comuna": "13110", "comuna": "La Florida", "zona": "U-EC1", "nombre_zona": "U-EC1 Zona de Equipamiento Comunal N°1", "uperm": "Residencial; equip. de comercio, culto, deporte, educación, esparcimiento, salud, seguridad, servicios, social, oficina y turismo; act. productiva peligrosa, contaminante y molesta; infr. de transporte; espacio público y áreas verdes.", "uproh": "Todo uso no mencionado como permitido.", "srid": "EPSG: 4326" }, "geometry": { "type": "MultiPolygon", "coordinates": [ [ [ [ -70.587573372832694, -33.541443263687647 ], [ -70.587438045067884, -33.541770082855876 ], [ -70.587786721604473, -33.541761583849834 ], [ -70.587830572495164, -33.541426421581285 ], [ -70.587573372832694, -33.541443263687647 ] ] ] ] } },
{ "type": "Feature", "properties": { "objectid": 16871, "cod_region": "13", "region": "Región Metropolitana De Santiago", "cut_provincia": "131", "provincia": "Santiago", "cut_comuna": "13110", "comuna": "La Florida", "zona": "U-VEV3", "nombre_zona": "U-VEV3 Zona de Vivienda y Equipamiento Vecinal N°3", "uperm": "Residencial; equipamiento de comercio, culto, deporte, educación, esparcimiento, salud, seguridad, servicios, social, oficina y turismo; espacio público y áreas verdes.", "uproh": "Todo uso no mencionado como permitido.", "srid": "EPSG: 4326" }, "geometry": { "type": "MultiPolygon", "coordinates": [ [ [ [ -70.606029480329411, -33.533506273305292 ], [ -70.60644149431343, -33.534162415759162 ], [ -70.607024868037939, -33.53389275260777 ], [ -70.607258276162213, -33.533781105757221 ], [ -70.607243349717592, -33.533758227335987 ], [ -70.607101234705752, -33.533538161004188 ], [ -70.607342787829651, -33.533430338418889 ], [ -70.607902761285985, -33.53317746389795 ], [ -70.607476082840776, -33.532524193313378 ], [ -70.606903423628623, -33.532788867617512 ], [ -70.60668126642851, -33.532887834270916 ], [ -70.606839508368736, -33.533132877908692 ], [ -70.606495596025511, -33.533291561100889 ], [ -70.606029480329411, -33.533506273305292 ] ] ] ] } },
{ "type": "Feature", "properties": { "objectid": 16872, "cod_region": "13", "region": "Región Metropolitana De Santiago", "cut_provincia": "131", "provincia": "Santiago", "cut_comuna": "13110", "comuna": "La Florida", "zona": "U-VEV3", "nombre_zona": "U-VEV3 Zona de Vivienda y Equipamiento Vecinal N°3", "uperm": "Residencial; equipamiento de comercio, culto, deporte, educación, esparcimiento, salud, seguridad, servicios, social, oficina y turismo; espacio público y áreas verdes.", "uproh": "Todo uso no mencionado como permitido.", "srid": "EPSG: 4326" }, "geometry": { "type": "MultiPolygon", "coordinates": [ [ [ [ -70.606952697712998, -33.534940627588 ], [ -70.607387600670009, -33.535596765234331 ], [ -70.607968780928474, -33.535332751611257 ], [ -70.608200710389511, -33.535225495995668 ], [ -70.607946790854399, -33.534836341471653 ], [ -70.608162661374038, -33.534730564262674 ], [ -70.608495860124762, -33.534582972731911 ], [ -70.608189987679012, -33.534107718602989 ], [ -70.607848138132638, -33.534260976855649 ], [ -70.607636590569513, -33.534360922118537 ], [ -70.607771715203157, -33.534568016567093 ], [ -70.607533639388848, -33.53467016750578 ], [ -70.606952697712998, -33.534940627588 ] ] ] ] } },
{ "type": "Feature", "properties": { "objectid": 16873, "cod_region": "13", "region": "Región Metropolitana De Santiago", "cut_provincia": "131", "provincia": "Santiago", "cut_comuna": "13110", "comuna": "La Florida", "zona": "U-VEV3", "nombre_zona": "U-VEV3 Zona de Vivienda y Equipamiento Vecinal N°3", "uperm": "Residencial; equipamiento de comercio, culto, deporte, educación, esparcimiento, salud, seguridad, servicios, social, oficina y turismo; espacio público y áreas verdes.", "uproh": "Todo uso no mencionado como permitido.", "srid": "EPSG: 4326" }, "geometry": { "type": "MultiPolygon", "coordinates": [ [ [ [ -70.608539678417202, -33.535744994355689 ], [ -70.60854614663846, -33.535755079246712 ], [ -70.608761822790356, -33.535653610600086 ], [ -70.609120308737118, -33.535491602351563 ], [ -70.608778505094392, -33.535005058897156 ], [ -70.608440260012799, -33.53515932890474 ], [ -70.608222834799776, -33.535259403845075 ], [ -70.608539678417202, -33.535744994355689 ] ] ] ] } },
{ "type": "Feature", "properties": { "objectid": 16874, "cod_region": "13", "region": "Región Metropolitana De Santiago", "cut_provincia": "131", "provincia": "Santiago", "cut_comuna": "13110", "comuna": "La Florida", "zona": "U-VEV4", "nombre_zona": "U-VEV4 Zona de Vivienda y Equipamiento Vecinal N°4", "uperm": "Residencial; equip. de comercio, culto, deporte, educación, esparcimiento, salud, seguridad, servicios, social, oficina y turismo; act. productiva peligrosa, contaminante y molesta; infr. de transporte; espacio público y áreas verdes.", "uproh": "Todo uso no mencionado como permitido.", "srid": "EPSG: 4326" }, "geometry": { "type": "MultiPolygon", "coordinates": [ [ [ [ -70.607486745152912, -33.530847361975134 ], [ -70.607775390012208, -33.531274241087665 ], [ -70.608270512365294, -33.53104676914856 ], [ -70.608548772223202, -33.530921682825969 ], [ -70.608791442264874, -33.530801572834612 ], [ -70.608778117219387, -33.530782125950253 ], [ -70.608699911381592, -33.530667995743549 ], [ -70.60850913432229, -33.530389575010858 ], [ -70.608226829703455, -33.529954697224852 ], [ -70.608117982717246, -33.529790020704475 ], [ -70.608055917649949, -33.529689844420091 ], [ -70.607971786357211, -33.529574975409524 ], [ -70.607860451641287, -33.529569828873996 ], [ -70.607017677481295, -33.530136363049031 ], [ -70.607054555488617, -33.530177195951438 ], [ -70.607084976227128, -33.530222990604855 ], [ -70.607486745152912, -33.530847361975134 ] ] ] ] } },
{ "type": "Feature", "properties": { "objectid": 16875, "cod_region": "13", "region": "Región Metropolitana De Santiago", "cut_provincia": "131", "provincia": "Santiago", "cut_comuna": "13110", "comuna": "La Florida", "zona": "U-VEV4", "nombre_zona": "U-VEV4 Zona de Vivienda y Equipamiento Vecinal N°4", "uperm": "Residencial; equip. de comercio, culto, deporte, educación, esparcimiento, salud, seguridad, servicios, social, oficina y turismo; act. productiva peligrosa, contaminante y molesta; infr. de transporte; espacio público y áreas verdes.", "uproh": "Todo uso no mencionado como permitido.", "srid": "EPSG: 4326" }, "geometry": { "type": "MultiPolygon", "coordinates": [ [ [ [ -70.606177862772881, -33.531077882901322 ], [ -70.606372803120962, -33.531366180536331 ], [ -70.606182372590766, -33.531454468311068 ], [ -70.606072437407931, -33.531502998301647 ], [ -70.605858582443375, -33.531605800332919 ], [ -70.605955459943189, -33.531757150046914 ], [ -70.606128086721469, -33.532026849695562 ], [ -70.606354791592523, -33.531928501415003 ], [ -70.606654804618586, -33.531795383195742 ], [ -70.606965971873848, -33.532278716285752 ], [ -70.60667278522024, -33.532409062868787 ], [ -70.606437232796139, -33.532509827980412 ], [ -70.606445497275573, -33.532522739443699 ], [ -70.60668126642851, -33.532887834270916 ], [ -70.606903423628623, -33.532788867617512 ], [ -70.607476082840776, -33.532524193313378 ], [ -70.607902761285985, -33.53317746389795 ], [ -70.607342787829651, -33.533430338418889 ], [ -70.607101234705752, -33.533538161004188 ], [ -70.607243349717592, -33.533758227335987 ], [ -70.607258276162213, -33.533781105757221 ], [ -70.607636590569513, -33.534360922118537 ], [ -70.607848138132638, -33.534260976855649 ], [ -70.608189987679012, -33.534107718602989 ], [ -70.608495860124762, -33.534582972731911 ], [ -70.608162661374038, -33.534730564262674 ], [ -70.607946790854399, -33.534836341471653 ], [ -70.608200710389511, -33.535225495995668 ], [ -70.608222834799776, -33.535259403845075 ], [ -70.608440260012799, -33.53515932890474 ], [ -70.608778505094392, -33.535005058897156 ], [ -70.609120308737118, -33.535491602351563 ], [ -70.608761822790356, -33.535653610600086 ], [ -70.60854614663846, -33.535755079246712 ], [ -70.608952474557881, -33.536388661630475 ], [ -70.609333213848217, -33.536383713129858 ], [ -70.610098032460812, -33.536391457477364 ], [ -70.610071530295428, -33.535599380015569 ], [ -70.610045029979631, -33.534807301520686 ], [ -70.609988165532016, -33.533163709469754 ], [ -70.609929236907291, -33.531681296451509 ], [ -70.609928444062987, -33.531661356682669 ], [ -70.609908994158914, -33.531116947719475 ], [ -70.609908938430422, -33.531115393705029 ], [ -70.609890929380995, -33.530611281858164 ], [ -70.60989088547089, -33.530610074890959 ], [ -70.609873199557413, -33.530115012179017 ], [ -70.609859182015484, -33.529722622748665 ], [ -70.609859166507903, -33.529722192781676 ], [ -70.60985583191767, -33.529628853474478 ], [ -70.609816517562138, -33.528873726045745 ], [ -70.609816271844963, -33.528869009108661 ], [ -70.609795255074488, -33.528465303451505 ], [ -70.609788469356999, -33.528231069669332 ], [ -70.609517862679411, -33.528404086567399 ], [ -70.609077748405383, -33.52875463966042 ], [ -70.607860451641287, -33.529569828873996 ], [ -70.607971786357211, -33.529574975409524 ], [ -70.608055917649949, -33.529689844420091 ], [ -70.608117982717246, -33.529790020704475 ], [ -70.608226829703455, -33.529954697224852 ], [ -70.60850913432229, -33.530389575010858 ], [ -70.608699911381592, -33.530667995743549 ], [ -70.608778117219387, -33.530782125950253 ], [ -70.608791442264874, -33.530801572834612 ], [ -70.608548772223202, -33.530921682825969 ], [ -70.608270512365294, -33.53104676914856 ], [ -70.607775390012208, -33.531274241087665 ], [ -70.607486745152912, -33.530847361975134 ], [ -70.607084976227128, -33.530222990604855 ], [ -70.607054555488617, -33.530177195951438 ], [ -70.607017677481295, -33.530136363049031 ], [ -70.606976481392735, -33.530090750610043 ], [ -70.606950477609345, -33.530050183277126 ], [ -70.606685608397811, -33.529634260875802 ], [ -70.606403301379387, -33.529207006324967 ], [ -70.606128625191204, -33.528779753079007 ], [ -70.605883650758017, -33.528405685771624 ], [ -70.605846320079991, -33.528348684183108 ], [ -70.605571644618422, -33.527925244252401 ], [ -70.605410279076239, -33.527678826829728 ], [ -70.605405090495012, -33.527682109998331 ], [ -70.605297521672838, -33.527750197953189 ], [ -70.604386820233458, -33.528346187238093 ], [ -70.604403722263001, -33.528355444582104 ], [ -70.60445769851863, -33.528436432232027 ], [ -70.604740004150287, -33.528863686080065 ], [ -70.605014680344397, -33.529290940709501 ], [ -70.605296987904751, -33.529714380212653 ], [ -70.605579292337097, -33.530149263156567 ], [ -70.605818207562152, -33.530515720561063 ], [ -70.605949860795562, -33.530713854918041 ], [ -70.606063994803478, -33.530903133218978 ], [ -70.606110823533299, -33.530974999768134 ], [ -70.606177862772881, -33.531077882901322 ] ], [ [ -70.608879447608217, -33.530762500545741 ], [ -70.609150048631975, -33.530642362406176 ], [ -70.609180563644117, -33.531221198205102 ], [ -70.608879447608217, -33.530762500545741 ] ], [ [ -70.608110173948489, -33.531761757468189 ], [ -70.608387583115771, -33.532191434077319 ], [ -70.608074253416987, -33.532331305501053 ], [ -70.608028474012485, -33.532266456717302 ], [ -70.607791947114322, -33.53190786744134 ], [ -70.608110173948489, -33.531761757468189 ] ], [ [ -70.608911255078397, -33.531951148960864 ], [ -70.6092000796679, -33.531820906143921 ], [ -70.609222864766039, -33.532439291528355 ], [ -70.608911255078397, -33.531951148960864 ] ], [ [ -70.609327225486751, -33.533584354756684 ], [ -70.609233995150547, -33.533651219070961 ], [ -70.608992472540933, -33.533148910953479 ], [ -70.60911191043283, -33.533098074271216 ], [ -70.609318102971955, -33.533003679219853 ], [ -70.609327225486751, -33.533584354756684 ] ], [ [ -70.60928978872461, -33.534218676893474 ], [ -70.609314310667926, -33.534752756210608 ], [ -70.609023310470477, -33.53433837950751 ], [ -70.60928978872461, -33.534218676893474 ] ] ] ] } },
{ "type": "Feature", "properties": { "objectid": 16877, "cod_region": "13", "region": "Región Metropolitana De Santiago", "cut_provincia": "131", "provincia": "Santiago", "cut_comuna": "13110", "comuna": "La Florida", "zona": "U-VEV4", "nombre_zona": "U-VEV4 Zona de Vivienda y Equipamiento Vecinal N°4", "uperm": "Residencial; equip. de comercio, culto, deporte, educación, esparcimiento, salud, seguridad, servicios, social, oficina y turismo; act. productiva peligrosa, contaminante y molesta; infr. de transporte; espacio público y áreas verdes.", "uproh": "Todo uso no mencionado como permitido.", "srid": "EPSG: 4326" }, "geometry": { "type": "MultiPolygon", "coordinates": [ [ [ [ -70.603750740452838, -33.528840960442999 ], [ -70.603393213218837, -33.529042862452179 ], [ -70.603072650996239, -33.528980922123523 ], [ -70.6030681253675, -33.528980928409354 ], [ -70.602961642207987, -33.528981073264148 ], [ -70.600967440225801, -33.528983765292217 ], [ -70.600786833699686, -33.528984008104409 ], [ -70.600145450043343, -33.528984867329775 ], [ -70.599665959781149, -33.52898550761131 ], [ -70.59945256032249, -33.528985791557318 ], [ -70.59863617417858, -33.528993425148357 ], [ -70.598529360146742, -33.529352014450176 ], [ -70.598536990766775, -33.529691533452812 ], [ -70.598552255349986, -33.530038678895281 ], [ -70.598563472638475, -33.53024871111451 ], [ -70.598570269727574, -33.530411359099766 ], [ -70.599062492953706, -33.530389098720335 ], [ -70.599476988564589, -33.530377529666367 ], [ -70.599478751485549, -33.530416128351959 ], [ -70.599932330852113, -33.530398650969438 ], [ -70.599992379315523, -33.530396329313689 ], [ -70.600330685370267, -33.530384823843569 ], [ -70.600584862493022, -33.530377756167475 ], [ -70.600725567656781, -33.53037301712078 ], [ -70.60104279341266, -33.530361776818125 ], [ -70.601099104462008, -33.530360228017834 ], [ -70.601350304457597, -33.530351022072786 ], [ -70.601550917930879, -33.530343671171948 ], [ -70.60163010460974, -33.530342646899733 ], [ -70.601741925042589, -33.530338940460005 ], [ -70.601956833062715, -33.530331824234253 ], [ -70.602084852855199, -33.530328580658285 ], [ -70.602355012595424, -33.530317426520142 ], [ -70.602480009520235, -33.530313236865176 ], [ -70.602679908042788, -33.53030654270151 ], [ -70.602744410529738, -33.530303841011936 ], [ -70.60317147958348, -33.530287122390263 ], [ -70.603177959969869, -33.530397030113882 ], [ -70.603195251861692, -33.530940940374997 ], [ -70.603261267602051, -33.530917175701191 ], [ -70.604340489355224, -33.530416520416587 ], [ -70.604426939636483, -33.530376415381646 ], [ -70.604670921078025, -33.530268996757059 ], [ -70.604919695673658, -33.530157432082945 ], [ -70.603945726526192, -33.528671190094883 ], [ -70.603750740452838, -33.528840960442999 ] ], [ [ -70.599454466597209, -33.529449596072467 ], [ -70.600302401114845, -33.529442172434187 ], [ -70.600305759106092, -33.529554053344441 ], [ -70.59945906303264, -33.529570430555793 ], [ -70.599454466597209, -33.529449596072467 ] ], [ [ -70.600749013173541, -33.529736642359744 ], [ -70.600736776625368, -33.529434257111852 ], [ -70.601085339450535, -33.529439742652386 ], [ -70.601087098840623, -33.529734123473112 ], [ -70.600749013173541, -33.529736642359744 ] ], [ [ -70.601949387379662, -33.529644915927129 ], [ -70.601948247390268, -33.529529111431714 ], [ -70.60153053109876, -33.529540842177077 ], [ -70.601527868444748, -33.529435922518317 ], [ -70.601687740383284, -33.529434413724999 ], [ -70.601932246609138, -33.529432107399934 ], [ -70.601946513017594, -33.529434031288304 ], [ -70.6019646642401, -33.529439210093365 ], [ -70.601991631607021, -33.529442835524456 ], [ -70.602017042490118, -33.529444389761572 ], [ -70.602054381425646, -33.529444389132991 ], [ -70.60208445967659, -33.529443871001789 ], [ -70.602328996054524, -33.529443549314983 ], [ -70.602718118094742, -33.529439732454676 ], [ -70.602988054796342, -33.529437360909995 ], [ -70.603153012422496, -33.529435913344614 ], [ -70.603154610694389, -33.52952296538659 ], [ -70.60272117321702, -33.529528730722859 ], [ -70.602724047078482, -33.529612457479459 ], [ -70.601949387379662, -33.529644915927129 ] ] ] ] } },
{ "type": "Feature", "properties": { "objectid": 16878, "cod_region": "13", "region": "Región Metropolitana De Santiago", "cut_provincia": "131", "provincia": "Santiago", "cut_comuna": "13110", "comuna": "La Florida", "zona": "U-VEV3", "nombre_zona": "U-VEV3 Zona de Vivienda y Equipamiento Vecinal N°3", "uperm": "Residencial; equipamiento de comercio, culto, deporte, educación, esparcimiento, salud, seguridad, servicios, social, oficina y turismo; espacio público y áreas verdes.", "uproh": "Todo uso no mencionado como permitido.", "srid": "EPSG: 4326" }, "geometry": { "type": "MultiPolygon", "coordinates": [ [ [ [ -70.604340489355224, -33.530416520416587 ], [ -70.604908168602961, -33.53140625645068 ], [ -70.604966019293045, -33.531505756678101 ], [ -70.605542704565764, -33.531112295085038 ], [ -70.605858582443375, -33.531605800332919 ], [ -70.606072437407931, -33.531502998301647 ], [ -70.606182372590766, -33.531454468311068 ], [ -70.606372803120962, -33.531366180536331 ], [ -70.606177862772881, -33.531077882901322 ], [ -70.606110823533299, -33.530974999768134 ], [ -70.606063994803478, -33.530903133218978 ], [ -70.605949860795562, -33.530713854918041 ], [ -70.605818207562152, -33.530515720561063 ], [ -70.605579292337097, -33.530149263156567 ], [ -70.605296987904751, -33.529714380212653 ], [ -70.605014680344397, -33.529290940709501 ], [ -70.604740004150287, -33.528863686080065 ], [ -70.60445769851863, -33.528436432232027 ], [ -70.604403722263001, -33.528355444582104 ], [ -70.604386820233458, -33.528346187238093 ], [ -70.604113761579043, -33.528524885908709 ], [ -70.603945726526192, -33.528671190094883 ], [ -70.604919695673658, -33.530157432082945 ], [ -70.604670921078025, -33.530268996757059 ], [ -70.604426939636483, -33.530376415381646 ], [ -70.604340489355224, -33.530416520416587 ] ] ] ] } },
{ "type": "Feature", "properties": { "objectid": 16879, "cod_region": "13", "region": "Región Metropolitana De Santiago", "cut_provincia": "131", "provincia": "Santiago", "cut_comuna": "13110", "comuna": "La Florida", "zona": "U-VEV3", "nombre_zona": "U-VEV3 Zona de Vivienda y Equipamiento Vecinal N°3", "uperm": "Residencial; equipamiento de comercio, culto, deporte, educación, esparcimiento, salud, seguridad, servicios, social, oficina, turismo; espacio público y áreas verdes.", "uproh": "Todo uso no mencionado como permitido.", "srid": "EPSG: 4326" }, "geometry": { "type": "MultiPolygon", "coordinates": [ [ [ [ -70.608417631067994, -33.536706863520017 ], [ -70.608807871192965, -33.537726886753461 ], [ -70.608930394960908, -33.537693290750632 ], [ -70.609104324623459, -33.537961924416805 ], [ -70.609363742487943, -33.538343402328351 ], [ -70.609623156979424, -33.538728696181423 ], [ -70.609676566158782, -33.538812621330983 ], [ -70.609699457398193, -33.538854581171975 ], [ -70.609714715305458, -33.538911805259723 ], [ -70.609729980599326, -33.539113991363919 ], [ -70.610294413496774, -33.539064868015352 ], [ -70.610284319874722, -33.538967572115972 ], [ -70.610253498520521, -33.538670456368543 ], [ -70.610228460548683, -33.538429090725288 ], [ -70.610140642389368, -33.537582524947872 ], [ -70.610123681859974, -33.537419030944349 ], [ -70.610104321103321, -33.536579360081255 ], [ -70.610098032460812, -33.536391457477364 ], [ -70.609333213848217, -33.536383713129858 ], [ -70.608952474557881, -33.536388661630475 ], [ -70.609027446403545, -33.536522229867444 ], [ -70.608810848873446, -33.536594410827952 ], [ -70.608713480227124, -33.536629158823416 ], [ -70.608591199237765, -33.536661310329912 ], [ -70.608482239769387, -33.536690236887154 ], [ -70.608417631067994, -33.536706863520017 ] ] ] ] } },
{ "type": "Feature", "properties": { "objectid": 16880, "cod_region": "13", "region": "Región Metropolitana De Santiago", "cut_provincia": "131", "provincia": "Santiago", "cut_comuna": "13110", "comuna": "La Florida", "zona": "U-VEV4", "nombre_zona": "U-VEV4 Zona de Vivienda y Equipamiento Vecinal N°4", "uperm": "Residencial; equip. de comercio, culto, deporte, educación, esparcimiento, salud, seguridad, servicios, social, oficina y turismo; act. productiva peligrosa, contaminante y molesta; infr. de transporte; espacio público y áreas verdes.", "uproh": "Todo uso no mencionado como permitido.", "srid": "EPSG: 4326" }, "geometry": { "type": "MultiPolygon", "coordinates": [ [ [ [ -70.604755297509357, -33.532640324515185 ], [ -70.604995641729587, -33.533004360538811 ], [ -70.605014713354649, -33.533033243947642 ], [ -70.605188922521549, -33.533304845228585 ], [ -70.605213205068253, -33.533340599659127 ], [ -70.605268891105538, -33.53339351080713 ], [ -70.605166502545003, -33.533444768492203 ], [ -70.605039801884743, -33.533505752670735 ], [ -70.604190703675414, -33.533895393884528 ], [ -70.604251741974977, -33.533983133023717 ], [ -70.60454930732125, -33.534440906782443 ], [ -70.60456039890461, -33.534454716018253 ], [ -70.604569433374877, -33.534468391388508 ], [ -70.604583271093418, -33.534488793419087 ], [ -70.604599746802762, -33.534515122298075 ], [ -70.604690197193975, -33.534663116669037 ], [ -70.604834680714404, -33.534901492735933 ], [ -70.604876978440686, -33.534968593677981 ], [ -70.605077323977582, -33.535286409994939 ], [ -70.605395450070333, -33.535769495982137 ], [ -70.605431587276641, -33.535825439904187 ], [ -70.605362724529471, -33.535857653970552 ], [ -70.605314342451592, -33.535860667522421 ], [ -70.605318337884043, -33.535922653783935 ], [ -70.605369611755421, -33.535921988951728 ], [ -70.605365106210513, -33.535986470754565 ], [ -70.605169375915224, -33.535993777361846 ], [ -70.605159610273205, -33.535595071836987 ], [ -70.604669419277869, -33.535608507166458 ], [ -70.604595808286632, -33.535490541657403 ], [ -70.60453776978936, -33.535499599605124 ], [ -70.604486649753511, -33.535501641881289 ], [ -70.604091529660664, -33.535505234040642 ], [ -70.604106795649784, -33.536107970437214 ], [ -70.60410706557974, -33.536310681897 ], [ -70.604127370831989, -33.536724857899337 ], [ -70.603992353165253, -33.536725966904946 ], [ -70.604008569266583, -33.5373716861194 ], [ -70.604015250904496, -33.537637699862557 ], [ -70.604480667155684, -33.537630063867354 ], [ -70.604940770605438, -33.537620020398101 ], [ -70.604951028924702, -33.537675645190184 ], [ -70.605035110714894, -33.537676627555307 ], [ -70.60545042369823, -33.537673322284071 ], [ -70.605510690761605, -33.537664391905302 ], [ -70.605678548436686, -33.538019170048671 ], [ -70.605728927868824, -33.538158210458946 ], [ -70.605869297520584, -33.538545606526853 ], [ -70.605442032614974, -33.53866005531777 ], [ -70.605477362388555, -33.538747622069366 ], [ -70.60554500304282, -33.538918999825171 ], [ -70.60555377093219, -33.538941518205768 ], [ -70.605553769985519, -33.538967788249025 ], [ -70.605554520906495, -33.538993078182685 ], [ -70.605565103209088, -33.539349663243321 ], [ -70.605571746383234, -33.539632824453911 ], [ -70.604991881518387, -33.539640453293572 ], [ -70.604518834891834, -33.539644276379789 ], [ -70.6040534173341, -33.539659536704839 ], [ -70.604090051338929, -33.540659420961184 ], [ -70.60409157513385, -33.540700973339355 ], [ -70.604120809453264, -33.540700266281753 ], [ -70.604146988548365, -33.54149911313521 ], [ -70.604175160135526, -33.541498461314653 ], [ -70.604182649210045, -33.54174760217159 ], [ -70.604488183528588, -33.54173944740743 ], [ -70.604508933628068, -33.542591032464841 ], [ -70.604863910759008, -33.542586431163066 ], [ -70.604865227716047, -33.542656324989785 ], [ -70.604852152228901, -33.542780395560648 ], [ -70.604819460511408, -33.542878345792353 ], [ -70.604741004243195, -33.542976294057461 ], [ -70.604541755211471, -33.54325687899648 ], [ -70.604527578994905, -33.54359060449687 ], [ -70.604450200729488, -33.543592579546392 ], [ -70.604480732955963, -33.545087976675852 ], [ -70.604519058987961, -33.54654390619514 ], [ -70.605027828908064, -33.546533043243308 ], [ -70.605012111611799, -33.54595415438984 ], [ -70.605083494191049, -33.545953928669043 ], [ -70.60554128074314, -33.545942482000235 ], [ -70.605549546708488, -33.546144919853802 ], [ -70.605782330309225, -33.546141393632375 ], [ -70.605784629240887, -33.546309488212437 ], [ -70.606502637562357, -33.546293437460186 ], [ -70.606505138805005, -33.546450914960822 ], [ -70.607571471953378, -33.546425853205101 ], [ -70.608443741363899, -33.546386629321681 ], [ -70.608434074379034, -33.546168119730453 ], [ -70.608702886313836, -33.546170614784423 ], [ -70.608693259559473, -33.54637216295724 ], [ -70.609168530933502, -33.546366140838771 ], [ -70.609161834922617, -33.546181629162881 ], [ -70.610564857768722, -33.546155473320475 ], [ -70.610562135706473, -33.546077789101481 ], [ -70.610561852255842, -33.546069710690375 ], [ -70.610528487737582, -33.545117456240966 ], [ -70.610478288596212, -33.543930375060562 ], [ -70.610478245247165, -33.543929373703627 ], [ -70.610459153663427, -33.543477872072692 ], [ -70.610452959837232, -33.543331405249802 ], [ -70.610450787380216, -33.543274447564841 ], [ -70.610392923639381, -33.541756816370032 ], [ -70.610392808173501, -33.541753785053807 ], [ -70.610356905139909, -33.540812079024299 ], [ -70.610353181903818, -33.54071441351747 ], [ -70.610343985192401, -33.540284633105138 ], [ -70.610342651052861, -33.540222288739521 ], [ -70.610342570078458, -33.540218503954577 ], [ -70.610328107401628, -33.539542668308769 ], [ -70.610324682237191, -33.539382626354751 ], [ -70.610324041347027, -33.539352660912513 ], [ -70.610307588399124, -33.539192540406688 ], [ -70.610307378239895, -33.539190499616929 ], [ -70.610300355523961, -33.539122153672288 ], [ -70.610294413496774, -33.539064868015352 ], [ -70.609729980599326, -33.539113991363919 ], [ -70.609714715305458, -33.538911805259723 ], [ -70.609699457398193, -33.538854581171975 ], [ -70.609676566158782, -33.538812621330983 ], [ -70.609623156979424, -33.538728696181423 ], [ -70.609363742487943, -33.538343402328351 ], [ -70.609104324623459, -33.537961924416805 ], [ -70.608930394960908, -33.537693290750632 ], [ -70.608807871192965, -33.537726886753461 ], [ -70.608417631067994, -33.536706863520017 ], [ -70.608482239769387, -33.536690236887154 ], [ -70.608591199237765, -33.536661310329912 ], [ -70.608713480227124, -33.536629158823416 ], [ -70.608810848873446, -33.536594410827952 ], [ -70.609027446403545, -33.536522229867444 ], [ -70.608952474557881, -33.536388661630475 ], [ -70.60854614663846, -33.535755079246712 ], [ -70.608539678417202, -33.535744994355689 ], [ -70.608222834799776, -33.535259403845075 ], [ -70.608200710389511, -33.535225495995668 ], [ -70.607968780928474, -33.535332751611257 ], [ -70.607387600670009, -33.535596765234331 ], [ -70.606952697712998, -33.534940627588 ], [ -70.607533639388848, -33.53467016750578 ], [ -70.607771715203157, -33.534568016567093 ], [ -70.607636590569513, -33.534360922118537 ], [ -70.607258276162213, -33.533781105757221 ], [ -70.607024868037939, -33.53389275260777 ], [ -70.60644149431343, -33.534162415759162 ], [ -70.606029480329411, -33.533506273305292 ], [ -70.606495596025511, -33.533291561100889 ], [ -70.606839508368736, -33.533132877908692 ], [ -70.60668126642851, -33.532887834270916 ], [ -70.606445497275573, -33.532522739443699 ], [ -70.606437232796139, -33.532509827980412 ], [ -70.606369984881695, -33.532404767136903 ], [ -70.606138441602894, -33.532512892641634 ], [ -70.605556425929379, -33.532781469800099 ], [ -70.605144412597241, -33.532140588264575 ], [ -70.604605029102387, -33.532405323845964 ], [ -70.604755297509357, -33.532640324515185 ] ], [ [ -70.607128257592805, -33.543527712645506 ], [ -70.607151155010271, -33.544534816343941 ], [ -70.606792552853122, -33.544302116995759 ], [ -70.606678106022471, -33.544237266371475 ], [ -70.60611349843019, -33.543970234127933 ], [ -70.605938012833533, -33.543897754412683 ], [ -70.605197918933044, -33.543573501223605 ], [ -70.605625188313923, -33.543565869849559 ], [ -70.606357648448125, -33.543546792136731 ], [ -70.607128257592805, -33.543527712645506 ] ] ] ] } },
{ "type": "Feature", "properties": { "objectid": 16881, "cod_region": "13", "region": "Región Metropolitana De Santiago", "cut_provincia": "131", "provincia": "Santiago", "cut_comuna": "13110", "comuna": "La Florida", "zona": "PL", "nombre_zona": "PL Zona de Plazas", "uperm": "Espacio público y áreas verdes.", "uproh": "Todo uso no mencionado como permitido.", "srid": "EPSG: 4326" }, "geometry": { "type": "MultiPolygon", "coordinates": [ [ [ [ -70.604595808286632, -33.535490541657403 ], [ -70.604669419277869, -33.535608507166458 ], [ -70.605159610273205, -33.535595071836987 ], [ -70.605169375915224, -33.535993777361846 ], [ -70.605365106210513, -33.535986470754565 ], [ -70.605369611755421, -33.535921988951728 ], [ -70.605318337884043, -33.535922653783935 ], [ -70.605314342451592, -33.535860667522421 ], [ -70.605362724529471, -33.535857653970552 ], [ -70.605431587276641, -33.535825439904187 ], [ -70.605395450070333, -33.535769495982137 ], [ -70.605077323977582, -33.535286409994939 ], [ -70.604973317963626, -33.535338258464392 ], [ -70.6047115787389, -33.535458754438658 ], [ -70.604656369196363, -33.535477134874675 ], [ -70.604603204427832, -33.535489387063947 ], [ -70.604595808286632, -33.535490541657403 ] ] ] ] } },
{ "type": "Feature", "properties": { "objectid": 16882, "cod_region": "13", "region": "Región Metropolitana De Santiago", "cut_provincia": "131", "provincia": "Santiago", "cut_comuna": "13110", "comuna": "La Florida", "zona": "U-VEV4", "nombre_zona": "U-VEV4 Zona de Vivienda y Equipamiento Vecinal N°4", "uperm": "Residencial; equip. de comercio, culto, deporte, educación, esparcimiento, salud, seguridad, servicios, social, oficina y turismo; act. productiva peligrosa, contaminante y molesta; infr. de transporte; espacio público y áreas verdes.", "uproh": "Todo uso no mencionado como permitido.", "srid": "EPSG: 4326" }, "geometry": { "type": "MultiPolygon", "coordinates": [ [ [ [ -70.603449194676116, -33.541003418427486 ], [ -70.602916592560561, -33.541013794740849 ], [ -70.602495393951159, -33.541017332087414 ], [ -70.602517759031642, -33.541802596944521 ], [ -70.602519850677766, -33.541875940191908 ], [ -70.602533288757627, -33.542357163482919 ], [ -70.602542378904417, -33.542855043730981 ], [ -70.602496965771294, -33.54285633681797 ], [ -70.602489338754594, -33.542856338149825 ], [ -70.602123109809781, -33.542860154809844 ], [ -70.601705202380927, -33.542863890512642 ], [ -70.601543243198378, -33.54286778590204 ], [ -70.601291460746111, -33.542871605666015 ], [ -70.601100716027489, -33.542875418292567 ], [ -70.60086419403514, -33.542879236415025 ], [ -70.600658188040697, -33.542886867421046 ], [ -70.600452185609697, -33.542886866830514 ], [ -70.600215659517971, -33.542894498469188 ], [ -70.600223297916585, -33.543577346851492 ], [ -70.600230929849502, -33.543939749484721 ], [ -70.600235371883528, -33.544148452741474 ], [ -70.602153525141773, -33.544123117874932 ], [ -70.60216846502324, -33.544258837869769 ], [ -70.602173964821574, -33.544751153376652 ], [ -70.602176534892891, -33.544981176271627 ], [ -70.602588544346659, -33.544973545349798 ], [ -70.602992922574416, -33.544969727372766 ], [ -70.60299710495714, -33.54511927435054 ], [ -70.603002819676291, -33.545206060054852 ], [ -70.602596175595636, -33.54521006162706 ], [ -70.602184167191595, -33.545217693480922 ], [ -70.602207063594776, -33.546087466028681 ], [ -70.60261907222754, -33.546083647824965 ], [ -70.603023449127321, -33.546079827876355 ], [ -70.603522499663541, -33.546073671048816 ], [ -70.60356968130607, -33.54607240875832 ], [ -70.603519811999064, -33.543613189046994 ], [ -70.603479477528268, -33.542040090927102 ], [ -70.603479980442017, -33.541863838035454 ], [ -70.603503648411746, -33.541517335220128 ], [ -70.603494135509564, -33.541002321408421 ], [ -70.603449194676116, -33.541003418427486 ] ] ] ] } },
{ "type": "Feature", "properties": { "objectid": 16883, "cod_region": "13", "region": "Región Metropolitana De Santiago", "cut_provincia": "131", "provincia": "Santiago", "cut_comuna": "13110", "comuna": "La Florida", "zona": "U-EC1", "nombre_zona": "U-EC1 Zona de Equipamiento Comunal N°1", "uperm": "Residencial; equip. de comercio, culto, deporte, educación, esparcimiento, salud, seguridad, servicios, social, oficina y turismo; act. productiva peligrosa, contaminante y molesta; infr. de transporte; espacio público y áreas verdes.", "uproh": "Todo uso no mencionado como permitido.", "srid": "EPSG: 4326" }, "geometry": { "type": "MultiPolygon", "coordinates": [ [ [ [ -70.60270281423557, -33.531501432800603 ], [ -70.602718137986415, -33.531980377862467 ], [ -70.60272577255077, -33.532438153851466 ], [ -70.60265248666164, -33.532439441562282 ], [ -70.602702898195147, -33.534257806769268 ], [ -70.602728192055181, -33.535310334354861 ], [ -70.602733426888861, -33.535528130420822 ], [ -70.602756325995443, -33.53681371399793 ], [ -70.602808114987369, -33.538451484834219 ], [ -70.603446753195129, -33.538436920485466 ], [ -70.603463323277197, -33.539202735975188 ], [ -70.603472419328554, -33.539623099324253 ], [ -70.60348139635262, -33.540202832136082 ], [ -70.603491303604514, -33.540842706986147 ], [ -70.603491908330426, -33.540881743476177 ], [ -70.603494135509564, -33.541002321408421 ], [ -70.603503648411746, -33.541517335220128 ], [ -70.603479980442017, -33.541863838035454 ], [ -70.603479477528268, -33.542040090927102 ], [ -70.603519811999064, -33.543613189046994 ], [ -70.60356968130607, -33.54607240875832 ], [ -70.603572603476692, -33.546216408672599 ], [ -70.603587712069213, -33.546852285409457 ], [ -70.603040696168776, -33.549073213294733 ], [ -70.603917166041143, -33.549059498787578 ], [ -70.603961924112582, -33.548910234066071 ], [ -70.604019617656562, -33.54867148461021 ], [ -70.604041436762259, -33.548581192178041 ], [ -70.604078511520711, -33.548437207023639 ], [ -70.604125278968823, -33.548321283521659 ], [ -70.604143072286746, -33.548126297806569 ], [ -70.604167938694815, -33.548059697239893 ], [ -70.604366305012093, -33.547231887612831 ], [ -70.604393490198518, -33.547177308863411 ], [ -70.607539249676037, -33.547097331474269 ], [ -70.608029408559446, -33.547225247867829 ], [ -70.608112627818358, -33.547028338627506 ], [ -70.608834111360977, -33.547018963887815 ], [ -70.608835044567272, -33.547069307519564 ], [ -70.610725602194094, -33.547044722200596 ], [ -70.61105221432895, -33.547001305947518 ], [ -70.612638330903479, -33.546952514678082 ], [ -70.613896347174773, -33.546913682436461 ], [ -70.613900432903293, -33.546970708835403 ], [ -70.614778858167583, -33.5468062886656 ], [ -70.614811511489705, -33.546690604980242 ], [ -70.614815249561161, -33.546662691849662 ], [ -70.614822132503619, -33.54661133552095 ], [ -70.61481880827364, -33.546562678917191 ], [ -70.614814254951597, -33.546513025604781 ], [ -70.614812331792763, -33.546476576668191 ], [ -70.61481739216282, -33.546449286578365 ], [ -70.614825820808633, -33.546403672700919 ], [ -70.614495550258241, -33.546470138415856 ], [ -70.614213239603387, -33.546526950671129 ], [ -70.613867631868288, -33.546568702898796 ], [ -70.613359319829584, -33.546585968476514 ], [ -70.613136945458706, -33.54659352078901 ], [ -70.612987963592076, -33.546598580615523 ], [ -70.61262417194736, -33.546613328703756 ], [ -70.612493022287964, -33.546612665361089 ], [ -70.611400964905144, -33.546636737266624 ], [ -70.610943691172551, -33.546645477308317 ], [ -70.610940581510775, -33.546645690925317 ], [ -70.610817376422702, -33.546654173273659 ], [ -70.610640815242149, -33.546659576526281 ], [ -70.610582554520576, -33.546660561809709 ], [ -70.610564857768722, -33.546155473320475 ], [ -70.609161834922617, -33.546181629162881 ], [ -70.609168530933502, -33.546366140838771 ], [ -70.608693259559473, -33.54637216295724 ], [ -70.608702886313836, -33.546170614784423 ], [ -70.608434074379034, -33.546168119730453 ], [ -70.608443741363899, -33.546386629321681 ], [ -70.607571471953378, -33.546425853205101 ], [ -70.606505138805005, -33.546450914960822 ], [ -70.606502637562357, -33.546293437460186 ], [ -70.605784629240887, -33.546309488212437 ], [ -70.605782330309225, -33.546141393632375 ], [ -70.605549546708488, -33.546144919853802 ], [ -70.60554128074314, -33.545942482000235 ], [ -70.605083494191049, -33.545953928669043 ], [ -70.605012111611799, -33.54595415438984 ], [ -70.605027828908064, -33.546533043243308 ], [ -70.604519058987961, -33.54654390619514 ], [ -70.604480732955963, -33.545087976675852 ], [ -70.604450200729488, -33.543592579546392 ], [ -70.604527578994905, -33.54359060449687 ], [ -70.604541755211471, -33.54325687899648 ], [ -70.604741004243195, -33.542976294057461 ], [ -70.604819460511408, -33.542878345792353 ], [ -70.604852152228901, -33.542780395560648 ], [ -70.604865227716047, -33.542656324989785 ], [ -70.604863910759008, -33.542586431163066 ], [ -70.604508933628068, -33.542591032464841 ], [ -70.604488183528588, -33.54173944740743 ], [ -70.604182649210045, -33.54174760217159 ], [ -70.604175160135526, -33.541498461314653 ], [ -70.604146988548365, -33.54149911313521 ], [ -70.604120809453264, -33.540700266281753 ], [ -70.60409157513385, -33.540700973339355 ], [ -70.604090051338929, -33.540659420961184 ], [ -70.6040534173341, -33.539659536704839 ], [ -70.604518834891834, -33.539644276379789 ], [ -70.604991881518387, -33.539640453293572 ], [ -70.605571746383234, -33.539632824453911 ], [ -70.605565103209088, -33.539349663243321 ], [ -70.605554520906495, -33.538993078182685 ], [ -70.605553769985519, -33.538967788249025 ], [ -70.60555377093219, -33.538941518205768 ], [ -70.60554500304282, -33.538918999825171 ], [ -70.605477362388555, -33.538747622069366 ], [ -70.605442032614974, -33.53866005531777 ], [ -70.605869297520584, -33.538545606526853 ], [ -70.605728927868824, -33.538158210458946 ], [ -70.605678548436686, -33.538019170048671 ], [ -70.605510690761605, -33.537664391905302 ], [ -70.60545042369823, -33.537673322284071 ], [ -70.605035110714894, -33.537676627555307 ], [ -70.604951028924702, -33.537675645190184 ], [ -70.604940770605438, -33.537620020398101 ], [ -70.604480667155684, -33.537630063867354 ], [ -70.604015250904496, -33.537637699862557 ], [ -70.604008569266583, -33.5373716861194 ], [ -70.603992353165253, -33.536725966904946 ], [ -70.604127370831989, -33.536724857899337 ], [ -70.60410706557974, -33.536310681897 ], [ -70.604106795649784, -33.536107970437214 ], [ -70.604091529660664, -33.535505234040642 ], [ -70.604486649753511, -33.535501641881289 ], [ -70.60453776978936, -33.535499599605124 ], [ -70.604595808286632, -33.535490541657403 ], [ -70.604603204427832, -33.535489387063947 ], [ -70.604656369196363, -33.535477134874675 ], [ -70.6047115787389, -33.535458754438658 ], [ -70.604973317963626, -33.535338258464392 ], [ -70.605077323977582, -33.535286409994939 ], [ -70.604876978440686, -33.534968593677981 ], [ -70.604834680714404, -33.534901492735933 ], [ -70.604690197193975, -33.534663116669037 ], [ -70.604599746802762, -33.534515122298075 ], [ -70.604583271093418, -33.534488793419087 ], [ -70.604569433374877, -33.534468391388508 ], [ -70.60456039890461, -33.534454716018253 ], [ -70.60454930732125, -33.534440906782443 ], [ -70.604251741974977, -33.533983133023717 ], [ -70.604190703675414, -33.533895393884528 ], [ -70.605039801884743, -33.533505752670735 ], [ -70.605166502545003, -33.533444768492203 ], [ -70.605268891105538, -33.53339351080713 ], [ -70.605213205068253, -33.533340599659127 ], [ -70.605188922521549, -33.533304845228585 ], [ -70.605014713354649, -33.533033243947642 ], [ -70.604995641729587, -33.533004360538811 ], [ -70.604755297509357, -33.532640324515185 ], [ -70.604605029102387, -33.532405323845964 ], [ -70.605144412597241, -33.532140588264575 ], [ -70.605714694135727, -33.531873391721277 ], [ -70.605955459943189, -33.531757150046914 ], [ -70.605858582443375, -33.531605800332919 ], [ -70.605542704565764, -33.531112295085038 ], [ -70.604966019293045, -33.531505756678101 ], [ -70.604908168602961, -33.53140625645068 ], [ -70.604340489355224, -33.530416520416587 ], [ -70.603261267602051, -33.530917175701191 ], [ -70.603195251861692, -33.530940940374997 ], [ -70.603194671537608, -33.531057723012459 ], [ -70.602691655706465, -33.531064314401675 ], [ -70.602494241143845, -33.53106869665811 ], [ -70.602497495516985, -33.531118662376798 ], [ -70.602505845180218, -33.531500892591446 ], [ -70.60270281423557, -33.531501432800603 ] ] ] ] } },
{ "type": "Feature", "properties": { "objectid": 16884, "cod_region": "13", "region": "Región Metropolitana De Santiago", "cut_provincia": "131", "provincia": "Santiago", "cut_comuna": "13110", "comuna": "La Florida", "zona": "U-EC1", "nombre_zona": "U-EC1 Zona de Equipamiento Comunal N°1", "uperm": "Residencial; equip. de comercio, culto, deporte, educación, esparcimiento, salud, seguridad, servicios, social, oficina y turismo; act. productiva peligrosa, contaminante y molesta; infr. de transporte; espacio público y áreas verdes.", "uproh": "Todo uso no mencionado como permitido.", "srid": "EPSG: 4326" }, "geometry": { "type": "MultiPolygon", "coordinates": [ [ [ [ -70.603052748324728, -33.546809920794651 ], [ -70.603052987476417, -33.546873658325786 ], [ -70.603587712069213, -33.546852285409457 ], [ -70.603572603476692, -33.546216408672599 ], [ -70.603050560185565, -33.546221336686372 ], [ -70.603051862892741, -33.546572001513006 ], [ -70.603052748324728, -33.546809920794651 ] ] ] ] } },
{ "type": "Feature", "properties": { "objectid": 16886, "cod_region": "13", "region": "Región Metropolitana De Santiago", "cut_provincia": "131", "provincia": "Santiago", "cut_comuna": "13110", "comuna": "La Florida", "zona": "U-VEV4", "nombre_zona": "U-VEV4 Zona de Vivienda y Equipamiento Vecinal N°4", "uperm": "Residencial; equip. de comercio, culto, deporte, educación, esparcimiento, salud, seguridad, servicios, social, oficina y turismo; act. productiva peligrosa, contaminante y molesta; infr. de transporte; espacio público y áreas verdes.", "uproh": "Todo uso no mencionado como permitido.", "srid": "EPSG: 4326" }, "geometry": { "type": "MultiPolygon", "coordinates": [ [ [ [ -70.602061732233011, -33.532449424332491 ], [ -70.601596564068657, -33.532457235144143 ], [ -70.601186073383104, -33.532461326846601 ], [ -70.601039515197016, -33.532464062554297 ], [ -70.600734396244107, -33.532461054578164 ], [ -70.600508612806578, -33.532465225117676 ], [ -70.60029440216212, -33.532468641448652 ], [ -70.600063169004244, -33.532420691351334 ], [ -70.599959129619137, -33.532399116891213 ], [ -70.599521256756177, -33.532308468742656 ], [ -70.599466754261741, -33.532514160668853 ], [ -70.599320301113508, -33.533440050673647 ], [ -70.599253589280082, -33.533417470412743 ], [ -70.599116991817894, -33.533415733838375 ], [ -70.598880624515459, -33.533444459494412 ], [ -70.598149321408073, -33.533614486815992 ], [ -70.598147909825457, -33.533925949426397 ], [ -70.598157452141905, -33.534257895309509 ], [ -70.598186062457785, -33.534398982259546 ], [ -70.598238808896539, -33.534658740469503 ], [ -70.598236319568429, -33.535197775558778 ], [ -70.598233593139341, -33.535715732670269 ], [ -70.598521782712126, -33.535715081956774 ], [ -70.598646110179516, -33.535683628178106 ], [ -70.598746706567283, -33.535663699383001 ], [ -70.598937701009646, -33.535628274947321 ], [ -70.598941917375527, -33.536087354334867 ], [ -70.598562559302579, -33.536090703677623 ], [ -70.598550896273736, -33.536477723303911 ], [ -70.598370502871219, -33.536479573455274 ], [ -70.598366496918899, -33.536876429575948 ], [ -70.5980808940039, -33.536880974940502 ], [ -70.598086900209623, -33.537298217363528 ], [ -70.598094533538045, -33.537736920155183 ], [ -70.598102166847283, -33.538023029240911 ], [ -70.598132696971945, -33.539320057333924 ], [ -70.598265581395438, -33.539317261519919 ], [ -70.598697823645452, -33.539308170741819 ], [ -70.598804076628952, -33.539304774939509 ], [ -70.599177979451994, -33.539300979249006 ], [ -70.599253741620728, -33.539299863520888 ], [ -70.59969680547195, -33.539293340339682 ], [ -70.600210598035872, -33.539281388678276 ], [ -70.600490301580891, -33.53927426498349 ], [ -70.600670606191258, -33.539270269164739 ], [ -70.601169350365879, -33.539259004089388 ], [ -70.601195332489979, -33.539259026979686 ], [ -70.60190944121095, -33.539239923141444 ], [ -70.602290932712805, -33.539232291728908 ], [ -70.602565607320258, -33.539228473184508 ], [ -70.603416398213213, -33.539214423497334 ], [ -70.603463323277197, -33.539202735975188 ], [ -70.603446753195129, -33.538436920485466 ], [ -70.602808114987369, -33.538451484834219 ], [ -70.602756325995443, -33.53681371399793 ], [ -70.602733426888861, -33.535528130420822 ], [ -70.602728192055181, -33.535310334354861 ], [ -70.602702898195147, -33.534257806769268 ], [ -70.60265248666164, -33.532439441562282 ], [ -70.60272577255077, -33.532438153851466 ], [ -70.602718137986415, -33.531980377862467 ], [ -70.602518253620573, -33.531981453616304 ], [ -70.602505845180218, -33.531500892591446 ], [ -70.602497495516985, -33.531118662376798 ], [ -70.602494241143845, -33.53106869665811 ], [ -70.602099222237072, -33.531073949183444 ], [ -70.602020446015857, -33.531075311148534 ], [ -70.602039085249984, -33.531995640963665 ], [ -70.602043785434688, -33.532268341628928 ], [ -70.602044509156599, -33.532391158616335 ], [ -70.602061732233011, -33.532449424332491 ] ] ] ] } },
{ "type": "Feature", "properties": { "objectid": 16887, "cod_region": "13", "region": "Región Metropolitana De Santiago", "cut_provincia": "131", "provincia": "Santiago", "cut_comuna": "13110", "comuna": "La Florida", "zona": "PL", "nombre_zona": "PL Zona de Plazas", "uperm": "Espacio público y áreas verdes.", "uproh": "Todo uso no mencionado como permitido.", "srid": "EPSG: 4326" }, "geometry": { "type": "MultiPolygon", "coordinates": [ [ [ [ -70.601527868444748, -33.529435922518317 ], [ -70.60153053109876, -33.529540842177077 ], [ -70.601948247390268, -33.529529111431714 ], [ -70.601949387379662, -33.529644915927129 ], [ -70.602724047078482, -33.529612457479459 ], [ -70.60272117321702, -33.529528730722859 ], [ -70.603154610694389, -33.52952296538659 ], [ -70.603153012422496, -33.529435913344614 ], [ -70.602988054796342, -33.529437360909995 ], [ -70.602718118094742, -33.529439732454676 ], [ -70.602328996054524, -33.529443549314983 ], [ -70.60208445967659, -33.529443871001789 ], [ -70.602054381425646, -33.529444389132991 ], [ -70.602017042490118, -33.529444389761572 ], [ -70.601991631607021, -33.529442835524456 ], [ -70.6019646642401, -33.529439210093365 ], [ -70.601946513017594, -33.529434031288304 ], [ -70.601932246609138, -33.529432107399934 ], [ -70.601687740383284, -33.529434413724999 ], [ -70.601527868444748, -33.529435922518317 ] ] ] ] } },
{ "type": "Feature", "properties": { "objectid": 16888, "cod_region": "13", "region": "Región Metropolitana De Santiago", "cut_provincia": "131", "provincia": "Santiago", "cut_comuna": "13110", "comuna": "La Florida", "zona": "PL", "nombre_zona": "PL Zona de Plazas", "uperm": "Espacio público y áreas verdes.", "uproh": "Todo uso no mencionado como permitido.", "srid": "EPSG: 4326" }, "geometry": { "type": "MultiPolygon", "coordinates": [ [ [ [ -70.600749013173541, -33.529736642359744 ], [ -70.601087098840623, -33.529734123473112 ], [ -70.601085339450535, -33.529439742652386 ], [ -70.600736776625368, -33.529434257111852 ], [ -70.600749013173541, -33.529736642359744 ] ] ] ] } },
{ "type": "Feature", "properties": { "objectid": 16889, "cod_region": "13", "region": "Región Metropolitana De Santiago", "cut_provincia": "131", "provincia": "Santiago", "cut_comuna": "13110", "comuna": "La Florida", "zona": "PL", "nombre_zona": "PL Zona de Plazas", "uperm": "Espacio público y áreas verdes.", "uproh": "Todo uso no mencionado como permitido.", "srid": "EPSG: 4326" }, "geometry": { "type": "MultiPolygon", "coordinates": [ [ [ [ -70.608028474012485, -33.532266456717302 ], [ -70.608074253416987, -33.532331305501053 ], [ -70.608387583115771, -33.532191434077319 ], [ -70.608110173948489, -33.531761757468189 ], [ -70.607791947114322, -33.53190786744134 ], [ -70.608028474012485, -33.532266456717302 ] ] ] ] } },
{ "type": "Feature", "properties": { "objectid": 16890, "cod_region": "13", "region": "Región Metropolitana De Santiago", "cut_provincia": "131", "provincia": "Santiago", "cut_comuna": "13110", "comuna": "La Florida", "zona": "PL", "nombre_zona": "PL Zona de Plazas", "uperm": "Espacio público y áreas verdes.", "uproh": "Todo uso no mencionado como permitido.", "srid": "EPSG: 4326" }, "geometry": { "type": "MultiPolygon", "coordinates": [ [ [ [ -70.608911255078397, -33.531951148960864 ], [ -70.609222864766039, -33.532439291528355 ], [ -70.6092000796679, -33.531820906143921 ], [ -70.608911255078397, -33.531951148960864 ] ] ] ] } },
{ "type": "Feature", "properties": { "objectid": 16891, "cod_region": "13", "region": "Región Metropolitana De Santiago", "cut_provincia": "131", "provincia": "Santiago", "cut_comuna": "13110", "comuna": "La Florida", "zona": "PL", "nombre_zona": "PL Zona de Plazas", "uperm": "Espacio público y áreas verdes.", "uproh": "Todo uso no mencionado como permitido.", "srid": "EPSG: 4326" }, "geometry": { "type": "MultiPolygon", "coordinates": [ [ [ [ -70.608992472540933, -33.533148910953479 ], [ -70.609233995150547, -33.533651219070961 ], [ -70.609327225486751, -33.533584354756684 ], [ -70.609318102971955, -33.533003679219853 ], [ -70.60911191043283, -33.533098074271216 ], [ -70.608992472540933, -33.533148910953479 ] ] ] ] } },
{ "type": "Feature", "properties": { "objectid": 16892, "cod_region": "13", "region": "Región Metropolitana De Santiago", "cut_provincia": "131", "provincia": "Santiago", "cut_comuna": "13110", "comuna": "La Florida", "zona": "PL", "nombre_zona": "PL Zona de Plazas", "uperm": "Espacio público y áreas verdes.", "uproh": "Todo uso no mencionado como permitido.", "srid": "EPSG: 4326" }, "geometry": { "type": "MultiPolygon", "coordinates": [ [ [ [ -70.609023310470477, -33.53433837950751 ], [ -70.609314310667926, -33.534752756210608 ], [ -70.60928978872461, -33.534218676893474 ], [ -70.609023310470477, -33.53433837950751 ] ] ] ] } },
{ "type": "Feature", "properties": { "objectid": 16893, "cod_region": "13", "region": "Región Metropolitana De Santiago", "cut_provincia": "131", "provincia": "Santiago", "cut_comuna": "13110", "comuna": "La Florida", "zona": "PL", "nombre_zona": "PL Zona de Plazas", "uperm": "Espacio público y áreas verdes.", "uproh": "Todo uso no mencionado como permitido.", "srid": "EPSG: 4326" }, "geometry": { "type": "MultiPolygon", "coordinates": [ [ [ [ -70.608879447608217, -33.530762500545741 ], [ -70.609180563644117, -33.531221198205102 ], [ -70.609150048631975, -33.530642362406176 ], [ -70.608879447608217, -33.530762500545741 ] ] ] ] } },
{ "type": "Feature", "properties": { "objectid": 16894, "cod_region": "13", "region": "Región Metropolitana De Santiago", "cut_provincia": "131", "provincia": "Santiago", "cut_comuna": "13110", "comuna": "La Florida", "zona": "U-VEV4", "nombre_zona": "U-VEV4 Zona de Vivienda y Equipamiento Vecinal N°4", "uperm": "Residencial; equip. de comercio, culto, deporte, educación, esparcimiento, salud, seguridad, servicios, social, oficina y turismo; act. productiva peligrosa, contaminante y molesta; infr. de transporte; espacio público y áreas verdes.", "uproh": "Todo uso no mencionado como permitido.", "srid": "EPSG: 4326" }, "geometry": { "type": "MultiPolygon", "coordinates": [ [ [ [ -70.614778858167583, -33.5468062886656 ], [ -70.613900432903293, -33.546970708835403 ], [ -70.613896347174773, -33.546913682436461 ], [ -70.612638330903479, -33.546952514678082 ], [ -70.61105221432895, -33.547001305947518 ], [ -70.610725602194094, -33.547044722200596 ], [ -70.608835044567272, -33.547069307519564 ], [ -70.608834111360977, -33.547018963887815 ], [ -70.608112627818358, -33.547028338627506 ], [ -70.608029408559446, -33.547225247867829 ], [ -70.607539249676037, -33.547097331474269 ], [ -70.604393490198518, -33.547177308863411 ], [ -70.604366305012093, -33.547231887612831 ], [ -70.604167938694815, -33.548059697239893 ], [ -70.604143072286746, -33.548126297806569 ], [ -70.604125278968823, -33.548321283521659 ], [ -70.604078511520711, -33.548437207023639 ], [ -70.604041436762259, -33.548581192178041 ], [ -70.604019617656562, -33.54867148461021 ], [ -70.603961924112582, -33.548910234066071 ], [ -70.603917166041143, -33.549059498787578 ], [ -70.604267100777605, -33.549047884815863 ], [ -70.605478609283139, -33.54900766979506 ], [ -70.605791153337151, -33.548997292189107 ], [ -70.606336577571753, -33.548979182675261 ], [ -70.607127709756128, -33.548952910105179 ], [ -70.60704437961688, -33.549146892829782 ], [ -70.607177606380844, -33.549145397607568 ], [ -70.607315314748647, -33.549143672703941 ], [ -70.609119684789519, -33.549104816389551 ], [ -70.609498545147289, -33.549096655158593 ], [ -70.610597544367053, -33.549072972746153 ], [ -70.611463150332767, -33.549050351402961 ], [ -70.611760974383841, -33.549042567220809 ], [ -70.611890747034593, -33.549039174795304 ], [ -70.612705681982249, -33.549001895318739 ], [ -70.613514438480294, -33.548982819359878 ], [ -70.614153408820698, -33.548975744178854 ], [ -70.614205785517569, -33.548797422036209 ], [ -70.614229493217024, -33.548716705911396 ], [ -70.614330236928765, -33.548369083305474 ], [ -70.614415952071269, -33.548074663658085 ], [ -70.614491042322214, -33.547792600350505 ], [ -70.61453433371976, -33.547656634993935 ], [ -70.614589685292586, -33.547482800102863 ], [ -70.614672057783594, -33.547184668697902 ], [ -70.614778858167583, -33.5468062886656 ] ] ] ] } },
{ "type": "Feature", "properties": { "objectid": 16895, "cod_region": "13", "region": "Región Metropolitana De Santiago", "cut_provincia": "131", "provincia": "Santiago", "cut_comuna": "13110", "comuna": "La Florida", "zona": "U-EC1", "nombre_zona": "U-EC1 Zona de Equipamiento Comunal N°1", "uperm": "Residencial; equip. de comercio, culto, deporte, educación, esparcimiento, salud, seguridad, servicios, social, oficina y turismo; act. productiva peligrosa, contaminante y molesta; infr. de transporte; espacio público y áreas verdes.", "uproh": "Todo uso no mencionado como permitido.", "srid": "EPSG: 4326" }, "geometry": { "type": "MultiPolygon", "coordinates": [ [ [ [ -70.595935390513347, -33.547891065245111 ], [ -70.595935390935409, -33.547913520581304 ], [ -70.5966042572487, -33.547898125427089 ], [ -70.598369312966938, -33.547857481306416 ], [ -70.599224509358848, -33.547840487486141 ], [ -70.599202172375314, -33.546916341550194 ], [ -70.597934386556176, -33.546934376214061 ], [ -70.596519595959123, -33.54696902786101 ], [ -70.595930553971996, -33.546983585434653 ], [ -70.595932236410434, -33.547025061942513 ], [ -70.595927755319366, -33.547445566719773 ], [ -70.595935389869638, -33.547724046207527 ], [ -70.595935389941317, -33.54781360424326 ], [ -70.595935390513347, -33.547891065245111 ] ] ] ] } },
{ "type": "Feature", "properties": { "objectid": 16896, "cod_region": "13", "region": "Región Metropolitana De Santiago", "cut_provincia": "131", "provincia": "Santiago", "cut_comuna": "13110", "comuna": "La Florida", "zona": "PL", "nombre_zona": "PL Zona de Plazas", "uperm": "Espacio público y áreas verdes.", "uproh": "Todo uso no mencionado como permitido.", "srid": "EPSG: 4326" }, "geometry": { "type": "MultiPolygon", "coordinates": [ [ [ [ -70.611610206805764, -33.550891233367587 ], [ -70.612026646986678, -33.55090929584172 ], [ -70.612019013863346, -33.550520185118806 ], [ -70.611974280963935, -33.549782135540831 ], [ -70.611904559104019, -33.549772488598421 ], [ -70.611896925186457, -33.549268937097374 ], [ -70.611515064566646, -33.54927354107825 ], [ -70.611263654772984, -33.549276572167358 ], [ -70.611283496404823, -33.549811440115178 ], [ -70.611843329032951, -33.549805192237493 ], [ -70.611836197104907, -33.549819761988921 ], [ -70.611836811537799, -33.549852843492069 ], [ -70.611843080307182, -33.550057504292553 ], [ -70.611852691281726, -33.550442045953744 ], [ -70.611856616444626, -33.550520581052773 ], [ -70.611599375493014, -33.550531635634684 ], [ -70.611610206805764, -33.550891233367587 ] ] ] ] } },
{ "type": "Feature", "properties": { "objectid": 16897, "cod_region": "13", "region": "Región Metropolitana De Santiago", "cut_provincia": "131", "provincia": "Santiago", "cut_comuna": "13110", "comuna": "La Florida", "zona": "PL", "nombre_zona": "PL Zona de Plazas", "uperm": "Espacio público y áreas verdes.", "uproh": "Todo uso no mencionado como permitido.", "srid": "EPSG: 4326" }, "geometry": { "type": "MultiPolygon", "coordinates": [ [ [ [ -70.609165473487678, -33.550588868565001 ], [ -70.609181567812314, -33.550977148222152 ], [ -70.609567434102658, -33.550966960265811 ], [ -70.609639145763794, -33.550965037561021 ], [ -70.60963666695578, -33.550913738304544 ], [ -70.609629440331744, -33.550721909134005 ], [ -70.609625954078325, -33.550632901723453 ], [ -70.609623259870474, -33.550577420828311 ], [ -70.609615629188113, -33.550512572909504 ], [ -70.609600366623084, -33.550146353598059 ], [ -70.609596477645823, -33.55004428136229 ], [ -70.609144165281108, -33.550054847058725 ], [ -70.609150209762433, -33.55016161231552 ], [ -70.609165473487678, -33.550588868565001 ] ] ] ] } },
{ "type": "Feature", "properties": { "objectid": 16898, "cod_region": "13", "region": "Región Metropolitana De Santiago", "cut_provincia": "131", "provincia": "Santiago", "cut_comuna": "13110", "comuna": "La Florida", "zona": "PL", "nombre_zona": "PL Zona de Plazas", "uperm": "Espacio público y áreas verdes.", "uproh": "Todo uso no mencionado como permitido.", "srid": "EPSG: 4326" }, "geometry": { "type": "MultiPolygon", "coordinates": [ [ [ [ -70.606693414152971, -33.549993776441497 ], [ -70.606510303698059, -33.550428665360627 ], [ -70.606350081241189, -33.550810143471899 ], [ -70.606212747009238, -33.551142032768297 ], [ -70.606165082773757, -33.551226767501703 ], [ -70.606532447247346, -33.551225680415811 ], [ -70.60654845784093, -33.551187808159398 ], [ -70.606556089285746, -33.551157288963516 ], [ -70.60667215695392, -33.550885446086809 ], [ -70.606846013611388, -33.550478256500995 ], [ -70.607120687008958, -33.55056599253092 ], [ -70.607135294951604, -33.550568832979422 ], [ -70.607277886066413, -33.550603588179264 ], [ -70.607358560979165, -33.550618656110736 ], [ -70.607425879153467, -33.550627027385232 ], [ -70.607423596724004, -33.550197717407762 ], [ -70.607120685596769, -33.550203589495773 ], [ -70.607097791873528, -33.549810666705866 ], [ -70.607065861662946, -33.549395737784828 ], [ -70.60705518393911, -33.549389110965969 ], [ -70.607045752934752, -33.549385016500509 ], [ -70.606948587405242, -33.54937121935324 ], [ -70.606895451190141, -33.549503996750275 ], [ -70.606853636365486, -33.549608485002388 ], [ -70.606693414152971, -33.549993776441497 ] ] ] ] } },
{ "type": "Feature", "properties": { "objectid": 16916, "cod_region": "13", "region": "Región Metropolitana De Santiago", "cut_provincia": "131", "provincia": "Santiago", "cut_comuna": "13110", "comuna": "La Florida", "zona": "U-EC1", "nombre_zona": "U-EC1 Zona de Equipamiento Comunal N°1", "uperm": "Residencial; equip. de comercio, culto, deporte, educación, esparcimiento, salud, seguridad, servicios, social, oficina y turismo; act. productiva peligrosa, contaminante y molesta; infr. de transporte; espacio público y áreas verdes.", "uproh": "Todo uso no mencionado como permitido.", "srid": "EPSG: 4326" }, "geometry": { "type": "MultiPolygon", "coordinates": [ [ [ [ -70.593440298130858, -33.530271409434249 ], [ -70.593936232461871, -33.530282853495208 ], [ -70.593959118980393, -33.529924262520282 ], [ -70.593959201407898, -33.529151475150996 ], [ -70.593981997730239, -33.528776011252674 ], [ -70.593547925008068, -33.528767331511197 ], [ -70.593028274427056, -33.528756941186295 ], [ -70.592741249779408, -33.529475330890932 ], [ -70.592583658534721, -33.529857563306606 ], [ -70.592566060954482, -33.529911150569376 ], [ -70.592549149921979, -33.530002531655427 ], [ -70.592501939511578, -33.530249109530367 ], [ -70.593407196907066, -33.530271223974104 ], [ -70.593440298130858, -33.530271409434249 ] ] ] ] } },
{ "type": "Feature", "properties": { "objectid": 16910, "cod_region": "13", "region": "Región Metropolitana De Santiago", "cut_provincia": "131", "provincia": "Santiago", "cut_comuna": "13110", "comuna": "La Florida", "zona": "U-EC1", "nombre_zona": "U-EC1 Zona de Equipamiento Comunal N°1", "uperm": "Residencial; equip. de comercio, culto, deporte, educación, esparcimiento, salud, seguridad, servicios, social, oficina y turismo; act. productiva peligrosa, contaminante y molesta; infr. de transporte; espacio público y áreas verdes.", "uproh": "Todo uso no mencionado como permitido.", "srid": "EPSG: 4326" }, "geometry": { "type": "MultiPolygon", "coordinates": [ [ [ [ -70.586329567066244, -33.557291587252998 ], [ -70.586703425998095, -33.557333550895429 ], [ -70.586711647148249, -33.557283863369577 ], [ -70.586715772026849, -33.557235595517298 ], [ -70.586726986377826, -33.557164166386933 ], [ -70.586742441613879, -33.557050755411801 ], [ -70.586773502073967, -33.556832316663716 ], [ -70.586822254165256, -33.556485774625536 ], [ -70.586831798278979, -33.556386754927331 ], [ -70.586864426312715, -33.556133786947811 ], [ -70.586172668335749, -33.556113490768951 ], [ -70.585980865389487, -33.557227421929063 ], [ -70.586064235967783, -33.557253918678086 ], [ -70.586171329230652, -33.557276682632548 ], [ -70.586329567066244, -33.557291587252998 ] ] ], [ [ [ -70.586265944745122, -33.555614197704472 ], [ -70.586917565959965, -33.555613809816599 ], [ -70.586944743881574, -33.555423178837621 ], [ -70.586985707847575, -33.55505612089928 ], [ -70.5870238560356, -33.554831047552469 ], [ -70.587077260582788, -33.554548754589149 ], [ -70.587120415272764, -33.554373291145907 ], [ -70.586472021459954, -33.554349978388927 ], [ -70.586265944745122, -33.555614197704472 ] ] ] ] } },
{ "type": "Feature", "properties": { "objectid": 16899, "cod_region": "13", "region": "Región Metropolitana De Santiago", "cut_provincia": "131", "provincia": "Santiago", "cut_comuna": "13110", "comuna": "La Florida", "zona": "RI-2", "nombre_zona": "RI-2 Zona de Infraestructura Sanitaria y Energética", "uperm": "Equipamiento de comercio, esparcimiento y servicios; infraestructura.", "uproh": "Residencial; equipamiento; actividad productiva.", "srid": "EPSG: 4326" }, "geometry": { "type": "MultiPolygon", "coordinates": [ [ [ [ -70.598000349424382, -33.567330506884069 ], [ -70.598020857584245, -33.56735267749044 ], [ -70.598780625611681, -33.56625154731487 ], [ -70.599431537379715, -33.565308156887873 ], [ -70.600659742056308, -33.563528011316109 ], [ -70.601203666970804, -33.56088332672158 ], [ -70.601643760661489, -33.558771071077906 ], [ -70.602199389043051, -33.556537040673049 ], [ -70.602474943481454, -33.555297565050559 ], [ -70.602531391493187, -33.555187847608742 ], [ -70.602794873210868, -33.554581093925272 ], [ -70.60308455745843, -33.553934475409569 ], [ -70.60328450083918, -33.55312067251154 ], [ -70.603425842078096, -33.552545376754026 ], [ -70.603519439263451, -33.552164411873434 ], [ -70.603648023848294, -33.551635147607954 ], [ -70.603946692562332, -33.550405790370192 ], [ -70.604138292803967, -33.54957179589087 ], [ -70.602917500575643, -33.549587610291347 ], [ -70.60272398109575, -33.550395655523189 ], [ -70.602782438039085, -33.550397568002133 ], [ -70.602957756059453, -33.550399162998417 ], [ -70.603267640253108, -33.55040198186844 ], [ -70.603664390646543, -33.550401979179433 ], [ -70.603237138060194, -33.552160599793979 ], [ -70.602794626163103, -33.553934478534678 ], [ -70.602573366466842, -33.554571547630644 ], [ -70.60242840293013, -33.554907248955402 ], [ -70.602321589028151, -33.555170471264965 ], [ -70.602268183170253, -33.555441322300396 ], [ -70.60220714603264, -33.555715987585728 ], [ -70.602153741023628, -33.555990651440055 ], [ -70.602085076481302, -33.556269130880104 ], [ -70.602023293910179, -33.556548516809933 ], [ -70.601495353912881, -33.558645149683443 ], [ -70.601474702259779, -33.558731838174879 ], [ -70.601026015224946, -33.560860383079913 ], [ -70.600742668044305, -33.562293557302908 ], [ -70.600688880040977, -33.562758093243374 ], [ -70.600689730857511, -33.562762695038863 ], [ -70.600543918850235, -33.563318868027302 ], [ -70.60049137706558, -33.563515108576645 ], [ -70.599937949669425, -33.564317339737322 ], [ -70.599587333355615, -33.564825574372634 ], [ -70.598033244390251, -33.56707821336402 ], [ -70.597992615078368, -33.567274520892425 ], [ -70.59799323500431, -33.567308165127422 ], [ -70.598000349424382, -33.567330506884069 ] ] ] ] } },
{ "type": "Feature", "properties": { "objectid": 16900, "cod_region": "13", "region": "Región Metropolitana De Santiago", "cut_provincia": "131", "provincia": "Santiago", "cut_comuna": "13110", "comuna": "La Florida", "zona": "U-EC1", "nombre_zona": "U-EC1 Zona de Equipamiento Comunal N°1", "uperm": "Residencial; equip. de comercio, culto, deporte, educación, esparcimiento, salud, seguridad, servicios, social, oficina y turismo; act. productiva peligrosa, contaminante y molesta; infr. de transporte; espacio público y áreas verdes.", "uproh": "Todo uso no mencionado como permitido.", "srid": "EPSG: 4326" }, "geometry": { "type": "MultiPolygon", "coordinates": [ [ [ [ -70.603725466865569, -33.554663096034638 ], [ -70.603992509642069, -33.554693612653573 ], [ -70.604106955661038, -33.554685982706182 ], [ -70.604122216230508, -33.554758464296718 ], [ -70.604093151793478, -33.554861951301433 ], [ -70.604061154580293, -33.55497588148932 ], [ -70.605145535194779, -33.554991172437276 ], [ -70.605359950769909, -33.554841519697931 ], [ -70.605628756825368, -33.554823730147575 ], [ -70.605629828353642, -33.554733209757586 ], [ -70.607077561670877, -33.554732379838867 ], [ -70.607127808902092, -33.554536242115752 ], [ -70.607181094124186, -33.55434258821024 ], [ -70.607273767034968, -33.554013070738847 ], [ -70.606838416403392, -33.554003119885799 ], [ -70.605632909207017, -33.553991680267579 ], [ -70.605167489946012, -33.55399550197415 ], [ -70.604480312624872, -33.553981709206269 ], [ -70.604290063513332, -33.553949727540186 ], [ -70.603870425769131, -33.553949727870531 ], [ -70.603473677627832, -33.553942103877162 ], [ -70.60308455745843, -33.553934475409569 ], [ -70.602794873210868, -33.554581093925272 ], [ -70.603015894905013, -33.554590619049698 ], [ -70.603267678857435, -33.554594433604095 ], [ -70.603374494734652, -33.554613506822577 ], [ -70.603725466865569, -33.554663096034638 ] ] ] ] } },
{ "type": "Feature", "properties": { "objectid": 16901, "cod_region": "13", "region": "Región Metropolitana De Santiago", "cut_provincia": "131", "provincia": "Santiago", "cut_comuna": "13110", "comuna": "La Florida", "zona": "U-VEV3", "nombre_zona": "U-VEV3 Zona de Vivienda y Equipamiento Vecinal N°3", "uperm": "Residencial; equipamiento de comercio, culto, deporte, educación, esparcimiento, salud, seguridad, servicios, social, oficina, turismo; espacio público y áreas verdes.", "uproh": "Todo uso no mencionado como permitido.", "srid": "EPSG: 4326" }, "geometry": { "type": "MultiPolygon", "coordinates": [ [ [ [ -70.602405504749498, -33.553934479137681 ], [ -70.602794626163103, -33.553934478534678 ], [ -70.603237138060194, -33.552160599793979 ], [ -70.603664390646543, -33.550401979179433 ], [ -70.603267640253108, -33.55040198186844 ], [ -70.602957756059453, -33.550399162998417 ], [ -70.602782438039085, -33.550397568002133 ], [ -70.60272398109575, -33.550395655523189 ], [ -70.60196915359171, -33.553450545981363 ], [ -70.602023259428378, -33.553460241884316 ], [ -70.602495455111239, -33.553561030186614 ], [ -70.602405504749498, -33.553934479137681 ] ] ] ] } },
{ "type": "Feature", "properties": { "objectid": 16902, "cod_region": "13", "region": "Región Metropolitana De Santiago", "cut_provincia": "131", "provincia": "Santiago", "cut_comuna": "13110", "comuna": "La Florida", "zona": "U-EC1", "nombre_zona": "U-EC1 Zona de Equipamiento Comunal N°1", "uperm": "Residencial; equip. de comercio, culto, deporte, educación, esparcimiento, salud, seguridad, servicios, social, oficina y turismo; act. productiva peligrosa, contaminante y molesta; infr. de transporte; espacio público y áreas verdes.", "uproh": "Todo uso no mencionado como permitido.", "srid": "EPSG: 4326" }, "geometry": { "type": "MultiPolygon", "coordinates": [ [ [ [ -70.60196915359171, -33.553450545981363 ], [ -70.601710419808356, -33.554567187347409 ], [ -70.601771428596905, -33.554562831155927 ], [ -70.602573366466842, -33.554571547630644 ], [ -70.602794626163103, -33.553934478534678 ], [ -70.602405504749498, -33.553934479137681 ], [ -70.602495455111239, -33.553561030186614 ], [ -70.602023259428378, -33.553460241884316 ], [ -70.60196915359171, -33.553450545981363 ] ] ] ] } },
{ "type": "Feature", "properties": { "objectid": 16903, "cod_region": "13", "region": "Región Metropolitana De Santiago", "cut_provincia": "131", "provincia": "Santiago", "cut_comuna": "13110", "comuna": "La Florida", "zona": "U-EC1", "nombre_zona": "U-EC1 Zona de Equipamiento Comunal N°1", "uperm": "Residencial; equip. de comercio, culto, deporte, educación, esparcimiento, salud, seguridad, servicios, social, oficina y turismo; act. productiva peligrosa, contaminante y molesta; infr. de transporte; espacio público y áreas verdes.", "uproh": "Todo uso no mencionado como permitido.", "srid": "EPSG: 4326" }, "geometry": { "type": "MultiPolygon", "coordinates": [ [ [ [ -70.601336412188417, -33.552363749882986 ], [ -70.601326208602188, -33.552414214231959 ], [ -70.601191948450676, -33.552409315488852 ], [ -70.601186756077496, -33.552625124917505 ], [ -70.60118323480205, -33.552951692214208 ], [ -70.600337248658008, -33.552939028689238 ], [ -70.600315482651695, -33.553796931389712 ], [ -70.600312577061146, -33.553900440106403 ], [ -70.600238642711204, -33.553896345795835 ], [ -70.600149124222028, -33.554339840096844 ], [ -70.601148332764922, -33.554503637174776 ], [ -70.601648135233063, -33.554571633966717 ], [ -70.601710419808356, -33.554567187347409 ], [ -70.60196915359171, -33.553450545981363 ], [ -70.60272398109575, -33.550395655523189 ], [ -70.602677656998011, -33.550394141448031 ], [ -70.602176582721199, -33.550394362247324 ], [ -70.601613839789735, -33.550381938236328 ], [ -70.601428496379299, -33.550389438731642 ], [ -70.601426132907832, -33.550490388339938 ], [ -70.601423525675699, -33.551863074414392 ], [ -70.601419317760559, -33.551938082677985 ], [ -70.601403595428735, -33.551994505511672 ], [ -70.601390728657321, -33.552065241150814 ], [ -70.601372224778288, -33.552166928014806 ], [ -70.601336412188417, -33.552363749882986 ] ] ] ] } },
{ "type": "Feature", "properties": { "objectid": 16904, "cod_region": "13", "region": "Región Metropolitana De Santiago", "cut_provincia": "131", "provincia": "Santiago", "cut_comuna": "13110", "comuna": "La Florida", "zona": "PL", "nombre_zona": "PL Zona de Plazas", "uperm": "Espacio público y áreas verdes.", "uproh": "Todo uso no mencionado como permitido.", "srid": "EPSG: 4326" }, "geometry": { "type": "MultiPolygon", "coordinates": [ [ [ [ -70.571565629197465, -33.523633814616154 ], [ -70.571771636169146, -33.52369484924229 ], [ -70.571863189093861, -33.523469777605705 ], [ -70.571657183858974, -33.523416370764814 ], [ -70.571565629197465, -33.523633814616154 ] ] ] ] } },
{ "type": "Feature", "properties": { "objectid": 16905, "cod_region": "13", "region": "Región Metropolitana De Santiago", "cut_provincia": "131", "provincia": "Santiago", "cut_comuna": "13110", "comuna": "La Florida", "zona": "U-VEV4", "nombre_zona": "U-VEV4 Zona de Vivienda y Equipamiento Vecinal N°4", "uperm": "Residencial; equip. de comercio, culto, deporte, educación, esparcimiento, salud, seguridad, servicios, social, oficina y turismo; act. productiva peligrosa, contaminante y molesta; infr. de transporte; espacio público y áreas verdes.", "uproh": "Todo uso no mencionado como permitido.", "srid": "EPSG: 4326" }, "geometry": { "type": "MultiPolygon", "coordinates": [ [ [ [ -70.593824742147845, -33.550301752290572 ], [ -70.593842007310442, -33.551203441092333 ], [ -70.595022621974891, -33.551206883248199 ], [ -70.595032730201098, -33.551150802237878 ], [ -70.596246403409225, -33.551135157084268 ], [ -70.596252076613496, -33.552048949036369 ], [ -70.601009525546743, -33.552146035204508 ], [ -70.601017687175229, -33.550382733397456 ], [ -70.600795589680203, -33.550379109113869 ], [ -70.600299651694144, -33.550375295090731 ], [ -70.59949224024453, -33.550362959933764 ], [ -70.599277260085799, -33.550360042671187 ], [ -70.598988659796504, -33.550353433487182 ], [ -70.598140423707704, -33.55034097475513 ], [ -70.597316404941012, -33.550333352505426 ], [ -70.597109537738035, -33.550326249651327 ], [ -70.596620090749269, -33.550323928829123 ], [ -70.59591592040583, -33.550320587000037 ], [ -70.59565310857289, -33.550314287750282 ], [ -70.59466886611645, -33.55031048071428 ], [ -70.593925229008391, -33.550302792301778 ], [ -70.593824742147845, -33.550301752290572 ] ] ] ] } },
{ "type": "Feature", "properties": { "objectid": 16906, "cod_region": "13", "region": "Región Metropolitana De Santiago", "cut_provincia": "131", "provincia": "Santiago", "cut_comuna": "13110", "comuna": "La Florida", "zona": "PL", "nombre_zona": "PL Zona de Plazas", "uperm": "Espacio público y áreas verdes.", "uproh": "Todo uso no mencionado como permitido.", "srid": "EPSG: 4326" }, "geometry": { "type": "MultiPolygon", "coordinates": [ [ [ [ -70.599454466597209, -33.529449596072467 ], [ -70.59945906303264, -33.529570430555793 ], [ -70.600305759106092, -33.529554053344441 ], [ -70.600302401114845, -33.529442172434187 ], [ -70.599454466597209, -33.529449596072467 ] ] ] ] } },
{ "type": "Feature", "properties": { "objectid": 16917, "cod_region": "13", "region": "Región Metropolitana De Santiago", "cut_provincia": "131", "provincia": "Santiago", "cut_comuna": "13110", "comuna": "La Florida", "zona": "U-EC1", "nombre_zona": "U-EC1 Zona de Equipamiento Comunal N°1", "uperm": "Residencial; equip. de comercio, culto, deporte, educación, esparcimiento, salud, seguridad, servicios, social, oficina y turismo; act. productiva peligrosa, contaminante y molesta; infr. de transporte; espacio público y áreas verdes.", "uproh": "Todo uso no mencionado como permitido.", "srid": "EPSG: 4326" }, "geometry": { "type": "MultiPolygon", "coordinates": [ [ [ [ -70.586077570969863, -33.551732892429996 ], [ -70.586072434467567, -33.551829480268069 ], [ -70.585558908856441, -33.551817375333755 ], [ -70.585558661215615, -33.551857464502589 ], [ -70.585557134215009, -33.551902988206713 ], [ -70.585545299754571, -33.551933312965225 ], [ -70.585511672382594, -33.551966151586129 ], [ -70.585810695884234, -33.552248447536087 ], [ -70.585474987998339, -33.552511666551943 ], [ -70.585139278819938, -33.552767260691837 ], [ -70.585619959957683, -33.553209773156972 ], [ -70.585619961087247, -33.553358548520258 ], [ -70.586269795212829, -33.553379871523369 ], [ -70.586408948483736, -33.553381524979059 ], [ -70.5865515432547, -33.553377709707739 ], [ -70.586724278805249, -33.553371091015734 ], [ -70.587007565269261, -33.553394450737905 ], [ -70.587440537482706, -33.553411893320636 ], [ -70.587547484706448, -33.553416204065137 ], [ -70.587556844421698, -33.553226861093805 ], [ -70.587569941130496, -33.55296195975437 ], [ -70.587795548506037, -33.552970735512048 ], [ -70.58780164515926, -33.552866801718892 ], [ -70.586728900515226, -33.552816992118025 ], [ -70.587082944157103, -33.550726495663092 ], [ -70.587169268358068, -33.550236756358963 ], [ -70.587471797996415, -33.548537211296996 ], [ -70.587729776577888, -33.547167915922024 ], [ -70.587644874841999, -33.547153704528107 ], [ -70.586652477638637, -33.547174238201642 ], [ -70.586654411428583, -33.547313305126998 ], [ -70.586669476270245, -33.54813770251193 ], [ -70.586552681409202, -33.548140202322401 ], [ -70.58656870311323, -33.549022623246572 ], [ -70.586460176861394, -33.54902431358822 ], [ -70.586459206192217, -33.549719237886059 ], [ -70.586375283626865, -33.550211344858582 ], [ -70.586382037873634, -33.550211582052263 ], [ -70.586276099588545, -33.550699636024781 ], [ -70.58626912851598, -33.550737623536016 ], [ -70.586233293068588, -33.55077689899192 ], [ -70.586096400631902, -33.550886927726523 ], [ -70.585610982237895, -33.551260862948851 ], [ -70.585556296730601, -33.551298619319375 ], [ -70.585590418186314, -33.551335690835174 ], [ -70.585623998897361, -33.551373052439899 ], [ -70.585630779894743, -33.551410764553864 ], [ -70.58562757495126, -33.551462600867367 ], [ -70.586079061010835, -33.551474396682586 ], [ -70.58608215563423, -33.551530095049515 ], [ -70.586077570969863, -33.551732892429996 ] ] ] ] } },
{ "type": "Feature", "properties": { "objectid": 16942, "cod_region": "13", "region": "Región Metropolitana De Santiago", "cut_provincia": "131", "provincia": "Santiago", "cut_comuna": "13110", "comuna": "La Florida", "zona": "PL", "nombre_zona": "PL Zona de Plazas", "uperm": "Espacio público y áreas verdes.", "uproh": "Todo uso no mencionado como permitido.", "srid": "EPSG: 4326" }, "geometry": { "type": "MultiPolygon", "coordinates": [ [ [ [ -70.577442487397263, -33.51753122235808 ], [ -70.577493925840301, -33.517820044081063 ], [ -70.577966971945656, -33.51776663463621 ], [ -70.578036122650474, -33.517481387284136 ], [ -70.577442487397263, -33.51753122235808 ] ] ] ] } },
{ "type": "Feature", "properties": { "objectid": 16943, "cod_region": "13", "region": "Región Metropolitana De Santiago", "cut_provincia": "131", "provincia": "Santiago", "cut_comuna": "13110", "comuna": "La Florida", "zona": "PL", "nombre_zona": "PL Zona de Plazas", "uperm": "Espacio público y áreas verdes.", "uproh": "Todo uso no mencionado como permitido.", "srid": "EPSG: 4326" }, "geometry": { "type": "MultiPolygon", "coordinates": [ [ [ [ -70.56757516581682, -33.51420749990951 ], [ -70.567628579386025, -33.514604238806562 ], [ -70.568254898087275, -33.514545085605533 ], [ -70.569561442895946, -33.514436003993893 ], [ -70.569520761591278, -33.514020565791753 ], [ -70.568314466865544, -33.514136837521725 ], [ -70.56757516581682, -33.51420749990951 ] ] ] ] } },
{ "type": "Feature", "properties": { "objectid": 16907, "cod_region": "13", "region": "Región Metropolitana De Santiago", "cut_provincia": "131", "provincia": "Santiago", "cut_comuna": "13110", "comuna": "La Florida", "zona": "U-EC1", "nombre_zona": "U-EC1 Zona de Equipamiento Comunal N°1", "uperm": "Residencial; equip. de comercio, culto, deporte, educación, esparcimiento, salud, seguridad, servicios, social, oficina y turismo; act. productiva peligrosa, contaminante y molesta; infr. de transporte; espacio público y áreas verdes.", "uproh": "Todo uso no mencionado como permitido.", "srid": "EPSG: 4326" }, "geometry": { "type": "MultiPolygon", "coordinates": [ [ [ [ -70.585250958441677, -33.553346374813124 ], [ -70.585100535072712, -33.554241442296032 ], [ -70.585027242612128, -33.554677553239159 ], [ -70.585006273489654, -33.554802325488261 ], [ -70.585546106038294, -33.554866309116015 ], [ -70.585555841588885, -33.554809815131541 ], [ -70.586156117774138, -33.554880864036463 ], [ -70.586125471287644, -33.555060198022261 ], [ -70.585534275151275, -33.554984911351752 ], [ -70.584986699528073, -33.554918802945721 ], [ -70.584959739645811, -33.555078732768685 ], [ -70.584818855155689, -33.555914462205969 ], [ -70.584753927226373, -33.5563137670892 ], [ -70.584742561870598, -33.556383677536573 ], [ -70.584460267891984, -33.557973195508353 ], [ -70.584652902369797, -33.557996943464545 ], [ -70.584710653675032, -33.558004064324351 ], [ -70.584617143335834, -33.558592583632738 ], [ -70.584554822752366, -33.558591619351361 ], [ -70.58436109024926, -33.558588623608607 ], [ -70.58431863250992, -33.558814862357572 ], [ -70.583957826427351, -33.558824806551648 ], [ -70.583871173452309, -33.559451642531016 ], [ -70.583867430322996, -33.559478725236147 ], [ -70.584017755929978, -33.559500365998872 ], [ -70.583910945245478, -33.560045882976148 ], [ -70.583883437433613, -33.560216154385564 ], [ -70.583864873170512, -33.560331074776329 ], [ -70.583860931131809, -33.56035546538169 ], [ -70.58383446387613, -33.560519315116927 ], [ -70.583750728083658, -33.560984316007314 ], [ -70.583653221530298, -33.561489961357587 ], [ -70.583620525063026, -33.561650260006957 ], [ -70.58375337871307, -33.561744454251318 ], [ -70.583467992269888, -33.56326148078913 ], [ -70.583333780110806, -33.56396429519328 ], [ -70.583250015418727, -33.56440333254983 ], [ -70.58312066911229, -33.565096992253054 ], [ -70.583107428073816, -33.565168014088819 ], [ -70.583067166218115, -33.565371754435013 ], [ -70.583890899568885, -33.56551289008317 ], [ -70.584489761281048, -33.565583696934219 ], [ -70.584419018345997, -33.565959202667962 ], [ -70.584516424385214, -33.56597505407322 ], [ -70.584655369009084, -33.56599289320355 ], [ -70.58478979150739, -33.566010149793961 ], [ -70.585770143350686, -33.566136008470359 ], [ -70.585979375375445, -33.56495215009253 ], [ -70.585597515995119, -33.56490332529188 ], [ -70.585677082935959, -33.56426182212941 ], [ -70.585800952985863, -33.564274685731654 ], [ -70.58587920537498, -33.563572582486486 ], [ -70.585879309796681, -33.563571636040457 ], [ -70.585619705447598, -33.563545341186433 ], [ -70.585544149234863, -33.563537687790507 ], [ -70.585597155030698, -33.563162551123582 ], [ -70.585939853117623, -33.563197356791257 ], [ -70.585940021100541, -33.563195644786767 ], [ -70.586010606779169, -33.562472710169821 ], [ -70.586142357279243, -33.562486101956907 ], [ -70.586190969902844, -33.562132674047625 ], [ -70.587031984629988, -33.562211064395861 ], [ -70.587210923849966, -33.560957601816739 ], [ -70.58696286799406, -33.560930892804087 ], [ -70.586474564778214, -33.560888934528244 ], [ -70.585446025133535, -33.56077914227054 ], [ -70.585356712643716, -33.560767020558146 ], [ -70.585580420303287, -33.559479700044207 ], [ -70.589489841199892, -33.559835132216229 ], [ -70.589669995345616, -33.558804414806332 ], [ -70.586645182249157, -33.558533748590079 ], [ -70.586665286756201, -33.55832539563648 ], [ -70.586763515440325, -33.557645151587835 ], [ -70.586785474030975, -33.5574930809357 ], [ -70.586807101935506, -33.557343310553932 ], [ -70.586703425998095, -33.557333550895429 ], [ -70.586329567066244, -33.557291587252998 ], [ -70.586171329230652, -33.557276682632548 ], [ -70.586064235967783, -33.557253918678086 ], [ -70.585980865389487, -33.557227421929063 ], [ -70.586172668335749, -33.556113490768951 ], [ -70.586864426312715, -33.556133786947811 ], [ -70.587485100033746, -33.556157299645562 ], [ -70.587502429828476, -33.556020009557933 ], [ -70.587550764270006, -33.555637161668045 ], [ -70.586917565959965, -33.555613809816599 ], [ -70.586265944745122, -33.555614197704472 ], [ -70.586472021459954, -33.554349978388927 ], [ -70.587120415272764, -33.554373291145907 ], [ -70.587283268064581, -33.554371202859969 ], [ -70.587440537482706, -33.553411893320636 ], [ -70.587007565269261, -33.553394450737905 ], [ -70.586724278805249, -33.553371091015734 ], [ -70.5865515432547, -33.553377709707739 ], [ -70.586408948483736, -33.553381524979059 ], [ -70.586269795212829, -33.553379871523369 ], [ -70.585619961087247, -33.553358548520258 ], [ -70.585250958441677, -33.553346374813124 ] ], [ [ -70.585227768409226, -33.560215780113587 ], [ -70.58506087018948, -33.561151127557309 ], [ -70.584560150441988, -33.56108697903155 ], [ -70.584637266753347, -33.56065416364941 ], [ -70.58465322431698, -33.560578927812863 ], [ -70.584698461212753, -33.56031366589032 ], [ -70.58472640273321, -33.560149827778041 ], [ -70.585227768409226, -33.560215780113587 ] ], [ [ -70.585515729105353, -33.56356993485727 ], [ -70.585414050659068, -33.56423450845552 ], [ -70.584862571321835, -33.564178516678801 ], [ -70.58492371179284, -33.563841846979663 ], [ -70.58498550667268, -33.563481826132531 ], [ -70.585520859870115, -33.563536400758601 ], [ -70.585515729105353, -33.56356993485727 ] ] ] ] } },
{ "type": "Feature", "properties": { "objectid": 16908, "cod_region": "13", "region": "Región Metropolitana De Santiago", "cut_provincia": "131", "provincia": "Santiago", "cut_comuna": "13110", "comuna": "La Florida", "zona": "U-EC1", "nombre_zona": "U-EC1 Zona de Equipamiento Comunal N°1", "uperm": "Residencial; equip. de comercio, culto, deporte, educación, esparcimiento, salud, seguridad, servicios, social, oficina y turismo; act. productiva peligrosa, contaminante y molesta; infr. de transporte; espacio público y áreas verdes.", "uproh": "Todo uso no mencionado como permitido.", "srid": "EPSG: 4326" }, "geometry": { "type": "MultiPolygon", "coordinates": [ [ [ [ -70.584540615193731, -33.567448053685965 ], [ -70.58645959896684, -33.567722644924565 ], [ -70.586791906635099, -33.56627100127379 ], [ -70.586770065843993, -33.566268029352891 ], [ -70.586291493702859, -33.566202933462137 ], [ -70.585770143350686, -33.566136008470359 ], [ -70.58478979150739, -33.566010149793961 ], [ -70.584655369009084, -33.56599289320355 ], [ -70.584516424385214, -33.56597505407322 ], [ -70.584419018345997, -33.565959202667962 ], [ -70.584148068082726, -33.567397370221173 ], [ -70.584540615193731, -33.567448053685965 ] ] ] ] } },
{ "type": "Feature", "properties": { "objectid": 16911, "cod_region": "13", "region": "Región Metropolitana De Santiago", "cut_provincia": "131", "provincia": "Santiago", "cut_comuna": "13110", "comuna": "La Florida", "zona": "U-EC1", "nombre_zona": "U-EC1 Zona de Equipamiento Comunal N°1", "uperm": "Residencial; equip. de comercio, culto, deporte, educación, esparcimiento, salud, seguridad, servicios, social, oficina y turismo; act. productiva peligrosa, contaminante y molesta; infr. de transporte; espacio público y áreas verdes.", "uproh": "Todo uso no mencionado como permitido.", "srid": "EPSG: 4326" }, "geometry": { "type": "MultiPolygon", "coordinates": [ [ [ [ -70.592348696045519, -33.536896321902283 ], [ -70.591581873088288, -33.538576057099952 ], [ -70.593281170438871, -33.538526324639932 ], [ -70.593278025766011, -33.538417991275082 ], [ -70.593270882075814, -33.538212159210374 ], [ -70.593257247186386, -33.5381642044008 ], [ -70.593234353358895, -33.537263917143335 ], [ -70.593466269456826, -33.537256435079556 ], [ -70.593441078854255, -33.536890930351724 ], [ -70.592348696045519, -33.536896321902283 ] ] ] ] } },
{ "type": "Feature", "properties": { "objectid": 16912, "cod_region": "13", "region": "Región Metropolitana De Santiago", "cut_provincia": "131", "provincia": "Santiago", "cut_comuna": "13110", "comuna": "La Florida", "zona": "U-EC1", "nombre_zona": "U-EC1 Zona de Equipamiento Comunal N°1", "uperm": "Residencial; equip. de comercio, culto, deporte, educación, esparcimiento, salud, seguridad, servicios, social, oficina y turismo; act. productiva peligrosa, contaminante y molesta; infr. de transporte; espacio público y áreas verdes.", "uproh": "Todo uso no mencionado como permitido.", "srid": "EPSG: 4326" }, "geometry": { "type": "MultiPolygon", "coordinates": [ [ [ [ -70.593981997730239, -33.528776011252674 ], [ -70.593959201407898, -33.529151475150996 ], [ -70.593959118980393, -33.529924262520282 ], [ -70.593936232461871, -33.530282853495208 ], [ -70.593440298130858, -33.530271409434249 ], [ -70.593440351527619, -33.530780159971663 ], [ -70.593440396102878, -33.531181434852009 ], [ -70.593343391862419, -33.531380509017239 ], [ -70.593173266271506, -33.531766810086459 ], [ -70.592868081667191, -33.532380991585633 ], [ -70.592799414105841, -33.532560288128522 ], [ -70.592593412499781, -33.533025692546694 ], [ -70.592402673546772, -33.533449135080161 ], [ -70.592189043922119, -33.533903095402728 ], [ -70.591983041823795, -33.534349427062011 ], [ -70.591792299952417, -33.534803388213973 ], [ -70.591783514964177, -33.534821308563849 ], [ -70.59160155846476, -33.535192497144735 ], [ -70.591507997361248, -33.535401213020322 ], [ -70.59140318996792, -33.535635014209092 ], [ -70.59138724957937, -33.535668067113988 ], [ -70.591172358656564, -33.536113644141572 ], [ -70.591143780800792, -33.536172900480551 ], [ -70.591081674105496, -33.536325767695601 ], [ -70.591044589749501, -33.536417048857707 ], [ -70.590947440706245, -33.536635849520444 ], [ -70.590815707566918, -33.536897711048518 ], [ -70.590174814702792, -33.538320630910434 ], [ -70.58991386575903, -33.538891456380298 ], [ -70.589808592722932, -33.539121739695254 ], [ -70.589602591938913, -33.539564256327871 ], [ -70.589564445023456, -33.539701588765482 ], [ -70.5899688255531, -33.539713029289878 ], [ -70.590566488195989, -33.539708883747529 ], [ -70.590858740377143, -33.539716675607096 ], [ -70.590962992997177, -33.539703678959036 ], [ -70.591059947232608, -33.539702432982239 ], [ -70.590639336003562, -33.540647281128003 ], [ -70.591914250789188, -33.540622898444681 ], [ -70.592067519313616, -33.540621199873272 ], [ -70.592359768454997, -33.540617441235753 ], [ -70.592759309183265, -33.53963315859307 ], [ -70.592805980842925, -33.539505310969368 ], [ -70.592838830129693, -33.539415324726072 ], [ -70.593283056798569, -33.538591323581436 ], [ -70.593281170438871, -33.538526324639932 ], [ -70.591581873088288, -33.538576057099952 ], [ -70.592348696045519, -33.536896321902283 ], [ -70.593441078854255, -33.536890930351724 ], [ -70.594004179328905, -33.535765931915066 ], [ -70.594172802881744, -33.535764698730524 ], [ -70.594447475951696, -33.535760882172944 ], [ -70.594783180908252, -33.535036070535739 ], [ -70.594958663411489, -33.53463551637833 ], [ -70.594951028015245, -33.533994635060075 ], [ -70.594569536617996, -33.533990820979824 ], [ -70.593768954934362, -33.533974947240459 ], [ -70.593680338683953, -33.533969674144892 ], [ -70.595789937242913, -33.528961972523931 ], [ -70.595816568406363, -33.528902254145756 ], [ -70.595736637047466, -33.528872764761125 ], [ -70.595615673311315, -33.528828136707006 ], [ -70.594890944379202, -33.528816205980448 ], [ -70.594889943671248, -33.528791264506459 ], [ -70.594821275973928, -33.528802709315187 ], [ -70.593981997730239, -33.528776011252674 ] ] ] ] } },
{ "type": "Feature", "properties": { "objectid": 16913, "cod_region": "13", "region": "Región Metropolitana De Santiago", "cut_provincia": "131", "provincia": "Santiago", "cut_comuna": "13110", "comuna": "La Florida", "zona": "U-EC1", "nombre_zona": "U-EC1 Zona de Equipamiento Comunal N°1", "uperm": "Residencial; equip. de comercio, culto, deporte, educación, esparcimiento, salud, seguridad, servicios, social, oficina y turismo; act. productiva peligrosa, contaminante y molesta; infr. de transporte; espacio público y áreas verdes.", "uproh": "Todo uso no mencionado como permitido.", "srid": "EPSG: 4326" }, "geometry": { "type": "MultiPolygon", "coordinates": [ [ [ [ -70.585580420303287, -33.559479700044207 ], [ -70.585356712643716, -33.560767020558146 ], [ -70.585446025133535, -33.56077914227054 ], [ -70.586474564778214, -33.560888934528244 ], [ -70.586634778619072, -33.559839866699619 ], [ -70.586672066898757, -33.559661165408031 ], [ -70.589471516573383, -33.559939969705404 ], [ -70.589489841199892, -33.559835132216229 ], [ -70.585580420303287, -33.559479700044207 ] ] ] ] } },
{ "type": "Feature", "properties": { "objectid": 16914, "cod_region": "13", "region": "Región Metropolitana De Santiago", "cut_provincia": "131", "provincia": "Santiago", "cut_comuna": "13110", "comuna": "La Florida", "zona": "U-EC1", "nombre_zona": "U-EC1 Zona de Equipamiento Comunal N°1", "uperm": "Residencial; equip. de comercio, culto, deporte, educación, esparcimiento, salud, seguridad, servicios, social, oficina y turismo; act. productiva peligrosa, contaminante y molesta; infr. de transporte; espacio público y áreas verdes.", "uproh": "Todo uso no mencionado como permitido.", "srid": "EPSG: 4326" }, "geometry": { "type": "MultiPolygon", "coordinates": [ [ [ [ -70.588252120580961, -33.539697781433979 ], [ -70.587952287171873, -33.540902683141134 ], [ -70.587939711966456, -33.540953211267826 ], [ -70.587840125901252, -33.541353401073017 ], [ -70.587830572495164, -33.541426421581285 ], [ -70.587786721604473, -33.541761583849834 ], [ -70.587385510247927, -33.542664043006106 ], [ -70.587349806175624, -33.542757888205685 ], [ -70.587274111689268, -33.542927272413223 ], [ -70.587046645823833, -33.543436279181087 ], [ -70.586998364263522, -33.54344094190845 ], [ -70.586337076395438, -33.543451542187128 ], [ -70.585650394769004, -33.543462990858139 ], [ -70.585531736409081, -33.543463951514042 ], [ -70.585424910572542, -33.544020945618819 ], [ -70.585825724521868, -33.544015811806958 ], [ -70.585819036237254, -33.544106817495766 ], [ -70.586036145594079, -33.544104036124004 ], [ -70.585993070029559, -33.544489253437781 ], [ -70.58646891201667, -33.544476161721335 ], [ -70.586627867517947, -33.54540431162561 ], [ -70.586642728125469, -33.546473069769 ], [ -70.588017550964111, -33.546449214640475 ], [ -70.588519979813185, -33.545330289124799 ], [ -70.588884959006791, -33.544558293018227 ], [ -70.588996479354634, -33.544556740769885 ], [ -70.589233465151224, -33.544552124055429 ], [ -70.589724710693332, -33.544542553810381 ], [ -70.590289315142925, -33.544523473741528 ], [ -70.590293332823791, -33.544523443773073 ], [ -70.590823401559334, -33.544519656130518 ], [ -70.591401809998786, -33.544503086441168 ], [ -70.591388667350842, -33.544044877194978 ], [ -70.592524839316411, -33.544027537518218 ], [ -70.593165743490559, -33.544008463845728 ], [ -70.593127589660497, -33.543359946029284 ], [ -70.59274173139535, -33.543368606695473 ], [ -70.592588444772602, -33.54337204693104 ], [ -70.592588028663201, -33.543015594450452 ], [ -70.592631868043128, -33.543015030468787 ], [ -70.592640521107967, -33.542994583959405 ], [ -70.592825489910041, -33.542557501565867 ], [ -70.591270940464952, -33.542585360731032 ], [ -70.591259162465562, -33.541964928373304 ], [ -70.591349456240053, -33.541962396968927 ], [ -70.591344880673518, -33.541749513836464 ], [ -70.591236458479884, -33.54175790201252 ], [ -70.591233702713396, -33.541488938180301 ], [ -70.592008059257694, -33.541478224275082 ], [ -70.592158380072007, -33.541476144125212 ], [ -70.592163940032293, -33.540860218031604 ], [ -70.59206396984834, -33.540862208904691 ], [ -70.592067519313616, -33.540621199873272 ], [ -70.591914250789188, -33.540622898444681 ], [ -70.590639336003562, -33.540647281128003 ], [ -70.591059947232608, -33.539702432982239 ], [ -70.590962992997177, -33.539703678959036 ], [ -70.590858740377143, -33.539716675607096 ], [ -70.590566488195989, -33.539708883747529 ], [ -70.5899688255531, -33.539713029289878 ], [ -70.589564445023456, -33.539701588765482 ], [ -70.589114288068856, -33.539705405365417 ], [ -70.588572572735856, -33.539693963970045 ], [ -70.58826738059318, -33.539697780457956 ], [ -70.588252120580961, -33.539697781433979 ] ], [ [ -70.588595489388638, -33.543043345681781 ], [ -70.589256052299348, -33.543253762309398 ], [ -70.589165664480703, -33.54343636396635 ], [ -70.588648902608838, -33.543417195393758 ], [ -70.587915784859902, -33.543430755866723 ], [ -70.587727126456954, -33.543433175619235 ], [ -70.587946955532459, -33.542944168856529 ], [ -70.587995293526177, -33.542853655099108 ], [ -70.588595489388638, -33.543043345681781 ] ] ] ] } },
{ "type": "Feature", "properties": { "objectid": 16915, "cod_region": "13", "region": "Región Metropolitana De Santiago", "cut_provincia": "131", "provincia": "Santiago", "cut_comuna": "13110", "comuna": "La Florida", "zona": "U-EC1", "nombre_zona": "U-EC1 Zona de Equipamiento Comunal N°1", "uperm": "Residencial; equip. de comercio, culto, deporte, educación, esparcimiento, salud, seguridad, servicios, social, oficina y turismo; act. productiva peligrosa, contaminante y molesta; infr. de transporte; espacio público y áreas verdes.", "uproh": "Todo uso no mencionado como permitido.", "srid": "EPSG: 4326" }, "geometry": { "type": "MultiPolygon", "coordinates": [ [ [ [ -70.595816568406363, -33.528902254145756 ], [ -70.595789937242913, -33.528961972523931 ], [ -70.593680338683953, -33.533969674144892 ], [ -70.593768954934362, -33.533974947240459 ], [ -70.594569536617996, -33.533990820979824 ], [ -70.594951028015245, -33.533994635060075 ], [ -70.595286739113064, -33.53399844623948 ], [ -70.595288781053085, -33.533847406070812 ], [ -70.595291886203995, -33.533473937400075 ], [ -70.595299836857308, -33.533354904344073 ], [ -70.595525525304708, -33.533365983497717 ], [ -70.595505612402221, -33.5331913946615 ], [ -70.595571515544421, -33.533068633357495 ], [ -70.595658845310126, -33.532852742384776 ], [ -70.595673116707346, -33.532801526100819 ], [ -70.595668216140155, -33.532514492086349 ], [ -70.595655333178129, -33.531860477432126 ], [ -70.595650786222166, -33.5316295971516 ], [ -70.595646517395281, -33.531616804791383 ], [ -70.595637369835728, -33.531610712722205 ], [ -70.595621507162761, -33.531610713332057 ], [ -70.5956032085072, -33.5316088857724 ], [ -70.59559191096146, -33.531602758278495 ], [ -70.595576645183854, -33.531057243722714 ], [ -70.595570317958689, -33.530347539797482 ], [ -70.59611835299836, -33.530336246911105 ], [ -70.596591401512683, -33.530324798471987 ], [ -70.596576137923577, -33.529939505536646 ], [ -70.596557603953869, -33.529651604765775 ], [ -70.596554646851104, -33.529605669746644 ], [ -70.59655346898505, -33.529541537340307 ], [ -70.59655803399616, -33.529512391971345 ], [ -70.596560954203326, -33.529504656354071 ], [ -70.59661053763692, -33.529371409302129 ], [ -70.596619218021573, -33.529336517654315 ], [ -70.596618465925474, -33.529295606216678 ], [ -70.596627074989371, -33.529079005297049 ], [ -70.59662953802048, -33.528940031413981 ], [ -70.596629916484829, -33.52891774247805 ], [ -70.595899215606792, -33.528932746473089 ], [ -70.595816568406363, -33.528902254145756 ] ] ] ] } },
{ "type": "Feature", "properties": { "objectid": 16918, "cod_region": "13", "region": "Región Metropolitana De Santiago", "cut_provincia": "131", "provincia": "Santiago", "cut_comuna": "13110", "comuna": "La Florida", "zona": "U-EC1", "nombre_zona": "U-EC1 Zona de Equipamiento Comunal N°1", "uperm": "Residencial; equip. de comercio, culto, deporte, educación, esparcimiento, salud, seguridad, servicios, social, oficina y turismo; act. productiva peligrosa, contaminante y molesta; infr. de transporte; espacio público y áreas verdes.", "uproh": "Todo uso no mencionado como permitido.", "srid": "EPSG: 4326" }, "geometry": { "type": "MultiPolygon", "coordinates": [ [ [ [ -70.586651584268296, -33.547109992985263 ], [ -70.586652477638637, -33.547174238201642 ], [ -70.587644874841999, -33.547153704528107 ], [ -70.587729776577888, -33.547167915922024 ], [ -70.587471797996415, -33.548537211296996 ], [ -70.587169268358068, -33.550236756358963 ], [ -70.587082944157103, -33.550726495663092 ], [ -70.586728900515226, -33.552816992118025 ], [ -70.58780164515926, -33.552866801718892 ], [ -70.587853518931738, -33.551982471837867 ], [ -70.587803415336936, -33.551983114555135 ], [ -70.587804066376094, -33.551962479735764 ], [ -70.587831931191175, -33.551080863784684 ], [ -70.587761309085892, -33.551072921001804 ], [ -70.587788445391951, -33.550629989368964 ], [ -70.587710827735208, -33.550625085241577 ], [ -70.587722129399523, -33.550238610549094 ], [ -70.58870236878569, -33.550245662602414 ], [ -70.588732882320073, -33.549585705479124 ], [ -70.588694446922773, -33.549302422453387 ], [ -70.588733092666189, -33.549296026738183 ], [ -70.588734524287759, -33.549120596768546 ], [ -70.588656579817922, -33.54912030211004 ], [ -70.588664208171551, -33.548776970733499 ], [ -70.588664204500787, -33.548460342844713 ], [ -70.58864131279212, -33.548193309493506 ], [ -70.588631495492891, -33.548014546430636 ], [ -70.588702348830736, -33.548014014074788 ], [ -70.588687087938652, -33.547582942321156 ], [ -70.588664193242593, -33.547178575869978 ], [ -70.58975061377464, -33.547153894906202 ], [ -70.590123837046548, -33.546304674722812 ], [ -70.590543258823885, -33.546288794634926 ], [ -70.59093853789129, -33.545297578158589 ], [ -70.589222331688433, -33.545309132339774 ], [ -70.588519979813185, -33.545330289124799 ], [ -70.588017550964111, -33.546449214640475 ], [ -70.586642728125469, -33.546473069769 ], [ -70.586651584268296, -33.547109992985263 ] ] ] ] } },
{ "type": "Feature", "properties": { "objectid": 16919, "cod_region": "13", "region": "Región Metropolitana De Santiago", "cut_provincia": "131", "provincia": "Santiago", "cut_comuna": "13110", "comuna": "La Florida", "zona": "U-EC1", "nombre_zona": "U-EC1 Zona de Equipamiento Comunal N°1", "uperm": "Residencial; equip. de comercio, culto, deporte, educación, esparcimiento, salud, seguridad, servicios, social, oficina y turismo; act. productiva peligrosa, contaminante y molesta; infr. de transporte; espacio público y áreas verdes.", "uproh": "Todo uso no mencionado como permitido.", "srid": "EPSG: 4326" }, "geometry": { "type": "MultiPolygon", "coordinates": [ [ [ [ -70.581835638626998, -33.563288918842026 ], [ -70.582120424465529, -33.563339957766125 ], [ -70.582204163333003, -33.563047817221161 ], [ -70.581926484049461, -33.563000871185203 ], [ -70.581915893610386, -33.562999081164527 ], [ -70.581835672276014, -33.563288460286721 ], [ -70.581835638626998, -33.563288918842026 ] ] ] ] } },
{ "type": "Feature", "properties": { "objectid": 16920, "cod_region": "13", "region": "Región Metropolitana De Santiago", "cut_provincia": "131", "provincia": "Santiago", "cut_comuna": "13110", "comuna": "La Florida", "zona": "U-EC1", "nombre_zona": "U-EC1 Zona de Equipamiento Comunal N°1", "uperm": "Residencial; equip. de comercio, culto, deporte, educación, esparcimiento, salud, seguridad, servicios, social, oficina y turismo; act. productiva peligrosa, contaminante y molesta; infr. de transporte; espacio público y áreas verdes.", "uproh": "Todo uso no mencionado como permitido.", "srid": "EPSG: 4326" }, "geometry": { "type": "MultiPolygon", "coordinates": [ [ [ [ -70.582204163333003, -33.563047817221161 ], [ -70.582120424465529, -33.563339957766125 ], [ -70.581835638626998, -33.563288918842026 ], [ -70.581828572255773, -33.563384207218625 ], [ -70.581757452584171, -33.563687038753699 ], [ -70.583333780110806, -33.56396429519328 ], [ -70.583467992269888, -33.56326148078913 ], [ -70.582204163333003, -33.563047817221161 ] ] ] ] } },
{ "type": "Feature", "properties": { "objectid": 16921, "cod_region": "13", "region": "Región Metropolitana De Santiago", "cut_provincia": "131", "provincia": "Santiago", "cut_comuna": "13110", "comuna": "La Florida", "zona": "U-EC1", "nombre_zona": "U-EC1 Zona de Equipamiento Comunal N°1", "uperm": "Residencial; equip. de comercio, culto, deporte, educación, esparcimiento, salud, seguridad, servicios, social, oficina y turismo; act. productiva peligrosa, contaminante y molesta; infr. de transporte; espacio público y áreas verdes.", "uproh": "Todo uso no mencionado como permitido.", "srid": "EPSG: 4326" }, "geometry": { "type": "MultiPolygon", "coordinates": [ [ [ [ -70.588884959006791, -33.544558293018227 ], [ -70.588519979813185, -33.545330289124799 ], [ -70.589222331688433, -33.545309132339774 ], [ -70.589233465151224, -33.544552124055429 ], [ -70.588996479354634, -33.544556740769885 ], [ -70.588884959006791, -33.544558293018227 ] ] ], [ [ [ -70.593441078854255, -33.536890930351724 ], [ -70.593466269456826, -33.537256435079556 ], [ -70.593707400405393, -33.53724865540282 ], [ -70.593704687898466, -33.53721328836491 ], [ -70.593699110262605, -33.536977767977518 ], [ -70.593783693941305, -33.536787065499198 ], [ -70.593947984208484, -33.536444382501756 ], [ -70.59416469611196, -33.53598675975838 ], [ -70.594172651749531, -33.535948616629767 ], [ -70.594177425456976, -33.535834178772546 ], [ -70.594172802881744, -33.535764698730524 ], [ -70.594004179328905, -33.535765931915066 ], [ -70.593441078854255, -33.536890930351724 ] ] ] ] } },
{ "type": "Feature", "properties": { "objectid": 16922, "cod_region": "13", "region": "Región Metropolitana De Santiago", "cut_provincia": "131", "provincia": "Santiago", "cut_comuna": "13110", "comuna": "La Florida", "zona": "PL", "nombre_zona": "PL Zona de Plazas", "uperm": "Espacio público y áreas verdes.", "uproh": "Todo uso no mencionado como permitido.", "srid": "EPSG: 4326" }, "geometry": { "type": "MultiPolygon", "coordinates": [ [ [ [ -70.567292981031358, -33.527723292124719 ], [ -70.567155646146119, -33.527975069517808 ], [ -70.567628690400056, -33.527765252193682 ], [ -70.567292981031358, -33.527723292124719 ] ] ] ] } },
{ "type": "Feature", "properties": { "objectid": 16923, "cod_region": "13", "region": "Región Metropolitana De Santiago", "cut_provincia": "131", "provincia": "Santiago", "cut_comuna": "13110", "comuna": "La Florida", "zona": "U-EC3", "nombre_zona": "U-EC3 Zona de Equipamiento Comunal N°3", "uperm": "Residencial; equipamiento de culto, deporte, educación, esparcimiento, salud, seguridad, servicios, social y científico; infraestructura de transporte y de energía; espacio público y áreas verdes.", "uproh": "Todo uso no mencionado como permitido.", "srid": "EPSG: 4326" }, "geometry": { "type": "MultiPolygon", "coordinates": [ [ [ [ -70.580719324149158, -33.518396749568659 ], [ -70.580728962747855, -33.518445649885287 ], [ -70.580019391023811, -33.518373173368772 ], [ -70.579904953859923, -33.519178093215125 ], [ -70.579393754969786, -33.519128504812599 ], [ -70.579340349851094, -33.519532871908552 ], [ -70.579076370175855, -33.51950887673285 ], [ -70.579030968144565, -33.519923174484724 ], [ -70.578455296967775, -33.51986476378346 ], [ -70.578333227733594, -33.520673496880001 ], [ -70.579312818625837, -33.520772536955924 ], [ -70.579396282231841, -33.520784888092933 ], [ -70.579596653692278, -33.520819240625841 ], [ -70.579456330312965, -33.521056778932639 ], [ -70.579274029801141, -33.521350515010845 ], [ -70.579547782150158, -33.521345566220084 ], [ -70.580839751638479, -33.521370743781503 ], [ -70.580844642338889, -33.521244904422815 ], [ -70.580843825332224, -33.521200122902563 ], [ -70.580851060470962, -33.520932889500422 ], [ -70.580858684910709, -33.520635335295019 ], [ -70.580866313503549, -33.52017374766443 ], [ -70.580501416547122, -33.51971327875485 ], [ -70.580734418497585, -33.519508879901522 ], [ -70.581086255785564, -33.519227428234075 ], [ -70.581504449266959, -33.518875889515385 ], [ -70.581760273141811, -33.518686932416045 ], [ -70.581930324568077, -33.518533691622828 ], [ -70.58216179800614, -33.518337353977429 ], [ -70.582333084562535, -33.518156531613265 ], [ -70.582108173539197, -33.518130387903689 ], [ -70.581955827351038, -33.518113769043453 ], [ -70.580980215491294, -33.518014970963812 ], [ -70.580828146183805, -33.518003134074107 ], [ -70.580787587283581, -33.51801010978194 ], [ -70.580759478295306, -33.518029838028511 ], [ -70.580719324149158, -33.518396749568659 ] ] ] ] } },
{ "type": "Feature", "properties": { "objectid": 16924, "cod_region": "13", "region": "Región Metropolitana De Santiago", "cut_provincia": "131", "provincia": "Santiago", "cut_comuna": "13110", "comuna": "La Florida", "zona": "U-EC3", "nombre_zona": "U-EC3 Zona de Equipamiento Comunal N°3", "uperm": "Residencial; equipamiento de culto, deporte, educación, esparcimiento, salud, seguridad, servicios, social y científico; infraestructura de transporte y de energía; espacio público y áreas verdes.", "uproh": "Todo uso no mencionado como permitido.", "srid": "EPSG: 4326" }, "geometry": { "type": "MultiPolygon", "coordinates": [ [ [ [ -70.577364246324407, -33.521089317054553 ], [ -70.57729558215334, -33.521405944975399 ], [ -70.577272693395003, -33.521520389856441 ], [ -70.577196398755106, -33.521810311680404 ], [ -70.577173511344455, -33.521894239576675 ], [ -70.575983258560512, -33.521810320842135 ], [ -70.575980367307395, -33.521770596947917 ], [ -70.574777756175024, -33.521775993901493 ], [ -70.57488493172319, -33.522464744915396 ], [ -70.575300524514944, -33.522465725659252 ], [ -70.575717189099805, -33.522484779330064 ], [ -70.575727737817587, -33.522689585475014 ], [ -70.575717415911839, -33.522726599769037 ], [ -70.575682442330915, -33.522793817916565 ], [ -70.576190819388671, -33.523005933204843 ], [ -70.576233765402137, -33.523018035602803 ], [ -70.576276520214435, -33.523019599857726 ], [ -70.576626208724861, -33.523038335973766 ], [ -70.576732130701842, -33.523058066666977 ], [ -70.576830937291788, -33.523094144216145 ], [ -70.576932842237795, -33.523136302031133 ], [ -70.577040858553332, -33.523172280166023 ], [ -70.577013922129467, -33.523275480238638 ], [ -70.576967518365024, -33.523343857948106 ], [ -70.577621018427905, -33.523607718266945 ], [ -70.578185548673929, -33.523835649285026 ], [ -70.578480931223268, -33.523165686602972 ], [ -70.578660523231065, -33.52321795418478 ], [ -70.579203046621672, -33.523381992512917 ], [ -70.58057640955947, -33.523399559988981 ], [ -70.580972908687855, -33.523404628738348 ], [ -70.582483858324309, -33.523423934605944 ], [ -70.58254249374572, -33.52308025310046 ], [ -70.582621186871947, -33.522619014627814 ], [ -70.582977065328322, -33.522617751281132 ], [ -70.583696986299444, -33.522615193764011 ], [ -70.584086107073759, -33.522619005938438 ], [ -70.585352652497065, -33.522592295128064 ], [ -70.585700732876191, -33.522593794089808 ], [ -70.586004197721664, -33.521471252032171 ], [ -70.585759652769795, -33.52146649727905 ], [ -70.582694063307059, -33.521406856017187 ], [ -70.580839751638479, -33.521370743781503 ], [ -70.579547782150158, -33.521345566220084 ], [ -70.579274029801141, -33.521350515010845 ], [ -70.579456330312965, -33.521056778932639 ], [ -70.579596653692278, -33.520819240625841 ], [ -70.579396282231841, -33.520784888092933 ], [ -70.579312818625837, -33.520772536955924 ], [ -70.578333227733594, -33.520673496880001 ], [ -70.57771363842761, -33.520612083030407 ], [ -70.577601168372595, -33.520600933563813 ], [ -70.577548971599256, -33.5205961361292 ], [ -70.577478690727816, -33.520608653259117 ], [ -70.577364246324407, -33.521089317054553 ] ] ] ] } },
{ "type": "Feature", "properties": { "objectid": 16925, "cod_region": "13", "region": "Región Metropolitana De Santiago", "cut_provincia": "131", "provincia": "Santiago", "cut_comuna": "13110", "comuna": "La Florida", "zona": "U-EC3", "nombre_zona": "U-EC3 Zona de Equipamiento Comunal N°3", "uperm": "Residencial; equipamiento de culto, deporte, educación, esparcimiento, salud, seguridad, servicios, social y científico; infraestructura de transporte y de energía; espacio público y áreas verdes.", "uproh": "Todo uso no mencionado como permitido.", "srid": "EPSG: 4326" }, "geometry": { "type": "MultiPolygon", "coordinates": [ [ [ [ -70.575418666782767, -33.522897537472382 ], [ -70.575578894377074, -33.522970019683662 ], [ -70.575682442330915, -33.522793817916565 ], [ -70.575717415911839, -33.522726599769037 ], [ -70.575727737817587, -33.522689585475014 ], [ -70.575717189099805, -33.522484779330064 ], [ -70.575300524514944, -33.522465725659252 ], [ -70.57488493172319, -33.522464744915396 ], [ -70.574482618059577, -33.522452716090285 ], [ -70.574028195186358, -33.522443860804771 ], [ -70.57397189245917, -33.522620168688164 ], [ -70.573915595772689, -33.522760213058575 ], [ -70.574083451101501, -33.522825065511235 ], [ -70.57418127323767, -33.522846461523713 ], [ -70.574239782485137, -33.522852481448901 ], [ -70.574388644462516, -33.522855581470935 ], [ -70.575258440248888, -33.522867020692679 ], [ -70.575418666782767, -33.522897537472382 ] ] ] ] } },
{ "type": "Feature", "properties": { "objectid": 16926, "cod_region": "13", "region": "Región Metropolitana De Santiago", "cut_provincia": "131", "provincia": "Santiago", "cut_comuna": "13110", "comuna": "La Florida", "zona": "U-EC3", "nombre_zona": "U-EC3 Zona de Equipamiento Comunal N°3", "uperm": "Residencial; equipamiento de culto, deporte, educación, esparcimiento, salud, seguridad, servicios, social y científico; infraestructura de transporte y de energía; espacio público y áreas verdes.", "uproh": "Todo uso no mencionado como permitido.", "srid": "EPSG: 4326" }, "geometry": { "type": "MultiPolygon", "coordinates": [ [ [ [ -70.582977065328322, -33.522617751281132 ], [ -70.582890819433871, -33.523088363581614 ], [ -70.582908417281047, -33.523088773522765 ], [ -70.583450685645701, -33.523187116353235 ], [ -70.583498615514344, -33.522935636997332 ], [ -70.584009812415587, -33.523019559498714 ], [ -70.584022289960373, -33.522954042732891 ], [ -70.58557234669999, -33.523213866160219 ], [ -70.585700732876191, -33.522593794089808 ], [ -70.585352652497065, -33.522592295128064 ], [ -70.584086107073759, -33.522619005938438 ], [ -70.583696986299444, -33.522615193764011 ], [ -70.582977065328322, -33.522617751281132 ] ] ] ] } },
{ "type": "Feature", "properties": { "objectid": 16927, "cod_region": "13", "region": "Región Metropolitana De Santiago", "cut_provincia": "131", "provincia": "Santiago", "cut_comuna": "13110", "comuna": "La Florida", "zona": "U-EC3", "nombre_zona": "U-EC3 Zona de Equipamiento Comunal N°3", "uperm": "Residencial; equipamiento de culto, deporte, educación, esparcimiento, salud, seguridad, servicios, social y científico; infraestructura de transporte y de energía; espacio público y áreas verdes.", "uproh": "Todo uso no mencionado como permitido.", "srid": "EPSG: 4326" }, "geometry": { "type": "MultiPolygon", "coordinates": [ [ [ [ -70.58254249374572, -33.52308025310046 ], [ -70.582890819433871, -33.523088363581614 ], [ -70.582977065328322, -33.522617751281132 ], [ -70.582621186871947, -33.522619014627814 ], [ -70.58254249374572, -33.52308025310046 ] ] ] ] } },
{ "type": "Feature", "properties": { "objectid": 16944, "cod_region": "13", "region": "Región Metropolitana De Santiago", "cut_provincia": "131", "provincia": "Santiago", "cut_comuna": "13110", "comuna": "La Florida", "zona": "PL", "nombre_zona": "PL Zona de Plazas", "uperm": "Espacio público y áreas verdes.", "uproh": "Todo uso no mencionado como permitido.", "srid": "EPSG: 4326" }, "geometry": { "type": "MultiPolygon", "coordinates": [ [ [ [ -70.570611229544156, -33.513003625550454 ], [ -70.57063443149535, -33.513173587794768 ], [ -70.571159381805316, -33.513123941061188 ], [ -70.571133782470397, -33.512950293803634 ], [ -70.570611229544156, -33.513003625550454 ] ] ] ] } },
{ "type": "Feature", "properties": { "objectid": 16945, "cod_region": "13", "region": "Región Metropolitana De Santiago", "cut_provincia": "131", "provincia": "Santiago", "cut_comuna": "13110", "comuna": "La Florida", "zona": "PL", "nombre_zona": "PL Zona de Plazas", "uperm": "Espacio público y áreas verdes.", "uproh": "Todo uso no mencionado como permitido.", "srid": "EPSG: 4326" }, "geometry": { "type": "MultiPolygon", "coordinates": [ [ [ [ -70.572175935700699, -33.514848356252251 ], [ -70.572244611469273, -33.515351906491787 ], [ -70.572459671979956, -33.515331563387882 ], [ -70.572421696775592, -33.514825444686103 ], [ -70.572175935700699, -33.514848356252251 ] ] ] ] } },
{ "type": "Feature", "properties": { "objectid": 16928, "cod_region": "13", "region": "Región Metropolitana De Santiago", "cut_provincia": "131", "provincia": "Santiago", "cut_comuna": "13110", "comuna": "La Florida", "zona": "R-1/AV3", "nombre_zona": "R-1/AV3 Zona de Restricción por Quebradas/ Parques Quebradas", "uperm": "Zona de restricción, según PRMS.", "uproh": "Zona de restricción, según PRMS.", "srid": "EPSG: 4326" }, "geometry": { "type": "MultiPolygon", "coordinates": [ [ [ [ -70.54796970497668, -33.514328255051979 ], [ -70.548699065453178, -33.514489909842332 ], [ -70.548971858677561, -33.514560228660521 ], [ -70.549106427484318, -33.514581293403381 ], [ -70.549221661201955, -33.514593233418822 ], [ -70.549526979797491, -33.514616631185511 ], [ -70.549792784400196, -33.514638280702492 ], [ -70.549889210132321, -33.514670528449862 ], [ -70.549951248836493, -33.51472572705071 ], [ -70.549981362695135, -33.514784860349387 ], [ -70.549988434877392, -33.514827103891548 ], [ -70.550001712081695, -33.514929670956107 ], [ -70.550031143173143, -33.515265772962458 ], [ -70.550054949604274, -33.515426805742095 ], [ -70.550104915280315, -33.515596539351975 ], [ -70.550112950451322, -33.515623833765616 ], [ -70.550198911883214, -33.515797569140538 ], [ -70.550296826732293, -33.515953152425396 ], [ -70.550531129542108, -33.516209553939881 ], [ -70.550603024106678, -33.516257803712257 ], [ -70.551068266447828, -33.516359952495449 ], [ -70.551920217623518, -33.516565894439132 ], [ -70.554815128108473, -33.517257054514062 ], [ -70.555195438400176, -33.517392624211119 ], [ -70.555681666374213, -33.517538740296757 ], [ -70.555727089435422, -33.517552389787831 ], [ -70.556021203653643, -33.517579718705697 ], [ -70.55602841095255, -33.517581350649351 ], [ -70.556996934278288, -33.517800607793092 ], [ -70.557407748285087, -33.517860761911145 ], [ -70.557500183097886, -33.51787609395322 ], [ -70.557664185869754, -33.517352287472669 ], [ -70.557756659953228, -33.516901943666326 ], [ -70.557839306315657, -33.516526588051434 ], [ -70.558046153948709, -33.516224534583053 ], [ -70.55828718044306, -33.515959480354809 ], [ -70.558507712927593, -33.515797620438931 ], [ -70.558654973786616, -33.515681766670511 ], [ -70.558582958458601, -33.515607851616302 ], [ -70.558577607041116, -33.515602358267984 ], [ -70.558477311379775, -33.515460335588216 ], [ -70.558410037148462, -33.51536506851761 ], [ -70.558382757041727, -33.515326440030009 ], [ -70.558377296569049, -33.515318706090845 ], [ -70.558199335001262, -33.515066699025702 ], [ -70.558013713483163, -33.514910784433965 ], [ -70.557944128870943, -33.5148523390882 ], [ -70.557635453800771, -33.514669280898879 ], [ -70.557503754837143, -33.514591177362142 ], [ -70.557053686876188, -33.514398303572705 ], [ -70.556618910630306, -33.514307527130867 ], [ -70.556122796733348, -33.514208485284335 ], [ -70.555769082104305, -33.514173116748985 ], [ -70.555760396378872, -33.514307005465795 ], [ -70.555393303839651, -33.514308652779313 ], [ -70.555375999569321, -33.514125258826233 ], [ -70.555311693100265, -33.51412103237292 ], [ -70.555316556233251, -33.514261256742671 ], [ -70.554925676059909, -33.514278009478552 ], [ -70.554926372866063, -33.51409570792277 ], [ -70.5548555161526, -33.514091051227979 ], [ -70.554376407825302, -33.514005826757113 ], [ -70.55349233155151, -33.513764254425283 ], [ -70.552624009649804, -33.513466331875854 ], [ -70.55183845905475, -33.513111219722859 ], [ -70.5513407272839, -33.512920938488875 ], [ -70.550920226328117, -33.512776745797396 ], [ -70.550464546303672, -33.512651173008749 ], [ -70.54995722491509, -33.512499011222189 ], [ -70.549249912121809, -33.512295652131797 ], [ -70.548927937642645, -33.512311664553387 ], [ -70.54881572749936, -33.512538261103025 ], [ -70.54796970497668, -33.514328255051979 ] ], [ [ -70.557832712700133, -33.515274731927867 ], [ -70.557854823745373, -33.515393959142813 ], [ -70.558059308735551, -33.515365055125095 ], [ -70.558081150901714, -33.51548566006678 ], [ -70.558082325160626, -33.515551150745331 ], [ -70.557983647420514, -33.515655329013285 ], [ -70.557828452121868, -33.515722786699996 ], [ -70.55770491983219, -33.515686909070311 ], [ -70.557614057178938, -33.515603831600231 ], [ -70.557575407550644, -33.515440896736479 ], [ -70.557137623800486, -33.515527478241651 ], [ -70.557118587333548, -33.515385471635447 ], [ -70.557832712700133, -33.515274731927867 ] ] ] ] } },
{ "type": "Feature", "properties": { "objectid": 16929, "cod_region": "13", "region": "Región Metropolitana De Santiago", "cut_provincia": "131", "provincia": "Santiago", "cut_comuna": "13110", "comuna": "La Florida", "zona": "R-4", "nombre_zona": "R-4 Zona de Riesgo Geofísico Asociado A Remoción En Masa", "uperm": "Zona de riesgo, según PRMS.", "uproh": "Zona de riesgo, según PRMS.", "srid": "EPSG: 4326" }, "geometry": { "type": "MultiPolygon", "coordinates": [ [ [ [ -70.545461794332539, -33.51247965416735 ], [ -70.545129033101944, -33.512487381719822 ], [ -70.544938174544825, -33.512480078713814 ], [ -70.544637099536715, -33.512449942979472 ], [ -70.544249345663474, -33.512420887276811 ], [ -70.543792857120366, -33.512426578067235 ], [ -70.543446326702707, -33.512440579043371 ], [ -70.543022106285335, -33.512481534235633 ], [ -70.542649852099899, -33.512506560043256 ], [ -70.542527506344769, -33.51250545770354 ], [ -70.542401743288167, -33.512488633727685 ], [ -70.542288385263717, -33.512463765899696 ], [ -70.542136745396519, -33.512402599607306 ], [ -70.54210892142072, -33.512446988053391 ], [ -70.542070131983508, -33.512519998376952 ], [ -70.54205385899705, -33.512550627089993 ], [ -70.542047965936774, -33.512562047347842 ], [ -70.542032485969699, -33.512592045722251 ], [ -70.542014347403438, -33.512627600031607 ], [ -70.54201424338288, -33.512627805141385 ], [ -70.542010412303014, -33.512635480558366 ], [ -70.541913331977909, -33.512840266685238 ], [ -70.54185612868622, -33.513207987715056 ], [ -70.541830633892701, -33.513351944834355 ], [ -70.541820050257755, -33.51346563201497 ], [ -70.541706513668004, -33.514036539570903 ], [ -70.541755707141888, -33.514037126638677 ], [ -70.54257996897222, -33.514035986077445 ], [ -70.542644385659017, -33.514028317176148 ], [ -70.54338109581029, -33.513940611570192 ], [ -70.544366354576226, -33.513828672597256 ], [ -70.544779862453709, -33.513793493611864 ], [ -70.544954864014585, -33.513781219199302 ], [ -70.545168734923308, -33.513785441150709 ], [ -70.545751198021634, -33.513873671805221 ], [ -70.546844287795494, -33.514069340103916 ], [ -70.546958178406754, -33.514095937585175 ], [ -70.547863623213047, -33.514297407073315 ], [ -70.547958971788816, -33.514325876693889 ], [ -70.54796970497668, -33.514328255051979 ], [ -70.54881572749936, -33.512538261103025 ], [ -70.548927937642645, -33.512311664553387 ], [ -70.54737115346407, -33.512378131204585 ], [ -70.547297182592615, -33.512382835825697 ], [ -70.546797942458284, -33.512408450388904 ], [ -70.546411224023885, -33.512437486495315 ], [ -70.545823101145018, -33.512465373845501 ], [ -70.545579657683405, -33.512476916323969 ], [ -70.545461794332539, -33.51247965416735 ] ] ] ] } },
{ "type": "Feature", "properties": { "objectid": 16930, "cod_region": "13", "region": "Región Metropolitana De Santiago", "cut_provincia": "131", "provincia": "Santiago", "cut_comuna": "13110", "comuna": "La Florida", "zona": "RI-1", "nombre_zona": "RI-1 Zona Terminales Rodoviarios de Locomoción Colectiva Urbana", "uperm": "Equipamiento de comercio, esparcimiento y servicios; infraestructura.", "uproh": "Residencial; equipamiento; actividad productiva.", "srid": "EPSG: 4326" }, "geometry": { "type": "MultiPolygon", "coordinates": [ [ [ [ -70.56153888853369, -33.512944115215952 ], [ -70.560095152298658, -33.513264728856846 ], [ -70.559976656450132, -33.513612975722587 ], [ -70.559930109124878, -33.513749772858525 ], [ -70.560162867926977, -33.513718123067719 ], [ -70.561275331240523, -33.51361286418711 ], [ -70.561544662092018, -33.514613102390676 ], [ -70.562608011122336, -33.514571618486578 ], [ -70.563105915326133, -33.513372203844838 ], [ -70.563106074526132, -33.513367886573313 ], [ -70.563163198433529, -33.51298089146119 ], [ -70.563097199236609, -33.512795608102181 ], [ -70.563245840140496, -33.512766852992975 ], [ -70.563243189605174, -33.512619500163495 ], [ -70.563224338002513, -33.512579254896181 ], [ -70.56153888853369, -33.512944115215952 ] ] ] ] } },
{ "type": "Feature", "properties": { "objectid": 16931, "cod_region": "13", "region": "Región Metropolitana De Santiago", "cut_provincia": "131", "provincia": "Santiago", "cut_comuna": "13110", "comuna": "La Florida", "zona": "ED-9", "nombre_zona": "ED-9 Deportivo Bayer", "uperm": "Equipamiento de comercio y deporte; espacio público y áreas verdes.", "uproh": "Residencial; equipamiento; actividad productiva; infraestructura.", "srid": "EPSG: 4326" }, "geometry": { "type": "MultiPolygon", "coordinates": [ [ [ [ -70.556449294923851, -33.512344130614885 ], [ -70.556696775077228, -33.513278597709338 ], [ -70.558159001749814, -33.513135009906946 ], [ -70.558047719785662, -33.511857219557463 ], [ -70.557966046443354, -33.511862968044525 ], [ -70.557871847741481, -33.511869598196675 ], [ -70.557786774835265, -33.511875905174321 ], [ -70.557792592928308, -33.512198393052138 ], [ -70.55774315943934, -33.51220375573169 ], [ -70.556449294923851, -33.512344130614885 ] ] ] ] } },
{ "type": "Feature", "properties": { "objectid": 16932, "cod_region": "13", "region": "Región Metropolitana De Santiago", "cut_provincia": "131", "provincia": "Santiago", "cut_comuna": "13110", "comuna": "La Florida", "zona": "U-EC1", "nombre_zona": "U-EC1 Zona de Equipamiento Comunal N°1", "uperm": "Residencial; equip. de comercio, culto, deporte, educación, esparcimiento, salud, seguridad, servicios, social, oficina y turismo; act. productiva peligrosa, contaminante y molesta; infr. de transporte; espacio público y áreas verdes.", "uproh": "Todo uso no mencionado como permitido.", "srid": "EPSG: 4326" }, "geometry": { "type": "MultiPolygon", "coordinates": [ [ [ [ -70.558047719785662, -33.511857219557463 ], [ -70.558159001749814, -33.513135009906946 ], [ -70.559172520132648, -33.513048730350953 ], [ -70.559175415507013, -33.513104259371978 ], [ -70.559544591305595, -33.51307603919058 ], [ -70.559562047168811, -33.512986702166664 ], [ -70.55962912733122, -33.512805257524548 ], [ -70.559892242850708, -33.512093552300456 ], [ -70.560037910007424, -33.511699532539886 ], [ -70.559896171871273, -33.511714738812778 ], [ -70.559768793494882, -33.511728404122238 ], [ -70.559736367841381, -33.511731882307487 ], [ -70.559618742787151, -33.511744501160713 ], [ -70.559490346796466, -33.511758278200581 ], [ -70.559301616900584, -33.511770980385762 ], [ -70.559106521708372, -33.511782696446183 ], [ -70.558645164151898, -33.511815170420007 ], [ -70.558597194993766, -33.511818546309151 ], [ -70.558047719785662, -33.511857219557463 ] ] ] ] } },
{ "type": "Feature", "properties": { "objectid": 16933, "cod_region": "13", "region": "Región Metropolitana De Santiago", "cut_provincia": "131", "provincia": "Santiago", "cut_comuna": "13110", "comuna": "La Florida", "zona": "PL", "nombre_zona": "PL Zona de Plazas", "uperm": "Espacio público y áreas verdes.", "uproh": "Todo uso no mencionado como permitido.", "srid": "EPSG: 4326" }, "geometry": { "type": "MultiPolygon", "coordinates": [ [ [ [ -70.578913071196595, -33.518266365273149 ], [ -70.578851153426044, -33.518325968278099 ], [ -70.578531584295035, -33.518636401977844 ], [ -70.578474295425963, -33.518698006474324 ], [ -70.577936462972019, -33.519254401957788 ], [ -70.577882756952604, -33.519309927308072 ], [ -70.577829648394953, -33.519387921280057 ], [ -70.577748814314845, -33.51953795656474 ], [ -70.577669428438753, -33.519784658314201 ], [ -70.577478690727816, -33.520608653259117 ], [ -70.577548971599256, -33.5205961361292 ], [ -70.577601168372595, -33.520600933563813 ], [ -70.57771363842761, -33.520612083030407 ], [ -70.577820831549332, -33.519800091390188 ], [ -70.57789226048574, -33.519807372605278 ], [ -70.577946808394714, -33.519399390477545 ], [ -70.578134880535558, -33.519417800927449 ], [ -70.578135514815784, -33.519255153603858 ], [ -70.578201557339796, -33.519258260188508 ], [ -70.578204261425171, -33.519147685982908 ], [ -70.578336802652956, -33.519029424757008 ], [ -70.578523822345844, -33.519046957036025 ], [ -70.578529451913454, -33.518886930782983 ], [ -70.578590709880075, -33.518886149948102 ], [ -70.578598843140654, -33.518814984946296 ], [ -70.578655245070664, -33.518806370477336 ], [ -70.578668184880954, -33.51864948047524 ], [ -70.57887108780649, -33.518668905618064 ], [ -70.578878165511583, -33.518494281038031 ], [ -70.578985260728984, -33.518508706622349 ], [ -70.579014192058509, -33.518276127901473 ], [ -70.579302147633427, -33.518303928957366 ], [ -70.579364634975093, -33.517886879919082 ], [ -70.579233518825362, -33.517873440943681 ], [ -70.579057348030048, -33.518106345142201 ], [ -70.578913071196595, -33.518266365273149 ] ] ] ] } },
{ "type": "Feature", "properties": { "objectid": 16934, "cod_region": "13", "region": "Región Metropolitana De Santiago", "cut_provincia": "131", "provincia": "Santiago", "cut_comuna": "13110", "comuna": "La Florida", "zona": "PL", "nombre_zona": "PL Zona de Plazas", "uperm": "Espacio público y áreas verdes.", "uproh": "Todo uso no mencionado como permitido.", "srid": "EPSG: 4326" }, "geometry": { "type": "MultiPolygon", "coordinates": [ [ [ [ -70.576413015046185, -33.5196496858579 ], [ -70.576434605679012, -33.519829424921838 ], [ -70.576152906751275, -33.519847327057349 ], [ -70.576145214540404, -33.519800180889348 ], [ -70.57602569985913, -33.519807428542826 ], [ -70.576021393421826, -33.51978085326482 ], [ -70.575739090522006, -33.519788484909483 ], [ -70.575662795324149, -33.519780856737505 ], [ -70.57571098305435, -33.520075541840818 ], [ -70.575772303163916, -33.520450526320012 ], [ -70.57579415083481, -33.520598608056716 ], [ -70.575800471531579, -33.520639181135472 ], [ -70.575861175391054, -33.520639181548901 ], [ -70.576418150140697, -33.520642993081495 ], [ -70.576891196813492, -33.520646804873337 ], [ -70.577089571406731, -33.520642989095222 ], [ -70.577394762355922, -33.520604838933885 ], [ -70.577478690727816, -33.520608653259117 ], [ -70.577669428438753, -33.519784658314201 ], [ -70.576746985591683, -33.519806837009504 ], [ -70.576723332111783, -33.519616813674034 ], [ -70.576532588281978, -33.519635888915147 ], [ -70.576413015046185, -33.5196496858579 ] ] ] ] } },
{ "type": "Feature", "properties": { "objectid": 16935, "cod_region": "13", "region": "Región Metropolitana De Santiago", "cut_provincia": "131", "provincia": "Santiago", "cut_comuna": "13110", "comuna": "La Florida", "zona": "PL", "nombre_zona": "PL Zona de Plazas", "uperm": "Espacio público y áreas verdes.", "uproh": "Todo uso no mencionado como permitido.", "srid": "EPSG: 4326" }, "geometry": { "type": "MultiPolygon", "coordinates": [ [ [ [ -70.581971446018343, -33.516650795481517 ], [ -70.582455008846964, -33.516700188207217 ], [ -70.5824951475945, -33.516402501521895 ], [ -70.582010380603251, -33.516357722724877 ], [ -70.581971446018343, -33.516650795481517 ] ] ] ] } },
{ "type": "Feature", "properties": { "objectid": 16936, "cod_region": "13", "region": "Región Metropolitana De Santiago", "cut_provincia": "131", "provincia": "Santiago", "cut_comuna": "13110", "comuna": "La Florida", "zona": "PL", "nombre_zona": "PL Zona de Plazas", "uperm": "Espacio público y áreas verdes.", "uproh": "Todo uso no mencionado como permitido.", "srid": "EPSG: 4326" }, "geometry": { "type": "MultiPolygon", "coordinates": [ [ [ [ -70.582940151139852, -33.517195344726716 ], [ -70.583115843071496, -33.517241338597245 ], [ -70.583181032180306, -33.517153543856928 ], [ -70.583467042291744, -33.51676592168748 ], [ -70.582946559116323, -33.516661544262575 ], [ -70.582884047739341, -33.517103301657514 ], [ -70.582890471517914, -33.517153684007056 ], [ -70.582940151139852, -33.517195344726716 ] ] ] ] } },
{ "type": "Feature", "properties": { "objectid": 16937, "cod_region": "13", "region": "Región Metropolitana De Santiago", "cut_provincia": "131", "provincia": "Santiago", "cut_comuna": "13110", "comuna": "La Florida", "zona": "PL", "nombre_zona": "PL Zona de Plazas", "uperm": "Espacio público y áreas verdes.", "uproh": "Todo uso no mencionado como permitido.", "srid": "EPSG: 4326" }, "geometry": { "type": "MultiPolygon", "coordinates": [ [ [ [ -70.583232435108329, -33.514627867298046 ], [ -70.583738893239399, -33.514680860206788 ], [ -70.583778903873551, -33.51439467484628 ], [ -70.583277887757248, -33.514343881500082 ], [ -70.583232435108329, -33.514627867298046 ] ] ] ] } },
{ "type": "Feature", "properties": { "objectid": 16938, "cod_region": "13", "region": "Región Metropolitana De Santiago", "cut_provincia": "131", "provincia": "Santiago", "cut_comuna": "13110", "comuna": "La Florida", "zona": "PL", "nombre_zona": "PL Zona de Plazas", "uperm": "Espacio público y áreas verdes.", "uproh": "Todo uso no mencionado como permitido.", "srid": "EPSG: 4326" }, "geometry": { "type": "MultiPolygon", "coordinates": [ [ [ [ -70.581230533892864, -33.51459482022522 ], [ -70.58174369035558, -33.514627039754835 ], [ -70.581774244073799, -33.514364746090926 ], [ -70.581268461471709, -33.514310143835807 ], [ -70.581230533892864, -33.51459482022522 ] ] ] ] } },
{ "type": "Feature", "properties": { "objectid": 16939, "cod_region": "13", "region": "Región Metropolitana De Santiago", "cut_provincia": "131", "provincia": "Santiago", "cut_comuna": "13110", "comuna": "La Florida", "zona": "PL", "nombre_zona": "PL Zona de Plazas", "uperm": "Espacio público y áreas verdes.", "uproh": "Todo uso no mencionado como permitido.", "srid": "EPSG: 4326" }, "geometry": { "type": "MultiPolygon", "coordinates": [ [ [ [ -70.580075304799252, -33.515881899256826 ], [ -70.580551259926736, -33.515932690700254 ], [ -70.58060376096887, -33.51563515604974 ], [ -70.58011967254987, -33.515583777749526 ], [ -70.580075304799252, -33.515881899256826 ] ] ] ] } },
{ "type": "Feature", "properties": { "objectid": 16940, "cod_region": "13", "region": "Región Metropolitana De Santiago", "cut_provincia": "131", "provincia": "Santiago", "cut_comuna": "13110", "comuna": "La Florida", "zona": "PL", "nombre_zona": "PL Zona de Plazas", "uperm": "Espacio público y áreas verdes.", "uproh": "Todo uso no mencionado como permitido.", "srid": "EPSG: 4326" }, "geometry": { "type": "MultiPolygon", "coordinates": [ [ [ [ -70.579052493553888, -33.515777296418534 ], [ -70.579563379090544, -33.515831948933233 ], [ -70.57960208805649, -33.515537816393085 ], [ -70.57909312340793, -33.515493506932792 ], [ -70.579052493553888, -33.515777296418534 ] ] ] ] } },
{ "type": "Feature", "properties": { "objectid": 16941, "cod_region": "13", "region": "Región Metropolitana De Santiago", "cut_provincia": "131", "provincia": "Santiago", "cut_comuna": "13110", "comuna": "La Florida", "zona": "PL", "nombre_zona": "PL Zona de Plazas", "uperm": "Espacio público y áreas verdes.", "uproh": "Todo uso no mencionado como permitido.", "srid": "EPSG: 4326" }, "geometry": { "type": "MultiPolygon", "coordinates": [ [ [ [ -70.575235498489448, -33.516725214453892 ], [ -70.575342319438789, -33.517217321009134 ], [ -70.57628078227998, -33.517091427530865 ], [ -70.576367988381534, -33.516837356467363 ], [ -70.576418114911149, -33.516656540301142 ], [ -70.575708543898173, -33.516526842060443 ], [ -70.575487279337963, -33.516637472474059 ], [ -70.575326531366827, -33.516697037749374 ], [ -70.575235498489448, -33.516725214453892 ] ] ] ] } },
{ "type": "Feature", "properties": { "objectid": 16946, "cod_region": "13", "region": "Región Metropolitana De Santiago", "cut_provincia": "131", "provincia": "Santiago", "cut_comuna": "13110", "comuna": "La Florida", "zona": "U-EC3", "nombre_zona": "U-EC3 Zona de Equipamiento Comunal N°3", "uperm": "Residencial; equipamiento de culto, deporte, educación, esparcimiento, salud, seguridad, servicios, social y científico; infraestructura de transporte y de energía; espacio público y áreas verdes.", "uproh": "Todo uso no mencionado como permitido.", "srid": "EPSG: 4326" }, "geometry": { "type": "MultiPolygon", "coordinates": [ [ [ [ -70.575694314525975, -33.527150920369387 ], [ -70.575581861835303, -33.527419048645285 ], [ -70.575295229024618, -33.527324439604364 ], [ -70.574841968631944, -33.528136213217252 ], [ -70.576067857585514, -33.528577650950055 ], [ -70.576178634077451, -33.528623613868007 ], [ -70.576654751091453, -33.527433466214937 ], [ -70.576661235990741, -33.527418548589168 ], [ -70.576208045361795, -33.527291767653772 ], [ -70.575694314525975, -33.527150920369387 ] ] ] ] } },
{ "type": "Feature", "properties": { "objectid": 16947, "cod_region": "13", "region": "Región Metropolitana De Santiago", "cut_provincia": "131", "provincia": "Santiago", "cut_comuna": "13110", "comuna": "La Florida", "zona": "PL", "nombre_zona": "PL Zona de Plazas", "uperm": "Espacio público y áreas verdes.", "uproh": "Todo uso no mencionado como permitido.", "srid": "EPSG: 4326" }, "geometry": { "type": "MultiPolygon", "coordinates": [ [ [ [ -70.576208045361795, -33.527291767653772 ], [ -70.576661235990741, -33.527418548589168 ], [ -70.577378695968065, -33.525767907455972 ], [ -70.577817532909762, -33.52472710385257 ], [ -70.578185548673929, -33.523835649285026 ], [ -70.577621018427905, -33.523607718266945 ], [ -70.577378980842795, -33.524057373866647 ], [ -70.577478720946146, -33.524099183618887 ], [ -70.57721931171352, -33.524526440571456 ], [ -70.577245719441819, -33.524674732567739 ], [ -70.577040555176822, -33.524935342157363 ], [ -70.57711794619992, -33.524966360564036 ], [ -70.576869977135772, -33.525386833646699 ], [ -70.576978090551947, -33.525431623197917 ], [ -70.576723247558988, -33.525853630061562 ], [ -70.576830205801897, -33.525899765536487 ], [ -70.576364792409848, -33.526666541208819 ], [ -70.576418202011297, -33.52671613272495 ], [ -70.576416719400129, -33.526753871421739 ], [ -70.576219830791857, -33.527074724605804 ], [ -70.576172112786338, -33.527158875474534 ], [ -70.576231396297857, -33.527193212741878 ], [ -70.576208045361795, -33.527291767653772 ] ] ] ] } },
{ "type": "Feature", "properties": { "objectid": 16948, "cod_region": "13", "region": "Región Metropolitana De Santiago", "cut_provincia": "131", "provincia": "Santiago", "cut_comuna": "13110", "comuna": "La Florida", "zona": "ED-4", "nombre_zona": "ED-4 Estadio de Caja de Compensación La Araucana", "uperm": "Equipamiento de comercio y deporte; espacio público y áreas verdes.", "uproh": "Residencial; equipamiento; actividad productiva; infraestructura.", "srid": "EPSG: 4326" }, "geometry": { "type": "MultiPolygon", "coordinates": [ [ [ [ -70.565728866961891, -33.527036639250177 ], [ -70.568742636915488, -33.527383766810502 ], [ -70.569648811582553, -33.525218094872599 ], [ -70.569613040672863, -33.524781650248705 ], [ -70.569520841671576, -33.523656716268022 ], [ -70.569414017039705, -33.522420725851454 ], [ -70.569154603165131, -33.522394023823992 ], [ -70.568506803365679, -33.522390806245163 ], [ -70.567621015282768, -33.522386401971211 ], [ -70.565728866961891, -33.527036639250177 ] ] ] ] } },
{ "type": "Feature", "properties": { "objectid": 16949, "cod_region": "13", "region": "Región Metropolitana De Santiago", "cut_provincia": "131", "provincia": "Santiago", "cut_comuna": "13110", "comuna": "La Florida", "zona": "U-VEV4", "nombre_zona": "U-VEV4 Zona de Vivienda y Equipamiento Vecinal N°4", "uperm": "Residencial; equip. de comercio, culto, deporte, educación, esparcimiento, salud, seguridad, servicios, social, oficina y turismo; act. productiva peligrosa, contaminante y molesta; infr. de transporte; espacio público y áreas verdes.", "uproh": "Todo uso no mencionado como permitido.", "srid": "EPSG: 4326" }, "geometry": { "type": "MultiPolygon", "coordinates": [ [ [ [ -70.582918670031944, -33.513364338312144 ], [ -70.583933432684461, -33.513383407470464 ], [ -70.58412416374253, -33.511956675464894 ], [ -70.583620596360916, -33.511899456999167 ], [ -70.583186442411147, -33.511859806011586 ], [ -70.583135995606398, -33.511852929603371 ], [ -70.583094143904844, -33.512151237336845 ], [ -70.583017850576226, -33.512712011369523 ], [ -70.582918670031944, -33.513364338312144 ] ] ] ] } },
{ "type": "Feature", "properties": { "objectid": 16950, "cod_region": "13", "region": "Región Metropolitana De Santiago", "cut_provincia": "131", "provincia": "Santiago", "cut_comuna": "13110", "comuna": "La Florida", "zona": "PL", "nombre_zona": "PL Zona de Plazas", "uperm": "Espacio público y áreas verdes.", "uproh": "Todo uso no mencionado como permitido.", "srid": "EPSG: 4326" }, "geometry": { "type": "MultiPolygon", "coordinates": [ [ [ [ -70.585256828777048, -33.528615977559369 ], [ -70.585365144797052, -33.52861572708553 ], [ -70.585391244171149, -33.528588601492466 ], [ -70.585414310021619, -33.528542529507412 ], [ -70.585435276612088, -33.528444102772518 ], [ -70.585491832994194, -33.528165762490069 ], [ -70.585544950196933, -33.527912924745927 ], [ -70.585555614390913, -33.527870324840734 ], [ -70.585561539000636, -33.527834825273885 ], [ -70.585561936822316, -33.527797042712407 ], [ -70.585524807052266, -33.527780391583164 ], [ -70.585490060813726, -33.527775040457996 ], [ -70.585291415580215, -33.527739220160321 ], [ -70.585192165678251, -33.527726057973041 ], [ -70.584958763738598, -33.527687601448093 ], [ -70.584869224355771, -33.527677864290155 ], [ -70.584833089010687, -33.527679822920256 ], [ -70.584819583545013, -33.527704225123706 ], [ -70.584801223218903, -33.527758093484813 ], [ -70.58478918429546, -33.527821916452645 ], [ -70.584731940069076, -33.528142697058023 ], [ -70.584674738679226, -33.52840470421053 ], [ -70.584668133097622, -33.528448699533243 ], [ -70.584674820212882, -33.528495810088188 ], [ -70.58468985526315, -33.528517108172032 ], [ -70.584752062529276, -33.528531695366951 ], [ -70.585011109064382, -33.528577927780759 ], [ -70.585256828777048, -33.528615977559369 ] ] ] ] } },
{ "type": "Feature", "properties": { "objectid": 16951, "cod_region": "13", "region": "Región Metropolitana De Santiago", "cut_provincia": "131", "provincia": "Santiago", "cut_comuna": "13110", "comuna": "La Florida", "zona": "U-EC3", "nombre_zona": "U-EC3 Zona de Equipamiento Comunal N°3", "uperm": "Residencial; equipamiento de culto, deporte, educación, esparcimiento, salud, seguridad, servicios, social y científico; infraestructura de transporte y de energía; espacio público y áreas verdes.", "uproh": "Todo uso no mencionado como permitido.", "srid": "EPSG: 4326" }, "geometry": { "type": "MultiPolygon", "coordinates": [ [ [ [ -70.572889741034672, -33.533083579553953 ], [ -70.572042497989969, -33.535224139964413 ], [ -70.570247897879867, -33.535031459392187 ], [ -70.570211021077213, -33.535556074363207 ], [ -70.57100127191336, -33.53558014950773 ], [ -70.571739672121097, -33.53558439374234 ], [ -70.571956979171986, -33.535588656532184 ], [ -70.571767024390041, -33.536210210035783 ], [ -70.572563521029181, -33.536228169798854 ], [ -70.573126810399913, -33.536326289532866 ], [ -70.574061776839542, -33.53416626124114 ], [ -70.574331579733496, -33.533309109577672 ], [ -70.574265731089355, -33.533298810181556 ], [ -70.572889741034672, -33.533083579553953 ] ] ] ] } },
{ "type": "Feature", "properties": { "objectid": 16952, "cod_region": "13", "region": "Región Metropolitana De Santiago", "cut_provincia": "131", "provincia": "Santiago", "cut_comuna": "13110", "comuna": "La Florida", "zona": "U-EC3", "nombre_zona": "U-EC3 Zona de Equipamiento Comunal N°3", "uperm": "Residencial; equipamiento de culto, deporte, educación, esparcimiento, salud, seguridad, servicios, social y científico; infraestructura de transporte y de energía; espacio público y áreas verdes.", "uproh": "Todo uso no mencionado como permitido.", "srid": "EPSG: 4326" }, "geometry": { "type": "MultiPolygon", "coordinates": [ [ [ [ -70.571494867693843, -33.540537071059255 ], [ -70.573174460070177, -33.540527421813337 ], [ -70.573255614862788, -33.540197835544156 ], [ -70.573314329770639, -33.539959386131812 ], [ -70.573374027436955, -33.539716945342924 ], [ -70.572817054581733, -33.539705504368058 ], [ -70.571867596914245, -33.539732937108958 ], [ -70.571680999629734, -33.539755842482862 ], [ -70.571348415699589, -33.540538848813753 ], [ -70.571494867693843, -33.540537071059255 ] ] ] ] } },
{ "type": "Feature", "properties": { "objectid": 16953, "cod_region": "13", "region": "Región Metropolitana De Santiago", "cut_provincia": "131", "provincia": "Santiago", "cut_comuna": "13110", "comuna": "La Florida", "zona": "U-EC3", "nombre_zona": "U-EC3 Zona de Equipamiento Comunal N°3", "uperm": "Residencial; equipamiento de culto, deporte, educación, esparcimiento, salud, seguridad, servicios, social y científico; infraestructura de transporte y de energía; espacio público y áreas verdes.", "uproh": "Todo uso no mencionado como permitido.", "srid": "EPSG: 4326" }, "geometry": { "type": "MultiPolygon", "coordinates": [ [ [ [ -70.589662739850141, -33.535219653020313 ], [ -70.589533474990446, -33.535483331215794 ], [ -70.588969033352456, -33.535293261937753 ], [ -70.588857481666864, -33.535538918244249 ], [ -70.588770910881053, -33.535738028205628 ], [ -70.58865340296866, -33.535995161619404 ], [ -70.589212652829204, -33.536177004823045 ], [ -70.589317850704347, -33.53597212187416 ], [ -70.589868015496137, -33.536160813536775 ], [ -70.589963974819341, -33.535950194059197 ], [ -70.590527347609566, -33.536118012695063 ], [ -70.590616042751918, -33.53592737667563 ], [ -70.591172358656564, -33.536113644141572 ], [ -70.59138724957937, -33.535668067113988 ], [ -70.59140318996792, -33.535635014209092 ], [ -70.591507997361248, -33.535401213020322 ], [ -70.590947811582836, -33.535221863191893 ], [ -70.590850695634444, -33.535410266511391 ], [ -70.590293646298093, -33.535240995467525 ], [ -70.59022155272794, -33.535396795233929 ], [ -70.589662739850141, -33.535219653020313 ] ] ] ] } },
{ "type": "Feature", "properties": { "objectid": 16954, "cod_region": "13", "region": "Región Metropolitana De Santiago", "cut_provincia": "131", "provincia": "Santiago", "cut_comuna": "13110", "comuna": "La Florida", "zona": "U-EC3", "nombre_zona": "U-EC3 Zona de Equipamiento Comunal N°3", "uperm": "Residencial; equipamiento de culto, deporte, educación, esparcimiento, salud, seguridad, servicios, social y científico; infraestructura de transporte y de energía; espacio público y áreas verdes.", "uproh": "Todo uso no mencionado como permitido.", "srid": "EPSG: 4326" }, "geometry": { "type": "MultiPolygon", "coordinates": [ [ [ [ -70.587665071054218, -33.535325993695132 ], [ -70.587571757452451, -33.53553422741124 ], [ -70.5870064716066, -33.535394096649412 ], [ -70.58690917477935, -33.53557314380884 ], [ -70.586354643929951, -33.53538076299585 ], [ -70.586250802551078, -33.535609731929803 ], [ -70.585677221017335, -33.535420486991569 ], [ -70.585591436204609, -33.535618098576947 ], [ -70.585028062824946, -33.535444913035064 ], [ -70.584930716370806, -33.535653917950015 ], [ -70.584370996035958, -33.535483997742553 ], [ -70.584296038903105, -33.535662755254073 ], [ -70.583730458361913, -33.535468633603031 ], [ -70.58361440018993, -33.535723518232729 ], [ -70.583042595988161, -33.535557137402726 ], [ -70.582911436311036, -33.535717896242303 ], [ -70.582412816016557, -33.535541488212779 ], [ -70.582309287380625, -33.535768761793534 ], [ -70.581736194374514, -33.535611265319474 ], [ -70.581672062957551, -33.535771166547754 ], [ -70.581100019941033, -33.535588005787183 ], [ -70.580996545873845, -33.535817227374196 ], [ -70.579852373301122, -33.535485973582169 ], [ -70.579690909982929, -33.535841838817568 ], [ -70.579577016545215, -33.536092858568914 ], [ -70.579461187523876, -33.536349809865321 ], [ -70.580008449495608, -33.536519394575599 ], [ -70.58008930085353, -33.536356941450009 ], [ -70.580656623342378, -33.536562380837395 ], [ -70.580771520334991, -33.536311734220625 ], [ -70.581306785323378, -33.536481764829148 ], [ -70.581420638576532, -33.536290813748494 ], [ -70.581850642227224, -33.536432707598614 ], [ -70.581972745802176, -33.536234632617145 ], [ -70.582080756140627, -33.536269325464815 ], [ -70.582630384592292, -33.536450814735481 ], [ -70.582719097656266, -33.53626018567072 ], [ -70.583295269913606, -33.536427888237469 ], [ -70.583391647499056, -33.536214683620535 ], [ -70.583936583467263, -33.536384983113415 ], [ -70.584025293529507, -33.536194351393085 ], [ -70.584609934648029, -33.536382672396364 ], [ -70.584697773810234, -33.536181105019352 ], [ -70.585251414341172, -33.536333063201724 ], [ -70.585348372731616, -33.536135306970849 ], [ -70.58591612608565, -33.536328390413793 ], [ -70.58602206836089, -33.536104041042265 ], [ -70.586591636659122, -33.536294839947132 ], [ -70.586663453742915, -33.536097406716998 ], [ -70.587232395252798, -33.536279531527718 ], [ -70.587333030764341, -33.536060679905511 ], [ -70.587922963438899, -33.536228644308665 ], [ -70.58799503726901, -33.536045242146955 ], [ -70.58855051258584, -33.536220307261267 ], [ -70.58865340296866, -33.535995161619404 ], [ -70.588770910881053, -33.535738028205628 ], [ -70.588857481666864, -33.535538918244249 ], [ -70.588313376678045, -33.535367980504361 ], [ -70.588204055944956, -33.535500391751981 ], [ -70.587665071054218, -33.535325993695132 ] ] ] ] } },
{ "type": "Feature", "properties": { "objectid": 16955, "cod_region": "13", "region": "Región Metropolitana De Santiago", "cut_provincia": "131", "provincia": "Santiago", "cut_comuna": "13110", "comuna": "La Florida", "zona": "U-EC3", "nombre_zona": "U-EC3 Zona de Equipamiento Comunal N°3", "uperm": "Residencial; equipamiento de culto, deporte, educación, esparcimiento, salud, seguridad, servicios, social y científico; infraestructura de transporte y de energía; espacio público y áreas verdes.", "uproh": "Todo uso no mencionado como permitido.", "srid": "EPSG: 4326" }, "geometry": { "type": "MultiPolygon", "coordinates": [ [ [ [ -70.574764964794625, -33.535249326586026 ], [ -70.574371733327695, -33.536127704763253 ], [ -70.574917017519667, -33.536282476145381 ], [ -70.575007147620667, -33.536169034228507 ], [ -70.575569801287131, -33.536347135638756 ], [ -70.575612765235135, -33.536245802613429 ], [ -70.57615988661577, -33.536421063428328 ], [ -70.576207737916022, -33.536287104860413 ], [ -70.576803739544786, -33.536469956134205 ], [ -70.576903553443486, -33.53623914137362 ], [ -70.578064093301336, -33.536584509545847 ], [ -70.578147638828, -33.536401991941545 ], [ -70.57869335628375, -33.536557226193125 ], [ -70.578799346370261, -33.536394451520003 ], [ -70.579357881728285, -33.536578976590775 ], [ -70.579461187523876, -33.536349809865321 ], [ -70.579577016545215, -33.536092858568914 ], [ -70.579690909982929, -33.535841838817568 ], [ -70.579111365971428, -33.535672844708031 ], [ -70.579014733893686, -33.535889306809551 ], [ -70.578481623675358, -33.535736961339879 ], [ -70.57842857960631, -33.535788365285981 ], [ -70.578356759876868, -33.535933715459066 ], [ -70.577718911110068, -33.535776570358223 ], [ -70.577676356495289, -33.535856070171143 ], [ -70.577154341090719, -33.535664921699684 ], [ -70.57710400791278, -33.535779472474026 ], [ -70.576521782029602, -33.535618116223858 ], [ -70.57647322978174, -33.53571348208127 ], [ -70.575914050391546, -33.535542264724612 ], [ -70.575769403364959, -33.535548735740136 ], [ -70.574764964794625, -33.535249326586026 ] ] ] ] } },
{ "type": "Feature", "properties": { "objectid": 16956, "cod_region": "13", "region": "Región Metropolitana De Santiago", "cut_provincia": "131", "provincia": "Santiago", "cut_comuna": "13110", "comuna": "La Florida", "zona": "U-EC3", "nombre_zona": "U-EC3 Zona de Equipamiento Comunal N°3", "uperm": "Residencial; equipamiento de culto, deporte, educación, esparcimiento, salud, seguridad, servicios, social y científico; infraestructura de transporte y de energía; espacio público y áreas verdes.", "uproh": "Todo uso no mencionado como permitido.", "srid": "EPSG: 4326" }, "geometry": { "type": "MultiPolygon", "coordinates": [ [ [ [ -70.572604805706462, -33.537582194104033 ], [ -70.571680999629734, -33.539755842482862 ], [ -70.571867596914245, -33.539732937108958 ], [ -70.572817054581733, -33.539705504368058 ], [ -70.573702092319905, -33.537649328340493 ], [ -70.574007276776683, -33.536966481036266 ], [ -70.574371733327695, -33.536127704763253 ], [ -70.574764964794625, -33.535249326586026 ], [ -70.574907573676541, -33.534937008457675 ], [ -70.575029648308259, -33.534605120226061 ], [ -70.575182241188855, -33.534299936282451 ], [ -70.574701564610308, -33.534246533702408 ], [ -70.574061776839542, -33.53416626124114 ], [ -70.573126810399913, -33.536326289532866 ], [ -70.572868473771067, -33.536869987564195 ], [ -70.572604805706462, -33.537582194104033 ] ] ] ] } },
{ "type": "Feature", "properties": { "objectid": 16981, "cod_region": "13", "region": "Región Metropolitana De Santiago", "cut_provincia": "131", "provincia": "Santiago", "cut_comuna": "13110", "comuna": "La Florida", "zona": "PL", "nombre_zona": "PL Zona de Plazas", "uperm": "Espacio público y áreas verdes.", "uproh": "Todo uso no mencionado como permitido.", "srid": "EPSG: 4326" }, "geometry": { "type": "MultiPolygon", "coordinates": [ [ [ [ -70.592410569569722, -33.564238281238431 ], [ -70.592417632560753, -33.564238670125832 ], [ -70.592475869300955, -33.563839204782539 ], [ -70.592471603284139, -33.563837726582726 ], [ -70.590823567708057, -33.563677517114805 ], [ -70.590801954343888, -33.563839626479272 ], [ -70.590783303744956, -33.563979500364972 ], [ -70.590770161770578, -33.564078068637222 ], [ -70.592410569569722, -33.564238281238431 ] ] ] ] } },
{ "type": "Feature", "properties": { "objectid": 16957, "cod_region": "13", "region": "Región Metropolitana De Santiago", "cut_provincia": "131", "provincia": "Santiago", "cut_comuna": "13110", "comuna": "La Florida", "zona": "U-EC3", "nombre_zona": "U-EC3 Zona de Equipamiento Comunal N°3", "uperm": "Residencial; equipamiento de culto, deporte, educación, esparcimiento, salud, seguridad, servicios, social y científico; infraestructura de transporte y de energía; espacio público y áreas verdes.", "uproh": "Todo uso no mencionado como permitido.", "srid": "EPSG: 4326" }, "geometry": { "type": "MultiPolygon", "coordinates": [ [ [ [ -70.574701564610308, -33.534246533702408 ], [ -70.575182241188855, -33.534299936282451 ], [ -70.575327616513746, -33.534025709894557 ], [ -70.575533206643783, -33.533666679531422 ], [ -70.575678169591669, -33.533411087917635 ], [ -70.575746838472455, -33.533212718546672 ], [ -70.575786999601561, -33.533094513671287 ], [ -70.576132937768719, -33.532076301573198 ], [ -70.576052021838848, -33.532064464307517 ], [ -70.575373918997215, -33.531962270261808 ], [ -70.574806195057803, -33.531883358850166 ], [ -70.574658951164793, -33.53232400088163 ], [ -70.574361046519485, -33.533215495045141 ], [ -70.574331579733496, -33.533309109577672 ], [ -70.574061776839542, -33.53416626124114 ], [ -70.574701564610308, -33.534246533702408 ] ] ] ] } },
{ "type": "Feature", "properties": { "objectid": 16958, "cod_region": "13", "region": "Región Metropolitana De Santiago", "cut_provincia": "131", "provincia": "Santiago", "cut_comuna": "13110", "comuna": "La Florida", "zona": "U-EC4", "nombre_zona": "U-EC4 Zona de Equipamiento Comunal N°4", "uperm": "Residencial; equipamiento de comercio, culto, deporte, educación, esparcimiento, salud, seguridad, servicios y social; actividad productiva inofensiva; infraestructura de transporte, sanitaria y de energía; espacio público y áreas verdes.", "uproh": "Todo uso no mencionado como permitido.", "srid": "EPSG: 4326" }, "geometry": { "type": "MultiPolygon", "coordinates": [ [ [ [ -70.585424910572542, -33.544020945618819 ], [ -70.585235585610732, -33.545056387003356 ], [ -70.584607112494709, -33.54506443332702 ], [ -70.584654435389993, -33.547172501052657 ], [ -70.584660491240328, -33.54717231170423 ], [ -70.584659372071854, -33.547235834208607 ], [ -70.586652477638637, -33.547174238201642 ], [ -70.586651584268296, -33.547109992985263 ], [ -70.586642728125469, -33.546473069769 ], [ -70.586627867517947, -33.54540431162561 ], [ -70.58646891201667, -33.544476161721335 ], [ -70.585993070029559, -33.544489253437781 ], [ -70.586036145594079, -33.544104036124004 ], [ -70.585819036237254, -33.544106817495766 ], [ -70.585825724521868, -33.544015811806958 ], [ -70.585424910572542, -33.544020945618819 ] ] ] ] } },
{ "type": "Feature", "properties": { "objectid": 16959, "cod_region": "13", "region": "Región Metropolitana De Santiago", "cut_provincia": "131", "provincia": "Santiago", "cut_comuna": "13110", "comuna": "La Florida", "zona": "PL", "nombre_zona": "PL Zona de Plazas", "uperm": "Espacio público y áreas verdes.", "uproh": "Todo uso no mencionado como permitido.", "srid": "EPSG: 4326" }, "geometry": { "type": "MultiPolygon", "coordinates": [ [ [ [ -70.593545809741329, -33.554537723548897 ], [ -70.593593103899039, -33.55454490457813 ], [ -70.593945428944281, -33.554270656906752 ], [ -70.593080136201863, -33.554155008051531 ], [ -70.593010289860189, -33.554439228365801 ], [ -70.593545809741329, -33.554537723548897 ] ] ] ] } },
{ "type": "Feature", "properties": { "objectid": 16960, "cod_region": "13", "region": "Región Metropolitana De Santiago", "cut_provincia": "131", "provincia": "Santiago", "cut_comuna": "13110", "comuna": "La Florida", "zona": "U-VEV4", "nombre_zona": "U-VEV4 Zona de Vivienda y Equipamiento Vecinal N°4", "uperm": "Residencial; equip. de comercio, culto, deporte, educación, esparcimiento, salud, seguridad, servicios, social, oficina y turismo; act. productiva peligrosa, contaminante y molesta; infr. de transporte; espacio público y áreas verdes.", "uproh": "Todo uso no mencionado como permitido.", "srid": "EPSG: 4326" }, "geometry": { "type": "MultiPolygon", "coordinates": [ [ [ [ -70.594421572417971, -33.553675850302042 ], [ -70.594954770862032, -33.553696223010988 ], [ -70.594946476888097, -33.553296157918417 ], [ -70.594432306598506, -33.55329342492805 ], [ -70.594251978662768, -33.553211528457197 ], [ -70.593737465093412, -33.553190080605802 ], [ -70.59372894562631, -33.553648450430927 ], [ -70.594317328815265, -33.553671866907898 ], [ -70.594421572417971, -33.553675850302042 ] ] ] ] } },
{ "type": "Feature", "properties": { "objectid": 16961, "cod_region": "13", "region": "Región Metropolitana De Santiago", "cut_provincia": "131", "provincia": "Santiago", "cut_comuna": "13110", "comuna": "La Florida", "zona": "U-VEV4", "nombre_zona": "U-VEV4 Zona de Vivienda y Equipamiento Vecinal N°4", "uperm": "Residencial; equip. de comercio, culto, deporte, educación, esparcimiento, salud, seguridad, servicios, social, oficina y turismo; act. productiva peligrosa, contaminante y molesta; infr. de transporte; espacio público y áreas verdes.", "uproh": "Todo uso no mencionado como permitido.", "srid": "EPSG: 4326" }, "geometry": { "type": "MultiPolygon", "coordinates": [ [ [ [ -70.58995870479886, -33.551909870615631 ], [ -70.589938244142147, -33.552013069132428 ], [ -70.58967007393278, -33.552016513441707 ], [ -70.589653408768868, -33.553499448059135 ], [ -70.590059935588172, -33.553514112506647 ], [ -70.590329973058189, -33.553523852260199 ], [ -70.590601843421297, -33.553531573943111 ], [ -70.591017773126296, -33.553548800929939 ], [ -70.591806234192703, -33.553581298149417 ], [ -70.593209700360759, -33.553627784610292 ], [ -70.593080136201863, -33.554155008051531 ], [ -70.593945428944281, -33.554270656906752 ], [ -70.593593103899039, -33.55454490457813 ], [ -70.593545809741329, -33.554537723548897 ], [ -70.59344193677174, -33.555035503954109 ], [ -70.593430781030392, -33.555088873010412 ], [ -70.593348956687322, -33.555540555190269 ], [ -70.593303249769406, -33.555773806007487 ], [ -70.593303098137369, -33.555774581721252 ], [ -70.594060550991642, -33.555868093640882 ], [ -70.59411193809494, -33.555628297059769 ], [ -70.59413577053607, -33.555499911801284 ], [ -70.594184792174929, -33.555211179514558 ], [ -70.59419967940913, -33.555126784811151 ], [ -70.59424926719953, -33.554892040786633 ], [ -70.59435844098256, -33.554351632786378 ], [ -70.594401857538472, -33.554136716241722 ], [ -70.594421572417971, -33.553675850302042 ], [ -70.594317328815265, -33.553671866907898 ], [ -70.59372894562631, -33.553648450430927 ], [ -70.593737465093412, -33.553190080605802 ], [ -70.593792656090869, -33.551935426173856 ], [ -70.593608340093468, -33.551939399113458 ], [ -70.592654614954213, -33.551924141557762 ], [ -70.58995870479886, -33.551909870615631 ] ] ] ] } },
{ "type": "Feature", "properties": { "objectid": 16962, "cod_region": "13", "region": "Región Metropolitana De Santiago", "cut_provincia": "131", "provincia": "Santiago", "cut_comuna": "13110", "comuna": "La Florida", "zona": "U-VEV4", "nombre_zona": "U-VEV4 Zona de Vivienda y Equipamiento Vecinal N°4", "uperm": "Residencial; equip. de comercio, culto, deporte, educación, esparcimiento, salud, seguridad, servicios, social, oficina y turismo; act. productiva peligrosa, contaminante y molesta; infr. de transporte; espacio público y áreas verdes.", "uproh": "Todo uso no mencionado como permitido.", "srid": "EPSG: 4326" }, "geometry": { "type": "MultiPolygon", "coordinates": [ [ [ [ -70.59435844098256, -33.554351632786378 ], [ -70.59424926719953, -33.554892040786633 ], [ -70.59419967940913, -33.555126784811151 ], [ -70.594184792174929, -33.555211179514558 ], [ -70.59413577053607, -33.555499911801284 ], [ -70.59411193809494, -33.555628297059769 ], [ -70.594060550991642, -33.555868093640882 ], [ -70.593303098137369, -33.555774581721252 ], [ -70.593265948187849, -33.555964160839615 ], [ -70.593776230473168, -33.556028850324012 ], [ -70.595201786106244, -33.556240569829072 ], [ -70.595458071410732, -33.554982694219341 ], [ -70.595534202560358, -33.55460903210529 ], [ -70.595715218657418, -33.553720569199989 ], [ -70.595517593815174, -33.55372010020217 ], [ -70.594954770862032, -33.553696223010988 ], [ -70.594421572417971, -33.553675850302042 ], [ -70.594401857538472, -33.554136716241722 ], [ -70.59435844098256, -33.554351632786378 ] ], [ [ -70.595347955501822, -33.554579222481593 ], [ -70.595312154599682, -33.554768973258618 ], [ -70.595017508004219, -33.55473682399154 ], [ -70.59505100596968, -33.554546682717366 ], [ -70.595347955501822, -33.554579222481593 ] ] ] ] } },
{ "type": "Feature", "properties": { "objectid": 16963, "cod_region": "13", "region": "Región Metropolitana De Santiago", "cut_provincia": "131", "provincia": "Santiago", "cut_comuna": "13110", "comuna": "La Florida", "zona": "ED-1", "nombre_zona": "ED-1 Estadio Entel", "uperm": "Equipamiento de comercio y deporte; espacio público y áreas verdes.", "uproh": "Residencial; equipamiento; actividad productiva; infraestructura.", "srid": "EPSG: 4326" }, "geometry": { "type": "MultiPolygon", "coordinates": [ [ [ [ -70.587701856323733, -33.557423625258622 ], [ -70.587698263422581, -33.557429477271576 ], [ -70.587735109762278, -33.557426910582393 ], [ -70.587832634148683, -33.557436542674253 ], [ -70.58835146036165, -33.557489946932122 ], [ -70.589175480433255, -33.557573865907209 ], [ -70.589894004348963, -33.557649048601085 ], [ -70.5901077235023, -33.556242606486002 ], [ -70.587945538647787, -33.556170547989105 ], [ -70.587701856323733, -33.557423625258622 ] ] ] ] } },
{ "type": "Feature", "properties": { "objectid": 16964, "cod_region": "13", "region": "Región Metropolitana De Santiago", "cut_provincia": "131", "provincia": "Santiago", "cut_comuna": "13110", "comuna": "La Florida", "zona": "R-3/AV5", "nombre_zona": "R-3/AV5 Zona de Riesgo por Derrumbe y Asentamiento de Suelo/ Área Verde Ex Pozo de Áridos", "uperm": "Zona de riesgo, según PRMS.", "uproh": "Zona de riesgo, según PRMS.", "srid": "EPSG: 4326" }, "geometry": { "type": "MultiPolygon", "coordinates": [ [ [ [ -70.599614865812185, -33.564461826408007 ], [ -70.599587333355615, -33.564825574372634 ], [ -70.599937949669425, -33.564317339737322 ], [ -70.60049137706558, -33.563515108576645 ], [ -70.600427780800743, -33.56351023512353 ], [ -70.600216288764656, -33.563494026321763 ], [ -70.599690887960648, -33.563453758197056 ], [ -70.599684824164171, -33.563534179560449 ], [ -70.59964645266993, -33.564042992564197 ], [ -70.599614865812185, -33.564461826408007 ] ] ] ] } },
{ "type": "Feature", "properties": { "objectid": 16965, "cod_region": "13", "region": "Región Metropolitana De Santiago", "cut_provincia": "131", "provincia": "Santiago", "cut_comuna": "13110", "comuna": "La Florida", "zona": "R-3/AV5", "nombre_zona": "R-3/AV5 Zona de Riesgo por Derrumbe y Asentamiento de Suelo/ Área Verde Ex Pozo de Áridos", "uperm": "Zona de riesgo, según PRMS.", "uproh": "Zona de riesgo, según PRMS.", "srid": "EPSG: 4326" }, "geometry": { "type": "MultiPolygon", "coordinates": [ [ [ [ -70.604836501834427, -33.563098224695977 ], [ -70.604749942283902, -33.563762672546815 ], [ -70.602481370427029, -33.563642244336592 ], [ -70.602474976490385, -33.563641859986198 ], [ -70.600944575912777, -33.563549839472735 ], [ -70.600659742056308, -33.563528011316109 ], [ -70.599431537379715, -33.565308156887873 ], [ -70.600162447349732, -33.565367410683898 ], [ -70.600600516894914, -33.565402701726768 ], [ -70.602765875345369, -33.565577123307527 ], [ -70.602352494617321, -33.56786872391428 ], [ -70.60245281306085, -33.567898611573305 ], [ -70.602617887456262, -33.56794779091701 ], [ -70.603336627450673, -33.568146984595856 ], [ -70.604123134396204, -33.568321294668152 ], [ -70.604594884542109, -33.568423043164557 ], [ -70.606157137723599, -33.568799487328128 ], [ -70.60635490468907, -33.568847315631423 ], [ -70.606860171897637, -33.568969506369335 ], [ -70.60784489270722, -33.56920764092542 ], [ -70.607973634925585, -33.56923877439484 ], [ -70.608224215538769, -33.569299370303511 ], [ -70.60874595522472, -33.569426723905451 ], [ -70.608627293174095, -33.568942864969181 ], [ -70.608447630955908, -33.566977019129233 ], [ -70.608276205933919, -33.565212311034394 ], [ -70.608486250471941, -33.563442693476723 ], [ -70.608219488374488, -33.563433264296542 ], [ -70.607845630028436, -33.56339893258216 ], [ -70.607471769443748, -33.563368418054111 ], [ -70.607097908781682, -33.563330270315376 ], [ -70.606739307861403, -33.563295940020808 ], [ -70.606365448723977, -33.563250165173322 ], [ -70.605961069404955, -33.563212019613736 ], [ -70.605556690420002, -33.563173874524935 ], [ -70.605376028764113, -33.563154897387008 ], [ -70.604836501834427, -33.563098224695977 ] ] ] ] } },
{ "type": "Feature", "properties": { "objectid": 16966, "cod_region": "13", "region": "Región Metropolitana De Santiago", "cut_provincia": "131", "provincia": "Santiago", "cut_comuna": "13110", "comuna": "La Florida", "zona": "PL", "nombre_zona": "PL Zona de Plazas", "uperm": "Espacio público y áreas verdes.", "uproh": "Todo uso no mencionado como permitido.", "srid": "EPSG: 4326" }, "geometry": { "type": "MultiPolygon", "coordinates": [ [ [ [ -70.594306984708794, -33.566317274017877 ], [ -70.594977107747496, -33.566374773988748 ], [ -70.595035233692485, -33.566054102866694 ], [ -70.59436381126217, -33.56598544006075 ], [ -70.594306984708794, -33.566317274017877 ] ] ] ] } },
{ "type": "Feature", "properties": { "objectid": 16967, "cod_region": "13", "region": "Región Metropolitana De Santiago", "cut_provincia": "131", "provincia": "Santiago", "cut_comuna": "13110", "comuna": "La Florida", "zona": "PL", "nombre_zona": "PL Zona de Plazas", "uperm": "Espacio público y áreas verdes.", "uproh": "Todo uso no mencionado como permitido.", "srid": "EPSG: 4326" }, "geometry": { "type": "MultiPolygon", "coordinates": [ [ [ [ -70.5969579365904, -33.565767981525738 ], [ -70.597354687430368, -33.565813757973402 ], [ -70.597392834548444, -33.56558486928094 ], [ -70.596988456797206, -33.565539093961441 ], [ -70.5969579365904, -33.565767981525738 ] ] ] ] } },
{ "type": "Feature", "properties": { "objectid": 16968, "cod_region": "13", "region": "Región Metropolitana De Santiago", "cut_provincia": "131", "provincia": "Santiago", "cut_comuna": "13110", "comuna": "La Florida", "zona": "PL", "nombre_zona": "PL Zona de Plazas", "uperm": "Espacio público y áreas verdes.", "uproh": "Todo uso no mencionado como permitido.", "srid": "EPSG: 4326" }, "geometry": { "type": "MultiPolygon", "coordinates": [ [ [ [ -70.596862162206889, -33.566749823955789 ], [ -70.597868569554208, -33.566871520140815 ], [ -70.597896411471723, -33.566752191007161 ], [ -70.597293657795987, -33.566679714044511 ], [ -70.596881646907676, -33.566633939591306 ], [ -70.596862162206889, -33.566749823955789 ] ] ] ] } },
{ "type": "Feature", "properties": { "objectid": 16982, "cod_region": "13", "region": "Región Metropolitana De Santiago", "cut_provincia": "131", "provincia": "Santiago", "cut_comuna": "13110", "comuna": "La Florida", "zona": "PL", "nombre_zona": "PL Zona de Plazas", "uperm": "Espacio público y áreas verdes.", "uproh": "Todo uso no mencionado como permitido.", "srid": "EPSG: 4326" }, "geometry": { "type": "MultiPolygon", "coordinates": [ [ [ [ -70.593131392797801, -33.568330675243075 ], [ -70.593466941881985, -33.568366678944855 ], [ -70.593515958190423, -33.567982553012484 ], [ -70.593189918858741, -33.567945507133174 ], [ -70.593131392797801, -33.568330675243075 ] ] ] ] } },
{ "type": "Feature", "properties": { "objectid": 17003, "cod_region": "13", "region": "Región Metropolitana De Santiago", "cut_provincia": "131", "provincia": "Santiago", "cut_comuna": "13110", "comuna": "La Florida", "zona": "U-VEV3", "nombre_zona": "U-VEV3 Zona de Vivienda y Equipamiento Vecinal N°3", "uperm": "Residencial; equipamiento de comercio, culto, deporte, educación, esparcimiento, salud, seguridad, servicios, social, oficina, turismo; espacio público y áreas verdes.", "uproh": "Todo uso no mencionado como permitido.", "srid": "EPSG: 4326" }, "geometry": { "type": "MultiPolygon", "coordinates": [ [ [ [ -70.592805980842925, -33.539505310969368 ], [ -70.59299785063385, -33.539503198510992 ], [ -70.593287856218055, -33.539497519576486 ], [ -70.593759856158542, -33.53851086376698 ], [ -70.593521280583289, -33.538519296096801 ], [ -70.593281170438871, -33.538526324639932 ], [ -70.593283056798569, -33.538591323581436 ], [ -70.592838830129693, -33.539415324726072 ], [ -70.592805980842925, -33.539505310969368 ] ] ] ] } },
{ "type": "Feature", "properties": { "objectid": 16983, "cod_region": "13", "region": "Región Metropolitana De Santiago", "cut_provincia": "131", "provincia": "Santiago", "cut_comuna": "13110", "comuna": "La Florida", "zona": "U-VEV3", "nombre_zona": "U-VEV3 Zona de Vivienda y Equipamiento Vecinal N°3", "uperm": "Residencial; equipamiento de comercio, culto, deporte, educación, esparcimiento, salud, seguridad, servicios, social, oficina y turismo; espacio público y áreas verdes.", "uproh": "Todo uso no mencionado como permitido.", "srid": "EPSG: 4326" }, "geometry": { "type": "MultiPolygon", "coordinates": [ [ [ [ -70.607315314748647, -33.549143672703941 ], [ -70.607331066603166, -33.549358845946344 ], [ -70.607332733537888, -33.549381624083871 ], [ -70.608074400968277, -33.549364331315971 ], [ -70.609119682772317, -33.549333806168342 ], [ -70.609569842122724, -33.549326171572062 ], [ -70.610675690377136, -33.54929067752655 ], [ -70.610712950676216, -33.549289813027052 ], [ -70.61083746211267, -33.549287216123638 ], [ -70.611263654772984, -33.549276572167358 ], [ -70.611515064566646, -33.54927354107825 ], [ -70.611896925186457, -33.549268937097374 ], [ -70.614083725510696, -33.54921298676917 ], [ -70.614153408820698, -33.548975744178854 ], [ -70.613514438480294, -33.548982819359878 ], [ -70.612705681982249, -33.549001895318739 ], [ -70.611890747034593, -33.549039174795304 ], [ -70.611760974383841, -33.549042567220809 ], [ -70.611463150332767, -33.549050351402961 ], [ -70.610597544367053, -33.549072972746153 ], [ -70.609498545147289, -33.549096655158593 ], [ -70.609119684789519, -33.549104816389551 ], [ -70.607315314748647, -33.549143672703941 ] ] ], [ [ [ -70.60300470994666, -33.549254661878024 ], [ -70.603066641791685, -33.54925412859226 ], [ -70.603580453555097, -33.54924228347587 ], [ -70.6039924631107, -33.549230837359879 ], [ -70.604419730394625, -33.54922320611108 ], [ -70.604816480702141, -33.549215574033532 ], [ -70.605442122221618, -33.549192682274594 ], [ -70.60704437961688, -33.549146892829782 ], [ -70.607127709756128, -33.548952910105179 ], [ -70.606336577571753, -33.548979182675261 ], [ -70.605791153337151, -33.548997292189107 ], [ -70.605478609283139, -33.54900766979506 ], [ -70.604267100777605, -33.549047884815863 ], [ -70.603917166041143, -33.549059498787578 ], [ -70.603040696168776, -33.549073213294733 ], [ -70.60300470994666, -33.549254661878024 ] ] ] ] } },
{ "type": "Feature", "properties": { "objectid": 16969, "cod_region": "13", "region": "Región Metropolitana De Santiago", "cut_provincia": "131", "provincia": "Santiago", "cut_comuna": "13110", "comuna": "La Florida", "zona": "U-VEV4", "nombre_zona": "U-VEV4 Zona de Vivienda y Equipamiento Vecinal N°4", "uperm": "Residencial; equip. de comercio, culto, deporte, educación, esparcimiento, salud, seguridad, servicios, social, oficina y turismo; act. productiva peligrosa, contaminante y molesta; infr. de transporte; espacio público y áreas verdes.", "uproh": "Todo uso no mencionado como permitido.", "srid": "EPSG: 4326" }, "geometry": { "type": "MultiPolygon", "coordinates": [ [ [ [ -70.592029084149118, -33.564913500785181 ], [ -70.591868867771538, -33.565718420793175 ], [ -70.591637502487487, -33.566903721293201 ], [ -70.591456868003917, -33.566881931526119 ], [ -70.590771840297776, -33.566796311322172 ], [ -70.590754518077134, -33.566794145969226 ], [ -70.590511163487378, -33.568253991492377 ], [ -70.592428679896443, -33.56847769984698 ], [ -70.592464425188396, -33.568259109744155 ], [ -70.592528008547745, -33.567870292988751 ], [ -70.592663923582577, -33.567039175304465 ], [ -70.593494023662828, -33.567145141456102 ], [ -70.594339500388131, -33.567252923973129 ], [ -70.594806353462545, -33.567316797629594 ], [ -70.595157321341404, -33.567366388706837 ], [ -70.59550066222576, -33.567408350333586 ], [ -70.596095787415052, -33.567484640831587 ], [ -70.596332313547975, -33.567839415243697 ], [ -70.596530689927874, -33.568175115488934 ], [ -70.596605020589152, -33.568296101259705 ], [ -70.59697481441296, -33.568156905611701 ], [ -70.5970429580276, -33.568126511515999 ], [ -70.597125447295795, -33.568089720517271 ], [ -70.597189634181049, -33.568061092665353 ], [ -70.597409748324608, -33.567959433965264 ], [ -70.597747971062432, -33.567803226754748 ], [ -70.598080300410444, -33.567544448020058 ], [ -70.598020857584245, -33.56735267749044 ], [ -70.598000349424382, -33.567330506884069 ], [ -70.59799323500431, -33.567308165127422 ], [ -70.597992615078368, -33.567274520892425 ], [ -70.598033244390251, -33.56707821336402 ], [ -70.598035680755117, -33.567066440232487 ], [ -70.598067681196653, -33.566898379033773 ], [ -70.59806993272781, -33.566895868155733 ], [ -70.598070320113806, -33.566895435691542 ], [ -70.59806857501421, -33.566893685252396 ], [ -70.598082922764846, -33.566782533068782 ], [ -70.598092703939713, -33.56670674783318 ], [ -70.598047804837876, -33.566269844855348 ], [ -70.598071447081765, -33.566098475483265 ], [ -70.598148185389647, -33.56595871274645 ], [ -70.598330110535002, -33.565648278743794 ], [ -70.598468630702101, -33.565230089542418 ], [ -70.598026103663884, -33.56519957310136 ], [ -70.597446239525269, -33.565149985068409 ], [ -70.597349195411383, -33.565140455534554 ], [ -70.597149855845799, -33.565120877827013 ], [ -70.597018971597578, -33.565108024172225 ], [ -70.596553554888317, -33.565069876246277 ], [ -70.596492517542657, -33.565359802910891 ], [ -70.595172562085338, -33.565222479248149 ], [ -70.595004225789964, -33.565205306716287 ], [ -70.594724277412681, -33.565176750177066 ], [ -70.594577987422753, -33.565161827082449 ], [ -70.594493510660442, -33.565157630861812 ], [ -70.594101703830205, -33.565113173879929 ], [ -70.593837346169764, -33.56509278518233 ], [ -70.593129814276097, -33.565025408438785 ], [ -70.593036217325121, -33.565016494873056 ], [ -70.592316209507928, -33.564934363366248 ], [ -70.592029084149118, -33.564913500785181 ] ], [ [ -70.597392834548444, -33.56558486928094 ], [ -70.597354687430368, -33.565813757973402 ], [ -70.5969579365904, -33.565767981525738 ], [ -70.596988456797206, -33.565539093961441 ], [ -70.597392834548444, -33.56558486928094 ] ], [ [ -70.595035233692485, -33.566054102866694 ], [ -70.594977107747496, -33.566374773988748 ], [ -70.594306984708794, -33.566317274017877 ], [ -70.59436381126217, -33.56598544006075 ], [ -70.595035233692485, -33.566054102866694 ] ], [ [ -70.597896411471723, -33.566752191007161 ], [ -70.597868569554208, -33.566871520140815 ], [ -70.596862162206889, -33.566749823955789 ], [ -70.596881646907676, -33.566633939591306 ], [ -70.597293657795987, -33.566679714044511 ], [ -70.597896411471723, -33.566752191007161 ] ] ] ] } },
{ "type": "Feature", "properties": { "objectid": 16970, "cod_region": "13", "region": "Región Metropolitana De Santiago", "cut_provincia": "131", "provincia": "Santiago", "cut_comuna": "13110", "comuna": "La Florida", "zona": "U-VEV4", "nombre_zona": "U-VEV4 Zona de Vivienda y Equipamiento Vecinal N°4", "uperm": "Residencial; equip. de comercio, culto, deporte, educación, esparcimiento, salud, seguridad, servicios, social, oficina y turismo; act. productiva peligrosa, contaminante y molesta; infr. de transporte; espacio público y áreas verdes.", "uproh": "Todo uso no mencionado como permitido.", "srid": "EPSG: 4326" }, "geometry": { "type": "MultiPolygon", "coordinates": [ [ [ [ -70.596072423367872, -33.568332963335862 ], [ -70.596142837061933, -33.568470073013827 ], [ -70.596605020589152, -33.568296101259705 ], [ -70.596530689927874, -33.568175115488934 ], [ -70.596332313547975, -33.567839415243697 ], [ -70.596095787415052, -33.567484640831587 ], [ -70.596072423367872, -33.568332963335862 ] ] ] ] } },
{ "type": "Feature", "properties": { "objectid": 16971, "cod_region": "13", "region": "Región Metropolitana De Santiago", "cut_provincia": "131", "provincia": "Santiago", "cut_comuna": "13110", "comuna": "La Florida", "zona": "U-VEV3", "nombre_zona": "U-VEV3 Zona de Vivienda y Equipamiento Vecinal N°3", "uperm": "Residencial; equipamiento de comercio, culto, deporte, educación, esparcimiento, salud, seguridad, servicios, social, oficina, turismo; espacio público y áreas verdes.", "uproh": "Todo uso no mencionado como permitido.", "srid": "EPSG: 4326" }, "geometry": { "type": "MultiPolygon", "coordinates": [ [ [ [ -70.601273011363759, -33.567547114969116 ], [ -70.602352494617321, -33.56786872391428 ], [ -70.602765875345369, -33.565577123307527 ], [ -70.600600516894914, -33.565402701726768 ], [ -70.600396012987432, -33.567307511811698 ], [ -70.600839399791596, -33.567425831042009 ], [ -70.601093678848187, -33.567493685840432 ], [ -70.601273011363759, -33.567547114969116 ] ] ] ] } },
{ "type": "Feature", "properties": { "objectid": 16972, "cod_region": "13", "region": "Región Metropolitana De Santiago", "cut_provincia": "131", "provincia": "Santiago", "cut_comuna": "13110", "comuna": "La Florida", "zona": "U-EC3", "nombre_zona": "U-EC3 Zona de Equipamiento Comunal N°3", "uperm": "Residencial; equipamiento de culto, deporte, educación, esparcimiento, salud, seguridad, servicios, social y científico; infraestructura de transporte y de energía; espacio público y áreas verdes.", "uproh": "Todo uso no mencionado como permitido.", "srid": "EPSG: 4326" }, "geometry": { "type": "MultiPolygon", "coordinates": [ [ [ [ -70.553436178254188, -33.532800301951667 ], [ -70.55332852566616, -33.532990768139562 ], [ -70.554448715929141, -33.532963896614213 ], [ -70.554464233196967, -33.532708940231302 ], [ -70.554467456057978, -33.532698344750905 ], [ -70.553450506274601, -33.532701730708737 ], [ -70.553436178254188, -33.532800301951667 ] ] ] ] } },
{ "type": "Feature", "properties": { "objectid": 16973, "cod_region": "13", "region": "Región Metropolitana De Santiago", "cut_provincia": "131", "provincia": "Santiago", "cut_comuna": "13110", "comuna": "La Florida", "zona": "U-VEV3", "nombre_zona": "U-VEV3 Zona de Vivienda y Equipamiento Vecinal N°3", "uperm": "Residencial; equipamiento de comercio, culto, deporte, educación, esparcimiento, salud, seguridad, servicios, social, oficina, turismo; espacio público y áreas verdes.", "uproh": "Todo uso no mencionado como permitido.", "srid": "EPSG: 4326" }, "geometry": { "type": "MultiPolygon", "coordinates": [ [ [ [ -70.598780625611681, -33.56625154731487 ], [ -70.598020857584245, -33.56735267749044 ], [ -70.598080300410444, -33.567544448020058 ], [ -70.598292206901405, -33.567379440057429 ], [ -70.598477586963, -33.567261708589577 ], [ -70.599080225471027, -33.567175942816753 ], [ -70.599358934830761, -33.56715979504694 ], [ -70.599486803031283, -33.567152387032245 ], [ -70.599739449380948, -33.567160852197958 ], [ -70.600091562131269, -33.567226268389227 ], [ -70.600396012987432, -33.567307511811698 ], [ -70.600600516894914, -33.565402701726768 ], [ -70.600162447349732, -33.565367410683898 ], [ -70.599431537379715, -33.565308156887873 ], [ -70.598780625611681, -33.56625154731487 ] ] ] ] } },
{ "type": "Feature", "properties": { "objectid": 16974, "cod_region": "13", "region": "Región Metropolitana De Santiago", "cut_provincia": "131", "provincia": "Santiago", "cut_comuna": "13110", "comuna": "La Florida", "zona": "U-EC1", "nombre_zona": "U-EC1 Zona de Equipamiento Comunal N°1", "uperm": "Residencial; equip. de comercio, culto, deporte, educación, esparcimiento, salud, seguridad, servicios, social, oficina y turismo; act. productiva peligrosa, contaminante y molesta; infr. de transporte; espacio público y áreas verdes.", "uproh": "Todo uso no mencionado como permitido.", "srid": "EPSG: 4326" }, "geometry": { "type": "MultiPolygon", "coordinates": [ [ [ [ -70.60355191207934, -33.561913742995323 ], [ -70.603486424551221, -33.56251625721346 ], [ -70.60272329186779, -33.56245239881067 ], [ -70.602474976490385, -33.563641859986198 ], [ -70.602481370427029, -33.563642244336592 ], [ -70.604749942283902, -33.563762672546815 ], [ -70.604836501834427, -33.563098224695977 ], [ -70.605376028764113, -33.563154897387008 ], [ -70.605476569160643, -33.562480768920871 ], [ -70.605537061195619, -33.562075161070808 ], [ -70.60503785350889, -33.56208284733718 ], [ -70.604473249456049, -33.562025631508163 ], [ -70.603901013480197, -33.561979856861583 ], [ -70.60355191207934, -33.561913742995323 ] ] ] ] } },
{ "type": "Feature", "properties": { "objectid": 16975, "cod_region": "13", "region": "Región Metropolitana De Santiago", "cut_provincia": "131", "provincia": "Santiago", "cut_comuna": "13110", "comuna": "La Florida", "zona": "PL", "nombre_zona": "PL Zona de Plazas", "uperm": "Espacio público y áreas verdes.", "uproh": "Todo uso no mencionado como permitido.", "srid": "EPSG: 4326" }, "geometry": { "type": "MultiPolygon", "coordinates": [ [ [ [ -70.605476569160643, -33.562480768920871 ], [ -70.606061430568104, -33.562534563568839 ], [ -70.606122643308723, -33.562121368157136 ], [ -70.605537061195619, -33.562075161070808 ], [ -70.605476569160643, -33.562480768920871 ] ] ] ] } },
{ "type": "Feature", "properties": { "objectid": 16976, "cod_region": "13", "region": "Región Metropolitana De Santiago", "cut_provincia": "131", "provincia": "Santiago", "cut_comuna": "13110", "comuna": "La Florida", "zona": "U-VEV4", "nombre_zona": "U-VEV4 Zona de Vivienda y Equipamiento Vecinal N°4", "uperm": "Residencial; equip. de comercio, culto, deporte, educación, esparcimiento, salud, seguridad, servicios, social, oficina y turismo; act. productiva peligrosa, contaminante y molesta; infr. de transporte; espacio público y áreas verdes.", "uproh": "Todo uso no mencionado como permitido.", "srid": "EPSG: 4326" }, "geometry": { "type": "MultiPolygon", "coordinates": [ [ [ [ -70.604587670949726, -33.55898905964775 ], [ -70.60431300707117, -33.560034311950446 ], [ -70.604231638207978, -33.560336202289619 ], [ -70.604137527850085, -33.560690456736261 ], [ -70.604053602178283, -33.561018529197234 ], [ -70.603962048159204, -33.561384749953724 ], [ -70.603954418950138, -33.561491562725351 ], [ -70.603901013480197, -33.561979856861583 ], [ -70.604473249456049, -33.562025631508163 ], [ -70.60503785350889, -33.56208284733718 ], [ -70.605259116331567, -33.561625072040755 ], [ -70.605314159706182, -33.561469767631735 ], [ -70.605373559194319, -33.561262668520214 ], [ -70.605457483773122, -33.560930781482114 ], [ -70.605489949300917, -33.560792158598936 ], [ -70.605541646481882, -33.560602596860605 ], [ -70.605625334456846, -33.560274634771361 ], [ -70.605159915703879, -33.560190714646509 ], [ -70.605370398703258, -33.559366821870299 ], [ -70.605563554722835, -33.559404053997433 ], [ -70.605624852386896, -33.559181582976088 ], [ -70.605426947715173, -33.559145461346404 ], [ -70.605022568365683, -33.559076796656591 ], [ -70.604587670949726, -33.55898905964775 ] ] ] ] } },
{ "type": "Feature", "properties": { "objectid": 16977, "cod_region": "13", "region": "Región Metropolitana De Santiago", "cut_provincia": "131", "provincia": "Santiago", "cut_comuna": "13110", "comuna": "La Florida", "zona": "PL", "nombre_zona": "PL Zona de Plazas", "uperm": "Espacio público y áreas verdes.", "uproh": "Todo uso no mencionado como permitido.", "srid": "EPSG: 4326" }, "geometry": { "type": "MultiPolygon", "coordinates": [ [ [ [ -70.605624852386896, -33.559181582976088 ], [ -70.605563554722835, -33.559404053997433 ], [ -70.605370398703258, -33.559366821870299 ], [ -70.605159915703879, -33.560190714646509 ], [ -70.605625334456846, -33.560274634771361 ], [ -70.605701630046653, -33.559992342783545 ], [ -70.605831191015355, -33.5594956631328 ], [ -70.60590762611514, -33.559233194758001 ], [ -70.605624852386896, -33.559181582976088 ] ] ] ] } },
{ "type": "Feature", "properties": { "objectid": 16978, "cod_region": "13", "region": "Región Metropolitana De Santiago", "cut_provincia": "131", "provincia": "Santiago", "cut_comuna": "13110", "comuna": "La Florida", "zona": "PL", "nombre_zona": "PL Zona de Plazas", "uperm": "Espacio público y áreas verdes.", "uproh": "Todo uso no mencionado como permitido.", "srid": "EPSG: 4326" }, "geometry": { "type": "MultiPolygon", "coordinates": [ [ [ [ -70.605314159706182, -33.561469767631735 ], [ -70.605800828475182, -33.561522071370653 ], [ -70.605785569153809, -33.561468663525851 ], [ -70.605877119944509, -33.560823965765657 ], [ -70.605489949300917, -33.560792158598936 ], [ -70.605457483773122, -33.560930781482114 ], [ -70.605373559194319, -33.561262668520214 ], [ -70.605314159706182, -33.561469767631735 ] ] ] ] } },
{ "type": "Feature", "properties": { "objectid": 16979, "cod_region": "13", "region": "Región Metropolitana De Santiago", "cut_provincia": "131", "provincia": "Santiago", "cut_comuna": "13110", "comuna": "La Florida", "zona": "PL", "nombre_zona": "PL Zona de Plazas", "uperm": "Espacio público y áreas verdes.", "uproh": "Todo uso no mencionado como permitido.", "srid": "EPSG: 4326" }, "geometry": { "type": "MultiPolygon", "coordinates": [ [ [ [ -70.60590762611514, -33.559233194758001 ], [ -70.60641119464529, -33.559290416493084 ], [ -70.606479856066983, -33.55871819856813 ], [ -70.606052587226245, -33.5586762359383 ], [ -70.606014062482984, -33.55883512930896 ], [ -70.60590762611514, -33.559233194758001 ] ] ] ] } },
{ "type": "Feature", "properties": { "objectid": 16980, "cod_region": "13", "region": "Región Metropolitana De Santiago", "cut_provincia": "131", "provincia": "Santiago", "cut_comuna": "13110", "comuna": "La Florida", "zona": "U-VEV4", "nombre_zona": "U-VEV4 Zona de Vivienda y Equipamiento Vecinal N°4", "uperm": "Residencial; equip. de comercio, culto, deporte, educación, esparcimiento, salud, seguridad, servicios, social, oficina y turismo; act. productiva peligrosa, contaminante y molesta; infr. de transporte; espacio público y áreas verdes.", "uproh": "Todo uso no mencionado como permitido.", "srid": "EPSG: 4326" }, "geometry": { "type": "MultiPolygon", "coordinates": [ [ [ [ -70.594023320538213, -33.560467328831685 ], [ -70.594029439045869, -33.560616172906023 ], [ -70.594022044714109, -33.560664446949595 ], [ -70.593875466840231, -33.561621330918392 ], [ -70.59383706716423, -33.561893015173752 ], [ -70.593736712491832, -33.562603036562301 ], [ -70.593722878353304, -33.562700912407806 ], [ -70.593644528175787, -33.563240413877466 ], [ -70.594370985950249, -33.563320185811619 ], [ -70.594455344301423, -33.563326535412742 ], [ -70.595256472605968, -33.563406638699924 ], [ -70.595782930065084, -33.563467673754438 ], [ -70.596056605223879, -33.563494377196008 ], [ -70.596248348036823, -33.563517261587315 ], [ -70.596866361816694, -33.563578294263351 ], [ -70.597324148614717, -33.563624069813066 ], [ -70.597743787155494, -33.563669845574921 ], [ -70.598163427157516, -33.563715619886175 ], [ -70.598483221261517, -33.56376234695071 ], [ -70.598552545635584, -33.563719431302808 ], [ -70.598658732190216, -33.563683515528702 ], [ -70.598887866448408, -33.563604898323874 ], [ -70.599071372610382, -33.563540134205162 ], [ -70.59912215806159, -33.563496601955393 ], [ -70.599225966003047, -33.56338837708148 ], [ -70.599368928499928, -33.56320824556596 ], [ -70.599605452694377, -33.562861107146254 ], [ -70.599994691755811, -33.56229748937178 ], [ -70.600324796431224, -33.561816316360087 ], [ -70.600482695181739, -33.561514241378291 ], [ -70.600543320545157, -33.561392391861077 ], [ -70.600648018456653, -33.560933092665714 ], [ -70.600231077255458, -33.560896479397677 ], [ -70.599010309715283, -33.560785858632912 ], [ -70.598171030850565, -33.560724825956271 ], [ -70.597857903778262, -33.560696269124371 ], [ -70.595994844376762, -33.560526345714734 ], [ -70.595289545901096, -33.560462010865898 ], [ -70.594580322924401, -33.560397313113555 ], [ -70.594569766225362, -33.560469257404172 ], [ -70.594020421381913, -33.560396782555337 ], [ -70.594023320538213, -33.560467328831685 ] ] ] ] } },
{ "type": "Feature", "properties": { "objectid": 16984, "cod_region": "13", "region": "Región Metropolitana De Santiago", "cut_provincia": "131", "provincia": "Santiago", "cut_comuna": "13110", "comuna": "La Florida", "zona": "U-VEV3", "nombre_zona": "U-VEV3 Zona de Vivienda y Equipamiento Vecinal N°3", "uperm": "Residencial; equipamiento de comercio, culto, deporte, educación, esparcimiento, salud, seguridad, servicios, social, oficina y turismo; espacio público y áreas verdes.", "uproh": "Todo uso no mencionado como permitido.", "srid": "EPSG: 4326" }, "geometry": { "type": "MultiPolygon", "coordinates": [ [ [ [ -70.597038150061792, -33.540281660015751 ], [ -70.597876656344667, -33.540559676776319 ], [ -70.59806111307249, -33.540312587501269 ], [ -70.598031568614445, -33.539321853315542 ], [ -70.597018130463397, -33.539339849909098 ], [ -70.597038150061792, -33.540281660015751 ] ] ] ] } },
{ "type": "Feature", "properties": { "objectid": 16985, "cod_region": "13", "region": "Región Metropolitana De Santiago", "cut_provincia": "131", "provincia": "Santiago", "cut_comuna": "13110", "comuna": "La Florida", "zona": "U-VEV3", "nombre_zona": "U-VEV3 Zona de Vivienda y Equipamiento Vecinal N°3", "uperm": "Residencial; equipamiento de comercio, culto, deporte, educación, esparcimiento, salud, seguridad, servicios, social, oficina y turismo; espacio público y áreas verdes.", "uproh": "Todo uso no mencionado como permitido.", "srid": "EPSG: 4326" }, "geometry": { "type": "MultiPolygon", "coordinates": [ [ [ [ -70.59805641391516, -33.541093933145518 ], [ -70.598054467490996, -33.541144867897877 ], [ -70.597967031194017, -33.541143962018268 ], [ -70.597565055874483, -33.542053393739742 ], [ -70.598906562869814, -33.542535487212959 ], [ -70.598903331749824, -33.542432917928423 ], [ -70.59888043557477, -33.541517369080907 ], [ -70.598865171892811, -33.541086299017856 ], [ -70.59805641391516, -33.541093933145518 ] ] ] ] } },
{ "type": "Feature", "properties": { "objectid": 16986, "cod_region": "13", "region": "Región Metropolitana De Santiago", "cut_provincia": "131", "provincia": "Santiago", "cut_comuna": "13110", "comuna": "La Florida", "zona": "PL", "nombre_zona": "PL Zona de Plazas", "uperm": "Espacio público y áreas verdes.", "uproh": "Todo uso no mencionado como permitido.", "srid": "EPSG: 4326" }, "geometry": { "type": "MultiPolygon", "coordinates": [ [ [ [ -70.570352601263551, -33.536379024690795 ], [ -70.57128343875776, -33.536657498391754 ], [ -70.571343821177663, -33.536501895627261 ], [ -70.571780234926734, -33.536619159581392 ], [ -70.571809892365934, -33.536550682537502 ], [ -70.571812737550388, -33.536499465953376 ], [ -70.572259985248763, -33.536636346975989 ], [ -70.572305969377823, -33.536501283543977 ], [ -70.572313459777547, -33.536420976361576 ], [ -70.570352601263551, -33.536379024690795 ] ] ] ] } },
{ "type": "Feature", "properties": { "objectid": 16987, "cod_region": "13", "region": "Región Metropolitana De Santiago", "cut_provincia": "131", "provincia": "Santiago", "cut_comuna": "13110", "comuna": "La Florida", "zona": "U-VEV3", "nombre_zona": "U-VEV3 Zona de Vivienda y Equipamiento Vecinal N°3", "uperm": "Residencial; equipamiento de comercio, culto, deporte, educación, esparcimiento, salud, seguridad, servicios, social, oficina, turismo; espacio público y áreas verdes.", "uproh": "Todo uso no mencionado como permitido.", "srid": "EPSG: 4326" }, "geometry": { "type": "MultiPolygon", "coordinates": [ [ [ [ -70.58587920537498, -33.563572582486486 ], [ -70.585800952985863, -33.564274685731654 ], [ -70.585677082935959, -33.56426182212941 ], [ -70.585597515995119, -33.56490332529188 ], [ -70.585979375375445, -33.56495215009253 ], [ -70.585770143350686, -33.566136008470359 ], [ -70.586291493702859, -33.566202933462137 ], [ -70.586512747812975, -33.565020346890314 ], [ -70.586633866444487, -33.565036376028779 ], [ -70.586759160350184, -33.56437418268024 ], [ -70.587397799050109, -33.564440493928906 ], [ -70.587496978753848, -33.563742394285789 ], [ -70.585880432219184, -33.563571751519682 ], [ -70.58587920537498, -33.563572582486486 ] ] ], [ [ [ -70.587210923849966, -33.560957601816739 ], [ -70.587031984629988, -33.562211064395861 ], [ -70.586190969902844, -33.562132674047625 ], [ -70.586142357279243, -33.562486101956907 ], [ -70.586010606779169, -33.562472710169821 ], [ -70.585940021100541, -33.563195644786767 ], [ -70.585942033170269, -33.56319757956085 ], [ -70.587550384563173, -33.563360908394657 ], [ -70.587638659685112, -33.562731371359888 ], [ -70.587656157218788, -33.562639640985793 ], [ -70.587384689449806, -33.56260903256215 ], [ -70.587419104649925, -33.562436770900767 ], [ -70.587603603551216, -33.561177315216362 ], [ -70.587634095922866, -33.560998879429519 ], [ -70.587458806154402, -33.560984296322495 ], [ -70.587210923849966, -33.560957601816739 ] ] ], [ [ [ -70.587440537482706, -33.553411893320636 ], [ -70.587283268064581, -33.554371202859969 ], [ -70.589547550013208, -33.554446738645161 ], [ -70.589583816110277, -33.554149407803294 ], [ -70.589965164251922, -33.554188166965297 ], [ -70.590059935588172, -33.553514112506647 ], [ -70.589653408768868, -33.553499448059135 ], [ -70.589322606687574, -33.553487513761191 ], [ -70.588696671271521, -33.553458671986377 ], [ -70.588249292406573, -33.553443694865777 ], [ -70.587725781771908, -33.553423387169126 ], [ -70.587547484706448, -33.553416204065137 ], [ -70.587440537482706, -33.553411893320636 ] ] ] ] } },
{ "type": "Feature", "properties": { "objectid": 16988, "cod_region": "13", "region": "Región Metropolitana De Santiago", "cut_provincia": "131", "provincia": "Santiago", "cut_comuna": "13110", "comuna": "La Florida", "zona": "U-VEV3", "nombre_zona": "U-VEV3 Zona de Vivienda y Equipamiento Vecinal N°3", "uperm": "Residencial; equipamiento de comercio, culto, deporte, educación, esparcimiento, salud, seguridad, servicios, social, oficina y turismo; espacio público y áreas verdes.", "uproh": "Todo uso no mencionado como permitido.", "srid": "EPSG: 4326" }, "geometry": { "type": "MultiPolygon", "coordinates": [ [ [ [ -70.594020421381913, -33.560396782555337 ], [ -70.594569766225362, -33.560469257404172 ], [ -70.594580322924401, -33.560397313113555 ], [ -70.595289545901096, -33.560462010865898 ], [ -70.595994844376762, -33.560526345714734 ], [ -70.597857903778262, -33.560696269124371 ], [ -70.597872172891215, -33.56060870676734 ], [ -70.594016769166799, -33.560226221556391 ], [ -70.594016814592706, -33.560277759962432 ], [ -70.594020421381913, -33.560396782555337 ] ] ] ] } },
{ "type": "Feature", "properties": { "objectid": 16989, "cod_region": "13", "region": "Región Metropolitana De Santiago", "cut_provincia": "131", "provincia": "Santiago", "cut_comuna": "13110", "comuna": "La Florida", "zona": "U-VEV3", "nombre_zona": "U-VEV3 Zona de Vivienda y Equipamiento Vecinal N°3", "uperm": "Residencial; equipamiento de comercio, culto, deporte, educación, esparcimiento, salud, seguridad, servicios, social, oficina y turismo; espacio público y áreas verdes.", "uproh": "Todo uso no mencionado como permitido.", "srid": "EPSG: 4326" }, "geometry": { "type": "MultiPolygon", "coordinates": [ [ [ [ -70.58645959896684, -33.567722644924565 ], [ -70.590511163487378, -33.568253991492377 ], [ -70.590754518077134, -33.566794145969226 ], [ -70.590602330285364, -33.566775123105479 ], [ -70.589526528474707, -33.566633983322617 ], [ -70.589511961136253, -33.566632244141708 ], [ -70.589158671794166, -33.566590037315436 ], [ -70.58839731783273, -33.566481400082672 ], [ -70.588394440923835, -33.566481130389299 ], [ -70.588267940755216, -33.566469251916821 ], [ -70.587841114566814, -33.566413621771957 ], [ -70.587329147430992, -33.566344074140382 ], [ -70.586791906635099, -33.56627100127379 ], [ -70.58645959896684, -33.567722644924565 ] ] ], [ [ [ -70.584147793065682, -33.567398827476033 ], [ -70.584540615193731, -33.567448053685965 ], [ -70.584148068082726, -33.567397370221173 ], [ -70.584147793065682, -33.567398827476033 ] ] ] ] } },
{ "type": "Feature", "properties": { "objectid": 16990, "cod_region": "13", "region": "Región Metropolitana De Santiago", "cut_provincia": "131", "provincia": "Santiago", "cut_comuna": "13110", "comuna": "La Florida", "zona": "U-VEV3", "nombre_zona": "U-VEV3 Zona de Vivienda y Equipamiento Vecinal N°3", "uperm": "Residencial; equipamiento de comercio, culto, deporte, educación, esparcimiento, salud, seguridad, servicios, social, oficina, turismo; espacio público y áreas verdes.", "uproh": "Todo uso no mencionado como permitido.", "srid": "EPSG: 4326" }, "geometry": { "type": "MultiPolygon", "coordinates": [ [ [ [ -70.592528008547745, -33.567870292988751 ], [ -70.592464425188396, -33.568259109744155 ], [ -70.592428679896443, -33.56847769984698 ], [ -70.590511163487378, -33.568253991492377 ], [ -70.58645959896684, -33.567722644924565 ], [ -70.584540615193731, -33.567448053685965 ], [ -70.584147793065682, -33.567398827476033 ], [ -70.58405152063105, -33.567909820964992 ], [ -70.583871222200031, -33.56886678659702 ], [ -70.58390900791143, -33.568872438958699 ], [ -70.583963973739912, -33.568880659837703 ], [ -70.584106589832999, -33.568900728702808 ], [ -70.584284998828352, -33.568923092432939 ], [ -70.584433203734378, -33.568941670806055 ], [ -70.584906499331979, -33.569002701862154 ], [ -70.585299203204983, -33.569051344463062 ], [ -70.585368313781757, -33.569064026981863 ], [ -70.585409217713448, -33.569068992329235 ], [ -70.585841799598299, -33.569121488907989 ], [ -70.586309492404126, -33.569180427402621 ], [ -70.586429755280847, -33.569194939923406 ], [ -70.586804316175844, -33.569243772424159 ], [ -70.587464250259458, -33.569329092330001 ], [ -70.587566452493789, -33.569333590750887 ], [ -70.587930945197371, -33.569384547412845 ], [ -70.588397051877024, -33.569443615551968 ], [ -70.588700686570007, -33.56948061714202 ], [ -70.589483438864491, -33.569583381383438 ], [ -70.5898417638534, -33.56962463768069 ], [ -70.590422454500271, -33.569697872543962 ], [ -70.590589218085299, -33.56971890411829 ], [ -70.590796241559545, -33.569742936825541 ], [ -70.590872184751092, -33.569751753396567 ], [ -70.590980409007557, -33.569764317696425 ], [ -70.592101648252978, -33.569908036618031 ], [ -70.592196982135832, -33.569937571079478 ], [ -70.592462653302249, -33.569958591831423 ], [ -70.592645051756591, -33.569890941998011 ], [ -70.593804788384162, -33.569413653794435 ], [ -70.594491434816206, -33.569137062072613 ], [ -70.594688144058452, -33.56905782409136 ], [ -70.594803878446143, -33.569011205646262 ], [ -70.59582925589703, -33.568588108835002 ], [ -70.596142837061933, -33.568470073013827 ], [ -70.596072423367872, -33.568332963335862 ], [ -70.596095787415052, -33.567484640831587 ], [ -70.59550066222576, -33.567408350333586 ], [ -70.595157321341404, -33.567366388706837 ], [ -70.594806353462545, -33.567316797629594 ], [ -70.594339500388131, -33.567252923973129 ], [ -70.593494023662828, -33.567145141456102 ], [ -70.592663923582577, -33.567039175304465 ], [ -70.592528008547745, -33.567870292988751 ] ], [ [ -70.593515958190423, -33.567982553012484 ], [ -70.593466941881985, -33.568366678944855 ], [ -70.593131392797801, -33.568330675243075 ], [ -70.593189918858741, -33.567945507133174 ], [ -70.593515958190423, -33.567982553012484 ] ] ] ] } },
{ "type": "Feature", "properties": { "objectid": 16991, "cod_region": "13", "region": "Región Metropolitana De Santiago", "cut_provincia": "131", "provincia": "Santiago", "cut_comuna": "13110", "comuna": "La Florida", "zona": "U-VEV3", "nombre_zona": "U-VEV3 Zona de Vivienda y Equipamiento Vecinal N°3", "uperm": "Residencial; equipamiento de comercio, culto, deporte, educación, esparcimiento, salud, seguridad, servicios, social, oficina, turismo; espacio público y áreas verdes.", "uproh": "Todo uso no mencionado como permitido.", "srid": "EPSG: 4326" }, "geometry": { "type": "MultiPolygon", "coordinates": [ [ [ [ -70.598988659796504, -33.550353433487182 ], [ -70.599277260085799, -33.550360042671187 ], [ -70.599224509358848, -33.547840487486141 ], [ -70.598369312966938, -33.547857481306416 ], [ -70.5966042572487, -33.547898125427089 ], [ -70.596620090749269, -33.550323928829123 ], [ -70.597109537738035, -33.550326249651327 ], [ -70.597316404941012, -33.550333352505426 ], [ -70.598140423707704, -33.55034097475513 ], [ -70.598988659796504, -33.550353433487182 ] ] ] ] } },
{ "type": "Feature", "properties": { "objectid": 17004, "cod_region": "13", "region": "Región Metropolitana De Santiago", "cut_provincia": "131", "provincia": "Santiago", "cut_comuna": "13110", "comuna": "La Florida", "zona": "U-VEV3", "nombre_zona": "U-VEV3 Zona de Vivienda y Equipamiento Vecinal N°3", "uperm": "Residencial; equipamiento de comercio, culto, deporte, educación, esparcimiento, salud, seguridad, servicios, social, oficina, turismo; espacio público y áreas verdes.", "uproh": "Todo uso no mencionado como permitido.", "srid": "EPSG: 4326" }, "geometry": { "type": "MultiPolygon", "coordinates": [ [ [ [ -70.592640521107967, -33.542994583959405 ], [ -70.592631868043128, -33.543015030468787 ], [ -70.592588028663201, -33.543015594450452 ], [ -70.592588444772602, -33.54337204693104 ], [ -70.59274173139535, -33.543368606695473 ], [ -70.592733142416151, -33.542994533159394 ], [ -70.592640521107967, -33.542994583959405 ] ] ] ] } },
{ "type": "Feature", "properties": { "objectid": 17005, "cod_region": "13", "region": "Región Metropolitana De Santiago", "cut_provincia": "131", "provincia": "Santiago", "cut_comuna": "13110", "comuna": "La Florida", "zona": "U-VEV3", "nombre_zona": "U-VEV3 Zona de Vivienda y Equipamiento Vecinal N°3", "uperm": "Residencial; equipamiento de comercio, culto, deporte, educación, esparcimiento, salud, seguridad, servicios, social, oficina, turismo; espacio público y áreas verdes.", "uproh": "Todo uso no mencionado como permitido.", "srid": "EPSG: 4326" }, "geometry": { "type": "MultiPolygon", "coordinates": [ [ [ [ -70.587788445391951, -33.550629989368964 ], [ -70.587761309085892, -33.551072921001804 ], [ -70.587831931191175, -33.551080863784684 ], [ -70.587804066376094, -33.551962479735764 ], [ -70.587803415336936, -33.551983114555135 ], [ -70.587853518931738, -33.551982471837867 ], [ -70.58967007393278, -33.552016513441707 ], [ -70.589938244142147, -33.552013069132428 ], [ -70.58995870479886, -33.551909870615631 ], [ -70.590037582871531, -33.550253286217362 ], [ -70.58870236878569, -33.550245662602414 ], [ -70.587722129399523, -33.550238610549094 ], [ -70.587710827735208, -33.550625085241577 ], [ -70.587788445391951, -33.550629989368964 ] ], [ [ -70.588505565110424, -33.55101519142007 ], [ -70.588462281091651, -33.551030608902309 ], [ -70.588414978686032, -33.551002844596944 ], [ -70.588419611513501, -33.550942727420619 ], [ -70.588430787475346, -33.550846714934373 ], [ -70.588449869111443, -33.550705161800465 ], [ -70.588475162128105, -33.550676467712087 ], [ -70.58852025684655, -33.550671836227259 ], [ -70.588553264141467, -33.550711945920945 ], [ -70.588547031748377, -33.550784465644121 ], [ -70.588527483624702, -33.550978429640928 ], [ -70.588505565110424, -33.55101519142007 ] ] ] ] } },
{ "type": "Feature", "properties": { "objectid": 16992, "cod_region": "13", "region": "Región Metropolitana De Santiago", "cut_provincia": "131", "provincia": "Santiago", "cut_comuna": "13110", "comuna": "La Florida", "zona": "U-VEV3", "nombre_zona": "U-VEV3 Zona de Vivienda y Equipamiento Vecinal N°3", "uperm": "Residencial; equipamiento de comercio, culto, deporte, educación, esparcimiento, salud, seguridad, servicios, social, oficina, turismo; espacio público y áreas verdes.", "uproh": "Todo uso no mencionado como permitido.", "srid": "EPSG: 4326" }, "geometry": { "type": "MultiPolygon", "coordinates": [ [ [ [ -70.607036797344833, -33.554922482098441 ], [ -70.606991022277782, -33.55512085053153 ], [ -70.606922355025532, -33.555357367258047 ], [ -70.606792653771961, -33.555815143740233 ], [ -70.606693467903, -33.556230955561816 ], [ -70.6065790249733, -33.556635324668811 ], [ -70.606472213777124, -33.557047321383777 ], [ -70.606357769211513, -33.557493651878382 ], [ -70.606263979981918, -33.557848989518732 ], [ -70.606243325566496, -33.557932352866231 ], [ -70.60617516007072, -33.558180301294996 ], [ -70.606144143139076, -33.558317648445154 ], [ -70.606092578632072, -33.558500744503959 ], [ -70.606052587226245, -33.5586762359383 ], [ -70.606479856066983, -33.55871819856813 ], [ -70.60641119464529, -33.559290416493084 ], [ -70.60590762611514, -33.559233194758001 ], [ -70.605831191015355, -33.5594956631328 ], [ -70.606024534794045, -33.559516596250148 ], [ -70.606052622674213, -33.559523268653884 ], [ -70.606061225508839, -33.559534877942731 ], [ -70.606061746060604, -33.559562995272557 ], [ -70.605997052993715, -33.560022859917083 ], [ -70.605762239154117, -33.560000535838967 ], [ -70.605701630046653, -33.559992342783545 ], [ -70.605625334456846, -33.560274634771361 ], [ -70.605541646481882, -33.560602596860605 ], [ -70.605489949300917, -33.560792158598936 ], [ -70.605877119944509, -33.560823965765657 ], [ -70.605785569153809, -33.561468663525851 ], [ -70.605800828475182, -33.561522071370653 ], [ -70.606205209033405, -33.561564030463643 ], [ -70.606282813723098, -33.561567196886401 ], [ -70.606601957407619, -33.561602175220415 ], [ -70.606709165175161, -33.561612880449907 ], [ -70.606766071874731, -33.561618908898645 ], [ -70.606968188120462, -33.561640319956808 ], [ -70.607147592374432, -33.561655016694544 ], [ -70.607334418576713, -33.561674656134414 ], [ -70.607708277821487, -33.56170898320584 ], [ -70.608082137739146, -33.561750943915769 ], [ -70.608280600624695, -33.561767701820862 ], [ -70.608455998708507, -33.561785275006123 ], [ -70.60860739154819, -33.561798897967421 ], [ -70.608837489704555, -33.56181960497495 ], [ -70.609142682473191, -33.561850122733098 ], [ -70.609200745732096, -33.561855942029496 ], [ -70.609585209140533, -33.561895896245176 ], [ -70.610012479441465, -33.56193404247508 ], [ -70.610065883362353, -33.561537304129544 ], [ -70.610111659944806, -33.561174897937377 ], [ -70.61014580369843, -33.560971907502093 ], [ -70.6107144100407, -33.561029935497487 ], [ -70.610722041556244, -33.561018488618366 ], [ -70.610834739042829, -33.560606119028826 ], [ -70.610854909475819, -33.560521266097801 ], [ -70.610950926531459, -33.560209751730703 ], [ -70.611088259951487, -33.559740530846305 ], [ -70.611216428213524, -33.559257256163036 ], [ -70.611270618799111, -33.559084466008201 ], [ -70.611340035751766, -33.558863127589092 ], [ -70.61136058935864, -33.558774591970945 ], [ -70.611390380559499, -33.558660246926166 ], [ -70.611446849745704, -33.55844350132945 ], [ -70.611554838641027, -33.558098656363036 ], [ -70.611568920477822, -33.558042946337594 ], [ -70.611636729972375, -33.55778055812894 ], [ -70.611683365246449, -33.557623325109915 ], [ -70.611721013839102, -33.557469632393854 ], [ -70.611805437555603, -33.557215140481127 ], [ -70.611820200862482, -33.557157571021939 ], [ -70.611912250810192, -33.556814587226924 ], [ -70.611933157908283, -33.556746058220007 ], [ -70.612034325595886, -33.556383516015252 ], [ -70.612048004688177, -33.556327724601829 ], [ -70.612096877737429, -33.556158599771315 ], [ -70.612247950917563, -33.555635813703972 ], [ -70.61213350958603, -33.555529167455866 ], [ -70.611692393976384, -33.555036078267051 ], [ -70.611770912522005, -33.555035055833038 ], [ -70.612326719094071, -33.555035412945394 ], [ -70.612426282033141, -33.555029048651043 ], [ -70.612466308610593, -33.554889082833597 ], [ -70.612508411552767, -33.55474186278925 ], [ -70.612520073309611, -33.554711083347243 ], [ -70.612545506951349, -33.55464396612436 ], [ -70.612593170466681, -33.554461031085872 ], [ -70.612694881430116, -33.554089973486235 ], [ -70.612377645243441, -33.554071752156126 ], [ -70.611637553709528, -33.554067941113793 ], [ -70.610836426235693, -33.554048874848895 ], [ -70.610710387054453, -33.554049438305611 ], [ -70.610409185965992, -33.554053263715183 ], [ -70.61033908565939, -33.554051666891581 ], [ -70.609959126366718, -33.554053482119159 ], [ -70.609676699302796, -33.554056509637064 ], [ -70.60959080429032, -33.554061060773584 ], [ -70.609228761414087, -33.554056142271314 ], [ -70.609197631379658, -33.554278594380101 ], [ -70.609140943537895, -33.554683697438698 ], [ -70.60914261846672, -33.554731729924555 ], [ -70.609119952668962, -33.554879065072441 ], [ -70.60911210128863, -33.554930099103558 ], [ -70.609097164437344, -33.555023460978312 ], [ -70.609081585756499, -33.555120838872277 ], [ -70.609076969935799, -33.55516083497394 ], [ -70.608831704703817, -33.555134106307634 ], [ -70.608848873206796, -33.554996864565084 ], [ -70.608849371815538, -33.554996917604001 ], [ -70.608870362255132, -33.554853365759094 ], [ -70.608870217639634, -33.554853350504324 ], [ -70.608892022775763, -33.55470877802815 ], [ -70.608990586979246, -33.55405528230682 ], [ -70.608938604850096, -33.554055094983156 ], [ -70.608494079638717, -33.554060331386772 ], [ -70.607853178031732, -33.554045075832043 ], [ -70.607326721837708, -33.554018378379006 ], [ -70.607273767034968, -33.554013070738847 ], [ -70.607181094124186, -33.55434258821024 ], [ -70.607127808902092, -33.554536242115752 ], [ -70.607077561670877, -33.554732379838867 ], [ -70.607036797344833, -33.554922482098441 ] ], [ [ -70.606492037727378, -33.560072337793088 ], [ -70.606469835298753, -33.560298099290605 ], [ -70.606270134982552, -33.560280109965696 ], [ -70.606200253032569, -33.560271960850926 ], [ -70.606204207923625, -33.560227486895776 ], [ -70.606214223847147, -33.56013186345227 ], [ -70.606217297890311, -33.560085718136044 ], [ -70.60622052441245, -33.560047808042064 ], [ -70.606492037727378, -33.560072337793088 ] ], [ [ -70.606398020733252, -33.560654430468801 ], [ -70.606370566519459, -33.56087651755896 ], [ -70.606120756074404, -33.560849840984034 ], [ -70.606124977895945, -33.560812741338715 ], [ -70.606135329183317, -33.560735223853584 ], [ -70.606149104043354, -33.560630495588015 ], [ -70.606398020733252, -33.560654430468801 ] ] ] ] } },
{ "type": "Feature", "properties": { "objectid": 16993, "cod_region": "13", "region": "Región Metropolitana De Santiago", "cut_provincia": "131", "provincia": "Santiago", "cut_comuna": "13110", "comuna": "La Florida", "zona": "U-VEV3", "nombre_zona": "U-VEV3 Zona de Vivienda y Equipamiento Vecinal N°3", "uperm": "Residencial; equipamiento de comercio, culto, deporte, educación, esparcimiento, salud, seguridad, servicios, social, oficina, turismo; espacio público y áreas verdes.", "uproh": "Todo uso no mencionado como permitido.", "srid": "EPSG: 4326" }, "geometry": { "type": "MultiPolygon", "coordinates": [ [ [ [ -70.590217378170308, -33.555717957644219 ], [ -70.5901077235023, -33.556242606486002 ], [ -70.589894004348963, -33.557649048601085 ], [ -70.589669995345616, -33.558804414806332 ], [ -70.589489841199892, -33.559835132216229 ], [ -70.589541730032252, -33.559839847878493 ], [ -70.589627461943266, -33.559849933868335 ], [ -70.589930849689992, -33.559885624057564 ], [ -70.592509722195487, -33.560125938026331 ], [ -70.59260890143409, -33.559473610979239 ], [ -70.592700454281655, -33.558851800343334 ], [ -70.592834064245551, -33.557928180923057 ], [ -70.592387359176882, -33.557888574577333 ], [ -70.592706156851904, -33.555991669054748 ], [ -70.591914558394208, -33.555880085352243 ], [ -70.591480945503108, -33.555810859102074 ], [ -70.591466187844759, -33.555859071706699 ], [ -70.590217378170308, -33.555717957644219 ] ], [ [ -70.591082917525284, -33.556318797253802 ], [ -70.590983734567288, -33.556841418314107 ], [ -70.590663282557912, -33.556803270518337 ], [ -70.590754835938156, -33.556276830229123 ], [ -70.591082917525284, -33.556318797253802 ] ] ] ] } },
{ "type": "Feature", "properties": { "objectid": 16994, "cod_region": "13", "region": "Región Metropolitana De Santiago", "cut_provincia": "131", "provincia": "Santiago", "cut_comuna": "13110", "comuna": "La Florida", "zona": "PL", "nombre_zona": "PL Zona de Plazas", "uperm": "Espacio público y áreas verdes.", "uproh": "Todo uso no mencionado como permitido.", "srid": "EPSG: 4326" }, "geometry": { "type": "MultiPolygon", "coordinates": [ [ [ [ -70.569970380202534, -33.537464913544902 ], [ -70.569984771174816, -33.538139274009119 ], [ -70.570360237833455, -33.537233536792606 ], [ -70.570032157116231, -33.537134355540687 ], [ -70.569887193911455, -33.53744335417062 ], [ -70.569970380202534, -33.537464913544902 ] ] ] ] } },
{ "type": "Feature", "properties": { "objectid": 16997, "cod_region": "13", "region": "Región Metropolitana De Santiago", "cut_provincia": "131", "provincia": "Santiago", "cut_comuna": "13110", "comuna": "La Florida", "zona": "U-VEV3", "nombre_zona": "U-VEV3 Zona de Vivienda y Equipamiento Vecinal N°3", "uperm": "Residencial; equipamiento de comercio, culto, deporte, educación, esparcimiento, salud, seguridad, servicios, social, oficina, turismo; espacio público y áreas verdes.", "uproh": "Todo uso no mencionado como permitido.", "srid": "EPSG: 4326" }, "geometry": { "type": "MultiPolygon", "coordinates": [ [ [ [ -70.587550384563173, -33.563360908394657 ], [ -70.587496978753848, -33.563742394285789 ], [ -70.587397799050109, -33.564440493928906 ], [ -70.586759160350184, -33.56437418268024 ], [ -70.586633866444487, -33.565036376028779 ], [ -70.586512747812975, -33.565020346890314 ], [ -70.586291493702859, -33.566202933462137 ], [ -70.586770065843993, -33.566268029352891 ], [ -70.586791906635099, -33.56627100127379 ], [ -70.587329147430992, -33.566344074140382 ], [ -70.587841114566814, -33.566413621771957 ], [ -70.588267940755216, -33.566469251916821 ], [ -70.588394440923835, -33.566481130389299 ], [ -70.58839731783273, -33.566481400082672 ], [ -70.589158671794166, -33.566590037315436 ], [ -70.589511961136253, -33.566632244141708 ], [ -70.589526528474707, -33.566633983322617 ], [ -70.590602330285364, -33.566775123105479 ], [ -70.590754518077134, -33.566794145969226 ], [ -70.590771840297776, -33.566796311322172 ], [ -70.591456868003917, -33.566881931526119 ], [ -70.591637502487487, -33.566903721293201 ], [ -70.591868867771538, -33.565718420793175 ], [ -70.592029084149118, -33.564913500785181 ], [ -70.592316209507928, -33.564934363366248 ], [ -70.593036217325121, -33.565016494873056 ], [ -70.593129814276097, -33.565025408438785 ], [ -70.593837346169764, -33.56509278518233 ], [ -70.594101703830205, -33.565113173879929 ], [ -70.594163308696594, -33.564741693062018 ], [ -70.594249349308313, -33.564142893338079 ], [ -70.594310383453134, -33.563749978116064 ], [ -70.594370985950249, -33.563320185811619 ], [ -70.593644528175787, -33.563240413877466 ], [ -70.593308049161649, -33.563213750695603 ], [ -70.592578415488035, -33.563135806170351 ], [ -70.591806643339382, -33.563057208908077 ], [ -70.591558277655778, -33.563031914656698 ], [ -70.590930379205801, -33.562967964899173 ], [ -70.590333321087684, -33.562908829963668 ], [ -70.590390846294952, -33.562548030132305 ], [ -70.59027948367671, -33.562541700081148 ], [ -70.590440541723524, -33.561282331034363 ], [ -70.589679080071377, -33.561205541014516 ], [ -70.588984765774683, -33.561133069674554 ], [ -70.588450680215729, -33.561083475203681 ], [ -70.588130227459374, -33.561045330135663 ], [ -70.587634095922866, -33.560998879429519 ], [ -70.587603603551216, -33.561177315216362 ], [ -70.587419104649925, -33.562436770900767 ], [ -70.587384689449806, -33.56260903256215 ], [ -70.587656157218788, -33.562639640985793 ], [ -70.587638659685112, -33.562731371359888 ], [ -70.587550384563173, -33.563360908394657 ] ], [ [ -70.590014809311256, -33.563593596270849 ], [ -70.589946144089964, -33.563990334057856 ], [ -70.589129755646056, -33.563906413501627 ], [ -70.588313367417385, -33.563826307635793 ], [ -70.588359140570546, -33.563429574042566 ], [ -70.590014809311256, -33.563593596270849 ] ], [ [ -70.590801954343888, -33.563839626479272 ], [ -70.590823567708057, -33.563677517114805 ], [ -70.592471603284139, -33.563837726582726 ], [ -70.592475869300955, -33.563839204782539 ], [ -70.592417632560753, -33.564238670125832 ], [ -70.592410569569722, -33.564238281238431 ], [ -70.590770161770578, -33.564078068637222 ], [ -70.590783303744956, -33.563979500364972 ], [ -70.590801954343888, -33.563839626479272 ] ], [ [ -70.589763040656479, -33.56543995365827 ], [ -70.589633340741415, -33.566031247416547 ], [ -70.588511760275935, -33.565882477363083 ], [ -70.588626201008495, -33.565291183927961 ], [ -70.589763040656479, -33.56543995365827 ] ] ] ] } },
{ "type": "Feature", "properties": { "objectid": 16998, "cod_region": "13", "region": "Región Metropolitana De Santiago", "cut_provincia": "131", "provincia": "Santiago", "cut_comuna": "13110", "comuna": "La Florida", "zona": "U-VEV3", "nombre_zona": "U-VEV3 Zona de Vivienda y Equipamiento Vecinal N°3", "uperm": "Residencial; equipamiento de comercio, culto, deporte, educación, esparcimiento, salud, seguridad, servicios, social, oficina, turismo; espacio público y áreas verdes.", "uproh": "Todo uso no mencionado como permitido.", "srid": "EPSG: 4326" }, "geometry": { "type": "MultiPolygon", "coordinates": [ [ [ [ -70.595620233376351, -33.558215156532349 ], [ -70.596056575589898, -33.558253341767362 ], [ -70.596257751308627, -33.557379351575271 ], [ -70.596285686598165, -33.557186488875359 ], [ -70.596361251940763, -33.556773288906307 ], [ -70.59643140189246, -33.556456091602385 ], [ -70.596507694788286, -33.556044095084339 ], [ -70.596576361289422, -33.555727466024983 ], [ -70.596670280312196, -33.555327366988834 ], [ -70.596727677407259, -33.554999756550039 ], [ -70.596811303730917, -33.554592247343678 ], [ -70.596879103726124, -33.554271545822942 ], [ -70.596968863844822, -33.553761148074223 ], [ -70.596324384476873, -33.553731180098168 ], [ -70.596124107392697, -33.55372617945816 ], [ -70.595851513021216, -33.553720892538387 ], [ -70.595715218657418, -33.553720569199989 ], [ -70.595534202560358, -33.55460903210529 ], [ -70.595458071410732, -33.554982694219341 ], [ -70.595201786106244, -33.556240569829072 ], [ -70.594833461453931, -33.558135206143213 ], [ -70.595419554580872, -33.558192975028668 ], [ -70.595620233376351, -33.558215156532349 ] ] ] ] } },
{ "type": "Feature", "properties": { "objectid": 16999, "cod_region": "13", "region": "Región Metropolitana De Santiago", "cut_provincia": "131", "provincia": "Santiago", "cut_comuna": "13110", "comuna": "La Florida", "zona": "U-VEV3", "nombre_zona": "U-VEV3 Zona de Vivienda y Equipamiento Vecinal N°3", "uperm": "Residencial; equipamiento de comercio, culto, deporte, educación, esparcimiento, salud, seguridad, servicios, social, oficina, turismo; espacio público y áreas verdes.", "uproh": "Todo uso no mencionado como permitido.", "srid": "EPSG: 4326" }, "geometry": { "type": "MultiPolygon", "coordinates": [ [ [ [ -70.595032730201098, -33.551150802237878 ], [ -70.595022621974891, -33.551206883248199 ], [ -70.593842007310442, -33.551203441092333 ], [ -70.593792656090869, -33.551935426173856 ], [ -70.593737465093412, -33.553190080605802 ], [ -70.594251978662768, -33.553211528457197 ], [ -70.594432306598506, -33.55329342492805 ], [ -70.594946476888097, -33.553296157918417 ], [ -70.594986371902195, -33.55280332925367 ], [ -70.596234758861186, -33.552807933291916 ], [ -70.596252076613496, -33.552048949036369 ], [ -70.596246403409225, -33.551135157084268 ], [ -70.595032730201098, -33.551150802237878 ] ] ] ] } },
{ "type": "Feature", "properties": { "objectid": 17000, "cod_region": "13", "region": "Región Metropolitana De Santiago", "cut_provincia": "131", "provincia": "Santiago", "cut_comuna": "13110", "comuna": "La Florida", "zona": "U-VEV3", "nombre_zona": "U-VEV3 Zona de Vivienda y Equipamiento Vecinal N°3", "uperm": "Residencial; equipamiento de comercio, culto, deporte, educación, esparcimiento, salud, seguridad, servicios, social, oficina, turismo; espacio público y áreas verdes.", "uproh": "Todo uso no mencionado como permitido.", "srid": "EPSG: 4326" }, "geometry": { "type": "MultiPolygon", "coordinates": [ [ [ [ -70.590059935588172, -33.553514112506647 ], [ -70.589965164251922, -33.554188166965297 ], [ -70.589583816110277, -33.554149407803294 ], [ -70.589547550013208, -33.554446738645161 ], [ -70.587283268064581, -33.554371202859969 ], [ -70.587120415272764, -33.554373291145907 ], [ -70.587077260582788, -33.554548754589149 ], [ -70.5870238560356, -33.554831047552469 ], [ -70.586985707847575, -33.55505612089928 ], [ -70.586944743881574, -33.555423178837621 ], [ -70.586917565959965, -33.555613809816599 ], [ -70.587550764270006, -33.555637161668045 ], [ -70.587502429828476, -33.556020009557933 ], [ -70.587485100033746, -33.556157299645562 ], [ -70.586864426312715, -33.556133786947811 ], [ -70.586831798278979, -33.556386754927331 ], [ -70.586822254165256, -33.556485774625536 ], [ -70.586773502073967, -33.556832316663716 ], [ -70.586742441613879, -33.557050755411801 ], [ -70.586726986377826, -33.557164166386933 ], [ -70.586715772026849, -33.557235595517298 ], [ -70.586711647148249, -33.557283863369577 ], [ -70.586703425998095, -33.557333550895429 ], [ -70.586807101935506, -33.557343310553932 ], [ -70.586785474030975, -33.5574930809357 ], [ -70.586763515440325, -33.557645151587835 ], [ -70.586665286756201, -33.55832539563648 ], [ -70.586645182249157, -33.558533748590079 ], [ -70.589669995345616, -33.558804414806332 ], [ -70.589894004348963, -33.557649048601085 ], [ -70.589175480433255, -33.557573865907209 ], [ -70.58835146036165, -33.557489946932122 ], [ -70.587832634148683, -33.557436542674253 ], [ -70.587735109762278, -33.557426910582393 ], [ -70.587698263422581, -33.557429477271576 ], [ -70.587701856323733, -33.557423625258622 ], [ -70.587945538647787, -33.556170547989105 ], [ -70.5901077235023, -33.556242606486002 ], [ -70.590217378170308, -33.555717957644219 ], [ -70.590601843421297, -33.553531573943111 ], [ -70.590329973058189, -33.553523852260199 ], [ -70.590059935588172, -33.553514112506647 ] ], [ [ -70.590121550229142, -33.554781437474759 ], [ -70.590107539810163, -33.554860994847623 ], [ -70.589760519801459, -33.55481402428309 ], [ -70.589768724356702, -33.554765182689373 ], [ -70.58984377567333, -33.554293042434296 ], [ -70.590262961185658, -33.554326749638903 ], [ -70.590200764589909, -33.554743311665163 ], [ -70.590121550229142, -33.554781437474759 ] ], [ [ -70.589942242140708, -33.555799669277249 ], [ -70.589900296261561, -33.556021244393186 ], [ -70.589559287282071, -33.556012010387747 ], [ -70.589596029744868, -33.555793278004252 ], [ -70.589942242140708, -33.555799669277249 ] ], [ [ -70.588488091521256, -33.557822895278917 ], [ -70.588410943146243, -33.55840588089827 ], [ -70.588237023227464, -33.55839023511227 ], [ -70.588310586247047, -33.557811507094812 ], [ -70.588488091521256, -33.557822895278917 ] ], [ [ -70.589045271768853, -33.558462940138412 ], [ -70.589120820248027, -33.557937680446699 ], [ -70.589436186227942, -33.557964004277835 ], [ -70.589359943815495, -33.558494732662368 ], [ -70.589045271768853, -33.558462940138412 ] ] ] ] } },
{ "type": "Feature", "properties": { "objectid": 16995, "cod_region": "13", "region": "Región Metropolitana De Santiago", "cut_provincia": "131", "provincia": "Santiago", "cut_comuna": "13110", "comuna": "La Florida", "zona": "U-VEV3", "nombre_zona": "U-VEV3 Zona de Vivienda y Equipamiento Vecinal N°3", "uperm": "Residencial; equipamiento de comercio, culto, deporte, educación, esparcimiento, salud, seguridad, servicios, social, oficina, turismo; espacio público y áreas verdes.", "uproh": "Todo uso no mencionado como permitido.", "srid": "EPSG: 4326" }, "geometry": { "type": "MultiPolygon", "coordinates": [ [ [ [ -70.605259116331567, -33.561625072040755 ], [ -70.60503785350889, -33.56208284733718 ], [ -70.605537061195619, -33.562075161070808 ], [ -70.606122643308723, -33.562121368157136 ], [ -70.606061430568104, -33.562534563568839 ], [ -70.605476569160643, -33.562480768920871 ], [ -70.605376028764113, -33.563154897387008 ], [ -70.605556690420002, -33.563173874524935 ], [ -70.605961069404955, -33.563212019613736 ], [ -70.606365448723977, -33.563250165173322 ], [ -70.606739307861403, -33.563295940020808 ], [ -70.607097908781682, -33.563330270315376 ], [ -70.607471769443748, -33.563368418054111 ], [ -70.607845630028436, -33.56339893258216 ], [ -70.608219488374488, -33.563433264296542 ], [ -70.608486250471941, -33.563442693476723 ], [ -70.608593100627857, -33.563446470313139 ], [ -70.608723056390005, -33.56345996769975 ], [ -70.608975710699198, -33.563478593764607 ], [ -70.609348700829173, -33.563517184502096 ], [ -70.609643805217203, -33.563557515806629 ], [ -70.610187978277267, -33.563726990931805 ], [ -70.610249013560761, -33.563250142363408 ], [ -70.610271489686639, -33.563137113850907 ], [ -70.609748190726833, -33.563087649996319 ], [ -70.609664977013779, -33.563071327274798 ], [ -70.609733990395966, -33.562674285075815 ], [ -70.610334279552262, -33.562722263910089 ], [ -70.610378711886042, -33.562422333189915 ], [ -70.610455005051193, -33.561976001796111 ], [ -70.610012479441465, -33.56193404247508 ], [ -70.609585209140533, -33.561895896245176 ], [ -70.609200745732096, -33.561855942029496 ], [ -70.609142682473191, -33.561850122733098 ], [ -70.608837489704555, -33.56181960497495 ], [ -70.60860739154819, -33.561798897967421 ], [ -70.608455998708507, -33.561785275006123 ], [ -70.608280600624695, -33.561767701820862 ], [ -70.608082137739146, -33.561750943915769 ], [ -70.607708277821487, -33.56170898320584 ], [ -70.607334418576713, -33.561674656134414 ], [ -70.607147592374432, -33.561655016694544 ], [ -70.606968188120462, -33.561640319956808 ], [ -70.606766071874731, -33.561618908898645 ], [ -70.606709165175161, -33.561612880449907 ], [ -70.606601957407619, -33.561602175220415 ], [ -70.606282813723098, -33.561567196886401 ], [ -70.606205209033405, -33.561564030463643 ], [ -70.605800828475182, -33.561522071370653 ], [ -70.605314159706182, -33.561469767631735 ], [ -70.605259116331567, -33.561625072040755 ] ] ], [ [ [ -70.599225966003047, -33.56338837708148 ], [ -70.59912215806159, -33.563496601955393 ], [ -70.599071372610382, -33.563540134205162 ], [ -70.598887866448408, -33.563604898323874 ], [ -70.598658732190216, -33.563683515528702 ], [ -70.598552545635584, -33.563719431302808 ], [ -70.598483221261517, -33.56376234695071 ], [ -70.598392321594346, -33.563818615778736 ], [ -70.598277876075656, -33.563963579453812 ], [ -70.59822447070971, -33.564146690771494 ], [ -70.598186324086555, -33.564390836679245 ], [ -70.598193954237559, -33.564558687379566 ], [ -70.598239732775639, -33.56471509373845 ], [ -70.598468630702101, -33.565230089542418 ], [ -70.598330110535002, -33.565648278743794 ], [ -70.598148185389647, -33.56595871274645 ], [ -70.598071447081765, -33.566098475483265 ], [ -70.598047804837876, -33.566269844855348 ], [ -70.598092703939713, -33.56670674783318 ], [ -70.598082922764846, -33.566782533068782 ], [ -70.59806857501421, -33.566893685252396 ], [ -70.598070320113806, -33.566895435691542 ], [ -70.59806993272781, -33.566895868155733 ], [ -70.598067681196653, -33.566898379033773 ], [ -70.598035680755117, -33.567066440232487 ], [ -70.598033244390251, -33.56707821336402 ], [ -70.599587333355615, -33.564825574372634 ], [ -70.599614865812185, -33.564461826408007 ], [ -70.59964645266993, -33.564042992564197 ], [ -70.599684824164171, -33.563534179560449 ], [ -70.599690887960648, -33.563453758197056 ], [ -70.600216288764656, -33.563494026321763 ], [ -70.600427780800743, -33.56351023512353 ], [ -70.60049137706558, -33.563515108576645 ], [ -70.600543918850235, -33.563318868027302 ], [ -70.600689730857511, -33.562762695038863 ], [ -70.600688880040977, -33.562758093243374 ], [ -70.600742668044305, -33.562293557302908 ], [ -70.601026015224946, -33.560860383079913 ], [ -70.601474702259779, -33.558731838174879 ], [ -70.601495353912881, -33.558645149683443 ], [ -70.602023293910179, -33.556548516809933 ], [ -70.602085076481302, -33.556269130880104 ], [ -70.602153741023628, -33.555990651440055 ], [ -70.60220714603264, -33.555715987585728 ], [ -70.602268183170253, -33.555441322300396 ], [ -70.602321589028151, -33.555170471264965 ], [ -70.60242840293013, -33.554907248955402 ], [ -70.602573366466842, -33.554571547630644 ], [ -70.601771428596905, -33.554562831155927 ], [ -70.601710419808356, -33.554567187347409 ], [ -70.601445160749336, -33.555759549883234 ], [ -70.601124374508586, -33.557237113336711 ], [ -70.600987154550054, -33.557854448227168 ], [ -70.600989872917992, -33.558001754012217 ], [ -70.601073085666485, -33.55827243976298 ], [ -70.601138242541808, -33.558412388803049 ], [ -70.60116354840649, -33.558726625682084 ], [ -70.600746564597131, -33.560499124752276 ], [ -70.600648018456653, -33.560933092665714 ], [ -70.600543320545157, -33.561392391861077 ], [ -70.600482695181739, -33.561514241378291 ], [ -70.600324796431224, -33.561816316360087 ], [ -70.599994691755811, -33.56229748937178 ], [ -70.599605452694377, -33.562861107146254 ], [ -70.599368928499928, -33.56320824556596 ], [ -70.599225966003047, -33.56338837708148 ] ] ], [ [ [ -70.602794873210868, -33.554581093925272 ], [ -70.602531391493187, -33.555187847608742 ], [ -70.602474943481454, -33.555297565050559 ], [ -70.602199389043051, -33.556537040673049 ], [ -70.601643760661489, -33.558771071077906 ], [ -70.601203666970804, -33.56088332672158 ], [ -70.600659742056308, -33.563528011316109 ], [ -70.600944575912777, -33.563549839472735 ], [ -70.602474976490385, -33.563641859986198 ], [ -70.60272329186779, -33.56245239881067 ], [ -70.603486424551221, -33.56251625721346 ], [ -70.60355191207934, -33.561913742995323 ], [ -70.603901013480197, -33.561979856861583 ], [ -70.603954418950138, -33.561491562725351 ], [ -70.603962048159204, -33.561384749953724 ], [ -70.604053602178283, -33.561018529197234 ], [ -70.604137527850085, -33.560690456736261 ], [ -70.604231638207978, -33.560336202289619 ], [ -70.60431300707117, -33.560034311950446 ], [ -70.604587670949726, -33.55898905964775 ], [ -70.605022568365683, -33.559076796656591 ], [ -70.605426947715173, -33.559145461346404 ], [ -70.605624852386896, -33.559181582976088 ], [ -70.60590762611514, -33.559233194758001 ], [ -70.606014062482984, -33.55883512930896 ], [ -70.606052587226245, -33.5586762359383 ], [ -70.606092578632072, -33.558500744503959 ], [ -70.606144143139076, -33.558317648445154 ], [ -70.60617516007072, -33.558180301294996 ], [ -70.606243325566496, -33.557932352866231 ], [ -70.606263979981918, -33.557848989518732 ], [ -70.606357769211513, -33.557493651878382 ], [ -70.606472213777124, -33.557047321383777 ], [ -70.6065790249733, -33.556635324668811 ], [ -70.606693467903, -33.556230955561816 ], [ -70.606792653771961, -33.555815143740233 ], [ -70.606922355025532, -33.555357367258047 ], [ -70.606991022277782, -33.55512085053153 ], [ -70.607036797344833, -33.554922482098441 ], [ -70.607077561670877, -33.554732379838867 ], [ -70.605629828353642, -33.554733209757586 ], [ -70.605628756825368, -33.554823730147575 ], [ -70.605359950769909, -33.554841519697931 ], [ -70.605145535194779, -33.554991172437276 ], [ -70.604061154580293, -33.55497588148932 ], [ -70.604093151793478, -33.554861951301433 ], [ -70.604122216230508, -33.554758464296718 ], [ -70.604106955661038, -33.554685982706182 ], [ -70.603992509642069, -33.554693612653573 ], [ -70.603725466865569, -33.554663096034638 ], [ -70.603374494734652, -33.554613506822577 ], [ -70.603267678857435, -33.554594433604095 ], [ -70.603015894905013, -33.554590619049698 ], [ -70.602794873210868, -33.554581093925272 ] ] ], [ [ [ -70.603580453555097, -33.54924228347587 ], [ -70.603066641791685, -33.54925412859226 ], [ -70.60300470994666, -33.549254661878024 ], [ -70.602917500575643, -33.549587610291347 ], [ -70.604138292803967, -33.54957179589087 ], [ -70.603946692562332, -33.550405790370192 ], [ -70.603648023848294, -33.551635147607954 ], [ -70.603519439263451, -33.552164411873434 ], [ -70.603425842078096, -33.552545376754026 ], [ -70.60328450083918, -33.55312067251154 ], [ -70.60308455745843, -33.553934475409569 ], [ -70.603473677627832, -33.553942103877162 ], [ -70.603870425769131, -33.553949727870531 ], [ -70.604290063513332, -33.553949727540186 ], [ -70.604480312624872, -33.553981709206269 ], [ -70.605167489946012, -33.55399550197415 ], [ -70.605632909207017, -33.553991680267579 ], [ -70.606838416403392, -33.554003119885799 ], [ -70.607273767034968, -33.554013070738847 ], [ -70.607326721837708, -33.554018378379006 ], [ -70.607853178031732, -33.554045075832043 ], [ -70.608494079638717, -33.554060331386772 ], [ -70.608938604850096, -33.554055094983156 ], [ -70.608990586979246, -33.55405528230682 ], [ -70.609228761414087, -33.554056142271314 ], [ -70.60959080429032, -33.554061060773584 ], [ -70.609676699302796, -33.554056509637064 ], [ -70.609959126366718, -33.554053482119159 ], [ -70.61033908565939, -33.554051666891581 ], [ -70.610409185965992, -33.554053263715183 ], [ -70.610710387054453, -33.554049438305611 ], [ -70.610836426235693, -33.554048874848895 ], [ -70.611637553709528, -33.554067941113793 ], [ -70.612377645243441, -33.554071752156126 ], [ -70.612694881430116, -33.554089973486235 ], [ -70.612812539258485, -33.553655937921384 ], [ -70.612832760175635, -33.553583480361489 ], [ -70.612904093523369, -33.553327866835261 ], [ -70.612972761247576, -33.553068458885242 ], [ -70.612993928472648, -33.552991413144589 ], [ -70.613079575297988, -33.552698425646454 ], [ -70.613087763833235, -33.552652625651966 ], [ -70.613171127143588, -33.552381796639935 ], [ -70.613187302696758, -33.552316328519382 ], [ -70.613262681445093, -33.552019391278748 ], [ -70.613395633096758, -33.551608779799601 ], [ -70.613409872850298, -33.551568567927774 ], [ -70.613443459676901, -33.551446720258802 ], [ -70.613446001379529, -33.55143750031408 ], [ -70.613477047492836, -33.551324872567172 ], [ -70.613508500193944, -33.551220908683284 ], [ -70.613558602516804, -33.55104253080367 ], [ -70.613608751000413, -33.550871974665675 ], [ -70.613641664280948, -33.550756794740153 ], [ -70.613705197007931, -33.550478215723849 ], [ -70.613716895504595, -33.550446045084534 ], [ -70.613812011988671, -33.550184477372085 ], [ -70.613895935839921, -33.549886917882979 ], [ -70.613933579064934, -33.54973410828903 ], [ -70.613971313694691, -33.549608979683732 ], [ -70.614056888308625, -33.549330683022859 ], [ -70.614083725510696, -33.54921298676917 ], [ -70.611896925186457, -33.549268937097374 ], [ -70.611904559104019, -33.549772488598421 ], [ -70.611974280963935, -33.549782135540831 ], [ -70.612019013863346, -33.550520185118806 ], [ -70.612026646986678, -33.55090929584172 ], [ -70.611610206805764, -33.550891233367587 ], [ -70.611599375493014, -33.550531635634684 ], [ -70.611856616444626, -33.550520581052773 ], [ -70.611852691281726, -33.550442045953744 ], [ -70.611843080307182, -33.550057504292553 ], [ -70.611836811537799, -33.549852843492069 ], [ -70.611836197104907, -33.549819761988921 ], [ -70.611843329032951, -33.549805192237493 ], [ -70.611283496404823, -33.549811440115178 ], [ -70.611263654772984, -33.549276572167358 ], [ -70.61083746211267, -33.549287216123638 ], [ -70.610712950676216, -33.549289813027052 ], [ -70.610675690377136, -33.54929067752655 ], [ -70.609569842122724, -33.549326171572062 ], [ -70.609119682772317, -33.549333806168342 ], [ -70.608074400968277, -33.549364331315971 ], [ -70.607332733537888, -33.549381624083871 ], [ -70.607331066603166, -33.549358845946344 ], [ -70.607315314748647, -33.549143672703941 ], [ -70.607177606380844, -33.549145397607568 ], [ -70.60704437961688, -33.549146892829782 ], [ -70.605442122221618, -33.549192682274594 ], [ -70.604816480702141, -33.549215574033532 ], [ -70.604419730394625, -33.54922320611108 ], [ -70.6039924631107, -33.549230837359879 ], [ -70.603580453555097, -33.54924228347587 ] ], [ [ -70.611965627436675, -33.553087534570125 ], [ -70.611599398249609, -33.553095171240329 ], [ -70.611591242718319, -33.552763576298759 ], [ -70.612110027682789, -33.552719025463169 ], [ -70.612100514792274, -33.553084724524886 ], [ -70.611965627436675, -33.553087534570125 ] ], [ [ -70.609181567812314, -33.550977148222152 ], [ -70.609165473487678, -33.550588868565001 ], [ -70.609150209762433, -33.55016161231552 ], [ -70.609144165281108, -33.550054847058725 ], [ -70.609596477645823, -33.55004428136229 ], [ -70.609600366623084, -33.550146353598059 ], [ -70.609615629188113, -33.550512572909504 ], [ -70.609623259870474, -33.550577420828311 ], [ -70.609625954078325, -33.550632901723453 ], [ -70.609629440331744, -33.550721909134005 ], [ -70.60963666695578, -33.550913738304544 ], [ -70.609639145763794, -33.550965037561021 ], [ -70.609567434102658, -33.550966960265811 ], [ -70.609181567812314, -33.550977148222152 ] ], [ [ -70.607045752934752, -33.549385016500509 ], [ -70.60705518393911, -33.549389110965969 ], [ -70.607065861662946, -33.549395737784828 ], [ -70.607097791873528, -33.549810666705866 ], [ -70.607120685596769, -33.550203589495773 ], [ -70.607423596724004, -33.550197717407762 ], [ -70.607425879153467, -33.550627027385232 ], [ -70.607358560979165, -33.550618656110736 ], [ -70.607277886066413, -33.550603588179264 ], [ -70.607135294951604, -33.550568832979422 ], [ -70.607120687008958, -33.55056599253092 ], [ -70.606846013611388, -33.550478256500995 ], [ -70.60667215695392, -33.550885446086809 ], [ -70.606556089285746, -33.551157288963516 ], [ -70.60654845784093, -33.551187808159398 ], [ -70.606532447247346, -33.551225680415811 ], [ -70.606165082773757, -33.551226767501703 ], [ -70.606212747009238, -33.551142032768297 ], [ -70.606350081241189, -33.550810143471899 ], [ -70.606510303698059, -33.550428665360627 ], [ -70.606693414152971, -33.549993776441497 ], [ -70.606853636365486, -33.549608485002388 ], [ -70.606895451190141, -33.549503996750275 ], [ -70.606948587405242, -33.54937121935324 ], [ -70.607045752934752, -33.549385016500509 ] ] ] ] } },
{ "type": "Feature", "properties": { "objectid": 16996, "cod_region": "13", "region": "Región Metropolitana De Santiago", "cut_provincia": "131", "provincia": "Santiago", "cut_comuna": "13110", "comuna": "La Florida", "zona": "U-VEV3", "nombre_zona": "U-VEV3 Zona de Vivienda y Equipamiento Vecinal N°3", "uperm": "Residencial; equipamiento de comercio, culto, deporte, educación, esparcimiento, salud, seguridad, servicios, social, oficina, turismo; espacio público y áreas verdes.", "uproh": "Todo uso no mencionado como permitido.", "srid": "EPSG: 4326" }, "geometry": { "type": "MultiPolygon", "coordinates": [ [ [ [ -70.594249349308313, -33.564142893338079 ], [ -70.594163308696594, -33.564741693062018 ], [ -70.594101703830205, -33.565113173879929 ], [ -70.594493510660442, -33.565157630861812 ], [ -70.594577987422753, -33.565161827082449 ], [ -70.594724277412681, -33.565176750177066 ], [ -70.595004225789964, -33.565205306716287 ], [ -70.595172562085338, -33.565222479248149 ], [ -70.596492517542657, -33.565359802910891 ], [ -70.596553554888317, -33.565069876246277 ], [ -70.597018971597578, -33.565108024172225 ], [ -70.597149855845799, -33.565120877827013 ], [ -70.597349195411383, -33.565140455534554 ], [ -70.597446239525269, -33.565149985068409 ], [ -70.598026103663884, -33.56519957310136 ], [ -70.598468630702101, -33.565230089542418 ], [ -70.598239732775639, -33.56471509373845 ], [ -70.598193954237559, -33.564558687379566 ], [ -70.598186324086555, -33.564390836679245 ], [ -70.59822447070971, -33.564146690771494 ], [ -70.598277876075656, -33.563963579453812 ], [ -70.598392321594346, -33.563818615778736 ], [ -70.598483221261517, -33.56376234695071 ], [ -70.598163427157516, -33.563715619886175 ], [ -70.597743787155494, -33.563669845574921 ], [ -70.597324148614717, -33.563624069813066 ], [ -70.596866361816694, -33.563578294263351 ], [ -70.596248348036823, -33.563517261587315 ], [ -70.596056605223879, -33.563494377196008 ], [ -70.595782930065084, -33.563467673754438 ], [ -70.595256472605968, -33.563406638699924 ], [ -70.594455344301423, -33.563326535412742 ], [ -70.594370985950249, -33.563320185811619 ], [ -70.594310383453134, -33.563749978116064 ], [ -70.594249349308313, -33.564142893338079 ] ], [ [ -70.595683132562385, -33.564140020167024 ], [ -70.595637973880301, -33.564444262839025 ], [ -70.595247899100031, -33.564402285147132 ], [ -70.595187812995391, -33.564238264874561 ], [ -70.595157293654481, -33.564139079409827 ], [ -70.595683132562385, -33.564140020167024 ] ] ] ] } },
{ "type": "Feature", "properties": { "objectid": 17006, "cod_region": "13", "region": "Región Metropolitana De Santiago", "cut_provincia": "131", "provincia": "Santiago", "cut_comuna": "13110", "comuna": "La Florida", "zona": "U-VEV3", "nombre_zona": "U-VEV3 Zona de Vivienda y Equipamiento Vecinal N°3", "uperm": "Residencial; equipamiento de comercio, culto, deporte, educación, esparcimiento, salud, seguridad, servicios, social, oficina, turismo; espacio público y áreas verdes.", "uproh": "Todo uso no mencionado como permitido.", "srid": "EPSG: 4326" }, "geometry": { "type": "MultiPolygon", "coordinates": [ [ [ [ -70.587853518931738, -33.551982471837867 ], [ -70.58780164515926, -33.552866801718892 ], [ -70.587795548506037, -33.552970735512048 ], [ -70.587569941130496, -33.55296195975437 ], [ -70.587556844421698, -33.553226861093805 ], [ -70.587547484706448, -33.553416204065137 ], [ -70.587725781771908, -33.553423387169126 ], [ -70.588249292406573, -33.553443694865777 ], [ -70.588696671271521, -33.553458671986377 ], [ -70.589322606687574, -33.553487513761191 ], [ -70.589653408768868, -33.553499448059135 ], [ -70.58967007393278, -33.552016513441707 ], [ -70.587853518931738, -33.551982471837867 ] ], [ [ -70.588975768119042, -33.5521405168938 ], [ -70.58897454162296, -33.552294112850554 ], [ -70.588074384541017, -33.552261675914799 ], [ -70.588085160923725, -33.552134562961221 ], [ -70.588975768119042, -33.5521405168938 ] ] ] ] } },
{ "type": "Feature", "properties": { "objectid": 17001, "cod_region": "13", "region": "Región Metropolitana De Santiago", "cut_provincia": "131", "provincia": "Santiago", "cut_comuna": "13110", "comuna": "La Florida", "zona": "U-VEV3", "nombre_zona": "U-VEV3 Zona de Vivienda y Equipamiento Vecinal N°3", "uperm": "Residencial; equipamiento de comercio, culto, deporte, educación, esparcimiento, salud, seguridad, servicios, social, oficina y turismo; espacio público y áreas verdes.", "uproh": "Todo uso no mencionado como permitido.", "srid": "EPSG: 4326" }, "geometry": { "type": "MultiPolygon", "coordinates": [ [ [ [ -70.590601843421297, -33.553531573943111 ], [ -70.590217378170308, -33.555717957644219 ], [ -70.591466187844759, -33.555859071706699 ], [ -70.591480945503108, -33.555810859102074 ], [ -70.591914558394208, -33.555880085352243 ], [ -70.591990855113664, -33.555483347289417 ], [ -70.592776724734989, -33.555597785503892 ], [ -70.592756947117763, -33.555708180243137 ], [ -70.593303249769406, -33.555773806007487 ], [ -70.593348956687322, -33.555540555190269 ], [ -70.593430781030392, -33.555088873010412 ], [ -70.59344193677174, -33.555035503954109 ], [ -70.593545809741329, -33.554537723548897 ], [ -70.593010289860189, -33.554439228365801 ], [ -70.593080136201863, -33.554155008051531 ], [ -70.593209700360759, -33.553627784610292 ], [ -70.591806234192703, -33.553581298149417 ], [ -70.591017773126296, -33.553548800929939 ], [ -70.590601843421297, -33.553531573943111 ] ] ] ] } },
{ "type": "Feature", "properties": { "objectid": 17002, "cod_region": "13", "region": "Región Metropolitana De Santiago", "cut_provincia": "131", "provincia": "Santiago", "cut_comuna": "13110", "comuna": "La Florida", "zona": "U-VEV3", "nombre_zona": "U-VEV3 Zona de Vivienda y Equipamiento Vecinal N°3", "uperm": "Residencial; equipamiento de comercio, culto, deporte, educación, esparcimiento, salud, seguridad, servicios, social, oficina, turismo; espacio público y áreas verdes.", "uproh": "Todo uso no mencionado como permitido.", "srid": "EPSG: 4326" }, "geometry": { "type": "MultiPolygon", "coordinates": [ [ [ [ -70.593278025766011, -33.538417991275082 ], [ -70.593281170438871, -33.538526324639932 ], [ -70.593521280583289, -33.538519296096801 ], [ -70.593466269456826, -33.537256435079556 ], [ -70.593234353358895, -33.537263917143335 ], [ -70.593257247186386, -33.5381642044008 ], [ -70.593270882075814, -33.538212159210374 ], [ -70.593278025766011, -33.538417991275082 ] ] ] ] } },
{ "type": "Feature", "properties": { "objectid": 17007, "cod_region": "13", "region": "Región Metropolitana De Santiago", "cut_provincia": "131", "provincia": "Santiago", "cut_comuna": "13110", "comuna": "La Florida", "zona": "U-VEV3", "nombre_zona": "U-VEV3 Zona de Vivienda y Equipamiento Vecinal N°3", "uperm": "Residencial; equipamiento de comercio, culto, deporte, educación, esparcimiento, salud, seguridad, servicios, social, oficina y turismo; espacio público y áreas verdes.", "uproh": "Todo uso no mencionado como permitido.", "srid": "EPSG: 4326" }, "geometry": { "type": "MultiPolygon", "coordinates": [ [ [ [ -70.611331423451816, -33.570067774037696 ], [ -70.611365013232017, -33.570076392683632 ], [ -70.611473479949566, -33.569426825724342 ], [ -70.610554256974353, -33.569330910238044 ], [ -70.609386898567493, -33.569205030192535 ], [ -70.609424348713503, -33.568933278754848 ], [ -70.608883331146899, -33.568930370381985 ], [ -70.608627293174095, -33.568942864969181 ], [ -70.60874595522472, -33.569426723905451 ], [ -70.609328669393079, -33.569568961294344 ], [ -70.610533923745834, -33.569863143213773 ], [ -70.610604573368946, -33.56988127185619 ], [ -70.611331423451816, -33.570067774037696 ] ] ] ] } },
{ "type": "Feature", "properties": { "objectid": 17008, "cod_region": "13", "region": "Región Metropolitana De Santiago", "cut_provincia": "131", "provincia": "Santiago", "cut_comuna": "13110", "comuna": "La Florida", "zona": "U-VEV3", "nombre_zona": "U-VEV3 Zona de Vivienda y Equipamiento Vecinal N°3", "uperm": "Residencial; equipamiento de comercio, culto, deporte, educación, esparcimiento, salud, seguridad, servicios, social, oficina, turismo; espacio público y áreas verdes.", "uproh": "Todo uso no mencionado como permitido.", "srid": "EPSG: 4326" }, "geometry": { "type": "MultiPolygon", "coordinates": [ [ [ [ -70.572275543593861, -33.563486882217838 ], [ -70.572542667613078, -33.563533611647983 ], [ -70.572771470536267, -33.562529374186646 ], [ -70.572168717281727, -33.56241874941103 ], [ -70.571939831338526, -33.563425852930401 ], [ -70.572275543593861, -33.563486882217838 ] ] ] ] } },
{ "type": "Feature", "properties": { "objectid": 17009, "cod_region": "13", "region": "Región Metropolitana De Santiago", "cut_provincia": "131", "provincia": "Santiago", "cut_comuna": "13110", "comuna": "La Florida", "zona": "U-VEV3", "nombre_zona": "U-VEV3 Zona de Vivienda y Equipamiento Vecinal N°3", "uperm": "Residencial; equipamiento de comercio, culto, deporte, educación, esparcimiento, salud, seguridad, servicios, social, oficina, turismo; espacio público y áreas verdes.", "uproh": "Todo uso no mencionado como permitido.", "srid": "EPSG: 4326" }, "geometry": { "type": "MultiPolygon", "coordinates": [ [ [ [ -70.610134574040501, -33.564211470534033 ], [ -70.610101867099161, -33.564422394412716 ], [ -70.609517822346348, -33.564366851784463 ], [ -70.609569967194133, -33.56403217507949 ], [ -70.609643805217203, -33.563557515806629 ], [ -70.609348700829173, -33.563517184502096 ], [ -70.608975710699198, -33.563478593764607 ], [ -70.608723056390005, -33.56345996769975 ], [ -70.608593100627857, -33.563446470313139 ], [ -70.608486250471941, -33.563442693476723 ], [ -70.608276205933919, -33.565212311034394 ], [ -70.608447630955908, -33.566977019129233 ], [ -70.608627293174095, -33.568942864969181 ], [ -70.608883331146899, -33.568930370381985 ], [ -70.609424348713503, -33.568933278754848 ], [ -70.609386898567493, -33.569205030192535 ], [ -70.610554256974353, -33.569330910238044 ], [ -70.611473479949566, -33.569426825724342 ], [ -70.61153181387435, -33.569011630498515 ], [ -70.611584273178906, -33.568594652190328 ], [ -70.611651063154085, -33.568185447534482 ], [ -70.611700405536382, -33.567832608080217 ], [ -70.611704681749558, -33.567802030440589 ], [ -70.611709430449622, -33.567768067544264 ], [ -70.611767376615873, -33.567358658731969 ], [ -70.611802190501365, -33.567101297876675 ], [ -70.611802330744965, -33.567100265274817 ], [ -70.611814274047774, -33.567011971670581 ], [ -70.611820782222097, -33.566942845702748 ], [ -70.61187184793215, -33.56657260840975 ], [ -70.611872240114536, -33.566569771600356 ], [ -70.611881816867097, -33.566500331506212 ], [ -70.611950480497583, -33.566069259328053 ], [ -70.611987120212973, -33.565819650062359 ], [ -70.611987317153449, -33.565818306497007 ], [ -70.612011515907554, -33.565653447786694 ], [ -70.61207255040955, -33.565245264671155 ], [ -70.612097004600471, -33.56508019609219 ], [ -70.61209706681133, -33.565079775937434 ], [ -70.612133584626406, -33.564833267734599 ], [ -70.612202250480124, -33.564421269632 ], [ -70.612215636067404, -33.56433827879362 ], [ -70.612216178895437, -33.564334912457738 ], [ -70.612278543327704, -33.563948235508384 ], [ -70.612328301150015, -33.563594387431948 ], [ -70.612328870221262, -33.563590347096877 ], [ -70.612347206329176, -33.563459945499815 ], [ -70.612384396056271, -33.563208909432703 ], [ -70.612388466595405, -33.563181428566672 ], [ -70.612408241485241, -33.563047943839514 ], [ -70.612448347378816, -33.562807305566146 ], [ -70.612448591600923, -33.562805840540342 ], [ -70.612476906117323, -33.562635949143299 ], [ -70.612538837814697, -33.562204318500058 ], [ -70.61254241966121, -33.562179352846393 ], [ -70.611935187147978, -33.562132396775901 ], [ -70.611378211144725, -33.562071366156317 ], [ -70.611042501463231, -33.56203321781409 ], [ -70.610721396246447, -33.562003108460573 ], [ -70.610455005051193, -33.561976001796111 ], [ -70.610378711886042, -33.562422333189915 ], [ -70.610334279552262, -33.562722263910089 ], [ -70.610317675891039, -33.562834329542149 ], [ -70.610271489686639, -33.563137113850907 ], [ -70.610249013560761, -33.563250142363408 ], [ -70.610187978277267, -33.563726990931805 ], [ -70.610134574040501, -33.564211470534033 ] ], [ [ -70.609875174241495, -33.565851827405687 ], [ -70.60982747132438, -33.566250520398476 ], [ -70.6092953140096, -33.566198978777379 ], [ -70.609356350096903, -33.565786982113053 ], [ -70.609425820657592, -33.565325941359148 ], [ -70.609950753441282, -33.565379306181725 ], [ -70.6099544095201, -33.565380230777095 ], [ -70.609943840456964, -33.565443646908811 ], [ -70.609875174241495, -33.565851827405687 ] ] ] ] } },
{ "type": "Feature", "properties": { "objectid": 17010, "cod_region": "13", "region": "Región Metropolitana De Santiago", "cut_provincia": "131", "provincia": "Santiago", "cut_comuna": "13110", "comuna": "La Florida", "zona": "U-VEV3", "nombre_zona": "U-VEV3 Zona de Vivienda y Equipamiento Vecinal N°3", "uperm": "Residencial; equipamiento de comercio, culto, deporte, educación, esparcimiento, salud, seguridad, servicios, social, oficina, turismo; espacio público y áreas verdes.", "uproh": "Todo uso no mencionado como permitido.", "srid": "EPSG: 4326" }, "geometry": { "type": "MultiPolygon", "coordinates": [ [ [ [ -70.595570317958689, -33.530347539797482 ], [ -70.595576645183854, -33.531057243722714 ], [ -70.59559191096146, -33.531602758278495 ], [ -70.5956032085072, -33.5316088857724 ], [ -70.595621507162761, -33.531610713332057 ], [ -70.595637369835728, -33.531610712722205 ], [ -70.595646517395281, -33.531616804791383 ], [ -70.595650786222166, -33.5316295971516 ], [ -70.595655333178129, -33.531860477432126 ], [ -70.595668216140155, -33.532514492086349 ], [ -70.595673116707346, -33.532801526100819 ], [ -70.595658845310126, -33.532852742384776 ], [ -70.595571515544421, -33.533068633357495 ], [ -70.595505612402221, -33.5331913946615 ], [ -70.595525525304708, -33.533365983497717 ], [ -70.595299836857308, -33.533354904344073 ], [ -70.595291886203995, -33.533473937400075 ], [ -70.595288781053085, -33.533847406070812 ], [ -70.595286739113064, -33.53399844623948 ], [ -70.594951028015245, -33.533994635060075 ], [ -70.594958663411489, -33.53463551637833 ], [ -70.594783180908252, -33.535036070535739 ], [ -70.594447475951696, -33.535760882172944 ], [ -70.594172802881744, -33.535764698730524 ], [ -70.594177425456976, -33.535834178772546 ], [ -70.594172651749531, -33.535948616629767 ], [ -70.59416469611196, -33.53598675975838 ], [ -70.593947984208484, -33.536444382501756 ], [ -70.593783693941305, -33.536787065499198 ], [ -70.593699110262605, -33.536977767977518 ], [ -70.593704687898466, -33.53721328836491 ], [ -70.593707400405393, -33.53724865540282 ], [ -70.593466269456826, -33.537256435079556 ], [ -70.593521280583289, -33.538519296096801 ], [ -70.593759856158542, -33.53851086376698 ], [ -70.593287856218055, -33.539497519576486 ], [ -70.59299785063385, -33.539503198510992 ], [ -70.592805980842925, -33.539505310969368 ], [ -70.592759309183265, -33.53963315859307 ], [ -70.592359768454997, -33.540617441235753 ], [ -70.592067519313616, -33.540621199873272 ], [ -70.59206396984834, -33.540862208904691 ], [ -70.592163940032293, -33.540860218031604 ], [ -70.592158380072007, -33.541476144125212 ], [ -70.592008059257694, -33.541478224275082 ], [ -70.591233702713396, -33.541488938180301 ], [ -70.591236458479884, -33.54175790201252 ], [ -70.591344880673518, -33.541749513836464 ], [ -70.591349456240053, -33.541962396968927 ], [ -70.591259162465562, -33.541964928373304 ], [ -70.591270940464952, -33.542585360731032 ], [ -70.592825489910041, -33.542557501565867 ], [ -70.592640521107967, -33.542994583959405 ], [ -70.592733142416151, -33.542994533159394 ], [ -70.59274173139535, -33.543368606695473 ], [ -70.593127589660497, -33.543359946029284 ], [ -70.593165743490559, -33.544008463845728 ], [ -70.592524839316411, -33.544027537518218 ], [ -70.591388667350842, -33.544044877194978 ], [ -70.591401809998786, -33.544503086441168 ], [ -70.590823401559334, -33.544519656130518 ], [ -70.590293332823791, -33.544523443773073 ], [ -70.590289315142925, -33.544523473741528 ], [ -70.589724710693332, -33.544542553810381 ], [ -70.589233465151224, -33.544552124055429 ], [ -70.589222331688433, -33.545309132339774 ], [ -70.59093853789129, -33.545297578158589 ], [ -70.590543258823885, -33.546288794634926 ], [ -70.590123837046548, -33.546304674722812 ], [ -70.58975061377464, -33.547153894906202 ], [ -70.588664193242593, -33.547178575869978 ], [ -70.588687087938652, -33.547582942321156 ], [ -70.588702348830736, -33.548014014074788 ], [ -70.588631495492891, -33.548014546430636 ], [ -70.58864131279212, -33.548193309493506 ], [ -70.588664204500787, -33.548460342844713 ], [ -70.588664208171551, -33.548776970733499 ], [ -70.588656579817922, -33.54912030211004 ], [ -70.588734524287759, -33.549120596768546 ], [ -70.588733092666189, -33.549296026738183 ], [ -70.588694446922773, -33.549302422453387 ], [ -70.588732882320073, -33.549585705479124 ], [ -70.58870236878569, -33.550245662602414 ], [ -70.590037582871531, -33.550253286217362 ], [ -70.58995870479886, -33.551909870615631 ], [ -70.592654614954213, -33.551924141557762 ], [ -70.593608340093468, -33.551939399113458 ], [ -70.593792656090869, -33.551935426173856 ], [ -70.593842007310442, -33.551203441092333 ], [ -70.593824742147845, -33.550301752290572 ], [ -70.593925229008391, -33.550302792301778 ], [ -70.59466886611645, -33.55031048071428 ], [ -70.59565310857289, -33.550314287750282 ], [ -70.59591592040583, -33.550320587000037 ], [ -70.596620090749269, -33.550323928829123 ], [ -70.5966042572487, -33.547898125427089 ], [ -70.595935390935409, -33.547913520581304 ], [ -70.595935392752779, -33.548090266639548 ], [ -70.595420799288121, -33.548100795864364 ], [ -70.595449824019639, -33.547822790764947 ], [ -70.595935389941317, -33.54781360424326 ], [ -70.595935389869638, -33.547724046207527 ], [ -70.595927755319366, -33.547445566719773 ], [ -70.595932236410434, -33.547025061942513 ], [ -70.595930553971996, -33.546983585434653 ], [ -70.596519595959123, -33.54696902786101 ], [ -70.597934386556176, -33.546934376214061 ], [ -70.599202172375314, -33.546916341550194 ], [ -70.599224509358848, -33.547840487486141 ], [ -70.599277260085799, -33.550360042671187 ], [ -70.59949224024453, -33.550362959933764 ], [ -70.600299651694144, -33.550375295090731 ], [ -70.600795589680203, -33.550379109113869 ], [ -70.601017687175229, -33.550382733397456 ], [ -70.601009525546743, -33.552146035204508 ], [ -70.596252076613496, -33.552048949036369 ], [ -70.596234758861186, -33.552807933291916 ], [ -70.594986371902195, -33.55280332925367 ], [ -70.594946476888097, -33.553296157918417 ], [ -70.594954770862032, -33.553696223010988 ], [ -70.595517593815174, -33.55372010020217 ], [ -70.595715218657418, -33.553720569199989 ], [ -70.595851513021216, -33.553720892538387 ], [ -70.596124107392697, -33.55372617945816 ], [ -70.596324384476873, -33.553731180098168 ], [ -70.596968863844822, -33.553761148074223 ], [ -70.596879103726124, -33.554271545822942 ], [ -70.596811303730917, -33.554592247343678 ], [ -70.596727677407259, -33.554999756550039 ], [ -70.596670280312196, -33.555327366988834 ], [ -70.596576361289422, -33.555727466024983 ], [ -70.596507694788286, -33.556044095084339 ], [ -70.59643140189246, -33.556456091602385 ], [ -70.596361251940763, -33.556773288906307 ], [ -70.596285686598165, -33.557186488875359 ], [ -70.596257751308627, -33.557379351575271 ], [ -70.596056575589898, -33.558253341767362 ], [ -70.595620233376351, -33.558215156532349 ], [ -70.595419554580872, -33.558192975028668 ], [ -70.594833461453931, -33.558135206143213 ], [ -70.595201786106244, -33.556240569829072 ], [ -70.593776230473168, -33.556028850324012 ], [ -70.593265948187849, -33.555964160839615 ], [ -70.593303098137369, -33.555774581721252 ], [ -70.593303249769406, -33.555773806007487 ], [ -70.592756947117763, -33.555708180243137 ], [ -70.592706156851904, -33.555991669054748 ], [ -70.592387359176882, -33.557888574577333 ], [ -70.592834064245551, -33.557928180923057 ], [ -70.592700454281655, -33.558851800343334 ], [ -70.59260890143409, -33.559473610979239 ], [ -70.592509722195487, -33.560125938026331 ], [ -70.594016814592706, -33.560277759962432 ], [ -70.594016769166799, -33.560226221556391 ], [ -70.597872172891215, -33.56060870676734 ], [ -70.597857903778262, -33.560696269124371 ], [ -70.598171030850565, -33.560724825956271 ], [ -70.599010309715283, -33.560785858632912 ], [ -70.600231077255458, -33.560896479397677 ], [ -70.600648018456653, -33.560933092665714 ], [ -70.600746564597131, -33.560499124752276 ], [ -70.60116354840649, -33.558726625682084 ], [ -70.601138242541808, -33.558412388803049 ], [ -70.601073085666485, -33.55827243976298 ], [ -70.600989872917992, -33.558001754012217 ], [ -70.600987154550054, -33.557854448227168 ], [ -70.601124374508586, -33.557237113336711 ], [ -70.601445160749336, -33.555759549883234 ], [ -70.601710419808356, -33.554567187347409 ], [ -70.601648135233063, -33.554571633966717 ], [ -70.601148332764922, -33.554503637174776 ], [ -70.600149124222028, -33.554339840096844 ], [ -70.600238642711204, -33.553896345795835 ], [ -70.600312577061146, -33.553900440106403 ], [ -70.600315482651695, -33.553796931389712 ], [ -70.600337248658008, -33.552939028689238 ], [ -70.60118323480205, -33.552951692214208 ], [ -70.601186756077496, -33.552625124917505 ], [ -70.601191948450676, -33.552409315488852 ], [ -70.601326208602188, -33.552414214231959 ], [ -70.601336412188417, -33.552363749882986 ], [ -70.601372224778288, -33.552166928014806 ], [ -70.601390728657321, -33.552065241150814 ], [ -70.601403595428735, -33.551994505511672 ], [ -70.601419317760559, -33.551938082677985 ], [ -70.601423525675699, -33.551863074414392 ], [ -70.601426132907832, -33.550490388339938 ], [ -70.601428496379299, -33.550389438731642 ], [ -70.601613839789735, -33.550381938236328 ], [ -70.602176582721199, -33.550394362247324 ], [ -70.602677656998011, -33.550394141448031 ], [ -70.60272398109575, -33.550395655523189 ], [ -70.602917500575643, -33.549587610291347 ], [ -70.60300470994666, -33.549254661878024 ], [ -70.603040696168776, -33.549073213294733 ], [ -70.603587712069213, -33.546852285409457 ], [ -70.603052987476417, -33.546873658325786 ], [ -70.603052748324728, -33.546809920794651 ], [ -70.603051862892741, -33.546572001513006 ], [ -70.603050560185565, -33.546221336686372 ], [ -70.603572603476692, -33.546216408672599 ], [ -70.60356968130607, -33.54607240875832 ], [ -70.603522499663541, -33.546073671048816 ], [ -70.603023449127321, -33.546079827876355 ], [ -70.60261907222754, -33.546083647824965 ], [ -70.602207063594776, -33.546087466028681 ], [ -70.602184167191595, -33.545217693480922 ], [ -70.602176534892891, -33.544981176271627 ], [ -70.602173964821574, -33.544751153376652 ], [ -70.60216846502324, -33.544258837869769 ], [ -70.602153525141773, -33.544123117874932 ], [ -70.600235371883528, -33.544148452741474 ], [ -70.600230929849502, -33.543939749484721 ], [ -70.600223297916585, -33.543577346851492 ], [ -70.600215659517971, -33.542894498469188 ], [ -70.600452185609697, -33.542886866830514 ], [ -70.600658188040697, -33.542886867421046 ], [ -70.60086419403514, -33.542879236415025 ], [ -70.601100716027489, -33.542875418292567 ], [ -70.601291460746111, -33.542871605666015 ], [ -70.601543243198378, -33.54286778590204 ], [ -70.601705202380927, -33.542863890512642 ], [ -70.602123109809781, -33.542860154809844 ], [ -70.602489338754594, -33.542856338149825 ], [ -70.602496965771294, -33.54285633681797 ], [ -70.602542378904417, -33.542855043730981 ], [ -70.602533288757627, -33.542357163482919 ], [ -70.602519850677766, -33.541875940191908 ], [ -70.602517759031642, -33.541802596944521 ], [ -70.602495393951159, -33.541017332087414 ], [ -70.602429421267743, -33.541021739210024 ], [ -70.60207731333378, -33.541029056765787 ], [ -70.601657675226292, -33.54103669058518 ], [ -70.601375373264659, -33.541040506669511 ], [ -70.601222777470042, -33.541040508149386 ], [ -70.600818399360932, -33.541048140151119 ], [ -70.60039875876717, -33.54105577244065 ], [ -70.599940972861091, -33.541063404796112 ], [ -70.599925712619523, -33.541063404513693 ], [ -70.599770685280077, -33.541066751623511 ], [ -70.598865171892811, -33.541086299017856 ], [ -70.59888043557477, -33.541517369080907 ], [ -70.598903331749824, -33.542432917928423 ], [ -70.598906562869814, -33.542535487212959 ], [ -70.597565055874483, -33.542053393739742 ], [ -70.597967031194017, -33.541143962018268 ], [ -70.598054467490996, -33.541144867897877 ], [ -70.59805641391516, -33.541093933145518 ], [ -70.597926707006152, -33.541051972749372 ], [ -70.597874512735956, -33.541035745389387 ], [ -70.597874861672267, -33.54095827892408 ], [ -70.598038856698949, -33.54061888900835 ], [ -70.598825702084326, -33.540896609220482 ], [ -70.598864277382589, -33.540895932470747 ], [ -70.602425944030784, -33.540833358688602 ], [ -70.602419410878952, -33.540479418162526 ], [ -70.60242064987996, -33.540422502641746 ], [ -70.602406398546293, -33.540223004126283 ], [ -70.60348139635262, -33.540202832136082 ], [ -70.603472419328554, -33.539623099324253 ], [ -70.603463323277197, -33.539202735975188 ], [ -70.603416398213213, -33.539214423497334 ], [ -70.602565607320258, -33.539228473184508 ], [ -70.602290932712805, -33.539232291728908 ], [ -70.60190944121095, -33.539239923141444 ], [ -70.601195332489979, -33.539259026979686 ], [ -70.601169350365879, -33.539259004089388 ], [ -70.600670606191258, -33.539270269164739 ], [ -70.600490301580891, -33.53927426498349 ], [ -70.600210598035872, -33.539281388678276 ], [ -70.59969680547195, -33.539293340339682 ], [ -70.599253741620728, -33.539299863520888 ], [ -70.599177979451994, -33.539300979249006 ], [ -70.598804076628952, -33.539304774939509 ], [ -70.598697823645452, -33.539308170741819 ], [ -70.598265581395438, -33.539317261519919 ], [ -70.598132696971945, -33.539320057333924 ], [ -70.598102166847283, -33.538023029240911 ], [ -70.598094533538045, -33.537736920155183 ], [ -70.598086900209623, -33.537298217363528 ], [ -70.5980808940039, -33.536880974940502 ], [ -70.598030738468381, -33.53683472216828 ], [ -70.59807163413538, -33.536668778492434 ], [ -70.598147930512255, -33.536481855981471 ], [ -70.598277038399814, -33.53620749999746 ], [ -70.598331042207235, -33.536092745786895 ], [ -70.598521782712126, -33.535715081956774 ], [ -70.598233593139341, -33.535715732670269 ], [ -70.598236319568429, -33.535197775558778 ], [ -70.598238808896539, -33.534658740469503 ], [ -70.598186062457785, -33.534398982259546 ], [ -70.598157452141905, -33.534257895309509 ], [ -70.598147909825457, -33.533925949426397 ], [ -70.598149321408073, -33.533614486815992 ], [ -70.598880624515459, -33.533444459494412 ], [ -70.599116991817894, -33.533415733838375 ], [ -70.599253589280082, -33.533417470412743 ], [ -70.599320301113508, -33.533440050673647 ], [ -70.599466754261741, -33.532514160668853 ], [ -70.599521256756177, -33.532308468742656 ], [ -70.599959129619137, -33.532399116891213 ], [ -70.600063169004244, -33.532420691351334 ], [ -70.60029440216212, -33.532468641448652 ], [ -70.600508612806578, -33.532465225117676 ], [ -70.600734396244107, -33.532461054578164 ], [ -70.601039515197016, -33.532464062554297 ], [ -70.601186073383104, -33.532461326846601 ], [ -70.601596564068657, -33.532457235144143 ], [ -70.602061732233011, -33.532449424332491 ], [ -70.602044509156599, -33.532391158616335 ], [ -70.602043785434688, -33.532268341628928 ], [ -70.602039085249984, -33.531995640963665 ], [ -70.602020446015857, -33.531075311148534 ], [ -70.602099222237072, -33.531073949183444 ], [ -70.602494241143845, -33.53106869665811 ], [ -70.602691655706465, -33.531064314401675 ], [ -70.603194671537608, -33.531057723012459 ], [ -70.603195251861692, -33.530940940374997 ], [ -70.603177959969869, -33.530397030113882 ], [ -70.60317147958348, -33.530287122390263 ], [ -70.602744410529738, -33.530303841011936 ], [ -70.602679908042788, -33.53030654270151 ], [ -70.602480009520235, -33.530313236865176 ], [ -70.602355012595424, -33.530317426520142 ], [ -70.602084852855199, -33.530328580658285 ], [ -70.601956833062715, -33.530331824234253 ], [ -70.601741925042589, -33.530338940460005 ], [ -70.60163010460974, -33.530342646899733 ], [ -70.601550917930879, -33.530343671171948 ], [ -70.601350304457597, -33.530351022072786 ], [ -70.601099104462008, -33.530360228017834 ], [ -70.60104279341266, -33.530361776818125 ], [ -70.600725567656781, -33.53037301712078 ], [ -70.600584862493022, -33.530377756167475 ], [ -70.600330685370267, -33.530384823843569 ], [ -70.599992379315523, -33.530396329313689 ], [ -70.599932330852113, -33.530398650969438 ], [ -70.599478751485549, -33.530416128351959 ], [ -70.599476988564589, -33.530377529666367 ], [ -70.599062492953706, -33.530389098720335 ], [ -70.598570269727574, -33.530411359099766 ], [ -70.598563472638475, -33.53024871111451 ], [ -70.598552255349986, -33.530038678895281 ], [ -70.598536990766775, -33.529691533452812 ], [ -70.598529360146742, -33.529352014450176 ], [ -70.59863617417858, -33.528993425148357 ], [ -70.597857933259789, -33.52894002353041 ], [ -70.59662953802048, -33.528940031413981 ], [ -70.596627074989371, -33.529079005297049 ], [ -70.596618465925474, -33.529295606216678 ], [ -70.596619218021573, -33.529336517654315 ], [ -70.596808151403309, -33.529338042108144 ], [ -70.597318280813198, -33.529342024545137 ], [ -70.597655187180152, -33.529342955398157 ], [ -70.597707544702516, -33.529344330568158 ], [ -70.597717863492107, -33.52949791497695 ], [ -70.597592894500394, -33.529503987862597 ], [ -70.596652522934136, -33.529536113510368 ], [ -70.59655346898505, -33.529541537340307 ], [ -70.596554646851104, -33.529605669746644 ], [ -70.596557603953869, -33.529651604765775 ], [ -70.596576137923577, -33.529939505536646 ], [ -70.596591401512683, -33.530324798471987 ], [ -70.59611835299836, -33.530336246911105 ], [ -70.595570317958689, -33.530347539797482 ] ], [ [ -70.597879415171903, -33.531451619161416 ], [ -70.597880264774275, -33.531919342198066 ], [ -70.59775276025529, -33.53192468868739 ], [ -70.597668535238384, -33.531920360970581 ], [ -70.597643263404976, -33.531448189613059 ], [ -70.597879415171903, -33.531451619161416 ] ], [ [ -70.596430050107969, -33.531515788444594 ], [ -70.596446163324728, -33.531970323151334 ], [ -70.596153544834038, -33.531974116466124 ], [ -70.596145124299852, -33.531525701501259 ], [ -70.596430050107969, -33.531515788444594 ] ], [ [ -70.596879496066805, -33.531912764000715 ], [ -70.596879965546137, -33.531516483407458 ], [ -70.597145947925952, -33.531513137501335 ], [ -70.597162077783622, -33.531908945131818 ], [ -70.596879496066805, -33.531912764000715 ] ], [ [ -70.59914261961886, -33.531448872509941 ], [ -70.599161335848976, -33.531436066589563 ], [ -70.599221880318609, -33.531479760700456 ], [ -70.599205311230733, -33.531843768127082 ], [ -70.598963101439665, -33.531853390275913 ], [ -70.59895696941463, -33.531470226417191 ], [ -70.598996908905036, -33.531452750962146 ], [ -70.59914261961886, -33.531448872509941 ] ], [ [ -70.59732097861523, -33.533822644551336 ], [ -70.597326839048989, -33.534305030494195 ], [ -70.597003443873106, -33.534303619074663 ], [ -70.596996913454134, -33.533903333742906 ], [ -70.597167694820456, -33.533861838396703 ], [ -70.59732097861523, -33.533822644551336 ] ], [ [ -70.595935298219445, -33.537195234158936 ], [ -70.595943365950987, -33.537434188843498 ], [ -70.595353916837439, -33.537426067035391 ], [ -70.595401212720063, -33.537210497372136 ], [ -70.595935298219445, -33.537195234158936 ] ], [ [ -70.595202846876731, -33.538114601692683 ], [ -70.594684019574885, -33.538129865508559 ], [ -70.594676855207922, -33.537917692221392 ], [ -70.595247257859569, -33.537912188981572 ], [ -70.595202846876731, -33.538114601692683 ] ], [ [ -70.59806111307249, -33.540312587501269 ], [ -70.597876656344667, -33.540559676776319 ], [ -70.597038150061792, -33.540281660015751 ], [ -70.596503992049193, -33.540104549879331 ], [ -70.59681220869787, -33.539413694981036 ], [ -70.596843262533341, -33.539342954136771 ], [ -70.597018130463397, -33.539339849909098 ], [ -70.598031568614445, -33.539321853315542 ], [ -70.59806111307249, -33.540312587501269 ] ], [ [ -70.593179709254471, -33.540972393629787 ], [ -70.592967345671397, -33.541425851748755 ], [ -70.592863223338298, -33.541464824526464 ], [ -70.592427883001548, -33.541471816571438 ], [ -70.592422196861591, -33.540855075614658 ], [ -70.592494294181307, -33.540853639592164 ], [ -70.592555332982627, -33.540826932426114 ], [ -70.592601110575984, -33.540788784437943 ], [ -70.592612950853351, -33.540761158099386 ], [ -70.593195684686478, -33.540935429762548 ], [ -70.593179709254471, -33.540972393629787 ] ], [ [ -70.594638278786249, -33.542349020216903 ], [ -70.593707444772619, -33.542371914322452 ], [ -70.593860036963122, -33.541990434248397 ], [ -70.59462898529442, -33.541976773135062 ], [ -70.594783241172024, -33.541978984975223 ], [ -70.594638278786249, -33.542349020216903 ] ], [ [ -70.596148984287936, -33.543142486071325 ], [ -70.596164246984088, -33.543512520386862 ], [ -70.595523344235545, -33.543527783980132 ], [ -70.595515711013832, -33.543325600162085 ], [ -70.595729347002049, -33.543321784233541 ], [ -70.595828533945181, -33.543298894422009 ], [ -70.595927721383376, -33.543260745704288 ], [ -70.596148984287936, -33.543142486071325 ] ], [ [ -70.598788895597863, -33.543501059976975 ], [ -70.598785105425051, -33.543370356596036 ], [ -70.598988819421436, -33.543367725522835 ], [ -70.599267985076807, -33.543364119407272 ], [ -70.599330230884149, -33.543363315262724 ], [ -70.59964149439341, -33.54336087451702 ], [ -70.599879164542443, -33.543357803205097 ], [ -70.599879954761036, -33.543489612149685 ], [ -70.598788895597863, -33.543501059976975 ] ], [ [ -70.595942134232729, -33.546031389876966 ], [ -70.59597067874121, -33.546937816549374 ], [ -70.595803384702833, -33.54694206822672 ], [ -70.595760850940479, -33.546033726889625 ], [ -70.595738219748853, -33.54514287759546 ], [ -70.595709266345338, -33.544241242715763 ], [ -70.595893575271887, -33.544233624547019 ], [ -70.595925752712091, -33.545140460076318 ], [ -70.595942134232729, -33.546031389876966 ] ], [ [ -70.602428340045392, -33.547449341389921 ], [ -70.602168925911897, -33.547456972937937 ], [ -70.602205385693821, -33.547161968448243 ], [ -70.602381849913172, -33.54715430588071 ], [ -70.602421889374597, -33.547153975162431 ], [ -70.602428340045392, -33.547449341389921 ] ], [ [ -70.60223456595152, -33.548151570769825 ], [ -70.602200377046742, -33.548252221704608 ], [ -70.602074223991693, -33.548253059063185 ], [ -70.602083769007621, -33.548134640212055 ], [ -70.602110549091535, -33.547933867755809 ], [ -70.6021286434448, -33.547809380825342 ], [ -70.602319284394341, -33.54780770689694 ], [ -70.60223456595152, -33.548151570769825 ] ], [ [ -70.600012891277245, -33.548373886358277 ], [ -70.600013890378591, -33.548853198971386 ], [ -70.599483252844109, -33.548853201944418 ], [ -70.599475618030681, -33.54837635312024 ], [ -70.600012891277245, -33.548373886358277 ] ], [ [ -70.602054494981658, -33.549223219771612 ], [ -70.602050734022825, -33.549555843317933 ], [ -70.60161387327561, -33.549552076106259 ], [ -70.60161197014402, -33.54948262814375 ], [ -70.60161196680987, -33.549200334247161 ], [ -70.601720133652663, -33.549218640330565 ], [ -70.602054494981658, -33.549223219771612 ] ], [ [ -70.599753127177223, -33.552667312965262 ], [ -70.599726906590121, -33.553047238549055 ], [ -70.598966804010274, -33.553022163073706 ], [ -70.598999552698302, -33.552652630605792 ], [ -70.599753127177223, -33.552667312965262 ] ], [ [ -70.597145791892174, -33.552736778484388 ], [ -70.597118053711569, -33.553217335736846 ], [ -70.596446634518912, -33.553186818622301 ], [ -70.596553445771576, -33.552713783604702 ], [ -70.597145791892174, -33.552736778484388 ] ], [ [ -70.597736794871707, -33.554326147988021 ], [ -70.597697930292114, -33.554533429715804 ], [ -70.59737747851355, -33.554487653580985 ], [ -70.59734154539521, -33.554663542904628 ], [ -70.597047443540603, -33.55462372778473 ], [ -70.597110908359753, -33.554303082087934 ], [ -70.597405054970579, -33.554345327804974 ], [ -70.597414464594792, -33.554295833535441 ], [ -70.597736794871707, -33.554326147988021 ] ], [ [ -70.59834518198673, -33.55470653742865 ], [ -70.598414066402853, -33.554388350764995 ], [ -70.598626132415376, -33.554419690869516 ], [ -70.598600732362215, -33.554580476076175 ], [ -70.59856852070952, -33.554741268084221 ], [ -70.59834518198673, -33.55470653742865 ] ], [ [ -70.599522980185768, -33.554421088773367 ], [ -70.599525646120952, -33.554394742837651 ], [ -70.599726276095353, -33.554423470168032 ], [ -70.599760141068728, -33.5544446599121 ], [ -70.599753822406768, -33.554563700576196 ], [ -70.599718039741703, -33.55470764612204 ], [ -70.599707527174445, -33.554723304105302 ], [ -70.599651428766364, -33.554735025911178 ], [ -70.599462322128943, -33.554704372980261 ], [ -70.599522980185768, -33.554421088773367 ] ], [ [ -70.597257132157196, -33.555101076945014 ], [ -70.59722488857129, -33.555254427230658 ], [ -70.597537710446829, -33.555296388291104 ], [ -70.59750277029471, -33.555465188245513 ], [ -70.597195190932666, -33.555424146950159 ], [ -70.597202149242065, -33.555364003180017 ], [ -70.597158596382641, -33.555386318881631 ], [ -70.596895611439734, -33.555352255029561 ], [ -70.596963241329334, -33.55503236822868 ], [ -70.597229916287432, -33.555071213581833 ], [ -70.597257132157196, -33.555101076945014 ] ], [ [ -70.598181219600647, -33.555434664481531 ], [ -70.598246773493671, -33.555117409222177 ], [ -70.59848542840264, -33.555152647459323 ], [ -70.598451570478332, -33.5553141965758 ], [ -70.598422971391358, -33.555469397497347 ], [ -70.598181219600647, -33.555434664481531 ] ], [ [ -70.599312437122137, -33.555437685287799 ], [ -70.599376306446786, -33.555117969458003 ], [ -70.599562342536501, -33.555143741859126 ], [ -70.599597885980131, -33.555159093215345 ], [ -70.599615558934957, -33.555183612543914 ], [ -70.599593675534138, -33.555333490949486 ], [ -70.599562692476155, -33.55544100584649 ], [ -70.599545205930767, -33.55546183118534 ], [ -70.599462535212467, -33.555461029149065 ], [ -70.599312437122137, -33.555437685287799 ] ], [ [ -70.6004286098363, -33.555644530061713 ], [ -70.600513328376977, -33.555254407852644 ], [ -70.600925338326704, -33.555311627868527 ], [ -70.600841414323853, -33.555704550118605 ], [ -70.6004286098363, -33.555644530061713 ] ], [ [ -70.596810057750005, -33.555758523864299 ], [ -70.597092229849622, -33.555804420173715 ], [ -70.597101019466564, -33.555761544271746 ], [ -70.597429788176825, -33.555820199902541 ], [ -70.59739274995799, -33.555986865235937 ], [ -70.597079929973617, -33.555944905632401 ], [ -70.597036151947947, -33.556107735819964 ], [ -70.596992625685289, -33.556115835741032 ], [ -70.596742676239131, -33.556075984171635 ], [ -70.596810057750005, -33.555758523864299 ] ], [ [ -70.598040183647115, -33.556164903138189 ], [ -70.598094859789256, -33.555840000305558 ], [ -70.598333902661253, -33.555874441992742 ], [ -70.598307092713355, -33.556041065669518 ], [ -70.598275019889456, -33.556199565169997 ], [ -70.598040183647115, -33.556164903138189 ] ], [ [ -70.599156523962293, -33.556156949162812 ], [ -70.599226205619715, -33.555841805405656 ], [ -70.599444792982808, -33.555873195048648 ], [ -70.599461805502855, -33.555879177917852 ], [ -70.599473849204557, -33.555902043924291 ], [ -70.599447739662565, -33.556013056192747 ], [ -70.599417694459035, -33.556164046457603 ], [ -70.599401973765936, -33.55618104869189 ], [ -70.599368413094737, -33.556186859008363 ], [ -70.599156523962293, -33.556156949162812 ] ], [ [ -70.596959798036835, -33.556531673498441 ], [ -70.596927339670614, -33.556711678838752 ], [ -70.596892025572089, -33.556846967314115 ], [ -70.596594522674593, -33.556805528566443 ], [ -70.596656964444136, -33.556489944736228 ], [ -70.596959798036835, -33.556531673498441 ] ], [ [ -70.597898029184691, -33.556891022093623 ], [ -70.597961999056579, -33.556571873807719 ], [ -70.598187585315443, -33.556604512684885 ], [ -70.598156792240857, -33.556767190887527 ], [ -70.598116895188696, -33.556919114295908 ], [ -70.597898029184691, -33.556891022093623 ] ], [ [ -70.599011414601705, -33.556888444388122 ], [ -70.599078738573695, -33.556571209208286 ], [ -70.599309236609074, -33.556610199919753 ], [ -70.599321301727201, -33.556638022059104 ], [ -70.599287049661598, -33.556782512222796 ], [ -70.599264378989133, -33.556892708054328 ], [ -70.599256916244201, -33.55690572033533 ], [ -70.599210935147909, -33.556918151730443 ], [ -70.599164848337196, -33.556911290954979 ], [ -70.599011414601705, -33.556888444388122 ] ], [ [ -70.600396086266329, -33.557338005796773 ], [ -70.600372900433825, -33.557343884247686 ], [ -70.600326994978076, -33.557344477804925 ], [ -70.600282266254041, -33.557336689054623 ], [ -70.600111028042789, -33.557307101207215 ], [ -70.60019289164039, -33.556910027075169 ], [ -70.600536232450224, -33.556959615641389 ], [ -70.600467569288099, -33.557302949432717 ], [ -70.600396086266329, -33.557338005796773 ] ], [ [ -70.597785804943584, -33.557297306611773 ], [ -70.598031920500361, -33.557331543878156 ], [ -70.598001013750846, -33.557491761534443 ], [ -70.597967603975277, -33.557652408297656 ], [ -70.597730212576636, -33.557619934986867 ], [ -70.597785804943584, -33.557297306611773 ] ], [ [ -70.598857425944331, -33.557610978198923 ], [ -70.598928578614363, -33.557296464046047 ], [ -70.599151180350248, -33.557328995389234 ], [ -70.599167086198193, -33.557343354258741 ], [ -70.599146482673845, -33.557471803229234 ], [ -70.599106456130471, -33.55763695827676 ], [ -70.599071867083225, -33.557646147396646 ], [ -70.599010049161862, -33.55763600878921 ], [ -70.598857425944331, -33.557610978198923 ] ], [ [ -70.600376014643004, -33.557837019868565 ], [ -70.600284460753215, -33.558191795999186 ], [ -70.599941120501754, -33.558142205010668 ], [ -70.60001491829415, -33.557779915632871 ], [ -70.600025044469334, -33.557730208134352 ], [ -70.600215789111829, -33.557756910577567 ], [ -70.600284456446801, -33.557783613006045 ], [ -70.600376014643004, -33.557837019868565 ] ], [ [ -70.596202532025728, -33.559202738338669 ], [ -70.596072931766841, -33.560079656038781 ], [ -70.595706602254879, -33.560045808844471 ], [ -70.595372594404395, -33.560012411479946 ], [ -70.59537330079263, -33.560008591285552 ], [ -70.595492959457331, -33.5591340794467 ], [ -70.596202532025728, -33.559202738338669 ] ], [ [ -70.594417146744874, -33.557596723807144 ], [ -70.594478182843076, -33.557280096738005 ], [ -70.5947104082301, -33.55730722746106 ], [ -70.594653587622773, -33.557629995820001 ], [ -70.594417146744874, -33.557596723807144 ] ], [ [ -70.594059634117315, -33.556910743890093 ], [ -70.594173977966179, -33.556315107036028 ], [ -70.594432395734728, -33.556349288681815 ], [ -70.594889336946721, -33.556400194550719 ], [ -70.594798344516065, -33.556900939205192 ], [ -70.594553160441123, -33.55687037009988 ], [ -70.594537311195666, -33.556971982138037 ], [ -70.594059634117315, -33.556910743890093 ] ], [ [ -70.590907357968533, -33.547808001989175 ], [ -70.59050297985236, -33.547949151599546 ], [ -70.59009859963966, -33.547792747389614 ], [ -70.590106228297458, -33.547575304888746 ], [ -70.590899725901878, -33.547563856058147 ], [ -70.590907357968533, -33.547808001989175 ] ], [ [ -70.593565953769897, -33.548703413738593 ], [ -70.593567789233674, -33.548998873638922 ], [ -70.593291338723475, -33.548992346273515 ], [ -70.593289121024057, -33.548700830428515 ], [ -70.593565953769897, -33.548703413738593 ] ], [ [ -70.58966371081533, -33.548780779577612 ], [ -70.589663711867203, -33.549124110370151 ], [ -70.589505670877884, -33.549123513736475 ], [ -70.589472829186292, -33.548780052711763 ], [ -70.58966371081533, -33.548780779577612 ] ], [ [ -70.590045203902932, -33.549284330598468 ], [ -70.590495363880009, -33.549463622848286 ], [ -70.590945519683501, -33.549288138665695 ], [ -70.59095052919109, -33.54960987128166 ], [ -70.59004283161299, -33.549585745392228 ], [ -70.590045203902932, -33.549284330598468 ] ], [ [ -70.590752957546172, -33.550268539722509 ], [ -70.590735111061349, -33.551006141592573 ], [ -70.590495376935237, -33.551004796062649 ], [ -70.590495373638589, -33.550650021334647 ], [ -70.590503000916101, -33.550268543002588 ], [ -70.590752957546172, -33.550268539722509 ] ], [ [ -70.592025846830936, -33.551454938644696 ], [ -70.592021278422877, -33.551683461158952 ], [ -70.591555922656823, -33.551676191438496 ], [ -70.591555920855853, -33.551457633288187 ], [ -70.592025846830936, -33.551454938644696 ] ] ] ] } },
{ "type": "Feature", "properties": { "objectid": 17011, "cod_region": "13", "region": "Región Metropolitana De Santiago", "cut_provincia": "131", "provincia": "Santiago", "cut_comuna": "13110", "comuna": "La Florida", "zona": "U-VEV3", "nombre_zona": "U-VEV3 Zona de Vivienda y Equipamiento Vecinal N°3", "uperm": "Residencial; equipamiento de comercio, culto, deporte, educación, esparcimiento, salud, seguridad, servicios, social, oficina, turismo; espacio público y áreas verdes.", "uproh": "Todo uso no mencionado como permitido.", "srid": "EPSG: 4326" }, "geometry": { "type": "MultiPolygon", "coordinates": [ [ [ [ -70.592250311118931, -33.560492160750719 ], [ -70.592212165004, -33.560808788062467 ], [ -70.592174017589414, -33.561075824296928 ], [ -70.592111731337326, -33.561452092835005 ], [ -70.592012052837958, -33.561441218545212 ], [ -70.591952616914526, -33.561901003933698 ], [ -70.591935093279744, -33.561966874601488 ], [ -70.591869829815849, -33.562514279933687 ], [ -70.591806643339382, -33.563057208908077 ], [ -70.592578415488035, -33.563135806170351 ], [ -70.593308049161649, -33.563213750695603 ], [ -70.593644528175787, -33.563240413877466 ], [ -70.593722878353304, -33.562700912407806 ], [ -70.593736712491832, -33.562603036562301 ], [ -70.59383706716423, -33.561893015173752 ], [ -70.593875466840231, -33.561621330918392 ], [ -70.594022044714109, -33.560664446949595 ], [ -70.594029439045869, -33.560616172906023 ], [ -70.593492981964488, -33.560567495592615 ], [ -70.593346528430189, -33.560553437849904 ], [ -70.59306196175163, -33.560526123521456 ], [ -70.593038167019216, -33.560526429797314 ], [ -70.593021655437937, -33.560534613509567 ], [ -70.592926227486686, -33.560555949635017 ], [ -70.592250311118931, -33.560492160750719 ] ], [ [ -70.593324703758753, -33.561836963030409 ], [ -70.593196422687086, -33.56265132336258 ], [ -70.593017504919672, -33.562630103412296 ], [ -70.593130474009214, -33.561823416424147 ], [ -70.593324703758753, -33.561836963030409 ] ], [ [ -70.592601296714278, -33.562441512909288 ], [ -70.59257841127156, -33.562586479101526 ], [ -70.592235069255054, -33.562552145615534 ], [ -70.59225795748786, -33.562407183048158 ], [ -70.592601296714278, -33.562441512909288 ] ] ] ] } },
{ "type": "Feature", "properties": { "objectid": 17012, "cod_region": "13", "region": "Región Metropolitana De Santiago", "cut_provincia": "131", "provincia": "Santiago", "cut_comuna": "13110", "comuna": "La Florida", "zona": "U-VEV3", "nombre_zona": "U-VEV3 Zona de Vivienda y Equipamiento Vecinal N°3", "uperm": "Residencial; equipamiento de comercio, culto, deporte, educación, esparcimiento, salud, seguridad, servicios, social, oficina, turismo; espacio público y áreas verdes.", "uproh": "Todo uso no mencionado como permitido.", "srid": "EPSG: 4326" }, "geometry": { "type": "MultiPolygon", "coordinates": [ [ [ [ -70.586634778619072, -33.559839866699619 ], [ -70.586474564778214, -33.560888934528244 ], [ -70.58696286799406, -33.560930892804087 ], [ -70.587210923849966, -33.560957601816739 ], [ -70.587458806154402, -33.560984296322495 ], [ -70.587634095922866, -33.560998879429519 ], [ -70.588130227459374, -33.561045330135663 ], [ -70.588450680215729, -33.561083475203681 ], [ -70.588984765774683, -33.561133069674554 ], [ -70.589679080071377, -33.561205541014516 ], [ -70.590440541723524, -33.561282331034363 ], [ -70.59027948367671, -33.562541700081148 ], [ -70.590390846294952, -33.562548030132305 ], [ -70.590333321087684, -33.562908829963668 ], [ -70.590930379205801, -33.562967964899173 ], [ -70.591558277655778, -33.563031914656698 ], [ -70.591599122520535, -33.562539430511514 ], [ -70.591638707986434, -33.56227438523333 ], [ -70.591678683738508, -33.562012011517695 ], [ -70.591697620166087, -33.561942463128844 ], [ -70.591737350819983, -33.561748345869425 ], [ -70.591777351698369, -33.561419624901482 ], [ -70.591746119808221, -33.561417409504102 ], [ -70.591807788273741, -33.561030047665412 ], [ -70.591853563748046, -33.560637123961563 ], [ -70.591876451306831, -33.560457829144198 ], [ -70.591281327022685, -33.560400611627898 ], [ -70.589560261453045, -33.560210479913081 ], [ -70.589627461943266, -33.559849933868335 ], [ -70.589541730032252, -33.559839847878493 ], [ -70.589489841199892, -33.559835132216229 ], [ -70.589471516573383, -33.559939969705404 ], [ -70.586672066898757, -33.559661165408031 ], [ -70.586634778619072, -33.559839866699619 ] ] ] ] } },
{ "type": "Feature", "properties": { "objectid": 17013, "cod_region": "13", "region": "Región Metropolitana De Santiago", "cut_provincia": "131", "provincia": "Santiago", "cut_comuna": "13110", "comuna": "La Florida", "zona": "PL", "nombre_zona": "PL Zona de Plazas", "uperm": "Espacio público y áreas verdes.", "uproh": "Todo uso no mencionado como permitido.", "srid": "EPSG: 4326" }, "geometry": { "type": "MultiPolygon", "coordinates": [ [ [ [ -70.588511760275935, -33.565882477363083 ], [ -70.589633340741415, -33.566031247416547 ], [ -70.589763040656479, -33.56543995365827 ], [ -70.588626201008495, -33.565291183927961 ], [ -70.588511760275935, -33.565882477363083 ] ] ] ] } },
{ "type": "Feature", "properties": { "objectid": 17014, "cod_region": "13", "region": "Región Metropolitana De Santiago", "cut_provincia": "131", "provincia": "Santiago", "cut_comuna": "13110", "comuna": "La Florida", "zona": "PL", "nombre_zona": "PL Zona de Plazas", "uperm": "Espacio público y áreas verdes.", "uproh": "Todo uso no mencionado como permitido.", "srid": "EPSG: 4326" }, "geometry": { "type": "MultiPolygon", "coordinates": [ [ [ [ -70.585597155030698, -33.563162551123582 ], [ -70.585544149234863, -33.563537687790507 ], [ -70.585619705447598, -33.563545341186433 ], [ -70.585879309796681, -33.563571636040457 ], [ -70.58587920537498, -33.563572582486486 ], [ -70.585880432219184, -33.563571751519682 ], [ -70.587496978753848, -33.563742394285789 ], [ -70.587550384563173, -33.563360908394657 ], [ -70.585942033170269, -33.56319757956085 ], [ -70.585940021100541, -33.563195644786767 ], [ -70.585939853117623, -33.563197356791257 ], [ -70.585597155030698, -33.563162551123582 ] ] ] ] } },
{ "type": "Feature", "properties": { "objectid": 17015, "cod_region": "13", "region": "Región Metropolitana De Santiago", "cut_provincia": "131", "provincia": "Santiago", "cut_comuna": "13110", "comuna": "La Florida", "zona": "PL", "nombre_zona": "PL Zona de Plazas", "uperm": "Espacio público y áreas verdes.", "uproh": "Todo uso no mencionado como permitido.", "srid": "EPSG: 4326" }, "geometry": { "type": "MultiPolygon", "coordinates": [ [ [ [ -70.589129755646056, -33.563906413501627 ], [ -70.589946144089964, -33.563990334057856 ], [ -70.590014809311256, -33.563593596270849 ], [ -70.588359140570546, -33.563429574042566 ], [ -70.588313367417385, -33.563826307635793 ], [ -70.589129755646056, -33.563906413501627 ] ] ] ] } },
{ "type": "Feature", "properties": { "objectid": 17016, "cod_region": "13", "region": "Región Metropolitana De Santiago", "cut_provincia": "131", "provincia": "Santiago", "cut_comuna": "13110", "comuna": "La Florida", "zona": "U-EC1", "nombre_zona": "U-EC1 Zona de Equipamiento Comunal N°1", "uperm": "Residencial; equip. de comercio, culto, deporte, educación, esparcimiento, salud, seguridad, servicios, social, oficina y turismo; act. productiva peligrosa, contaminante y molesta; infr. de transporte; espacio público y áreas verdes.", "uproh": "Todo uso no mencionado como permitido.", "srid": "EPSG: 4326" }, "geometry": { "type": "MultiPolygon", "coordinates": [ [ [ [ -70.574231604181776, -33.561189876071957 ], [ -70.574472826233773, -33.561224913215582 ], [ -70.574511052326287, -33.561117891880066 ], [ -70.574259841244157, -33.561065673178113 ], [ -70.574231604181776, -33.561189876071957 ] ] ] ] } },
{ "type": "Feature", "properties": { "objectid": 17017, "cod_region": "13", "region": "Región Metropolitana De Santiago", "cut_provincia": "131", "provincia": "Santiago", "cut_comuna": "13110", "comuna": "La Florida", "zona": "U-EC1", "nombre_zona": "U-EC1 Zona de Equipamiento Comunal N°1", "uperm": "Residencial; equip. de comercio, culto, deporte, educación, esparcimiento, salud, seguridad, servicios, social, oficina y turismo; act. productiva peligrosa, contaminante y molesta; infr. de transporte; espacio público y áreas verdes.", "uproh": "Todo uso no mencionado como permitido.", "srid": "EPSG: 4326" }, "geometry": { "type": "MultiPolygon", "coordinates": [ [ [ [ -70.580371758866633, -33.563029448406134 ], [ -70.580714087591502, -33.563090099680551 ], [ -70.580806278582017, -33.562699074629698 ], [ -70.578008227466583, -33.562204186504701 ], [ -70.577906320509925, -33.562594193667586 ], [ -70.578600633802381, -33.562720078950484 ], [ -70.578866361411499, -33.562766632156062 ], [ -70.579180503288185, -33.5628192621596 ], [ -70.579775370507264, -33.562924863342154 ], [ -70.580057926259784, -33.562983288978309 ], [ -70.580371758866633, -33.563029448406134 ] ] ] ] } },
{ "type": "Feature", "properties": { "objectid": 17018, "cod_region": "13", "region": "Región Metropolitana De Santiago", "cut_provincia": "131", "provincia": "Santiago", "cut_comuna": "13110", "comuna": "La Florida", "zona": "U-EC1", "nombre_zona": "U-EC1 Zona de Equipamiento Comunal N°1", "uperm": "Residencial; equip. de comercio, culto, deporte, educación, esparcimiento, salud, seguridad, servicios, social, oficina y turismo; act. productiva peligrosa, contaminante y molesta; infr. de transporte; espacio público y áreas verdes.", "uproh": "Todo uso no mencionado como permitido.", "srid": "EPSG: 4326" }, "geometry": { "type": "MultiPolygon", "coordinates": [ [ [ [ -70.574016424804555, -33.559970785222667 ], [ -70.573558565617532, -33.56182184896992 ], [ -70.57311481011763, -33.561743526868582 ], [ -70.572375974046054, -33.561607837663857 ], [ -70.572237377869698, -33.561590941485548 ], [ -70.571521449087783, -33.561467217313201 ], [ -70.5714892364809, -33.56159428200472 ], [ -70.571431742009821, -33.561821073868671 ], [ -70.571398965199734, -33.561950365986775 ], [ -70.571624146262849, -33.562009997635144 ], [ -70.571292109005014, -33.563312880453012 ], [ -70.571704550385803, -33.563384815925012 ], [ -70.571770135398964, -33.563396255014183 ], [ -70.571939831338526, -33.563425852930401 ], [ -70.572168717281727, -33.56241874941103 ], [ -70.572771470536267, -33.562529374186646 ], [ -70.572542667613078, -33.563533611647983 ], [ -70.573314590136533, -33.563668642657582 ], [ -70.573621881149307, -33.563720800309667 ], [ -70.574031536985231, -33.563792837321145 ], [ -70.574307774335978, -33.563841127994849 ], [ -70.574552951554679, -33.563885167028843 ], [ -70.574876759444209, -33.563941501467511 ], [ -70.575057669381266, -33.56397342155563 ], [ -70.575105742887814, -33.563981903702128 ], [ -70.575429185640616, -33.564038973608525 ], [ -70.57581755962228, -33.562621079141046 ], [ -70.579159164720423, -33.563205458245193 ], [ -70.579428052294205, -33.563239458016319 ], [ -70.580614905009014, -33.563505912132086 ], [ -70.580714087591502, -33.563090099680551 ], [ -70.580371758866633, -33.563029448406134 ], [ -70.580057926259784, -33.562983288978309 ], [ -70.579775370507264, -33.562924863342154 ], [ -70.579180503288185, -33.5628192621596 ], [ -70.578866361411499, -33.562766632156062 ], [ -70.578600633802381, -33.562720078950484 ], [ -70.577906320509925, -33.562594193667586 ], [ -70.578008227466583, -33.562204186504701 ], [ -70.577226298430261, -33.562065875349148 ], [ -70.577334514202292, -33.561643482292567 ], [ -70.575510555529519, -33.561270478234704 ], [ -70.574511052326287, -33.561117891880066 ], [ -70.574472826233773, -33.561224913215582 ], [ -70.574231604181776, -33.561189876071957 ], [ -70.574259841244157, -33.561065673178113 ], [ -70.574524373853549, -33.56003918641008 ], [ -70.574016424804555, -33.559970785222667 ] ] ] ] } },
{ "type": "Feature", "properties": { "objectid": 17019, "cod_region": "13", "region": "Región Metropolitana De Santiago", "cut_provincia": "131", "provincia": "Santiago", "cut_comuna": "13110", "comuna": "La Florida", "zona": "PL", "nombre_zona": "PL Zona de Plazas", "uperm": "Espacio público y áreas verdes.", "uproh": "Todo uso no mencionado como permitido.", "srid": "EPSG: 4326" }, "geometry": { "type": "MultiPolygon", "coordinates": [ [ [ [ -70.580806278582017, -33.562699074629698 ], [ -70.580714087591502, -33.563090099680551 ], [ -70.580614905009014, -33.563505912132086 ], [ -70.581757452584171, -33.563687038753699 ], [ -70.581828572255773, -33.563384207218625 ], [ -70.581835638626998, -33.563288918842026 ], [ -70.581835672276014, -33.563288460286721 ], [ -70.581915893610386, -33.562999081164527 ], [ -70.581926484049461, -33.563000871185203 ], [ -70.581918262809381, -33.562990538589922 ], [ -70.58194248378426, -33.562903168967438 ], [ -70.581858556565038, -33.56288791063362 ], [ -70.581110836239745, -33.56275058212929 ], [ -70.580806278582017, -33.562699074629698 ] ] ] ] } },
{ "type": "Feature", "properties": { "objectid": 17021, "cod_region": "13", "region": "Región Metropolitana De Santiago", "cut_provincia": "131", "provincia": "Santiago", "cut_comuna": "13110", "comuna": "La Florida", "zona": "U-VEV4", "nombre_zona": "U-VEV4 Zona de Vivienda y Equipamiento Vecinal N°4", "uperm": "Residencial; equip. de comercio, culto, deporte, educación, esparcimiento, salud, seguridad, servicios, social, oficina y turismo; act. productiva peligrosa, contaminante y molesta; infr. de transporte; espacio público y áreas verdes.", "uproh": "Todo uso no mencionado como permitido.", "srid": "EPSG: 4326" }, "geometry": { "type": "MultiPolygon", "coordinates": [ [ [ [ -70.578579270487552, -33.564599656072552 ], [ -70.579511406188828, -33.564770066050414 ], [ -70.579599751181604, -33.564767086136811 ], [ -70.579942162117348, -33.564831247366882 ], [ -70.580212737593399, -33.56487795479962 ], [ -70.580487025083968, -33.564925406930641 ], [ -70.580760781520638, -33.564976095554904 ], [ -70.5810335427296, -33.565021574737123 ], [ -70.58169947597726, -33.565136643806198 ], [ -70.582028111989544, -33.565193429723415 ], [ -70.582228362846763, -33.565228031922238 ], [ -70.582954219351222, -33.565352402285775 ], [ -70.583067166218115, -33.565371754435013 ], [ -70.583107428073816, -33.565168014088819 ], [ -70.58312066911229, -33.565096992253054 ], [ -70.583250015418727, -33.56440333254983 ], [ -70.583333780110806, -33.56396429519328 ], [ -70.581757452584171, -33.563687038753699 ], [ -70.580614905009014, -33.563505912132086 ], [ -70.579428052294205, -33.563239458016319 ], [ -70.579159164720423, -33.563205458245193 ], [ -70.57581755962228, -33.562621079141046 ], [ -70.575429185640616, -33.564038973608525 ], [ -70.576247590739968, -33.564183372189511 ], [ -70.576467592886175, -33.564222024908744 ], [ -70.57721202468197, -33.564352812926629 ], [ -70.577359046646876, -33.564383439010804 ], [ -70.577486697779335, -33.564410031783424 ], [ -70.577769004186749, -33.564463442613537 ], [ -70.578036040664216, -33.564505401373815 ], [ -70.578304210319146, -33.564548526487847 ], [ -70.578579270487552, -33.564599656072552 ] ] ] ] } },
{ "type": "Feature", "properties": { "objectid": 17022, "cod_region": "13", "region": "Región Metropolitana De Santiago", "cut_provincia": "131", "provincia": "Santiago", "cut_comuna": "13110", "comuna": "La Florida", "zona": "PL", "nombre_zona": "PL Zona de Plazas", "uperm": "Espacio público y áreas verdes.", "uproh": "Todo uso no mencionado como permitido.", "srid": "EPSG: 4326" }, "geometry": { "type": "MultiPolygon", "coordinates": [ [ [ [ -70.560640081840845, -33.559931574349861 ], [ -70.561741434322315, -33.560117935851416 ], [ -70.561776545179029, -33.560115245455066 ], [ -70.561771308713446, -33.560114213109308 ], [ -70.56190728801576, -33.559744348700114 ], [ -70.561662470671976, -33.559702685802186 ], [ -70.561754025165072, -33.559317390904503 ], [ -70.560838449074893, -33.559149545877027 ], [ -70.560731634006842, -33.559527204764215 ], [ -70.560754935766738, -33.559531171146602 ], [ -70.560640081840845, -33.559931574349861 ] ] ] ] } },
{ "type": "Feature", "properties": { "objectid": 17023, "cod_region": "13", "region": "Región Metropolitana De Santiago", "cut_provincia": "131", "provincia": "Santiago", "cut_comuna": "13110", "comuna": "La Florida", "zona": "PL", "nombre_zona": "PL Zona de Plazas", "uperm": "Espacio público y áreas verdes.", "uproh": "Todo uso no mencionado como permitido.", "srid": "EPSG: 4326" }, "geometry": { "type": "MultiPolygon", "coordinates": [ [ [ [ -70.570505415276244, -33.561693951222288 ], [ -70.571060540557411, -33.561786378604104 ], [ -70.571188479664016, -33.561408358667641 ], [ -70.571187381555788, -33.561407680007811 ], [ -70.571184458002406, -33.561407202181172 ], [ -70.57060459970036, -33.561312472994651 ], [ -70.570505415276244, -33.561693951222288 ] ] ] ] } },
{ "type": "Feature", "properties": { "objectid": 17024, "cod_region": "13", "region": "Región Metropolitana De Santiago", "cut_provincia": "131", "provincia": "Santiago", "cut_comuna": "13110", "comuna": "La Florida", "zona": "U-VEV4", "nombre_zona": "U-VEV4 Zona de Vivienda y Equipamiento Vecinal N°4", "uperm": "Residencial; equip. de comercio, culto, deporte, educación, esparcimiento, salud, seguridad, servicios, social, oficina y turismo; act. productiva peligrosa, contaminante y molesta; infr. de transporte; espacio público y áreas verdes.", "uproh": "Todo uso no mencionado como permitido.", "srid": "EPSG: 4326" }, "geometry": { "type": "MultiPolygon", "coordinates": [ [ [ [ -70.578412301734247, -33.560657710650268 ], [ -70.578852397242542, -33.56074020162481 ], [ -70.578997359117736, -33.559923837320291 ], [ -70.579170916353263, -33.558888408815015 ], [ -70.579058684830159, -33.558874410554353 ], [ -70.578354128938813, -33.558786529030954 ], [ -70.578036011946253, -33.560583801562835 ], [ -70.578412301734247, -33.560657710650268 ] ] ] ] } },
{ "type": "Feature", "properties": { "objectid": 17025, "cod_region": "13", "region": "Región Metropolitana De Santiago", "cut_provincia": "131", "provincia": "Santiago", "cut_comuna": "13110", "comuna": "La Florida", "zona": "U-VEV4", "nombre_zona": "U-VEV4 Zona de Vivienda y Equipamiento Vecinal N°4", "uperm": "Residencial; equip. de comercio, culto, deporte, educación, esparcimiento, salud, seguridad, servicios, social, oficina y turismo; act. productiva peligrosa, contaminante y molesta; infr. de transporte; espacio público y áreas verdes.", "uproh": "Todo uso no mencionado como permitido.", "srid": "EPSG: 4326" }, "geometry": { "type": "MultiPolygon", "coordinates": [ [ [ [ -70.576973529206839, -33.558623676245318 ], [ -70.578275856456614, -33.558779760677211 ], [ -70.578823176746866, -33.555636260895987 ], [ -70.578653981157032, -33.555613130065012 ], [ -70.577517140391421, -33.555475804328054 ], [ -70.576448968036772, -33.555334662583604 ], [ -70.576370016658288, -33.555774534994889 ], [ -70.576156260431191, -33.55696546694503 ], [ -70.576091206047863, -33.557327908377395 ], [ -70.575991688812906, -33.557882352033616 ], [ -70.575947057212574, -33.558131001916152 ], [ -70.575883750164252, -33.55848369479552 ], [ -70.575955945313183, -33.558498313963959 ], [ -70.576432050310402, -33.558557757403513 ], [ -70.576741180877576, -33.558596351426132 ], [ -70.576973529206839, -33.558623676245318 ] ] ] ] } },
{ "type": "Feature", "properties": { "objectid": 17026, "cod_region": "13", "region": "Región Metropolitana De Santiago", "cut_provincia": "131", "provincia": "Santiago", "cut_comuna": "13110", "comuna": "La Florida", "zona": "U-VEV4", "nombre_zona": "U-VEV4 Zona de Vivienda y Equipamiento Vecinal N°4", "uperm": "Residencial; equip. de comercio, culto, deporte, educación, esparcimiento, salud, seguridad, servicios, social, oficina y turismo; act. productiva peligrosa, contaminante y molesta; infr. de transporte; espacio público y áreas verdes.", "uproh": "Todo uso no mencionado como permitido.", "srid": "EPSG: 4326" }, "geometry": { "type": "MultiPolygon", "coordinates": [ [ [ [ -70.575502914487174, -33.559973450511691 ], [ -70.575396099566348, -33.560366374426764 ], [ -70.575512003600593, -33.560613286282766 ], [ -70.575571589623877, -33.560740222236852 ], [ -70.575710839043211, -33.560678849810763 ], [ -70.575860235075652, -33.560245192868273 ], [ -70.576422711633271, -33.560403382601663 ], [ -70.576816484761395, -33.560409821379736 ], [ -70.578036011946253, -33.560583801562835 ], [ -70.578354128938813, -33.558786529030954 ], [ -70.578275856456614, -33.558779760677211 ], [ -70.576973529206839, -33.558623676245318 ], [ -70.576741180877576, -33.558596351426132 ], [ -70.576432050310402, -33.558557757403513 ], [ -70.575955945313183, -33.558498313963959 ], [ -70.575693651053172, -33.559344010201421 ], [ -70.575502914487174, -33.559973450511691 ] ] ] ] } },
{ "type": "Feature", "properties": { "objectid": 17027, "cod_region": "13", "region": "Región Metropolitana De Santiago", "cut_provincia": "131", "provincia": "Santiago", "cut_comuna": "13110", "comuna": "La Florida", "zona": "U-VEV4", "nombre_zona": "U-VEV4 Zona de Vivienda y Equipamiento Vecinal N°4", "uperm": "Residencial; equip. de comercio, culto, deporte, educación, esparcimiento, salud, seguridad, servicios, social, oficina y turismo; act. productiva peligrosa, contaminante y molesta; infr. de transporte; espacio público y áreas verdes.", "uproh": "Todo uso no mencionado como permitido.", "srid": "EPSG: 4326" }, "geometry": { "type": "MultiPolygon", "coordinates": [ [ [ [ -70.579170916353263, -33.558888408815015 ], [ -70.578997359117736, -33.559923837320291 ], [ -70.578852397242542, -33.56074020162481 ], [ -70.578412301734247, -33.560657710650268 ], [ -70.578008227466583, -33.562204186504701 ], [ -70.580806278582017, -33.562699074629698 ], [ -70.581110836239745, -33.56275058212929 ], [ -70.581858556565038, -33.56288791063362 ], [ -70.58194248378426, -33.562903168967438 ], [ -70.581918262809381, -33.562990538589922 ], [ -70.581926484049461, -33.563000871185203 ], [ -70.582204163333003, -33.563047817221161 ], [ -70.582633248034824, -33.561503100514869 ], [ -70.583620525063026, -33.561650260006957 ], [ -70.583653221530298, -33.561489961357587 ], [ -70.583750728083658, -33.560984316007314 ], [ -70.58383446387613, -33.560519315116927 ], [ -70.583860931131809, -33.56035546538169 ], [ -70.583864873170512, -33.560331074776329 ], [ -70.583883437433613, -33.560216154385564 ], [ -70.583910945245478, -33.560045882976148 ], [ -70.584017755929978, -33.559500365998872 ], [ -70.583867430322996, -33.559478725236147 ], [ -70.583871173452309, -33.559451642531016 ], [ -70.583850362930008, -33.559476268846574 ], [ -70.583676106535378, -33.559451182512674 ], [ -70.583201369923231, -33.559382114565238 ], [ -70.582899610480951, -33.559340803786917 ], [ -70.582400243432105, -33.559279119832354 ], [ -70.58221945484128, -33.559254922979719 ], [ -70.581595652755169, -33.559180575857567 ], [ -70.581438884698827, -33.559157048477132 ], [ -70.580786787395738, -33.559084512525928 ], [ -70.580599606818808, -33.559061686339113 ], [ -70.580035966409412, -33.558989017743762 ], [ -70.579622994732972, -33.558939618819707 ], [ -70.579170916353263, -33.558888408815015 ] ] ] ] } },
{ "type": "Feature", "properties": { "objectid": 17028, "cod_region": "13", "region": "Región Metropolitana De Santiago", "cut_provincia": "131", "provincia": "Santiago", "cut_comuna": "13110", "comuna": "La Florida", "zona": "U-VEV4", "nombre_zona": "U-VEV4 Zona de Vivienda y Equipamiento Vecinal N°4", "uperm": "Residencial; equip. de comercio, culto, deporte, educación, esparcimiento, salud, seguridad, servicios, social, oficina y turismo; act. productiva peligrosa, contaminante y molesta; infr. de transporte; espacio público y áreas verdes.", "uproh": "Todo uso no mencionado como permitido.", "srid": "EPSG: 4326" }, "geometry": { "type": "MultiPolygon", "coordinates": [ [ [ [ -70.577226298430261, -33.562065875349148 ], [ -70.578008227466583, -33.562204186504701 ], [ -70.578412301734247, -33.560657710650268 ], [ -70.578036011946253, -33.560583801562835 ], [ -70.576816484761395, -33.560409821379736 ], [ -70.576422711633271, -33.560403382601663 ], [ -70.575860235075652, -33.560245192868273 ], [ -70.575710839043211, -33.560678849810763 ], [ -70.575571589623877, -33.560740222236852 ], [ -70.575594480302556, -33.560980555155673 ], [ -70.575510555529519, -33.561270478234704 ], [ -70.577334514202292, -33.561643482292567 ], [ -70.577226298430261, -33.562065875349148 ] ] ], [ [ [ -70.582204163333003, -33.563047817221161 ], [ -70.583467992269888, -33.56326148078913 ], [ -70.58375337871307, -33.561744454251318 ], [ -70.583620525063026, -33.561650260006957 ], [ -70.582633248034824, -33.561503100514869 ], [ -70.582204163333003, -33.563047817221161 ] ] ] ] } },
{ "type": "Feature", "properties": { "objectid": 17029, "cod_region": "13", "region": "Región Metropolitana De Santiago", "cut_provincia": "131", "provincia": "Santiago", "cut_comuna": "13110", "comuna": "La Florida", "zona": "ED-11", "nombre_zona": "ED-11 Complejo Deportivo Gabriela Mistral", "uperm": "Equipamiento de comercio y deporte; espacio público y áreas verdes.", "uproh": "Residencial; equipamiento; actividad productiva; infraestructura.", "srid": "EPSG: 4326" }, "geometry": { "type": "MultiPolygon", "coordinates": [ [ [ [ -70.565221360116226, -33.558594950916529 ], [ -70.568522590042207, -33.559165430528594 ], [ -70.568630170586587, -33.559015201201092 ], [ -70.56908044750746, -33.557657170474549 ], [ -70.569040132292983, -33.557651655565863 ], [ -70.567674715225536, -33.557475709006248 ], [ -70.567462437904069, -33.557446668612407 ], [ -70.565663639399588, -33.557200575680803 ], [ -70.564968408741763, -33.557101747916576 ], [ -70.564397656156103, -33.558439674466861 ], [ -70.565181186955272, -33.558588008074217 ], [ -70.565221360116226, -33.558594950916529 ] ] ] ] } },
{ "type": "Feature", "properties": { "objectid": 17030, "cod_region": "13", "region": "Región Metropolitana De Santiago", "cut_provincia": "131", "provincia": "Santiago", "cut_comuna": "13110", "comuna": "La Florida", "zona": "U-VEV4", "nombre_zona": "U-VEV4 Zona de Vivienda y Equipamiento Vecinal N°4", "uperm": "Residencial; equip. de comercio, culto, deporte, educación, esparcimiento, salud, seguridad, servicios, social, oficina y turismo; act. productiva peligrosa, contaminante y molesta; infr. de transporte; espacio público y áreas verdes.", "uproh": "Todo uso no mencionado como permitido.", "srid": "EPSG: 4326" }, "geometry": { "type": "MultiPolygon", "coordinates": [ [ [ [ -70.560090730340477, -33.55941277019339 ], [ -70.558811373577598, -33.561010331154023 ], [ -70.558729481506816, -33.561119294827279 ], [ -70.559050154835958, -33.561183145190903 ], [ -70.55954766849969, -33.561283271732648 ], [ -70.559602307990289, -33.561293617047056 ], [ -70.560281868005319, -33.561422273539193 ], [ -70.561073570570301, -33.5615721548509 ], [ -70.561630599357784, -33.561678897361354 ], [ -70.562129256711486, -33.561773312077605 ], [ -70.562796023056862, -33.561893034728342 ], [ -70.562995881285701, -33.56193087116543 ], [ -70.563058852402591, -33.561935342550299 ], [ -70.563092393289438, -33.561934918944615 ], [ -70.563125932021663, -33.56193449535705 ], [ -70.563199072321495, -33.561921292333878 ], [ -70.563284964222206, -33.561917574116229 ], [ -70.563354183804336, -33.561919333096917 ], [ -70.563714904440872, -33.561983918914521 ], [ -70.564206095623106, -33.562063004634602 ], [ -70.564231160527257, -33.562064581675727 ], [ -70.564439952960328, -33.562101280173792 ], [ -70.564691269650396, -33.562145454316287 ], [ -70.56484947793497, -33.562173263849004 ], [ -70.564870265028873, -33.562176916738153 ], [ -70.564874956067669, -33.562177741212018 ], [ -70.56515250483389, -33.561019020710091 ], [ -70.564862720259569, -33.560975441151747 ], [ -70.564891015276871, -33.560837644439388 ], [ -70.564569598782384, -33.560784339346704 ], [ -70.564575093085367, -33.560762395234612 ], [ -70.564632648542627, -33.560532523937326 ], [ -70.564684486563749, -33.560329079813528 ], [ -70.564712227774052, -33.560257021418678 ], [ -70.564557959505663, -33.56022445701953 ], [ -70.564302381961653, -33.560179517498902 ], [ -70.563966671464172, -33.560118482448324 ], [ -70.563714064072329, -33.56006617954813 ], [ -70.563554661340575, -33.560057449054035 ], [ -70.563496329708386, -33.560045196062255 ], [ -70.563311223940445, -33.560006315480578 ], [ -70.562364409836661, -33.559843827518556 ], [ -70.562184329516796, -33.559790144169995 ], [ -70.561975070925158, -33.559755553390183 ], [ -70.56190728801576, -33.559744348700114 ], [ -70.561771308713446, -33.560114213109308 ], [ -70.561776545179029, -33.560115245455066 ], [ -70.561741434322315, -33.560117935851416 ], [ -70.560640081840845, -33.559931574349861 ], [ -70.560754935766738, -33.559531171146602 ], [ -70.560731634006842, -33.559527204764215 ], [ -70.560092143977272, -33.559411174179971 ], [ -70.560090730340477, -33.55941277019339 ] ] ] ] } },
{ "type": "Feature", "properties": { "objectid": 17031, "cod_region": "13", "region": "Región Metropolitana De Santiago", "cut_provincia": "131", "provincia": "Santiago", "cut_comuna": "13110", "comuna": "La Florida", "zona": "PL", "nombre_zona": "PL Zona de Plazas", "uperm": "Espacio público y áreas verdes.", "uproh": "Todo uso no mencionado como permitido.", "srid": "EPSG: 4326" }, "geometry": { "type": "MultiPolygon", "coordinates": [ [ [ [ -70.567886405718198, -33.538406597430189 ], [ -70.567684683322497, -33.53890881455731 ], [ -70.567827162436785, -33.538904429301553 ], [ -70.568022381170422, -33.538453409878997 ], [ -70.568451583293154, -33.538564184436609 ], [ -70.568503885265727, -33.53844415782573 ], [ -70.56893891137625, -33.538545965788195 ], [ -70.568997686581838, -33.538416318324423 ], [ -70.569425439071537, -33.538519466679915 ], [ -70.569483399410288, -33.538387259120412 ], [ -70.569916513925023, -33.538489734474801 ], [ -70.570001642053526, -33.538297866336215 ], [ -70.569924745360751, -33.538295612910034 ], [ -70.569507638545559, -33.538275440962039 ], [ -70.569333868293555, -33.538279441991961 ], [ -70.569047923810047, -33.538305498258282 ], [ -70.568544357734709, -33.538351281763447 ], [ -70.568048422090826, -33.53839324925432 ], [ -70.567886405718198, -33.538406597430189 ] ] ] ] } },
{ "type": "Feature", "properties": { "objectid": 17231, "cod_region": "13", "region": "Región Metropolitana De Santiago", "cut_provincia": "131", "provincia": "Santiago", "cut_comuna": "13110", "comuna": "La Florida", "zona": "PL", "nombre_zona": "PL Zona de Plazas", "uperm": "Espacio público y áreas verdes.", "uproh": "Todo uso no mencionado como permitido.", "srid": "EPSG: 4326" }, "geometry": { "type": "MultiPolygon", "coordinates": [ [ [ [ -70.592235069255054, -33.562552145615534 ], [ -70.59257841127156, -33.562586479101526 ], [ -70.592601296714278, -33.562441512909288 ], [ -70.59225795748786, -33.562407183048158 ], [ -70.592235069255054, -33.562552145615534 ] ] ] ] } },
{ "type": "Feature", "properties": { "objectid": 17032, "cod_region": "13", "region": "Región Metropolitana De Santiago", "cut_provincia": "131", "provincia": "Santiago", "cut_comuna": "13110", "comuna": "La Florida", "zona": "U-VEV4", "nombre_zona": "U-VEV4 Zona de Vivienda y Equipamiento Vecinal N°4", "uperm": "Residencial; equip. de comercio, culto, deporte, educación, esparcimiento, salud, seguridad, servicios, social, oficina y turismo; act. productiva peligrosa, contaminante y molesta; infr. de transporte; espacio público y áreas verdes.", "uproh": "Todo uso no mencionado como permitido.", "srid": "EPSG: 4326" }, "geometry": { "type": "MultiPolygon", "coordinates": [ [ [ [ -70.561631934314391, -33.557657960314188 ], [ -70.561212300071915, -33.558138624418085 ], [ -70.561052075874784, -33.558317920788596 ], [ -70.560952888971784, -33.558478143736444 ], [ -70.560891850108746, -33.558508661142518 ], [ -70.560092143977272, -33.559411174179971 ], [ -70.560731634006842, -33.559527204764215 ], [ -70.560838449074893, -33.559149545877027 ], [ -70.561754025165072, -33.559317390904503 ], [ -70.561662470671976, -33.559702685802186 ], [ -70.56190728801576, -33.559744348700114 ], [ -70.561975070925158, -33.559755553390183 ], [ -70.562420968041977, -33.558082467666992 ], [ -70.562672370547944, -33.558127624442861 ], [ -70.562791663613268, -33.557802914901771 ], [ -70.562982403776687, -33.557345138736757 ], [ -70.563182704133126, -33.556853601651184 ], [ -70.56303410683212, -33.556828012272817 ], [ -70.562616168236005, -33.556780552454498 ], [ -70.562305304290803, -33.55674169768632 ], [ -70.562158379970981, -33.556723333200843 ], [ -70.562120234800503, -33.557005627882766 ], [ -70.562059199586784, -33.55718110883555 ], [ -70.561631934314391, -33.557657960314188 ] ] ] ] } },
{ "type": "Feature", "properties": { "objectid": 17033, "cod_region": "13", "region": "Región Metropolitana De Santiago", "cut_provincia": "131", "provincia": "Santiago", "cut_comuna": "13110", "comuna": "La Florida", "zona": "U-EC3", "nombre_zona": "U-EC3 Zona de Equipamiento Comunal N°3", "uperm": "Residencial; equipamiento de culto, deporte, educación, esparcimiento, salud, seguridad, servicios, social y científico; infraestructura de transporte y de energía; espacio público y áreas verdes.", "uproh": "Todo uso no mencionado como permitido.", "srid": "EPSG: 4326" }, "geometry": { "type": "MultiPolygon", "coordinates": [ [ [ [ -70.569964373743517, -33.543665496912858 ], [ -70.56958526999027, -33.544509830078269 ], [ -70.569566100469657, -33.544552523874479 ], [ -70.568785229656029, -33.546316779914243 ], [ -70.568180962098538, -33.547575393045314 ], [ -70.568163483804582, -33.547611797513326 ], [ -70.568097141139503, -33.547749980571794 ], [ -70.567824464451533, -33.548083811047078 ], [ -70.567628938756229, -33.548323101321373 ], [ -70.567046793769052, -33.549035541158901 ], [ -70.566129710553625, -33.550157855834684 ], [ -70.565930417918182, -33.550400733532527 ], [ -70.564498319389742, -33.552145980956183 ], [ -70.564294357268125, -33.552394537094088 ], [ -70.563750270686938, -33.552987925076131 ], [ -70.56284062517085, -33.554071621359682 ], [ -70.562094722045188, -33.554960221592786 ], [ -70.561927453111537, -33.555159487812091 ], [ -70.560975859903266, -33.556337708225449 ], [ -70.560805779889989, -33.556548291165242 ], [ -70.56004236195129, -33.557486559069268 ], [ -70.559689155735356, -33.557949924334665 ], [ -70.559456444956979, -33.558255212630876 ], [ -70.559007859246805, -33.558762041777129 ], [ -70.558156908777391, -33.559776453555614 ], [ -70.557349582718345, -33.560735625815283 ], [ -70.557235346421422, -33.560838296751733 ], [ -70.557320008711201, -33.560853669971884 ], [ -70.557681276576758, -33.560919273095116 ], [ -70.558545632394043, -33.56108268734242 ], [ -70.558729481506816, -33.561119294827279 ], [ -70.558811373577598, -33.561010331154023 ], [ -70.560090730340477, -33.55941277019339 ], [ -70.560092143977272, -33.559411174179971 ], [ -70.560891850108746, -33.558508661142518 ], [ -70.560952888971784, -33.558478143736444 ], [ -70.561052075874784, -33.558317920788596 ], [ -70.561212300071915, -33.558138624418085 ], [ -70.561631934314391, -33.557657960314188 ], [ -70.562059199586784, -33.55718110883555 ], [ -70.562120234800503, -33.557005627882766 ], [ -70.562158379970981, -33.556723333200843 ], [ -70.562305304290803, -33.55674169768632 ], [ -70.563503046198349, -33.555276883874605 ], [ -70.56402326494964, -33.555348309479967 ], [ -70.564539090993904, -33.555419321261617 ], [ -70.564934574981905, -33.555466990045701 ], [ -70.565240801727171, -33.55509058477039 ], [ -70.565492582697502, -33.554796845101585 ], [ -70.565729103788826, -33.554495475535532 ], [ -70.566080072048777, -33.554075851350539 ], [ -70.565760470540539, -33.554029543944885 ], [ -70.565536945210752, -33.554000432242809 ], [ -70.565345810473673, -33.553975542288654 ], [ -70.565097833669128, -33.553943247141213 ], [ -70.564940488802293, -33.5539227612798 ], [ -70.564582588992096, -33.553882326127045 ], [ -70.565566480962005, -33.552662725569959 ], [ -70.56559702935148, -33.552521713936649 ], [ -70.565683296980367, -33.551424572860206 ], [ -70.567286635912595, -33.551497769197177 ], [ -70.568292678987461, -33.550341157209736 ], [ -70.568454055043745, -33.550341213794326 ], [ -70.568681141929204, -33.550341292382733 ], [ -70.569040156366469, -33.550330793741757 ], [ -70.569040396284336, -33.550329706706755 ], [ -70.569048026508241, -33.550154228431346 ], [ -70.569079350694437, -33.55005314258652 ], [ -70.569119978526714, -33.549922039684944 ], [ -70.569191588874531, -33.549780815125729 ], [ -70.569266762167544, -33.549672842549683 ], [ -70.569364265692599, -33.549553846088095 ], [ -70.569505808921193, -33.549406527579571 ], [ -70.569547000803368, -33.549356628556957 ], [ -70.570230630841252, -33.548494790453162 ], [ -70.570322281649567, -33.54838045598607 ], [ -70.570405647599387, -33.54828034372963 ], [ -70.57049948275062, -33.548149256172742 ], [ -70.570598988179682, -33.547981208343288 ], [ -70.570653284164919, -33.547843649417054 ], [ -70.570682368254552, -33.54768558181091 ], [ -70.57068414080392, -33.547587372189497 ], [ -70.570685081154238, -33.547512629602267 ], [ -70.570581871306445, -33.547513904854455 ], [ -70.570584648548532, -33.547453472572016 ], [ -70.572107093392077, -33.544010860625939 ], [ -70.571954920358763, -33.543650003905377 ], [ -70.571666570717426, -33.543654900509516 ], [ -70.572167713200699, -33.542441240639612 ], [ -70.570492499291291, -33.542447875910717 ], [ -70.569964373743517, -33.543665496912858 ] ] ] ] } },
{ "type": "Feature", "properties": { "objectid": 17034, "cod_region": "13", "region": "Región Metropolitana De Santiago", "cut_provincia": "131", "provincia": "Santiago", "cut_comuna": "13110", "comuna": "La Florida", "zona": "U-EC3", "nombre_zona": "U-EC3 Zona de Equipamiento Comunal N°3", "uperm": "Residencial; equipamiento de culto, deporte, educación, esparcimiento, salud, seguridad, servicios, social y científico; infraestructura de transporte y de energía; espacio público y áreas verdes.", "uproh": "Todo uso no mencionado como permitido.", "srid": "EPSG: 4326" }, "geometry": { "type": "MultiPolygon", "coordinates": [ [ [ [ -70.565358132737032, -33.546388473483795 ], [ -70.565400957244563, -33.547644118232668 ], [ -70.5658587528129, -33.547632673797679 ], [ -70.565962137034447, -33.547626660279327 ], [ -70.566437363222008, -33.547615585702871 ], [ -70.567966378870778, -33.547579947347174 ], [ -70.568053653538925, -33.547578095148154 ], [ -70.568180962098538, -33.547575393045314 ], [ -70.568785229656029, -33.546316779914243 ], [ -70.565513271813572, -33.546385231043004 ], [ -70.565358132737032, -33.546388473483795 ] ] ] ] } },
{ "type": "Feature", "properties": { "objectid": 17035, "cod_region": "13", "region": "Región Metropolitana De Santiago", "cut_provincia": "131", "provincia": "Santiago", "cut_comuna": "13110", "comuna": "La Florida", "zona": "ED-8", "nombre_zona": "ED-8 Complejo Deportivo Estrella Manuel Rodríguez", "uperm": "Equipamiento de comercio y deporte; espacio público y áreas verdes.", "uproh": "Residencial; equipamiento; actividad productiva; infraestructura.", "srid": "EPSG: 4326" }, "geometry": { "type": "MultiPolygon", "coordinates": [ [ [ [ -70.575608477452548, -33.552958706496582 ], [ -70.576728324035869, -33.552999970177879 ], [ -70.5768325534209, -33.552964714030715 ], [ -70.57747715860269, -33.550129166412397 ], [ -70.576353060252373, -33.550153727652024 ], [ -70.575608477452548, -33.552958706496582 ] ] ] ] } },
{ "type": "Feature", "properties": { "objectid": 17036, "cod_region": "13", "region": "Región Metropolitana De Santiago", "cut_provincia": "131", "provincia": "Santiago", "cut_comuna": "13110", "comuna": "La Florida", "zona": "U-VEV3", "nombre_zona": "U-VEV3 Zona de Vivienda y Equipamiento Vecinal N°3", "uperm": "Residencial; equipamiento de comercio, culto, deporte, educación, esparcimiento, salud, seguridad, servicios, social, oficina y turismo; espacio público y áreas verdes.", "uproh": "Todo uso no mencionado como permitido.", "srid": "EPSG: 4326" }, "geometry": { "type": "MultiPolygon", "coordinates": [ [ [ [ -70.563496329708386, -33.560045196062255 ], [ -70.563554661340575, -33.560057449054035 ], [ -70.564011764805215, -33.558372639844173 ], [ -70.562672370547944, -33.558127624442861 ], [ -70.562420968041977, -33.558082467666992 ], [ -70.561975070925158, -33.559755553390183 ], [ -70.562184329516796, -33.559790144169995 ], [ -70.562364409836661, -33.559843827518556 ], [ -70.563311223940445, -33.560006315480578 ], [ -70.563496329708386, -33.560045196062255 ] ] ] ] } },
{ "type": "Feature", "properties": { "objectid": 17037, "cod_region": "13", "region": "Región Metropolitana De Santiago", "cut_provincia": "131", "provincia": "Santiago", "cut_comuna": "13110", "comuna": "La Florida", "zona": "U-VEV3", "nombre_zona": "U-VEV3 Zona de Vivienda y Equipamiento Vecinal N°3", "uperm": "Residencial; equipamiento de comercio, culto, deporte, educación, esparcimiento, salud, seguridad, servicios, social, oficina, turismo; espacio público y áreas verdes.", "uproh": "Todo uso no mencionado como permitido.", "srid": "EPSG: 4326" }, "geometry": { "type": "MultiPolygon", "coordinates": [ [ [ [ -70.56908044750746, -33.557657170474549 ], [ -70.568630170586587, -33.559015201201092 ], [ -70.568522590042207, -33.559165430528594 ], [ -70.565221360116226, -33.558594950916529 ], [ -70.564812664768084, -33.560274770186659 ], [ -70.564712227774052, -33.560257021418678 ], [ -70.564684486563749, -33.560329079813528 ], [ -70.564632648542627, -33.560532523937326 ], [ -70.564575093085367, -33.560762395234612 ], [ -70.564569598782384, -33.560784339346704 ], [ -70.564891015276871, -33.560837644439388 ], [ -70.564862720259569, -33.560975441151747 ], [ -70.56515250483389, -33.561019020710091 ], [ -70.564874956067669, -33.562177741212018 ], [ -70.565390530117128, -33.562268364759674 ], [ -70.565660991225982, -33.562315902065208 ], [ -70.565962361156465, -33.562370904381851 ], [ -70.56624799615274, -33.562422599698131 ], [ -70.566532790075925, -33.562469637153718 ], [ -70.566850754414844, -33.562529408915559 ], [ -70.567742518798354, -33.562682882632899 ], [ -70.567869525118098, -33.562705081874888 ], [ -70.56820885753541, -33.562762101200242 ], [ -70.568296430636636, -33.562776268407276 ], [ -70.568468272033954, -33.562804067349518 ], [ -70.568695952085818, -33.56284139399893 ], [ -70.568790387278511, -33.562856875309102 ], [ -70.568973944267256, -33.562895483996314 ], [ -70.569442088881289, -33.561095666072298 ], [ -70.569845506707438, -33.559394013677682 ], [ -70.570126833182997, -33.558428895215378 ], [ -70.570406199907865, -33.558474271224696 ], [ -70.570574051935409, -33.557837199642172 ], [ -70.570388258226345, -33.557819303948556 ], [ -70.569970726213455, -33.557770541901114 ], [ -70.569944556483406, -33.557767847326744 ], [ -70.569573321991214, -33.557717117780754 ], [ -70.569530594956092, -33.55771243533956 ], [ -70.56908044750746, -33.557657170474549 ] ] ] ] } },
{ "type": "Feature", "properties": { "objectid": 17038, "cod_region": "13", "region": "Región Metropolitana De Santiago", "cut_provincia": "131", "provincia": "Santiago", "cut_comuna": "13110", "comuna": "La Florida", "zona": "U-VEV3", "nombre_zona": "U-VEV3 Zona de Vivienda y Equipamiento Vecinal N°3", "uperm": "Residencial; equipamiento de comercio, culto, deporte, educación, esparcimiento, salud, seguridad, servicios, social, oficina, turismo; espacio público y áreas verdes.", "uproh": "Todo uso no mencionado como permitido.", "srid": "EPSG: 4326" }, "geometry": { "type": "MultiPolygon", "coordinates": [ [ [ [ -70.571167249952651, -33.559474588356544 ], [ -70.571119630392261, -33.559622577886202 ], [ -70.570426094544729, -33.559515576592197 ], [ -70.569976086759269, -33.56119953270251 ], [ -70.57060459970036, -33.561312472994651 ], [ -70.571184458002406, -33.561407202181172 ], [ -70.571652782821459, -33.559552645112262 ], [ -70.571167249952651, -33.559474588356544 ] ] ] ] } },
{ "type": "Feature", "properties": { "objectid": 17039, "cod_region": "13", "region": "Región Metropolitana De Santiago", "cut_provincia": "131", "provincia": "Santiago", "cut_comuna": "13110", "comuna": "La Florida", "zona": "U-VEV3", "nombre_zona": "U-VEV3 Zona de Vivienda y Equipamiento Vecinal N°3", "uperm": "Residencial; equipamiento de comercio, culto, deporte, educación, esparcimiento, salud, seguridad, servicios, social, oficina, turismo; espacio público y áreas verdes.", "uproh": "Todo uso no mencionado como permitido.", "srid": "EPSG: 4326" }, "geometry": { "type": "MultiPolygon", "coordinates": [ [ [ [ -70.578354128938813, -33.558786529030954 ], [ -70.579058684830159, -33.558874410554353 ], [ -70.579587361856539, -33.55573024030128 ], [ -70.578823176746866, -33.555636260895987 ], [ -70.578275856456614, -33.558779760677211 ], [ -70.578354128938813, -33.558786529030954 ] ] ] ] } },
{ "type": "Feature", "properties": { "objectid": 17040, "cod_region": "13", "region": "Región Metropolitana De Santiago", "cut_provincia": "131", "provincia": "Santiago", "cut_comuna": "13110", "comuna": "La Florida", "zona": "U-VEV3", "nombre_zona": "U-VEV3 Zona de Vivienda y Equipamiento Vecinal N°3", "uperm": "Residencial; equipamiento de comercio, culto, deporte, educación, esparcimiento, salud, seguridad, servicios, social, oficina, turismo; espacio público y áreas verdes.", "uproh": "Todo uso no mencionado como permitido.", "srid": "EPSG: 4326" }, "geometry": { "type": "MultiPolygon", "coordinates": [ [ [ [ -70.568292678987461, -33.550341157209736 ], [ -70.567286635912595, -33.551497769197177 ], [ -70.567583117991788, -33.551512300302377 ], [ -70.567668037717894, -33.551516463549575 ], [ -70.568292683447694, -33.550917190844999 ], [ -70.568300313344565, -33.550890487626027 ], [ -70.568300313696469, -33.550864581789185 ], [ -70.567993077718654, -33.550878102789213 ], [ -70.567922252171741, -33.550881219324921 ], [ -70.567936558148403, -33.550866693681563 ], [ -70.568454055043745, -33.550341213794326 ], [ -70.568292678987461, -33.550341157209736 ] ] ] ] } },
{ "type": "Feature", "properties": { "objectid": 17071, "cod_region": "13", "region": "Región Metropolitana De Santiago", "cut_provincia": "131", "provincia": "Santiago", "cut_comuna": "13110", "comuna": "La Florida", "zona": "PL", "nombre_zona": "PL Zona de Plazas", "uperm": "Espacio público y áreas verdes.", "uproh": "Todo uso no mencionado como permitido.", "srid": "EPSG: 4326" }, "geometry": { "type": "MultiPolygon", "coordinates": [ [ [ [ -70.552521874683137, -33.512636877899652 ], [ -70.552542590986988, -33.512814441659437 ], [ -70.552783994225237, -33.512792186465106 ], [ -70.552773357065789, -33.512677860982151 ], [ -70.552958042403802, -33.512661801473392 ], [ -70.552946940363952, -33.512588890400394 ], [ -70.552521874683137, -33.512636877899652 ] ] ] ] } },
{ "type": "Feature", "properties": { "objectid": 17041, "cod_region": "13", "region": "Región Metropolitana De Santiago", "cut_provincia": "131", "provincia": "Santiago", "cut_comuna": "13110", "comuna": "La Florida", "zona": "U-VEV3", "nombre_zona": "U-VEV3 Zona de Vivienda y Equipamiento Vecinal N°3", "uperm": "Residencial; equipamiento de comercio, culto, deporte, educación, esparcimiento, salud, seguridad, servicios, social, oficina, turismo; espacio público y áreas verdes.", "uproh": "Todo uso no mencionado como permitido.", "srid": "EPSG: 4326" }, "geometry": { "type": "MultiPolygon", "coordinates": [ [ [ [ -70.572534863857413, -33.552885595135137 ], [ -70.572628590503712, -33.552885073520095 ], [ -70.573375148658485, -33.550227581114704 ], [ -70.572710325046515, -33.550241947419565 ], [ -70.569678416441036, -33.550313473392272 ], [ -70.569581769898065, -33.551712842429524 ], [ -70.568277437586758, -33.552664363591269 ], [ -70.568485926882275, -33.552683023892463 ], [ -70.568876875377455, -33.55271955419817 ], [ -70.569437737607117, -33.552753055130559 ], [ -70.56993264401369, -33.552776526684582 ], [ -70.570132194826812, -33.552791958112181 ], [ -70.570626258223399, -33.552830009259324 ], [ -70.571314097967488, -33.552847453985102 ], [ -70.571718476598079, -33.552862712016264 ], [ -70.572115227161348, -33.552874153492702 ], [ -70.572534863857413, -33.552885595135137 ] ] ] ] } },
{ "type": "Feature", "properties": { "objectid": 17042, "cod_region": "13", "region": "Región Metropolitana De Santiago", "cut_provincia": "131", "provincia": "Santiago", "cut_comuna": "13110", "comuna": "La Florida", "zona": "PL", "nombre_zona": "PL Zona de Plazas", "uperm": "Espacio público y áreas verdes.", "uproh": "Todo uso no mencionado como permitido.", "srid": "EPSG: 4326" }, "geometry": { "type": "MultiPolygon", "coordinates": [ [ [ [ -70.579144751163611, -33.524663247353331 ], [ -70.579514907043489, -33.524726399692987 ], [ -70.579599803807, -33.524438685518419 ], [ -70.579218314838471, -33.524431059137108 ], [ -70.579144751163611, -33.524663247353331 ] ] ] ] } },
{ "type": "Feature", "properties": { "objectid": 17232, "cod_region": "13", "region": "Región Metropolitana De Santiago", "cut_provincia": "131", "provincia": "Santiago", "cut_comuna": "13110", "comuna": "La Florida", "zona": "PL", "nombre_zona": "PL Zona de Plazas", "uperm": "Espacio público y áreas verdes.", "uproh": "Todo uso no mencionado como permitido.", "srid": "EPSG: 4326" }, "geometry": { "type": "MultiPolygon", "coordinates": [ [ [ [ -70.595247899100031, -33.564402285147132 ], [ -70.595637973880301, -33.564444262839025 ], [ -70.595683132562385, -33.564140020167024 ], [ -70.595157293654481, -33.564139079409827 ], [ -70.595187812995391, -33.564238264874561 ], [ -70.595247899100031, -33.564402285147132 ] ] ] ] } },
{ "type": "Feature", "properties": { "objectid": 17043, "cod_region": "13", "region": "Región Metropolitana De Santiago", "cut_provincia": "131", "provincia": "Santiago", "cut_comuna": "13110", "comuna": "La Florida", "zona": "U-VEV3", "nombre_zona": "U-VEV3 Zona de Vivienda y Equipamiento Vecinal N°3", "uperm": "Residencial; equipamiento de comercio, culto, deporte, educación, esparcimiento, salud, seguridad, servicios, social, oficina, turismo; espacio público y áreas verdes.", "uproh": "Todo uso no mencionado como permitido.", "srid": "EPSG: 4326" }, "geometry": { "type": "MultiPolygon", "coordinates": [ [ [ [ -70.57915749924652, -33.550096946331529 ], [ -70.578455558153976, -33.550116023106128 ], [ -70.577754144054254, -33.550123112965451 ], [ -70.57747715860269, -33.550129166412397 ], [ -70.5768325534209, -33.552964714030715 ], [ -70.576728324035869, -33.552999970177879 ], [ -70.575608477452548, -33.552958706496582 ], [ -70.576353060252373, -33.550153727652024 ], [ -70.575808021443279, -33.550165632785479 ], [ -70.575688486931924, -33.550170351400631 ], [ -70.575342331644435, -33.550184016260779 ], [ -70.575228158082055, -33.550188524619173 ], [ -70.573946352968278, -33.550215234952013 ], [ -70.573375148658485, -33.550227581114704 ], [ -70.572628590503712, -33.552885073520095 ], [ -70.572534863857413, -33.552885595135137 ], [ -70.572115227161348, -33.552874153492702 ], [ -70.571718476598079, -33.552862712016264 ], [ -70.571314097967488, -33.552847453985102 ], [ -70.570626258223399, -33.552830009259324 ], [ -70.570132194826812, -33.552791958112181 ], [ -70.56993264401369, -33.552776526684582 ], [ -70.569437737607117, -33.552753055130559 ], [ -70.568876875377455, -33.55271955419817 ], [ -70.568485926882275, -33.552683023892463 ], [ -70.568277437586758, -33.552664363591269 ], [ -70.569581769898065, -33.551712842429524 ], [ -70.569678416441036, -33.550313473392272 ], [ -70.56947529615006, -33.550318262924421 ], [ -70.569090801013274, -33.550329313082841 ], [ -70.569040156366469, -33.550330793741757 ], [ -70.568681141929204, -33.550341292382733 ], [ -70.568454055043745, -33.550341213794326 ], [ -70.567936558148403, -33.550866693681563 ], [ -70.567922252171741, -33.550881219324921 ], [ -70.567993077718654, -33.550878102789213 ], [ -70.568300313696469, -33.550864581789185 ], [ -70.568300313344565, -33.550890487626027 ], [ -70.568292683447694, -33.550917190844999 ], [ -70.567668037717894, -33.551516463549575 ], [ -70.567583117991788, -33.551512300302377 ], [ -70.567286635912595, -33.551497769197177 ], [ -70.565683296980367, -33.551424572860206 ], [ -70.56559702935148, -33.552521713936649 ], [ -70.565566480962005, -33.552662725569959 ], [ -70.564582588992096, -33.553882326127045 ], [ -70.564940488802293, -33.5539227612798 ], [ -70.565097833669128, -33.553943247141213 ], [ -70.565345810473673, -33.553975542288654 ], [ -70.565536945210752, -33.554000432242809 ], [ -70.565760470540539, -33.554029543944885 ], [ -70.566080072048777, -33.554075851350539 ], [ -70.565729103788826, -33.554495475535532 ], [ -70.565492582697502, -33.554796845101585 ], [ -70.565240801727171, -33.55509058477039 ], [ -70.564934574981905, -33.555466990045701 ], [ -70.564539090993904, -33.555419321261617 ], [ -70.56402326494964, -33.555348309479967 ], [ -70.563503046198349, -33.555276883874605 ], [ -70.562305304290803, -33.55674169768632 ], [ -70.562616168236005, -33.556780552454498 ], [ -70.56303410683212, -33.556828012272817 ], [ -70.563182704133126, -33.556853601651184 ], [ -70.562982403776687, -33.557345138736757 ], [ -70.562791663613268, -33.557802914901771 ], [ -70.562672370547944, -33.558127624442861 ], [ -70.564011764805215, -33.558372639844173 ], [ -70.563554661340575, -33.560057449054035 ], [ -70.563714064072329, -33.56006617954813 ], [ -70.563966671464172, -33.560118482448324 ], [ -70.564302381961653, -33.560179517498902 ], [ -70.564557959505663, -33.56022445701953 ], [ -70.564712227774052, -33.560257021418678 ], [ -70.564812664768084, -33.560274770186659 ], [ -70.565221360116226, -33.558594950916529 ], [ -70.565181186955272, -33.558588008074217 ], [ -70.564397656156103, -33.558439674466861 ], [ -70.564968408741763, -33.557101747916576 ], [ -70.565548864962238, -33.556716216204492 ], [ -70.56721288523508, -33.554769290883492 ], [ -70.5686724625415, -33.554944354834838 ], [ -70.567462437904069, -33.557446668612407 ], [ -70.567674715225536, -33.557475709006248 ], [ -70.569040132292983, -33.557651655565863 ], [ -70.56908044750746, -33.557657170474549 ], [ -70.569530594956092, -33.55771243533956 ], [ -70.569573321991214, -33.557717117780754 ], [ -70.569944556483406, -33.557767847326744 ], [ -70.569970726213455, -33.557770541901114 ], [ -70.570388258226345, -33.557819303948556 ], [ -70.570574051935409, -33.557837199642172 ], [ -70.570406199907865, -33.558474271224696 ], [ -70.570126833182997, -33.558428895215378 ], [ -70.569845506707438, -33.559394013677682 ], [ -70.569442088881289, -33.561095666072298 ], [ -70.568973944267256, -33.562895483996314 ], [ -70.569101542510637, -33.562922324260001 ], [ -70.569401097122551, -33.562973634642859 ], [ -70.569750077439238, -33.563032944245919 ], [ -70.570139202214278, -33.563105424215159 ], [ -70.570535948906297, -33.563177901819422 ], [ -70.57058572210677, -33.563186362365578 ], [ -70.570917437028754, -33.563242745798512 ], [ -70.57128367248427, -33.56331140937418 ], [ -70.571292109005014, -33.563312880453012 ], [ -70.571624146262849, -33.562009997635144 ], [ -70.571398965199734, -33.561950365986775 ], [ -70.571431742009821, -33.561821073868671 ], [ -70.5714892364809, -33.56159428200472 ], [ -70.571521449087783, -33.561467217313201 ], [ -70.572237377869698, -33.561590941485548 ], [ -70.572375974046054, -33.561607837663857 ], [ -70.57311481011763, -33.561743526868582 ], [ -70.573558565617532, -33.56182184896992 ], [ -70.574016424804555, -33.559970785222667 ], [ -70.574524373853549, -33.56003918641008 ], [ -70.574259841244157, -33.561065673178113 ], [ -70.574511052326287, -33.561117891880066 ], [ -70.575510555529519, -33.561270478234704 ], [ -70.575594480302556, -33.560980555155673 ], [ -70.575571589623877, -33.560740222236852 ], [ -70.575512003600593, -33.560613286282766 ], [ -70.575396099566348, -33.560366374426764 ], [ -70.575502914487174, -33.559973450511691 ], [ -70.575693651053172, -33.559344010201421 ], [ -70.575955945313183, -33.558498313963959 ], [ -70.575883750164252, -33.55848369479552 ], [ -70.575947057212574, -33.558131001916152 ], [ -70.575575712999893, -33.558088722112259 ], [ -70.575609900831196, -33.557834930532593 ], [ -70.575991688812906, -33.557882352033616 ], [ -70.576091206047863, -33.557327908377395 ], [ -70.575747265513485, -33.557280993704921 ], [ -70.575810476845575, -33.556916395284517 ], [ -70.576156260431191, -33.55696546694503 ], [ -70.576370016658288, -33.555774534994889 ], [ -70.576448968036772, -33.555334662583604 ], [ -70.577517140391421, -33.555475804328054 ], [ -70.578653981157032, -33.555613130065012 ], [ -70.578823176746866, -33.555636260895987 ], [ -70.579587361856539, -33.55573024030128 ], [ -70.579058684830159, -33.558874410554353 ], [ -70.579170916353263, -33.558888408815015 ], [ -70.579622994732972, -33.558939618819707 ], [ -70.580035966409412, -33.558989017743762 ], [ -70.580599606818808, -33.559061686339113 ], [ -70.580786787395738, -33.559084512525928 ], [ -70.581438884698827, -33.559157048477132 ], [ -70.581595652755169, -33.559180575857567 ], [ -70.58221945484128, -33.559254922979719 ], [ -70.582400243432105, -33.559279119832354 ], [ -70.582899610480951, -33.559340803786917 ], [ -70.583201369923231, -33.559382114565238 ], [ -70.583676106535378, -33.559451182512674 ], [ -70.583850362930008, -33.559476268846574 ], [ -70.583871173452309, -33.559451642531016 ], [ -70.583957826427351, -33.558824806551648 ], [ -70.58431863250992, -33.558814862357572 ], [ -70.58436109024926, -33.558588623608607 ], [ -70.584460267891984, -33.557973195508353 ], [ -70.584742561870598, -33.556383677536573 ], [ -70.584753927226373, -33.5563137670892 ], [ -70.584818855155689, -33.555914462205969 ], [ -70.584959739645811, -33.555078732768685 ], [ -70.584428137411663, -33.555004070086277 ], [ -70.584383951658893, -33.555288839470968 ], [ -70.584117052772385, -33.555255775131528 ], [ -70.583521784371143, -33.555182030684676 ], [ -70.583598077557426, -33.554728070254725 ], [ -70.584175488009436, -33.554807974233995 ], [ -70.584452615533806, -33.554846323878046 ], [ -70.584497858724276, -33.554600312052635 ], [ -70.585027242612128, -33.554677553239159 ], [ -70.585100535072712, -33.554241442296032 ], [ -70.585250958441677, -33.553346374813124 ], [ -70.585619961087247, -33.553358548520258 ], [ -70.585619959957683, -33.553209773156972 ], [ -70.585139278819938, -33.552767260691837 ], [ -70.585474987998339, -33.552511666551943 ], [ -70.585810695884234, -33.552248447536087 ], [ -70.585511672382594, -33.551966151586129 ], [ -70.585545299754571, -33.551933312965225 ], [ -70.585557134215009, -33.551902988206713 ], [ -70.585558661215615, -33.551857464502589 ], [ -70.585558908856441, -33.551817375333755 ], [ -70.585289950264823, -33.551809372505865 ], [ -70.584918006042116, -33.551798305830005 ], [ -70.584216065167283, -33.551771605620615 ], [ -70.583774423783197, -33.551758307196238 ], [ -70.583789423058548, -33.551395307565258 ], [ -70.584205151626904, -33.551415339649523 ], [ -70.584315248718184, -33.551420644605045 ], [ -70.584971412226452, -33.551435901058838 ], [ -70.585322741649762, -33.551450196815765 ], [ -70.58562757495126, -33.551462600867367 ], [ -70.585630779894743, -33.551410764553864 ], [ -70.585623998897361, -33.551373052439899 ], [ -70.585590418186314, -33.551335690835174 ], [ -70.585556296730601, -33.551298619319375 ], [ -70.585610982237895, -33.551260862948851 ], [ -70.586096400631902, -33.550886927726523 ], [ -70.586233293068588, -33.55077689899192 ], [ -70.58626912851598, -33.550737623536016 ], [ -70.586276099588545, -33.550699636024781 ], [ -70.586382037873634, -33.550211582052263 ], [ -70.586375283626865, -33.550211344858582 ], [ -70.585909864702515, -33.550188459350494 ], [ -70.585520745252524, -33.550131240003296 ], [ -70.585186530270505, -33.550058869129053 ], [ -70.585094171287082, -33.550032778931957 ], [ -70.584837509455596, -33.549974519514812 ], [ -70.584788997274146, -33.549970947142214 ], [ -70.584116863064537, -33.549986287147618 ], [ -70.583514107709377, -33.550001549437283 ], [ -70.582957134812077, -33.55001299480827 ], [ -70.582955100993956, -33.550013035245939 ], [ -70.582721378629131, -33.550017674204604 ], [ -70.582411518809778, -33.550023825347544 ], [ -70.582052766452264, -33.550030945102691 ], [ -70.581187023089868, -33.550043525566302 ], [ -70.580729234906968, -33.550058787413676 ], [ -70.580256187877751, -33.550074049377557 ], [ -70.579798402011434, -33.550085496649587 ], [ -70.57915749924652, -33.550096946331529 ] ], [ [ -70.580803386462833, -33.551331113776136 ], [ -70.580721396788775, -33.551544994681201 ], [ -70.580239133820072, -33.551372232444763 ], [ -70.580268325990389, -33.55132025924712 ], [ -70.580176510777662, -33.551301138549903 ], [ -70.580267368033745, -33.551095775220531 ], [ -70.580680404244063, -33.551215331866906 ], [ -70.580630263438508, -33.551326916230373 ], [ -70.580803386462833, -33.551331113776136 ] ], [ [ -70.581545637893441, -33.55172203091621 ], [ -70.581279338629273, -33.552345858415713 ], [ -70.580883168950891, -33.552208639106524 ], [ -70.581103110385669, -33.551706774602707 ], [ -70.581181995408144, -33.551709493283632 ], [ -70.581545637893441, -33.55172203091621 ] ], [ [ -70.579508484805132, -33.552263739500475 ], [ -70.57945201669996, -33.552401091674305 ], [ -70.579041737197329, -33.552290191224621 ], [ -70.579012445960799, -33.552358145714223 ], [ -70.577710213334854, -33.551937308784581 ], [ -70.577776522612908, -33.551863199448114 ], [ -70.577866533989464, -33.551761666503324 ], [ -70.579508484805132, -33.552263739500475 ] ], [ [ -70.57602195540062, -33.553563973562575 ], [ -70.57599116835064, -33.553717195797987 ], [ -70.575518119085629, -33.553652350844622 ], [ -70.575547307846122, -33.553515877885729 ], [ -70.57602195540062, -33.553563973562575 ] ], [ [ -70.56930550485562, -33.554075775064277 ], [ -70.569677763451992, -33.554158804183636 ], [ -70.569513207813912, -33.554653914769339 ], [ -70.569103871579117, -33.554546865278262 ], [ -70.569139620507755, -33.554472567079976 ], [ -70.56914091604213, -33.554416745747837 ], [ -70.56930550485562, -33.554075775064277 ] ], [ [ -70.56676457638703, -33.554360922301612 ], [ -70.566587188858705, -33.554543765220984 ], [ -70.566458952406762, -33.554469389582565 ], [ -70.566215150026537, -33.554771091621546 ], [ -70.56609533519439, -33.554701472587901 ], [ -70.566339486329753, -33.554400102745817 ], [ -70.566442451612161, -33.554272531586221 ], [ -70.566500478683281, -33.554344775613394 ], [ -70.56676457638703, -33.554360922301612 ] ], [ [ -70.575208846110925, -33.554767750428709 ], [ -70.575251356501511, -33.554611352665873 ], [ -70.575770753742177, -33.554682666180256 ], [ -70.575827458272784, -33.554683845316596 ], [ -70.575808658232873, -33.554834245484848 ], [ -70.575208846110925, -33.554767750428709 ] ], [ [ -70.581940988165584, -33.554779139286858 ], [ -70.581963836983661, -33.554647101826596 ], [ -70.582789356809414, -33.554696560883976 ], [ -70.582769126242511, -33.554826038088784 ], [ -70.581940988165584, -33.554779139286858 ] ], [ [ -70.582805688830035, -33.554596996471219 ], [ -70.581984025241226, -33.554528768189918 ], [ -70.582005682026505, -33.554400358655244 ], [ -70.582827060644362, -33.554472339333124 ], [ -70.582805688830035, -33.554596996471219 ] ], [ [ -70.579201106951274, -33.5541556497312 ], [ -70.579132114792117, -33.554621708257876 ], [ -70.57882945631718, -33.554583136620437 ], [ -70.578455596609899, -33.554533546542928 ], [ -70.578539519871455, -33.554075771442413 ], [ -70.578905751354853, -33.554113917076265 ], [ -70.579201106951274, -33.5541556497312 ] ], [ [ -70.575911895695043, -33.554094610026304 ], [ -70.575872723904709, -33.554302443389247 ], [ -70.575364678846583, -33.554231927283382 ], [ -70.575409831079327, -33.554041132751109 ], [ -70.575911895695043, -33.554094610026304 ] ], [ [ -70.569856827076407, -33.555128705474473 ], [ -70.570406176321271, -33.555338513731947 ], [ -70.570284100105638, -33.555594108232093 ], [ -70.57014071786449, -33.555847932966955 ], [ -70.570123877343875, -33.555876406162092 ], [ -70.569666088375897, -33.555716178563031 ], [ -70.569856827076407, -33.555128705474473 ] ], [ [ -70.568780900359599, -33.555821269254864 ], [ -70.568677981344024, -33.556166967813837 ], [ -70.568346137111249, -33.556124373797644 ], [ -70.568359817711752, -33.556095708204566 ], [ -70.568506358281098, -33.555788672049616 ], [ -70.568780900359599, -33.555821269254864 ] ], [ [ -70.574045367186699, -33.558006457254905 ], [ -70.574848622969611, -33.555144448266987 ], [ -70.575113754835499, -33.555178263991969 ], [ -70.575275308773769, -33.555200210951462 ], [ -70.574457316821778, -33.558308872800779 ], [ -70.574221097688167, -33.558283509735077 ], [ -70.574002757804166, -33.55825698365269 ], [ -70.573404706034964, -33.5581843263599 ], [ -70.573278707483922, -33.558166675904857 ], [ -70.572881689525516, -33.558117051543014 ], [ -70.572969805681694, -33.55780285286864 ], [ -70.573343666695536, -33.557879147873336 ], [ -70.573954049677525, -33.55798214204043 ], [ -70.574045367186699, -33.558006457254905 ] ], [ [ -70.574922342747357, -33.557299030570739 ], [ -70.575001759797033, -33.557036539956364 ], [ -70.575403199014289, -33.557079891351464 ], [ -70.575404111872032, -33.557130163591239 ], [ -70.575378788165523, -33.557290207824451 ], [ -70.575354324765811, -33.557357519247709 ], [ -70.574922342747357, -33.557299030570739 ] ], [ [ -70.575123907459115, -33.556557482748673 ], [ -70.575171858644808, -33.556391849666547 ], [ -70.575509203020729, -33.556444740680625 ], [ -70.575460514759342, -33.556732161870634 ], [ -70.575093115255314, -33.556680473879268 ], [ -70.575123907459115, -33.556557482748673 ] ], [ [ -70.575509305488481, -33.555231997971497 ], [ -70.575585452518055, -33.555227192331031 ], [ -70.57572133389418, -33.555244002252117 ], [ -70.575680913858875, -33.555295247987821 ], [ -70.575617324459728, -33.555830591646469 ], [ -70.575338360725667, -33.555783166010002 ], [ -70.575509305488481, -33.555231997971497 ] ], [ [ -70.580757235908365, -33.555881175414228 ], [ -70.580891034555336, -33.555132292184012 ], [ -70.581037753027402, -33.555131516587281 ], [ -70.581053914591337, -33.555357876819087 ], [ -70.581067625100005, -33.55547289507809 ], [ -70.581132182535185, -33.55574940246462 ], [ -70.58118707256385, -33.555933555020921 ], [ -70.580757235908365, -33.555881175414228 ] ], [ [ -70.583689941123993, -33.557171938062993 ], [ -70.583651142017345, -33.557453689270197 ], [ -70.583239501053399, -33.557402238163405 ], [ -70.58329290583228, -33.557123757810793 ], [ -70.583346313535159, -33.556845277391751 ], [ -70.583399718095578, -33.556562982277114 ], [ -70.583545485783532, -33.556582988395185 ], [ -70.583492641311281, -33.556861774624458 ], [ -70.583541690673428, -33.556867303832988 ], [ -70.583490140939389, -33.557147692257587 ], [ -70.583689941123993, -33.557171938062993 ] ], [ [ -70.580958719630814, -33.557253192117038 ], [ -70.58089715568849, -33.557585362072224 ], [ -70.580241370991359, -33.557498947792126 ], [ -70.580308946401615, -33.557160251531343 ], [ -70.580958719630814, -33.557253192117038 ] ], [ [ -70.583344994479347, -33.558305663008753 ], [ -70.583296905764755, -33.558627561179911 ], [ -70.5830335062995, -33.558596267986843 ], [ -70.583094542343304, -33.558272009262261 ], [ -70.583344994479347, -33.558305663008753 ] ], [ [ -70.575035173033584, -33.558375572922749 ], [ -70.574884897397069, -33.55923720032321 ], [ -70.574592177507753, -33.559201303995302 ], [ -70.57475383175705, -33.558341983282233 ], [ -70.575035173033584, -33.558375572922749 ] ], [ [ -70.571652782821459, -33.559552645112262 ], [ -70.571184458002406, -33.561407202181172 ], [ -70.571187381555788, -33.561407680007811 ], [ -70.571188479664016, -33.561408358667641 ], [ -70.571060540557411, -33.561786378604104 ], [ -70.570505415276244, -33.561693951222288 ], [ -70.57060459970036, -33.561312472994651 ], [ -70.569976086759269, -33.56119953270251 ], [ -70.570426094544729, -33.559515576592197 ], [ -70.571119630392261, -33.559622577886202 ], [ -70.571167249952651, -33.559474588356544 ], [ -70.571652782821459, -33.559552645112262 ] ], [ [ -70.565744374074143, -33.555823021447814 ], [ -70.565607899028862, -33.55599574462677 ], [ -70.565258016156719, -33.555795838746057 ], [ -70.565393403362492, -33.555628469406329 ], [ -70.565744374074143, -33.555823021447814 ] ], [ [ -70.564209119818187, -33.55758089744841 ], [ -70.564140917185085, -33.557739730256408 ], [ -70.563804139602468, -33.557639637402005 ], [ -70.563867513902323, -33.557488273366737 ], [ -70.564209119818187, -33.55758089744841 ] ], [ [ -70.564781665426764, -33.55932428632341 ], [ -70.564737210977782, -33.559506283753301 ], [ -70.564493523087762, -33.559461099582876 ], [ -70.564540790088458, -33.559283437822927 ], [ -70.564781665426764, -33.55932428632341 ] ] ] ] } },
{ "type": "Feature", "properties": { "objectid": 17044, "cod_region": "13", "region": "Región Metropolitana De Santiago", "cut_provincia": "131", "provincia": "Santiago", "cut_comuna": "13110", "comuna": "La Florida", "zona": "U-VEV3", "nombre_zona": "U-VEV3 Zona de Vivienda y Equipamiento Vecinal N°3", "uperm": "Residencial; equipamiento de comercio, culto, deporte, educación, esparcimiento, salud, seguridad, servicios, social, oficina, turismo; espacio público y áreas verdes.", "uproh": "Todo uso no mencionado como permitido.", "srid": "EPSG: 4326" }, "geometry": { "type": "MultiPolygon", "coordinates": [ [ [ [ -70.574221097688167, -33.558283509735077 ], [ -70.574457316821778, -33.558308872800779 ], [ -70.575275308773769, -33.555200210951462 ], [ -70.575113754835499, -33.555178263991969 ], [ -70.574848622969611, -33.555144448266987 ], [ -70.574045367186699, -33.558006457254905 ], [ -70.574002757804166, -33.55825698365269 ], [ -70.574221097688167, -33.558283509735077 ] ] ] ] } },
{ "type": "Feature", "properties": { "objectid": 17045, "cod_region": "13", "region": "Región Metropolitana De Santiago", "cut_provincia": "131", "provincia": "Santiago", "cut_comuna": "13110", "comuna": "La Florida", "zona": "U-VEV3", "nombre_zona": "U-VEV3 Zona de Vivienda y Equipamiento Vecinal N°3", "uperm": "Residencial; equipamiento de comercio, culto, deporte, educación, esparcimiento, salud, seguridad, servicios, social, oficina, turismo; espacio público y áreas verdes.", "uproh": "Todo uso no mencionado como permitido.", "srid": "EPSG: 4326" }, "geometry": { "type": "MultiPolygon", "coordinates": [ [ [ [ -70.565663639399588, -33.557200575680803 ], [ -70.567462437904069, -33.557446668612407 ], [ -70.5686724625415, -33.554944354834838 ], [ -70.56721288523508, -33.554769290883492 ], [ -70.565548864962238, -33.556716216204492 ], [ -70.564968408741763, -33.557101747916576 ], [ -70.565663639399588, -33.557200575680803 ] ] ] ] } },
{ "type": "Feature", "properties": { "objectid": 17047, "cod_region": "13", "region": "Región Metropolitana De Santiago", "cut_provincia": "131", "provincia": "Santiago", "cut_comuna": "13110", "comuna": "La Florida", "zona": "U-VEV4", "nombre_zona": "U-VEV4 Zona de Vivienda y Equipamiento Vecinal N°4", "uperm": "Residencial; equip. de comercio, culto, deporte, educación, esparcimiento, salud, seguridad, servicios, social, oficina y turismo; act. productiva peligrosa, contaminante y molesta; infr. de transporte; espacio público y áreas verdes.", "uproh": "Todo uso no mencionado como permitido.", "srid": "EPSG: 4326" }, "geometry": { "type": "MultiPolygon", "coordinates": [ [ [ [ -70.5774580226268, -33.547390976629551 ], [ -70.572367944534079, -33.547495213559856 ], [ -70.570685081154238, -33.547512629602267 ], [ -70.57068414080392, -33.547587372189497 ], [ -70.570682368254552, -33.54768558181091 ], [ -70.570653284164919, -33.547843649417054 ], [ -70.570598988179682, -33.547981208343288 ], [ -70.57049948275062, -33.548149256172742 ], [ -70.570405647599387, -33.54828034372963 ], [ -70.570322281649567, -33.54838045598607 ], [ -70.570230630841252, -33.548494790453162 ], [ -70.569547000803368, -33.549356628556957 ], [ -70.569505808921193, -33.549406527579571 ], [ -70.569364265692599, -33.549553846088095 ], [ -70.569266762167544, -33.549672842549683 ], [ -70.569191588874531, -33.549780815125729 ], [ -70.569119978526714, -33.549922039684944 ], [ -70.569079350694437, -33.55005314258652 ], [ -70.569048026508241, -33.550154228431346 ], [ -70.569040396284336, -33.550329706706755 ], [ -70.569040156366469, -33.550330793741757 ], [ -70.569090801013274, -33.550329313082841 ], [ -70.56947529615006, -33.550318262924421 ], [ -70.569678416441036, -33.550313473392272 ], [ -70.572710325046515, -33.550241947419565 ], [ -70.573375148658485, -33.550227581114704 ], [ -70.573946352968278, -33.550215234952013 ], [ -70.575228158082055, -33.550188524619173 ], [ -70.575342331644435, -33.550184016260779 ], [ -70.575688486931924, -33.550170351400631 ], [ -70.575808021443279, -33.550165632785479 ], [ -70.576353060252373, -33.550153727652024 ], [ -70.57747715860269, -33.550129166412397 ], [ -70.577754144054254, -33.550123112965451 ], [ -70.578455558153976, -33.550116023106128 ], [ -70.57915749924652, -33.550096946331529 ], [ -70.579798402011434, -33.550085496649587 ], [ -70.580256187877751, -33.550074049377557 ], [ -70.580729234906968, -33.550058787413676 ], [ -70.581187023089868, -33.550043525566302 ], [ -70.582052766452264, -33.550030945102691 ], [ -70.582411518809778, -33.550023825347544 ], [ -70.582721378629131, -33.550017674204604 ], [ -70.582955100993956, -33.550013035245939 ], [ -70.582949497011356, -33.549101263804239 ], [ -70.582375525751502, -33.549113850908661 ], [ -70.582340536174456, -33.54822919751431 ], [ -70.582903710401965, -33.548216233790392 ], [ -70.582880045405432, -33.547265323039753 ], [ -70.581524997207083, -33.547287763023249 ], [ -70.5774580226268, -33.547390976629551 ] ], [ [ -70.575762226885161, -33.548380312525616 ], [ -70.575777494951538, -33.549253898410136 ], [ -70.57531431020648, -33.549266486254609 ], [ -70.575287550580939, -33.548390233687122 ], [ -70.575762226885161, -33.548380312525616 ] ] ] ] } },
{ "type": "Feature", "properties": { "objectid": 17048, "cod_region": "13", "region": "Región Metropolitana De Santiago", "cut_provincia": "131", "provincia": "Santiago", "cut_comuna": "13110", "comuna": "La Florida", "zona": "U-VEV4", "nombre_zona": "U-VEV4 Zona de Vivienda y Equipamiento Vecinal N°4", "uperm": "Residencial; equip. de comercio, culto, deporte, educación, esparcimiento, salud, seguridad, servicios, social, oficina y turismo; act. productiva peligrosa, contaminante y molesta; infr. de transporte; espacio público y áreas verdes.", "uproh": "Todo uso no mencionado como permitido.", "srid": "EPSG: 4326" }, "geometry": { "type": "MultiPolygon", "coordinates": [ [ [ [ -70.582949497011356, -33.549101263804239 ], [ -70.582955100993956, -33.550013035245939 ], [ -70.582957134812077, -33.55001299480827 ], [ -70.583514107709377, -33.550001549437283 ], [ -70.584116863064537, -33.549986287147618 ], [ -70.584788997274146, -33.549970947142214 ], [ -70.584837509455596, -33.549974519514812 ], [ -70.585094171287082, -33.550032778931957 ], [ -70.585186530270505, -33.550058869129053 ], [ -70.585520745252524, -33.550131240003296 ], [ -70.585909864702515, -33.550188459350494 ], [ -70.586375283626865, -33.550211344858582 ], [ -70.586459206192217, -33.549719237886059 ], [ -70.586460176861394, -33.54902431358822 ], [ -70.58656870311323, -33.549022623246572 ], [ -70.586552681409202, -33.548140202322401 ], [ -70.586669476270245, -33.54813770251193 ], [ -70.586654411428583, -33.547313305126998 ], [ -70.586652477638637, -33.547174238201642 ], [ -70.584659372071854, -33.547235834208607 ], [ -70.582880045405432, -33.547265323039753 ], [ -70.582903710401965, -33.548216233790392 ], [ -70.582949497011356, -33.549101263804239 ] ] ] ] } },
{ "type": "Feature", "properties": { "objectid": 17049, "cod_region": "13", "region": "Región Metropolitana De Santiago", "cut_provincia": "131", "provincia": "Santiago", "cut_comuna": "13110", "comuna": "La Florida", "zona": "PL", "nombre_zona": "PL Zona de Plazas", "uperm": "Espacio público y áreas verdes.", "uproh": "Todo uso no mencionado como permitido.", "srid": "EPSG: 4326" }, "geometry": { "type": "MultiPolygon", "coordinates": [ [ [ [ -70.575287550580939, -33.548390233687122 ], [ -70.57531431020648, -33.549266486254609 ], [ -70.575777494951538, -33.549253898410136 ], [ -70.575762226885161, -33.548380312525616 ], [ -70.575287550580939, -33.548390233687122 ] ] ] ] } },
{ "type": "Feature", "properties": { "objectid": 17050, "cod_region": "13", "region": "Región Metropolitana De Santiago", "cut_provincia": "131", "provincia": "Santiago", "cut_comuna": "13110", "comuna": "La Florida", "zona": "PL", "nombre_zona": "PL Zona de Plazas", "uperm": "Espacio público y áreas verdes.", "uproh": "Todo uso no mencionado como permitido.", "srid": "EPSG: 4326" }, "geometry": { "type": "MultiPolygon", "coordinates": [ [ [ [ -70.582340536174456, -33.54822919751431 ], [ -70.582375525751502, -33.549113850908661 ], [ -70.582949497011356, -33.549101263804239 ], [ -70.582903710401965, -33.548216233790392 ], [ -70.582340536174456, -33.54822919751431 ] ] ] ] } },
{ "type": "Feature", "properties": { "objectid": 17051, "cod_region": "13", "region": "Región Metropolitana De Santiago", "cut_provincia": "131", "provincia": "Santiago", "cut_comuna": "13110", "comuna": "La Florida", "zona": "AV1.3", "nombre_zona": "AV1.3 Zona de Parque La Salle", "uperm": "Equipamiento deculto, deporte, esparcimiento y turismo; espacio público y áreas verdes.", "uproh": "Residencial; equipamiento de comercio, educación, salud, seguridad, servicios, social, oficina, científico y cementerio; actividad productiva; infraestructura.", "srid": "EPSG: 4326" }, "geometry": { "type": "MultiPolygon", "coordinates": [ [ [ [ -70.555023950444152, -33.544572804461815 ], [ -70.554441329527705, -33.544740098686738 ], [ -70.552399524466836, -33.545326357975263 ], [ -70.552498756742366, -33.545837602915775 ], [ -70.552581827597507, -33.546130891779939 ], [ -70.552713797035437, -33.546309693361742 ], [ -70.552950382128301, -33.546524861740004 ], [ -70.553366679625213, -33.546850019853657 ], [ -70.554008637701557, -33.547362085808011 ], [ -70.554313838350708, -33.547648185488626 ], [ -70.554443857241779, -33.547911922999205 ], [ -70.554985607622186, -33.547900869545416 ], [ -70.555060868258906, -33.546625455427197 ], [ -70.555118441960573, -33.546624108112205 ], [ -70.565358132737032, -33.546388473483795 ], [ -70.565513271813572, -33.546385231043004 ], [ -70.565435522478495, -33.54447133995069 ], [ -70.565329174771264, -33.544473944563642 ], [ -70.5550433787744, -33.544725406790839 ], [ -70.555023950444152, -33.544572804461815 ] ] ] ] } },
{ "type": "Feature", "properties": { "objectid": 17052, "cod_region": "13", "region": "Región Metropolitana De Santiago", "cut_provincia": "131", "provincia": "Santiago", "cut_comuna": "13110", "comuna": "La Florida", "zona": "U-VEV3", "nombre_zona": "U-VEV3 Zona de Vivienda y Equipamiento Vecinal N°3", "uperm": "Residencial; equipamiento de comercio, culto, deporte, educación, esparcimiento, salud, seguridad, servicios, social, oficina, turismo; espacio público y áreas verdes.", "uproh": "Todo uso no mencionado como permitido.", "srid": "EPSG: 4326" }, "geometry": { "type": "MultiPolygon", "coordinates": [ [ [ [ -70.555060868258906, -33.546625455427197 ], [ -70.554985607622186, -33.547900869545416 ], [ -70.555174077797503, -33.547897024729807 ], [ -70.55554685789177, -33.547889417178233 ], [ -70.555683112038224, -33.547886637157703 ], [ -70.556739087295867, -33.547865083236182 ], [ -70.556748923459409, -33.547864881981795 ], [ -70.556909009933563, -33.547861613319157 ], [ -70.557359168644723, -33.547853984829445 ], [ -70.557801694223542, -33.547846351559585 ], [ -70.558446673023241, -33.547832798858778 ], [ -70.55870963782715, -33.547827273092658 ], [ -70.558830656750359, -33.547824714811171 ], [ -70.559251350461722, -33.547815820877005 ], [ -70.559800697745104, -33.547808191235646 ], [ -70.560380561746356, -33.547796742138793 ], [ -70.56074222356041, -33.547787222765407 ], [ -70.560960426977871, -33.547781480993599 ], [ -70.561252478790408, -33.547775480232922 ], [ -70.561517398299429, -33.547770035676656 ], [ -70.561870396365336, -33.547757774326435 ], [ -70.562066745529393, -33.547750953602133 ], [ -70.562612873242131, -33.547739948614918 ], [ -70.562617761199135, -33.547739850840259 ], [ -70.563180694313132, -33.547712798742154 ], [ -70.563475030478756, -33.547718483129003 ], [ -70.563531310830399, -33.547717475586964 ], [ -70.563751416973005, -33.547713531965194 ], [ -70.564309903090574, -33.547682276095522 ], [ -70.564646782918942, -33.547670576658398 ], [ -70.564859248966698, -33.547663199691051 ], [ -70.565400957244563, -33.547644118232668 ], [ -70.565358132737032, -33.546388473483795 ], [ -70.555118441960573, -33.546624108112205 ], [ -70.555060868258906, -33.546625455427197 ] ] ] ] } },
{ "type": "Feature", "properties": { "objectid": 17053, "cod_region": "13", "region": "Región Metropolitana De Santiago", "cut_provincia": "131", "provincia": "Santiago", "cut_comuna": "13110", "comuna": "La Florida", "zona": "PL", "nombre_zona": "PL Zona de Plazas", "uperm": "Espacio público y áreas verdes.", "uproh": "Todo uso no mencionado como permitido.", "srid": "EPSG: 4326" }, "geometry": { "type": "MultiPolygon", "coordinates": [ [ [ [ -70.611591242718319, -33.552763576298759 ], [ -70.611599398249609, -33.553095171240329 ], [ -70.611965627436675, -33.553087534570125 ], [ -70.612100514792274, -33.553084724524886 ], [ -70.612110027682789, -33.552719025463169 ], [ -70.611591242718319, -33.552763576298759 ] ] ] ] } },
{ "type": "Feature", "properties": { "objectid": 17054, "cod_region": "13", "region": "Región Metropolitana De Santiago", "cut_provincia": "131", "provincia": "Santiago", "cut_comuna": "13110", "comuna": "La Florida", "zona": "PL", "nombre_zona": "PL Zona de Plazas", "uperm": "Espacio público y áreas verdes.", "uproh": "Todo uso no mencionado como permitido.", "srid": "EPSG: 4326" }, "geometry": { "type": "MultiPolygon", "coordinates": [ [ [ [ -70.610012479441465, -33.56193404247508 ], [ -70.610455005051193, -33.561976001796111 ], [ -70.610607419571508, -33.561415561278565 ], [ -70.6107144100407, -33.561029935497487 ], [ -70.61014580369843, -33.560971907502093 ], [ -70.610111659944806, -33.561174897937377 ], [ -70.610065883362353, -33.561537304129544 ], [ -70.610012479441465, -33.56193404247508 ] ] ] ] } },
{ "type": "Feature", "properties": { "objectid": 17055, "cod_region": "13", "region": "Región Metropolitana De Santiago", "cut_provincia": "131", "provincia": "Santiago", "cut_comuna": "13110", "comuna": "La Florida", "zona": "PL", "nombre_zona": "PL Zona de Plazas", "uperm": "Espacio público y áreas verdes.", "uproh": "Todo uso no mencionado como permitido.", "srid": "EPSG: 4326" }, "geometry": { "type": "MultiPolygon", "coordinates": [ [ [ [ -70.609748190726833, -33.563087649996319 ], [ -70.610271489686639, -33.563137113850907 ], [ -70.610317675891039, -33.562834329542149 ], [ -70.610334279552262, -33.562722263910089 ], [ -70.609733990395966, -33.562674285075815 ], [ -70.609664977013779, -33.563071327274798 ], [ -70.609748190726833, -33.563087649996319 ] ] ] ] } },
{ "type": "Feature", "properties": { "objectid": 17056, "cod_region": "13", "region": "Región Metropolitana De Santiago", "cut_provincia": "131", "provincia": "Santiago", "cut_comuna": "13110", "comuna": "La Florida", "zona": "PL", "nombre_zona": "PL Zona de Plazas", "uperm": "Espacio público y áreas verdes.", "uproh": "Todo uso no mencionado como permitido.", "srid": "EPSG: 4326" }, "geometry": { "type": "MultiPolygon", "coordinates": [ [ [ [ -70.609517822346348, -33.564366851784463 ], [ -70.610101867099161, -33.564422394412716 ], [ -70.610134574040501, -33.564211470534033 ], [ -70.610187978277267, -33.563726990931805 ], [ -70.609643805217203, -33.563557515806629 ], [ -70.609569967194133, -33.56403217507949 ], [ -70.609517822346348, -33.564366851784463 ] ] ] ] } },
{ "type": "Feature", "properties": { "objectid": 17057, "cod_region": "13", "region": "Región Metropolitana De Santiago", "cut_provincia": "131", "provincia": "Santiago", "cut_comuna": "13110", "comuna": "La Florida", "zona": "PL", "nombre_zona": "PL Zona de Plazas", "uperm": "Espacio público y áreas verdes.", "uproh": "Todo uso no mencionado como permitido.", "srid": "EPSG: 4326" }, "geometry": { "type": "MultiPolygon", "coordinates": [ [ [ [ -70.6092953140096, -33.566198978777379 ], [ -70.60982747132438, -33.566250520398476 ], [ -70.609875174241495, -33.565851827405687 ], [ -70.609943840456964, -33.565443646908811 ], [ -70.6099544095201, -33.565380230777095 ], [ -70.609950753441282, -33.565379306181725 ], [ -70.609425820657592, -33.565325941359148 ], [ -70.609356350096903, -33.565786982113053 ], [ -70.6092953140096, -33.566198978777379 ] ] ] ] } },
{ "type": "Feature", "properties": { "objectid": 17058, "cod_region": "13", "region": "Región Metropolitana De Santiago", "cut_provincia": "131", "provincia": "Santiago", "cut_comuna": "13110", "comuna": "La Florida", "zona": "PL", "nombre_zona": "PL Zona de Plazas", "uperm": "Espacio público y áreas verdes.", "uproh": "Todo uso no mencionado como permitido.", "srid": "EPSG: 4326" }, "geometry": { "type": "MultiPolygon", "coordinates": [ [ [ [ -70.595706602254879, -33.560045808844471 ], [ -70.596072931766841, -33.560079656038781 ], [ -70.596202532025728, -33.559202738338669 ], [ -70.595492959457331, -33.5591340794467 ], [ -70.59537330079263, -33.560008591285552 ], [ -70.595372594404395, -33.560012411479946 ], [ -70.595706602254879, -33.560045808844471 ] ] ] ] } },
{ "type": "Feature", "properties": { "objectid": 17059, "cod_region": "13", "region": "Región Metropolitana De Santiago", "cut_provincia": "131", "provincia": "Santiago", "cut_comuna": "13110", "comuna": "La Florida", "zona": "PL", "nombre_zona": "PL Zona de Plazas", "uperm": "Espacio público y áreas verdes.", "uproh": "Todo uso no mencionado como permitido.", "srid": "EPSG: 4326" }, "geometry": { "type": "MultiPolygon", "coordinates": [ [ [ [ -70.593017504919672, -33.562630103412296 ], [ -70.593196422687086, -33.56265132336258 ], [ -70.593324703758753, -33.561836963030409 ], [ -70.593130474009214, -33.561823416424147 ], [ -70.593017504919672, -33.562630103412296 ] ] ] ] } },
{ "type": "Feature", "properties": { "objectid": 17060, "cod_region": "13", "region": "Región Metropolitana De Santiago", "cut_provincia": "131", "provincia": "Santiago", "cut_comuna": "13110", "comuna": "La Florida", "zona": "ED-3", "nombre_zona": "ED-3 Estadio Contraloría General de La República", "uperm": "Equipamiento de comercio y deporte; espacio público y áreas verdes.", "uproh": "Residencial; equipamiento; actividad productiva; infraestructura.", "srid": "EPSG: 4326" }, "geometry": { "type": "MultiPolygon", "coordinates": [ [ [ [ -70.576932211139862, -33.543611010402877 ], [ -70.577875639076694, -33.543607999427039 ], [ -70.578508909794536, -33.543592737849394 ], [ -70.579348186621971, -33.543581288585727 ], [ -70.579992631293166, -33.543548566348846 ], [ -70.580146569468013, -33.543518378071113 ], [ -70.580121268508393, -33.53969788702701 ], [ -70.579653689163493, -33.539692011176783 ], [ -70.57903323981914, -33.539696957372051 ], [ -70.579068559374775, -33.541638767883072 ], [ -70.577234505696538, -33.541690804094578 ], [ -70.576889153191772, -33.541700599097901 ], [ -70.576813327005112, -33.543063129411699 ], [ -70.576939019009075, -33.543061528400095 ], [ -70.576932211139862, -33.543611010402877 ] ] ] ] } },
{ "type": "Feature", "properties": { "objectid": 17061, "cod_region": "13", "region": "Región Metropolitana De Santiago", "cut_provincia": "131", "provincia": "Santiago", "cut_comuna": "13110", "comuna": "La Florida", "zona": "ED-6", "nombre_zona": "ED-6 Estadio Municipal de La Florida (Audax Italiano)", "uperm": "Equipamiento de comercio y deporte; espacio público y áreas verdes.", "uproh": "Residencial; equipamiento; actividad productiva; infraestructura.", "srid": "EPSG: 4326" }, "geometry": { "type": "MultiPolygon", "coordinates": [ [ [ [ -70.57723943753291, -33.539711237836094 ], [ -70.577234505696538, -33.541690804094578 ], [ -70.579068559374775, -33.541638767883072 ], [ -70.57903323981914, -33.539696957372051 ], [ -70.577928190319597, -33.539705757457618 ], [ -70.57723943753291, -33.539711237836094 ] ] ] ] } },
{ "type": "Feature", "properties": { "objectid": 17233, "cod_region": "13", "region": "Región Metropolitana De Santiago", "cut_provincia": "131", "provincia": "Santiago", "cut_comuna": "13110", "comuna": "La Florida", "zona": "PL", "nombre_zona": "PL Zona de Plazas", "uperm": "Espacio público y áreas verdes.", "uproh": "Todo uso no mencionado como permitido.", "srid": "EPSG: 4326" }, "geometry": { "type": "MultiPolygon", "coordinates": [ [ [ [ -70.5830335062995, -33.558596267986843 ], [ -70.583296905764755, -33.558627561179911 ], [ -70.583344994479347, -33.558305663008753 ], [ -70.583094542343304, -33.558272009262261 ], [ -70.5830335062995, -33.558596267986843 ] ] ] ] } },
{ "type": "Feature", "properties": { "objectid": 17062, "cod_region": "13", "region": "Región Metropolitana De Santiago", "cut_provincia": "131", "provincia": "Santiago", "cut_comuna": "13110", "comuna": "La Florida", "zona": "U-VEV4", "nombre_zona": "U-VEV4 Zona de Vivienda y Equipamiento Vecinal N°4", "uperm": "Residencial; equip. de comercio, culto, deporte, educación, esparcimiento, salud, seguridad, servicios, social, oficina y turismo; act. productiva peligrosa, contaminante y molesta; infr. de transporte; espacio público y áreas verdes.", "uproh": "Todo uso no mencionado como permitido.", "srid": "EPSG: 4326" }, "geometry": { "type": "MultiPolygon", "coordinates": [ [ [ [ -70.577440324591279, -33.513148445456245 ], [ -70.577271416510598, -33.513175935331134 ], [ -70.577089507497078, -33.513177451018841 ], [ -70.576517276751588, -33.513703893976206 ], [ -70.576496364977658, -33.513535597522221 ], [ -70.576267354448603, -33.513591282002565 ], [ -70.575537638040672, -33.513622948658877 ], [ -70.575544513311286, -33.513510956835397 ], [ -70.575139735674881, -33.513538831565555 ], [ -70.575189696286785, -33.513932791477799 ], [ -70.575349931547834, -33.51509629882321 ], [ -70.575349932111266, -33.515283222691153 ], [ -70.575482001915489, -33.516222298001857 ], [ -70.57548727706903, -33.516259806490083 ], [ -70.575487277472746, -33.516289934778413 ], [ -70.575706330693706, -33.515994113127434 ], [ -70.576052205684718, -33.515353376315581 ], [ -70.576644103693823, -33.514760606249595 ], [ -70.57685345747683, -33.514566472760301 ], [ -70.577457052674674, -33.513969241949631 ], [ -70.57790223183035, -33.513622466921674 ], [ -70.577615001407452, -33.513105678841292 ], [ -70.577440324591279, -33.513148445456245 ] ] ] ] } },
{ "type": "Feature", "properties": { "objectid": 17063, "cod_region": "13", "region": "Región Metropolitana De Santiago", "cut_provincia": "131", "provincia": "Santiago", "cut_comuna": "13110", "comuna": "La Florida", "zona": "U-VEV4", "nombre_zona": "U-VEV4 Zona de Vivienda y Equipamiento Vecinal N°4", "uperm": "Residencial; equip. de comercio, culto, deporte, educación, esparcimiento, salud, seguridad, servicios, social, oficina y turismo; act. productiva peligrosa, contaminante y molesta; infr. de transporte; espacio público y áreas verdes.", "uproh": "Todo uso no mencionado como permitido.", "srid": "EPSG: 4326" }, "geometry": { "type": "MultiPolygon", "coordinates": [ [ [ [ -70.56326403907228, -33.51147381920223 ], [ -70.563508473713966, -33.512551906873178 ], [ -70.56355425317993, -33.512544278433147 ], [ -70.563592400917486, -33.512532834179929 ], [ -70.564301967747852, -33.512471791623547 ], [ -70.564318349162164, -33.512498825431138 ], [ -70.564419858507875, -33.512804295712385 ], [ -70.564431680320425, -33.51283801014285 ], [ -70.5645461315478, -33.513196600598341 ], [ -70.564652950895066, -33.513513227739352 ], [ -70.564668209800132, -33.513547560662552 ], [ -70.564782660651119, -33.513909963775646 ], [ -70.564813179818088, -33.513997703284652 ], [ -70.564851329042312, -33.514104517497515 ], [ -70.56485691562888, -33.514110977067574 ], [ -70.565899906881867, -33.513860474062703 ], [ -70.566134471701659, -33.514585685815881 ], [ -70.566174626630144, -33.51470983535657 ], [ -70.566934861985075, -33.514643131549768 ], [ -70.567492062058619, -33.514591286713447 ], [ -70.567628579386025, -33.514604238806562 ], [ -70.56757516581682, -33.51420749990951 ], [ -70.567491234626758, -33.513620022282829 ], [ -70.567441175284017, -33.513238519609715 ], [ -70.565935532343701, -33.513356171724865 ], [ -70.565589745790618, -33.512272808978892 ], [ -70.565700928276698, -33.511741902489213 ], [ -70.565694267767242, -33.51174221845811 ], [ -70.565643669418066, -33.511738153229345 ], [ -70.565573082306301, -33.511715509514531 ], [ -70.56517206354556, -33.511581704939964 ], [ -70.565109982617599, -33.511563657413276 ], [ -70.564977526807098, -33.51153473381293 ], [ -70.564679154123013, -33.511489077802317 ], [ -70.564569721004943, -33.51146971090661 ], [ -70.564494344436923, -33.511460151315582 ], [ -70.564265859405396, -33.511431180960734 ], [ -70.564209732853584, -33.511431889815206 ], [ -70.564091859123494, -33.511433378427455 ], [ -70.563437331370778, -33.511465353284528 ], [ -70.56326403907228, -33.51147381920223 ] ] ] ] } },
{ "type": "Feature", "properties": { "objectid": 17064, "cod_region": "13", "region": "Región Metropolitana De Santiago", "cut_provincia": "131", "provincia": "Santiago", "cut_comuna": "13110", "comuna": "La Florida", "zona": "U-VEV4", "nombre_zona": "U-VEV4 Zona de Vivienda y Equipamiento Vecinal N°4", "uperm": "Residencial; equip. de comercio, culto, deporte, educación, esparcimiento, salud, seguridad, servicios, social, oficina y turismo; act. productiva peligrosa, contaminante y molesta; infr. de transporte; espacio público y áreas verdes.", "uproh": "Todo uso no mencionado como permitido.", "srid": "EPSG: 4326" }, "geometry": { "type": "MultiPolygon", "coordinates": [ [ [ [ -70.569561442895946, -33.514436003993893 ], [ -70.569642846233279, -33.514958997737473 ], [ -70.570382694620065, -33.514887399728856 ], [ -70.570333952328298, -33.514490644500889 ], [ -70.570779681052628, -33.514455442776992 ], [ -70.571332111915424, -33.514390665668522 ], [ -70.57148102400572, -33.514370728851787 ], [ -70.571466357757572, -33.514283772949753 ], [ -70.571403234966937, -33.513835275095502 ], [ -70.570733894168526, -33.513906112923152 ], [ -70.569520761591278, -33.514020565791753 ], [ -70.569561442895946, -33.514436003993893 ] ] ] ] } },
{ "type": "Feature", "properties": { "objectid": 17065, "cod_region": "13", "region": "Región Metropolitana De Santiago", "cut_provincia": "131", "provincia": "Santiago", "cut_comuna": "13110", "comuna": "La Florida", "zona": "U-VEV4", "nombre_zona": "U-VEV4 Zona de Vivienda y Equipamiento Vecinal N°4", "uperm": "Residencial; equip. de comercio, culto, deporte, educación, esparcimiento, salud, seguridad, servicios, social, oficina y turismo; act. productiva peligrosa, contaminante y molesta; infr. de transporte; espacio público y áreas verdes.", "uproh": "Todo uso no mencionado como permitido.", "srid": "EPSG: 4326" }, "geometry": { "type": "MultiPolygon", "coordinates": [ [ [ [ -70.565589745790618, -33.512272808978892 ], [ -70.565935532343701, -33.513356171724865 ], [ -70.567441175284017, -33.513238519609715 ], [ -70.567491234626758, -33.513620022282829 ], [ -70.56757516581682, -33.51420749990951 ], [ -70.568314466865544, -33.514136837521725 ], [ -70.569520761591278, -33.514020565791753 ], [ -70.570733894168526, -33.513906112923152 ], [ -70.571403234966937, -33.513835275095502 ], [ -70.571466357757572, -33.514283772949753 ], [ -70.57148102400572, -33.514370728851787 ], [ -70.571332111915424, -33.514390665668522 ], [ -70.570779681052628, -33.514455442776992 ], [ -70.570333952328298, -33.514490644500889 ], [ -70.570382694620065, -33.514887399728856 ], [ -70.569642846233279, -33.514958997737473 ], [ -70.569561442895946, -33.514436003993893 ], [ -70.568254898087275, -33.514545085605533 ], [ -70.567628579386025, -33.514604238806562 ], [ -70.567492062058619, -33.514591286713447 ], [ -70.566934861985075, -33.514643131549768 ], [ -70.566174626630144, -33.51470983535657 ], [ -70.566134471701659, -33.514585685815881 ], [ -70.565899906881867, -33.513860474062703 ], [ -70.56485691562888, -33.514110977067574 ], [ -70.564851329042312, -33.514104517497515 ], [ -70.564813179818088, -33.513997703284652 ], [ -70.564782660651119, -33.513909963775646 ], [ -70.564668209800132, -33.513547560662552 ], [ -70.564652950895066, -33.513513227739352 ], [ -70.5645461315478, -33.513196600598341 ], [ -70.564431680320425, -33.51283801014285 ], [ -70.564419858507875, -33.512804295712385 ], [ -70.564318349162164, -33.512498825431138 ], [ -70.564301967747852, -33.512471791623547 ], [ -70.563592400917486, -33.512532834179929 ], [ -70.56355425317993, -33.512544278433147 ], [ -70.563508473713966, -33.512551906873178 ], [ -70.56326403907228, -33.51147381920223 ], [ -70.562532479952651, -33.511509553598579 ], [ -70.56165088981092, -33.511572184161537 ], [ -70.561457338612456, -33.512210223681983 ], [ -70.561471778379044, -33.512696806142472 ], [ -70.561529298172559, -33.512917570776857 ], [ -70.56153888853369, -33.512944115215952 ], [ -70.563224338002513, -33.512579254896181 ], [ -70.563243189605174, -33.512619500163495 ], [ -70.563245840140496, -33.512766852992975 ], [ -70.563097199236609, -33.512795608102181 ], [ -70.563163198433529, -33.51298089146119 ], [ -70.563106074526132, -33.513367886573313 ], [ -70.563105915326133, -33.513372203844838 ], [ -70.562608011122336, -33.514571618486578 ], [ -70.561544662092018, -33.514613102390676 ], [ -70.561275331240523, -33.51361286418711 ], [ -70.560162867926977, -33.513718123067719 ], [ -70.559930109124878, -33.513749772858525 ], [ -70.55978064983502, -33.514164607572795 ], [ -70.559664503813025, -33.514503723254279 ], [ -70.559426222194347, -33.515176741359618 ], [ -70.559233659262546, -33.51553605307037 ], [ -70.559127077091262, -33.515736172088694 ], [ -70.559053510851996, -33.515862377030793 ], [ -70.558958360471237, -33.515983567993658 ], [ -70.558951331770359, -33.515985945317574 ], [ -70.558953764503855, -33.515988439823339 ], [ -70.558829092398909, -33.516120612345922 ], [ -70.558719675120145, -33.516260003101664 ], [ -70.558609846680724, -33.516448819306561 ], [ -70.558566603937678, -33.516589973476925 ], [ -70.558683510122179, -33.516505513850795 ], [ -70.558868269096095, -33.516428964062648 ], [ -70.559181671585236, -33.51638747017585 ], [ -70.560517626887275, -33.516290415051614 ], [ -70.560507448682117, -33.516207821927757 ], [ -70.56110026976917, -33.516155912138146 ], [ -70.561143272223489, -33.516580336354245 ], [ -70.56173839747764, -33.516668073621879 ], [ -70.562356412186517, -33.516717662193791 ], [ -70.562989682724734, -33.516778694160209 ], [ -70.563600067466155, -33.516908394026217 ], [ -70.564286750618351, -33.517236462347597 ], [ -70.56489713604924, -33.51718304987979 ], [ -70.566003453509936, -33.517076229340333 ], [ -70.566575689643372, -33.517030449741881 ], [ -70.567949049272656, -33.516896923139974 ], [ -70.56862047116698, -33.516843511415232 ], [ -70.569871755439451, -33.51670998742317 ], [ -70.570573694053664, -33.516656575111568 ], [ -70.571069631132886, -33.516709980474104 ], [ -70.571786832123138, -33.516687085786799 ], [ -70.572412474106713, -33.516637490162488 ], [ -70.573532112303198, -33.516520857822222 ], [ -70.574869265087813, -33.516385700052638 ], [ -70.575464387659935, -33.516320844854043 ], [ -70.575482001915489, -33.516222298001857 ], [ -70.575349932111266, -33.515283222691153 ], [ -70.575349931547834, -33.51509629882321 ], [ -70.575189696286785, -33.513932791477799 ], [ -70.575139735674881, -33.513538831565555 ], [ -70.575021828408921, -33.512609060722845 ], [ -70.574816496648154, -33.511100156934717 ], [ -70.574814096360271, -33.511082536846878 ], [ -70.574788802646324, -33.510918748924176 ], [ -70.574661396836461, -33.5109271216864 ], [ -70.573425636251613, -33.511036358961 ], [ -70.572163464484944, -33.511155626497157 ], [ -70.571079531461521, -33.511251741247143 ], [ -70.570559827700862, -33.511300848383229 ], [ -70.569730168380758, -33.511379237950422 ], [ -70.569085566193095, -33.511448398514197 ], [ -70.568708460561552, -33.511481350381203 ], [ -70.568572636074038, -33.511493218917572 ], [ -70.568278410063911, -33.511518926943879 ], [ -70.568211894052055, -33.511524740057304 ], [ -70.567914971125646, -33.511550695104297 ], [ -70.567231248587021, -33.511610551008346 ], [ -70.566110222834595, -33.511708823283385 ], [ -70.565761585837436, -33.511739014568306 ], [ -70.565700928276698, -33.511741902489213 ], [ -70.565589745790618, -33.512272808978892 ] ], [ [ -70.571159381805316, -33.513123941061188 ], [ -70.57063443149535, -33.513173587794768 ], [ -70.570611229544156, -33.513003625550454 ], [ -70.571133782470397, -33.512950293803634 ], [ -70.571159381805316, -33.513123941061188 ] ], [ [ -70.572459671979956, -33.515331563387882 ], [ -70.572244611469273, -33.515351906491787 ], [ -70.572175935700699, -33.514848356252251 ], [ -70.572421696775592, -33.514825444686103 ], [ -70.572459671979956, -33.515331563387882 ] ], [ [ -70.565927639434591, -33.515313929295232 ], [ -70.566097662582408, -33.516532756702311 ], [ -70.565942048424873, -33.516547301355793 ], [ -70.56585084759071, -33.515870757841306 ], [ -70.565782174387564, -33.515329057836013 ], [ -70.565713502334717, -33.514760656320732 ], [ -70.565817604332537, -33.514749741123268 ], [ -70.565860026678692, -33.515203902307817 ], [ -70.565927639434591, -33.515313929295232 ] ] ] ] } },
{ "type": "Feature", "properties": { "objectid": 17066, "cod_region": "13", "region": "Región Metropolitana De Santiago", "cut_provincia": "131", "provincia": "Santiago", "cut_comuna": "13110", "comuna": "La Florida", "zona": "PL", "nombre_zona": "PL Zona de Plazas", "uperm": "Espacio público y áreas verdes.", "uproh": "Todo uso no mencionado como permitido.", "srid": "EPSG: 4326" }, "geometry": { "type": "MultiPolygon", "coordinates": [ [ [ [ -70.558414132745312, -33.515021262168503 ], [ -70.558464882580367, -33.515304424600536 ], [ -70.558741566718666, -33.515259305024578 ], [ -70.558832372278047, -33.514971974856394 ], [ -70.558414132745312, -33.515021262168503 ] ] ] ] } },
{ "type": "Feature", "properties": { "objectid": 17067, "cod_region": "13", "region": "Región Metropolitana De Santiago", "cut_provincia": "131", "provincia": "Santiago", "cut_comuna": "13110", "comuna": "La Florida", "zona": "PL", "nombre_zona": "PL Zona de Plazas", "uperm": "Espacio público y áreas verdes.", "uproh": "Todo uso no mencionado como permitido.", "srid": "EPSG: 4326" }, "geometry": { "type": "MultiPolygon", "coordinates": [ [ [ [ -70.558955240787995, -33.514734793207573 ], [ -70.558971892786857, -33.514822945971574 ], [ -70.559216281369103, -33.514131919757936 ], [ -70.558854866472601, -33.514173157588736 ], [ -70.558952390057627, -33.514718838712973 ], [ -70.558952343879113, -33.514719445325163 ], [ -70.558955240787995, -33.514734793207573 ] ] ] ] } },
{ "type": "Feature", "properties": { "objectid": 17068, "cod_region": "13", "region": "Región Metropolitana De Santiago", "cut_provincia": "131", "provincia": "Santiago", "cut_comuna": "13110", "comuna": "La Florida", "zona": "PL", "nombre_zona": "PL Zona de Plazas", "uperm": "Espacio público y áreas verdes.", "uproh": "Todo uso no mencionado como permitido.", "srid": "EPSG: 4326" }, "geometry": { "type": "MultiPolygon", "coordinates": [ [ [ [ -70.555393303839651, -33.514308652779313 ], [ -70.555760396378872, -33.514307005465795 ], [ -70.555769082104305, -33.514173116748985 ], [ -70.555768244612992, -33.513955545787525 ], [ -70.55536050734311, -33.513961054746261 ], [ -70.555375999569321, -33.514125258826233 ], [ -70.555393303839651, -33.514308652779313 ] ] ] ] } },
{ "type": "Feature", "properties": { "objectid": 17069, "cod_region": "13", "region": "Región Metropolitana De Santiago", "cut_provincia": "131", "provincia": "Santiago", "cut_comuna": "13110", "comuna": "La Florida", "zona": "PL", "nombre_zona": "PL Zona de Plazas", "uperm": "Espacio público y áreas verdes.", "uproh": "Todo uso no mencionado como permitido.", "srid": "EPSG: 4326" }, "geometry": { "type": "MultiPolygon", "coordinates": [ [ [ [ -70.554926504163106, -33.514060866681945 ], [ -70.554927128467966, -33.51409575795725 ], [ -70.554926372866063, -33.51409570792277 ], [ -70.554925676059909, -33.514278009478552 ], [ -70.555316556233251, -33.514261256742671 ], [ -70.555311693100265, -33.51412103237292 ], [ -70.555312812298908, -33.51405206781893 ], [ -70.554926504163106, -33.514060866681945 ] ] ] ] } },
{ "type": "Feature", "properties": { "objectid": 17070, "cod_region": "13", "region": "Región Metropolitana De Santiago", "cut_provincia": "131", "provincia": "Santiago", "cut_comuna": "13110", "comuna": "La Florida", "zona": "PL", "nombre_zona": "PL Zona de Plazas", "uperm": "Espacio público y áreas verdes.", "uproh": "Todo uso no mencionado como permitido.", "srid": "EPSG: 4326" }, "geometry": { "type": "MultiPolygon", "coordinates": [ [ [ [ -70.553562189677706, -33.513168706009822 ], [ -70.553591706785255, -33.513383816079006 ], [ -70.554587783025696, -33.513329207183297 ], [ -70.554565360602936, -33.513121749670653 ], [ -70.5544519166003, -33.513127994737303 ], [ -70.553682374020369, -33.513163401684103 ], [ -70.553562189677706, -33.513168706009822 ] ] ] ] } },
{ "type": "Feature", "properties": { "objectid": 17075, "cod_region": "13", "region": "Región Metropolitana De Santiago", "cut_provincia": "131", "provincia": "Santiago", "cut_comuna": "13110", "comuna": "La Florida", "zona": "U-VEV4", "nombre_zona": "U-VEV4 Zona de Vivienda y Equipamiento Vecinal N°4", "uperm": "Residencial; equip. de comercio, culto, deporte, educación, esparcimiento, salud, seguridad, servicios, social, oficina y turismo; act. productiva peligrosa, contaminante y molesta; infr. de transporte; espacio público y áreas verdes.", "uproh": "Todo uso no mencionado como permitido.", "srid": "EPSG: 4326" }, "geometry": { "type": "MultiPolygon", "coordinates": [ [ [ [ -70.579980157794054, -33.510804589506662 ], [ -70.579687411467162, -33.512079674741642 ], [ -70.580088005723724, -33.512120736529482 ], [ -70.580049879923962, -33.51240351056525 ], [ -70.579635759509316, -33.512357253508654 ], [ -70.579623809581378, -33.512421470915761 ], [ -70.57945474396081, -33.513330027831792 ], [ -70.579912530487235, -33.513322396066208 ], [ -70.581079887243845, -33.513322388301049 ], [ -70.581964943325687, -33.51334527122129 ], [ -70.582437991962664, -33.513349083179143 ], [ -70.582918670031944, -33.513364338312144 ], [ -70.583017850576226, -33.512712011369523 ], [ -70.583094143904844, -33.512151237336845 ], [ -70.583135995606398, -33.511852929603371 ], [ -70.583186442411147, -33.511859806011586 ], [ -70.583620596360916, -33.511899456999167 ], [ -70.58412416374253, -33.511956675464894 ], [ -70.583933432684461, -33.513383407470464 ], [ -70.584452257096189, -33.513341441118314 ], [ -70.584669117842097, -33.513322507633731 ], [ -70.584932931708963, -33.513299475628557 ], [ -70.585844334918349, -33.513275776773447 ], [ -70.58604140008687, -33.51328700616984 ], [ -70.586093500848648, -33.51292209811222 ], [ -70.586404825699688, -33.510424687695206 ], [ -70.586432201003873, -33.510205072095161 ], [ -70.586441064935372, -33.510138930346145 ], [ -70.585005293355877, -33.510227874999707 ], [ -70.582342025941884, -33.510401143725822 ], [ -70.5813634335816, -33.510479673873526 ], [ -70.580273490951683, -33.510567131110086 ], [ -70.580030241195232, -33.510580526151763 ], [ -70.579980157794054, -33.510804589506662 ] ] ] ] } },
{ "type": "Feature", "properties": { "objectid": 17076, "cod_region": "13", "region": "Región Metropolitana De Santiago", "cut_provincia": "131", "provincia": "Santiago", "cut_comuna": "13110", "comuna": "La Florida", "zona": "U-VEV4", "nombre_zona": "U-VEV4 Zona de Vivienda y Equipamiento Vecinal N°4", "uperm": "Residencial; equip. de comercio, culto, deporte, educación, esparcimiento, salud, seguridad, servicios, social, oficina y turismo; act. productiva peligrosa, contaminante y molesta; infr. de transporte; espacio público y áreas verdes.", "uproh": "Todo uso no mencionado como permitido.", "srid": "EPSG: 4326" }, "geometry": { "type": "MultiPolygon", "coordinates": [ [ [ [ -70.579364634975093, -33.517886879919082 ], [ -70.579302147633427, -33.518303928957366 ], [ -70.579014192058509, -33.518276127901473 ], [ -70.578985260728984, -33.518508706622349 ], [ -70.578878165511583, -33.518494281038031 ], [ -70.57887108780649, -33.518668905618064 ], [ -70.578668184880954, -33.51864948047524 ], [ -70.578655245070664, -33.518806370477336 ], [ -70.578598843140654, -33.518814984946296 ], [ -70.578590709880075, -33.518886149948102 ], [ -70.578529451913454, -33.518886930782983 ], [ -70.578523822345844, -33.519046957036025 ], [ -70.578336802652956, -33.519029424757008 ], [ -70.578204261425171, -33.519147685982908 ], [ -70.578201557339796, -33.519258260188508 ], [ -70.578135514815784, -33.519255153603858 ], [ -70.578134880535558, -33.519417800927449 ], [ -70.577946808394714, -33.519399390477545 ], [ -70.57789226048574, -33.519807372605278 ], [ -70.577820831549332, -33.519800091390188 ], [ -70.57771363842761, -33.520612083030407 ], [ -70.578333227733594, -33.520673496880001 ], [ -70.578455296967775, -33.51986476378346 ], [ -70.579030968144565, -33.519923174484724 ], [ -70.579076370175855, -33.51950887673285 ], [ -70.579340349851094, -33.519532871908552 ], [ -70.579393754969786, -33.519128504812599 ], [ -70.579904953859923, -33.519178093215125 ], [ -70.580019391023811, -33.518373173368772 ], [ -70.580728962747855, -33.518445649885287 ], [ -70.580719324149158, -33.518396749568659 ], [ -70.580759478295306, -33.518029838028511 ], [ -70.580787587283581, -33.51801010978194 ], [ -70.580828146183805, -33.518003134074107 ], [ -70.580889180579589, -33.517633098056109 ], [ -70.579325071195512, -33.517465257783527 ], [ -70.579286925233561, -33.517701774238247 ], [ -70.579233518825362, -33.517873440943681 ], [ -70.579364634975093, -33.517886879919082 ] ] ] ] } },
{ "type": "Feature", "properties": { "objectid": 17077, "cod_region": "13", "region": "Región Metropolitana De Santiago", "cut_provincia": "131", "provincia": "Santiago", "cut_comuna": "13110", "comuna": "La Florida", "zona": "U-VEV4", "nombre_zona": "U-VEV4 Zona de Vivienda y Equipamiento Vecinal N°4", "uperm": "Residencial; equip. de comercio, culto, deporte, educación, esparcimiento, salud, seguridad, servicios, social, oficina y turismo; act. productiva peligrosa, contaminante y molesta; infr. de transporte; espacio público y áreas verdes.", "uproh": "Todo uso no mencionado como permitido.", "srid": "EPSG: 4326" }, "geometry": { "type": "MultiPolygon", "coordinates": [ [ [ [ -70.577791457927262, -33.514195994650514 ], [ -70.577448117956521, -33.51451643927664 ], [ -70.577089522242261, -33.514840697184532 ], [ -70.576753811703199, -33.515176400925419 ], [ -70.57644099433405, -33.515500660365127 ], [ -70.576204474518391, -33.515840177324684 ], [ -70.575990842186272, -33.516179694787404 ], [ -70.575708543898173, -33.516526842060443 ], [ -70.576418114911149, -33.516656540301142 ], [ -70.576367988381534, -33.516837356467363 ], [ -70.57628078227998, -33.517091427530865 ], [ -70.575342319438789, -33.517217321009134 ], [ -70.575235498489448, -33.516725214453892 ], [ -70.574808231459997, -33.516809141669782 ], [ -70.574373332750909, -33.516881624639069 ], [ -70.574052545814311, -33.516920938474541 ], [ -70.574052882372911, -33.516923589181097 ], [ -70.574155131722847, -33.517603182931907 ], [ -70.575382305926965, -33.51739575318841 ], [ -70.575433879796847, -33.517594982910715 ], [ -70.575450373428296, -33.517684667359248 ], [ -70.575492927743554, -33.517916038418683 ], [ -70.57549491999697, -33.51792686928512 ], [ -70.575472032330865, -33.518003166558081 ], [ -70.575351104536722, -33.518152415376434 ], [ -70.575250771731348, -33.518281646662608 ], [ -70.575166843613488, -33.518426608133474 ], [ -70.575115721256978, -33.518639514508266 ], [ -70.575105809841645, -33.518808087692953 ], [ -70.575128631385851, -33.518983255362365 ], [ -70.575189740295841, -33.519178122557889 ], [ -70.575304187723944, -33.519357415736025 ], [ -70.575421933807206, -33.519471884899261 ], [ -70.575578862285226, -33.519624449182984 ], [ -70.575662795324149, -33.519780856737505 ], [ -70.575739090522006, -33.519788484909483 ], [ -70.576021393421826, -33.51978085326482 ], [ -70.57602569985913, -33.519807428542826 ], [ -70.576145214540404, -33.519800180889348 ], [ -70.576152906751275, -33.519847327057349 ], [ -70.576434605679012, -33.519829424921838 ], [ -70.576413015046185, -33.5196496858579 ], [ -70.576532588281978, -33.519635888915147 ], [ -70.576723332111783, -33.519616813674034 ], [ -70.576746985591683, -33.519806837009504 ], [ -70.577669428438753, -33.519784658314201 ], [ -70.577748814314845, -33.51953795656474 ], [ -70.577829648394953, -33.519387921280057 ], [ -70.577882756952604, -33.519309927308072 ], [ -70.577936462972019, -33.519254401957788 ], [ -70.578474295425963, -33.518698006474324 ], [ -70.578531584295035, -33.518636401977844 ], [ -70.578851153426044, -33.518325968278099 ], [ -70.578913071196595, -33.518266365273149 ], [ -70.579057348030048, -33.518106345142201 ], [ -70.579233518825362, -33.517873440943681 ], [ -70.579286925233561, -33.517701774238247 ], [ -70.579325071195512, -33.517465257783527 ], [ -70.5793784778961, -33.517110481185135 ], [ -70.579467478059655, -33.516540049205375 ], [ -70.579490976886575, -33.516389432818428 ], [ -70.579576862498257, -33.516404598288219 ], [ -70.579747367234447, -33.516422113092396 ], [ -70.579983262145618, -33.516446345356087 ], [ -70.580401325606118, -33.516489288669113 ], [ -70.580469532141805, -33.51649629482467 ], [ -70.580950210485696, -33.516545883581564 ], [ -70.581469035226021, -33.516599287771641 ], [ -70.581392742615321, -33.517167690119024 ], [ -70.581967068520854, -33.517223773399884 ], [ -70.582369357284421, -33.517263055270554 ], [ -70.582382077378981, -33.517264446592122 ], [ -70.582845523270677, -33.517315130964207 ], [ -70.583042421371616, -33.517340220990882 ], [ -70.583115843071496, -33.517241338597245 ], [ -70.582940151139852, -33.517195344726716 ], [ -70.582890471517914, -33.517153684007056 ], [ -70.582884047739341, -33.517103301657514 ], [ -70.582946559116323, -33.516661544262575 ], [ -70.583467042291744, -33.51676592168748 ], [ -70.583510558107264, -33.516429708778375 ], [ -70.583536496357709, -33.516153628987915 ], [ -70.583590111338722, -33.515801984691151 ], [ -70.583627211165151, -33.515492793136211 ], [ -70.583658157285143, -33.51523490585204 ], [ -70.583658773086128, -33.515229764775825 ], [ -70.583738893239399, -33.514680860206788 ], [ -70.583232435108329, -33.514627867298046 ], [ -70.583277887757248, -33.514343881500082 ], [ -70.583778903873551, -33.51439467484628 ], [ -70.583819094804142, -33.514098664453293 ], [ -70.583859246210039, -33.51384604147043 ], [ -70.583880024247506, -33.513715295721909 ], [ -70.582880521564945, -33.513722929977249 ], [ -70.582384585540652, -33.513719118174187 ], [ -70.581865759860449, -33.513722937620557 ], [ -70.580881517673134, -33.513707683450207 ], [ -70.580385582496135, -33.51368479717005 ], [ -70.579859125476787, -33.513677171196527 ], [ -70.579325039898706, -33.513661915198327 ], [ -70.579004588548372, -33.513700065001522 ], [ -70.578516282508588, -33.513761103632426 ], [ -70.578211090371141, -33.513833587021352 ], [ -70.578043238831356, -33.513955661811451 ], [ -70.577791457927262, -33.514195994650514 ] ], [ [ -70.581268461471709, -33.514310143835807 ], [ -70.581774244073799, -33.514364746090926 ], [ -70.58174369035558, -33.514627039754835 ], [ -70.581230533892864, -33.51459482022522 ], [ -70.581268461471709, -33.514310143835807 ] ], [ [ -70.57960208805649, -33.515537816393085 ], [ -70.579563379090544, -33.515831948933233 ], [ -70.579052493553888, -33.515777296418534 ], [ -70.57909312340793, -33.515493506932792 ], [ -70.57960208805649, -33.515537816393085 ] ], [ [ -70.580075304799252, -33.515881899256826 ], [ -70.58011967254987, -33.515583777749526 ], [ -70.58060376096887, -33.51563515604974 ], [ -70.580551259926736, -33.515932690700254 ], [ -70.580075304799252, -33.515881899256826 ] ], [ [ -70.5824951475945, -33.516402501521895 ], [ -70.582455008846964, -33.516700188207217 ], [ -70.581971446018343, -33.516650795481517 ], [ -70.582010380603251, -33.516357722724877 ], [ -70.5824951475945, -33.516402501521895 ] ], [ [ -70.577966971945656, -33.51776663463621 ], [ -70.577493925840301, -33.517820044081063 ], [ -70.577442487397263, -33.51753122235808 ], [ -70.578036122650474, -33.517481387284136 ], [ -70.577966971945656, -33.51776663463621 ] ], [ [ -70.575861161701411, -33.51911326593266 ], [ -70.575914829937901, -33.519584546680775 ], [ -70.575832299065311, -33.519549805135959 ], [ -70.575673871408156, -33.519453395453112 ], [ -70.575521319888551, -33.519288309626695 ], [ -70.57538969697832, -33.519099096791251 ], [ -70.575344003280563, -33.518935633673777 ], [ -70.575341710116177, -33.51878813634638 ], [ -70.57582842870697, -33.518735059763948 ], [ -70.575815709474711, -33.518769104201802 ], [ -70.575811977408762, -33.518777278065272 ], [ -70.575812301560262, -33.518795150883292 ], [ -70.575861161701411, -33.51911326593266 ] ] ] ] } },
{ "type": "Feature", "properties": { "objectid": 17078, "cod_region": "13", "region": "Región Metropolitana De Santiago", "cut_provincia": "131", "provincia": "Santiago", "cut_comuna": "13110", "comuna": "La Florida", "zona": "U-VEV4", "nombre_zona": "U-VEV4 Zona de Vivienda y Equipamiento Vecinal N°4", "uperm": "Residencial; equip. de comercio, culto, deporte, educación, esparcimiento, salud, seguridad, servicios, social, oficina y turismo; act. productiva peligrosa, contaminante y molesta; infr. de transporte; espacio público y áreas verdes.", "uproh": "Todo uso no mencionado como permitido.", "srid": "EPSG: 4326" }, "geometry": { "type": "MultiPolygon", "coordinates": [ [ [ [ -70.574155131722847, -33.517603182931907 ], [ -70.574182597972239, -33.517785730088924 ], [ -70.575433879796847, -33.517594982910715 ], [ -70.575382305926965, -33.51739575318841 ], [ -70.574155131722847, -33.517603182931907 ] ] ] ] } },
{ "type": "Feature", "properties": { "objectid": 17079, "cod_region": "13", "region": "Región Metropolitana De Santiago", "cut_provincia": "131", "provincia": "Santiago", "cut_comuna": "13110", "comuna": "La Florida", "zona": "PL", "nombre_zona": "PL Zona de Plazas", "uperm": "Espacio público y áreas verdes.", "uproh": "Todo uso no mencionado como permitido.", "srid": "EPSG: 4326" }, "geometry": { "type": "MultiPolygon", "coordinates": [ [ [ [ -70.560517626887275, -33.516290415051614 ], [ -70.561143272223489, -33.516580336354245 ], [ -70.56110026976917, -33.516155912138146 ], [ -70.560507448682117, -33.516207821927757 ], [ -70.560517626887275, -33.516290415051614 ] ] ] ] } },
{ "type": "Feature", "properties": { "objectid": 17080, "cod_region": "13", "region": "Región Metropolitana De Santiago", "cut_provincia": "131", "provincia": "Santiago", "cut_comuna": "13110", "comuna": "La Florida", "zona": "U-VEV4", "nombre_zona": "U-VEV4 Zona de Vivienda y Equipamiento Vecinal N°4", "uperm": "Residencial; equip. de comercio, culto, deporte, educación, esparcimiento, salud, seguridad, servicios, social, oficina y turismo; act. productiva peligrosa, contaminante y molesta; infr. de transporte; espacio público y áreas verdes.", "uproh": "Todo uso no mencionado como permitido.", "srid": "EPSG: 4326" }, "geometry": { "type": "MultiPolygon", "coordinates": [ [ [ [ -70.54995722491509, -33.512499011222189 ], [ -70.550464546303672, -33.512651173008749 ], [ -70.550920226328117, -33.512776745797396 ], [ -70.5513407272839, -33.512920938488875 ], [ -70.55183845905475, -33.513111219722859 ], [ -70.552624009649804, -33.513466331875854 ], [ -70.55349233155151, -33.513764254425283 ], [ -70.554376407825302, -33.514005826757113 ], [ -70.5548555161526, -33.514091051227979 ], [ -70.554926372866063, -33.51409570792277 ], [ -70.554927128467966, -33.51409575795725 ], [ -70.554926504163106, -33.514060866681945 ], [ -70.555312812298908, -33.51405206781893 ], [ -70.555311693100265, -33.51412103237292 ], [ -70.555375999569321, -33.514125258826233 ], [ -70.55536050734311, -33.513961054746261 ], [ -70.555768244612992, -33.513955545787525 ], [ -70.555769082104305, -33.514173116748985 ], [ -70.556122796733348, -33.514208485284335 ], [ -70.556618910630306, -33.514307527130867 ], [ -70.557053686876188, -33.514398303572705 ], [ -70.557503754837143, -33.514591177362142 ], [ -70.557635453800771, -33.514669280898879 ], [ -70.557944128870943, -33.5148523390882 ], [ -70.558013713483163, -33.514910784433965 ], [ -70.558199335001262, -33.515066699025702 ], [ -70.558377296569049, -33.515318706090845 ], [ -70.558382757041727, -33.515326440030009 ], [ -70.558410037148462, -33.51536506851761 ], [ -70.558477311379775, -33.515460335588216 ], [ -70.558577607041116, -33.515602358267984 ], [ -70.558582958458601, -33.515607851616302 ], [ -70.558654973786616, -33.515681766670511 ], [ -70.558838641145115, -33.515243475349749 ], [ -70.558971892786857, -33.514822945971574 ], [ -70.558955240787995, -33.514734793207573 ], [ -70.558952343879113, -33.514719445325163 ], [ -70.558952390057627, -33.514718838712973 ], [ -70.558854866472601, -33.514173157588736 ], [ -70.559216281369103, -33.514131919757936 ], [ -70.559282500025446, -33.513905857205906 ], [ -70.559505627414254, -33.51327542612168 ], [ -70.559544591305595, -33.51307603919058 ], [ -70.559175415507013, -33.513104259371978 ], [ -70.559172520132648, -33.513048730350953 ], [ -70.558159001749814, -33.513135009906946 ], [ -70.556696775077228, -33.513278597709338 ], [ -70.556449294923851, -33.512344130614885 ], [ -70.55774315943934, -33.51220375573169 ], [ -70.557792592928308, -33.512198393052138 ], [ -70.557786774835265, -33.511875905174321 ], [ -70.557743590044424, -33.511879106025262 ], [ -70.5570292570128, -33.511932064326643 ], [ -70.556936838603761, -33.511938021167374 ], [ -70.556881921791245, -33.511941561287991 ], [ -70.556113827810194, -33.511991071429897 ], [ -70.556013542298842, -33.511995446311474 ], [ -70.554942725250356, -33.512042174049057 ], [ -70.554787858699015, -33.512052687455189 ], [ -70.554345093485296, -33.512082744042793 ], [ -70.553627890518328, -33.512109452902315 ], [ -70.551834888905503, -33.512178128631746 ], [ -70.550648421055584, -33.512234081765612 ], [ -70.549836525915779, -33.512266479597628 ], [ -70.549787453105438, -33.512268918966583 ], [ -70.549514095598482, -33.512282513674222 ], [ -70.549249912121809, -33.512295652131797 ], [ -70.54995722491509, -33.512499011222189 ] ], [ [ -70.552783994225237, -33.512792186465106 ], [ -70.552542590986988, -33.512814441659437 ], [ -70.552521874683137, -33.512636877899652 ], [ -70.552946940363952, -33.512588890400394 ], [ -70.552958042403802, -33.512661801473392 ], [ -70.552773357065789, -33.512677860982151 ], [ -70.552783994225237, -33.512792186465106 ] ], [ [ -70.551771688419365, -33.512810064862521 ], [ -70.551461875258823, -33.512820966033487 ], [ -70.551453339926127, -33.51269474054417 ], [ -70.551767755598405, -33.512690801606134 ], [ -70.551771688419365, -33.512810064862521 ] ], [ [ -70.554565360602936, -33.513121749670653 ], [ -70.554587783025696, -33.513329207183297 ], [ -70.553591706785255, -33.513383816079006 ], [ -70.553562189677706, -33.513168706009822 ], [ -70.553682374020369, -33.513163401684103 ], [ -70.5544519166003, -33.513127994737303 ], [ -70.554565360602936, -33.513121749670653 ] ], [ [ -70.558741566718666, -33.515259305024578 ], [ -70.558464882580367, -33.515304424600536 ], [ -70.558414132745312, -33.515021262168503 ], [ -70.558832372278047, -33.514971974856394 ], [ -70.558741566718666, -33.515259305024578 ] ] ] ] } },
{ "type": "Feature", "properties": { "objectid": 17081, "cod_region": "13", "region": "Región Metropolitana De Santiago", "cut_provincia": "131", "provincia": "Santiago", "cut_comuna": "13110", "comuna": "La Florida", "zona": "PL", "nombre_zona": "PL Zona de Plazas", "uperm": "Espacio público y áreas verdes.", "uproh": "Todo uso no mencionado como permitido.", "srid": "EPSG: 4326" }, "geometry": { "type": "MultiPolygon", "coordinates": [ [ [ [ -70.567003060102152, -33.528959284816828 ], [ -70.566819949869043, -33.529386541728726 ], [ -70.566659721764665, -33.529790910840852 ], [ -70.56651998482559, -33.530083451709565 ], [ -70.566410116099703, -33.530147116519075 ], [ -70.566456577713396, -33.530192693337206 ], [ -70.56660496458646, -33.530235678361016 ], [ -70.567100447348977, -33.528990715649989 ], [ -70.567199807004812, -33.529022783382935 ], [ -70.567252743062113, -33.528926988513319 ], [ -70.567023435992667, -33.52852549817279 ], [ -70.56680841555746, -33.528229232298202 ], [ -70.566865715854917, -33.528093328546646 ], [ -70.566568153015325, -33.52800559037842 ], [ -70.566453709582063, -33.528314587020439 ], [ -70.566861670835792, -33.528437102666892 ], [ -70.566904235540861, -33.528466066467089 ], [ -70.566964910244877, -33.528551102228796 ], [ -70.567071725924151, -33.528783803798326 ], [ -70.567003060102152, -33.528959284816828 ] ] ] ] } },
{ "type": "Feature", "properties": { "objectid": 17082, "cod_region": "13", "region": "Región Metropolitana De Santiago", "cut_provincia": "131", "provincia": "Santiago", "cut_comuna": "13110", "comuna": "La Florida", "zona": "U-EC1", "nombre_zona": "U-EC1 Zona de Equipamiento Comunal N°1", "uperm": "Residencial; equip. de comercio, culto, deporte, educación, esparcimiento, salud, seguridad, servicios, social, oficina y turismo; act. productiva peligrosa, contaminante y molesta; infr. de transporte; espacio público y áreas verdes.", "uproh": "Todo uso no mencionado como permitido.", "srid": "EPSG: 4326" }, "geometry": { "type": "MultiPolygon", "coordinates": [ [ [ [ -70.555681666374213, -33.517538740296757 ], [ -70.556155231807892, -33.51973078708577 ], [ -70.556235987351428, -33.519724472236469 ], [ -70.55673843394068, -33.519668601602234 ], [ -70.556810804357681, -33.519660554753855 ], [ -70.557000716471308, -33.519503761044781 ], [ -70.557174577730748, -33.518919046052865 ], [ -70.557500183097886, -33.51787609395322 ], [ -70.557407748285087, -33.517860761911145 ], [ -70.556996934278288, -33.517800607793092 ], [ -70.55602841095255, -33.517581350649351 ], [ -70.556021203653643, -33.517579718705697 ], [ -70.555727089435422, -33.517552389787831 ], [ -70.555681666374213, -33.517538740296757 ] ] ] ] } },
{ "type": "Feature", "properties": { "objectid": 17083, "cod_region": "13", "region": "Región Metropolitana De Santiago", "cut_provincia": "131", "provincia": "Santiago", "cut_comuna": "13110", "comuna": "La Florida", "zona": "U-VEV3", "nombre_zona": "U-VEV3 Zona de Vivienda y Equipamiento Vecinal N°3", "uperm": "Residencial; equipamiento de comercio, culto, deporte, educación, esparcimiento, salud, seguridad, servicios, social, oficina, turismo; espacio público y áreas verdes.", "uproh": "Todo uso no mencionado como permitido.", "srid": "EPSG: 4326" }, "geometry": { "type": "MultiPolygon", "coordinates": [ [ [ [ -70.549949148231576, -33.516075761472671 ], [ -70.549957799638719, -33.516199050112519 ], [ -70.549721609190399, -33.516149784288039 ], [ -70.549775725633793, -33.51975829165935 ], [ -70.550010428845312, -33.519761537258802 ], [ -70.550541408701463, -33.519938519599194 ], [ -70.551173639707187, -33.520111601684519 ], [ -70.551470779515668, -33.520142313220546 ], [ -70.552372306154709, -33.520060551822276 ], [ -70.553871543146315, -33.519915511816485 ], [ -70.555558380772538, -33.519777460230344 ], [ -70.556155231807892, -33.51973078708577 ], [ -70.555681666374213, -33.517538740296757 ], [ -70.555195438400176, -33.517392624211119 ], [ -70.554815128108473, -33.517257054514062 ], [ -70.551920217623518, -33.516565894439132 ], [ -70.551068266447828, -33.516359952495449 ], [ -70.550603024106678, -33.516257803712257 ], [ -70.550291519043284, -33.516171736606793 ], [ -70.549949148231576, -33.516075761472671 ] ] ] ] } },
{ "type": "Feature", "properties": { "objectid": 17084, "cod_region": "13", "region": "Región Metropolitana De Santiago", "cut_provincia": "131", "provincia": "Santiago", "cut_comuna": "13110", "comuna": "La Florida", "zona": "U-EC3", "nombre_zona": "U-EC3 Zona de Equipamiento Comunal N°3", "uperm": "Residencial; equipamiento de culto, deporte, educación, esparcimiento, salud, seguridad, servicios, social y científico; infraestructura de transporte y de energía; espacio público y áreas verdes.", "uproh": "Todo uso no mencionado como permitido.", "srid": "EPSG: 4326" }, "geometry": { "type": "MultiPolygon", "coordinates": [ [ [ [ -70.556657912802279, -33.52146727921717 ], [ -70.556498808706252, -33.522271952108987 ], [ -70.556462428163769, -33.523291767042352 ], [ -70.556448655346699, -33.52415255740101 ], [ -70.556478225840721, -33.524806435123928 ], [ -70.556354735501657, -33.526096748425651 ], [ -70.556740552059225, -33.526112041937175 ], [ -70.557032229071666, -33.524717156723796 ], [ -70.557065177721284, -33.524330194338724 ], [ -70.557120937405386, -33.523785462892555 ], [ -70.557206360816139, -33.523580495595809 ], [ -70.55722796193254, -33.523416199871427 ], [ -70.558859612389057, -33.523578670305689 ], [ -70.55887738581751, -33.522312530692759 ], [ -70.558807317578569, -33.52231133579572 ], [ -70.558804369400448, -33.521477220023485 ], [ -70.558447099081874, -33.521491074961681 ], [ -70.558457764523254, -33.520556801697232 ], [ -70.558010697707971, -33.520544920688636 ], [ -70.55799906546082, -33.519896251837473 ], [ -70.557343122991043, -33.519904437411178 ], [ -70.557126611465563, -33.520297468027017 ], [ -70.55696123972254, -33.520604626863758 ], [ -70.556657912802279, -33.52146727921717 ] ] ] ] } },
{ "type": "Feature", "properties": { "objectid": 17085, "cod_region": "13", "region": "Región Metropolitana De Santiago", "cut_provincia": "131", "provincia": "Santiago", "cut_comuna": "13110", "comuna": "La Florida", "zona": "U-EC3", "nombre_zona": "U-EC3 Zona de Equipamiento Comunal N°3", "uperm": "Residencial; equipamiento de culto, deporte, educación, esparcimiento, salud, seguridad, servicios, social y científico; infraestructura de transporte y de energía; espacio público y áreas verdes.", "uproh": "Todo uso no mencionado como permitido.", "srid": "EPSG: 4326" }, "geometry": { "type": "MultiPolygon", "coordinates": [ [ [ [ -70.552372306154709, -33.520060551822276 ], [ -70.551470779515668, -33.520142313220546 ], [ -70.551173639707187, -33.520111601684519 ], [ -70.550541408701463, -33.519938519599194 ], [ -70.550010428845312, -33.519761537258802 ], [ -70.549775725633793, -33.51975829165935 ], [ -70.549866279875857, -33.520560714617396 ], [ -70.549919716500142, -33.520681737303306 ], [ -70.549930687235232, -33.520817608049718 ], [ -70.549983166511126, -33.520884954795861 ], [ -70.550181266713281, -33.522211606400994 ], [ -70.551585506814163, -33.522064885929261 ], [ -70.551655687124736, -33.522057657700422 ], [ -70.552009329281262, -33.522318680309823 ], [ -70.552015912386508, -33.522388355400473 ], [ -70.552386955020779, -33.522454112428704 ], [ -70.552763959773102, -33.5224327496814 ], [ -70.554071015580988, -33.522216717984257 ], [ -70.554296594339633, -33.522613157440929 ], [ -70.554364203838148, -33.523061487602227 ], [ -70.554703801877722, -33.525011055280721 ], [ -70.554558842765843, -33.525949492496224 ], [ -70.555371889020023, -33.526093268596092 ], [ -70.555440902331455, -33.525510132857306 ], [ -70.555570423330991, -33.524949156088944 ], [ -70.555812455364133, -33.524074748358657 ], [ -70.555815928828792, -33.523159710549422 ], [ -70.555821193062684, -33.522344468404256 ], [ -70.555952451900424, -33.521910275746144 ], [ -70.556213478432127, -33.520958729218798 ], [ -70.556611715193284, -33.519905640998964 ], [ -70.55673843394068, -33.519668601602234 ], [ -70.556235987351428, -33.519724472236469 ], [ -70.556155231807892, -33.51973078708577 ], [ -70.555558380772538, -33.519777460230344 ], [ -70.553871543146315, -33.519915511816485 ], [ -70.552372306154709, -33.520060551822276 ] ] ] ] } },
{ "type": "Feature", "properties": { "objectid": 17086, "cod_region": "13", "region": "Región Metropolitana De Santiago", "cut_provincia": "131", "provincia": "Santiago", "cut_comuna": "13110", "comuna": "La Florida", "zona": "ESP-3", "nombre_zona": "ESP-3 Zona Terrenos Congregación Salesiana - Lo Caña", "uperm": "Equipamiento de culto y educación; espacio público y áreas verdes.", "uproh": "Residencial; equipamiento de comercio, deporte, esparcimiento, salud, seguridad, servicios, social, oficina, turismo, científico y cementerio; espacio público y áreas verdes.", "srid": "EPSG: 4326" }, "geometry": { "type": "MultiPolygon", "coordinates": [ [ [ [ -70.552763959773102, -33.5224327496814 ], [ -70.552386955020779, -33.522454112428704 ], [ -70.552015912386508, -33.522388355400473 ], [ -70.552031285194033, -33.52255104979627 ], [ -70.551915714937564, -33.522659872990026 ], [ -70.551910619341214, -33.522773276366117 ], [ -70.551535584484185, -33.523109047257421 ], [ -70.551493136487352, -33.523252704306124 ], [ -70.551493014073699, -33.523252722974625 ], [ -70.551499281837678, -33.524108031870064 ], [ -70.551510182171114, -33.524373923019553 ], [ -70.551552693204812, -33.524507522511826 ], [ -70.551728179924552, -33.524641039360404 ], [ -70.551781590283369, -33.524858481637978 ], [ -70.552094412471817, -33.524869923834807 ], [ -70.552460643686643, -33.52502632791429 ], [ -70.552628500161688, -33.525140770670255 ], [ -70.554703801877722, -33.525011055280721 ], [ -70.554364203838148, -33.523061487602227 ], [ -70.554296594339633, -33.522613157440929 ], [ -70.554071015580988, -33.522216717984257 ], [ -70.552763959773102, -33.5224327496814 ] ] ] ] } },
{ "type": "Feature", "properties": { "objectid": 17087, "cod_region": "13", "region": "Región Metropolitana De Santiago", "cut_provincia": "131", "provincia": "Santiago", "cut_comuna": "13110", "comuna": "La Florida", "zona": "U-VEV3", "nombre_zona": "U-VEV3 Zona de Vivienda y Equipamiento Vecinal N°3", "uperm": "Residencial; equipamiento de comercio, culto, deporte, educación, esparcimiento, salud, seguridad, servicios, social, oficina, turismo; espacio público y áreas verdes.", "uproh": "Todo uso no mencionado como permitido.", "srid": "EPSG: 4326" }, "geometry": { "type": "MultiPolygon", "coordinates": [ [ [ [ -70.576036623176108, -33.523446176800185 ], [ -70.576136088047789, -33.523487964108725 ], [ -70.576165729771617, -33.523489238975209 ], [ -70.576388379013764, -33.523464880034084 ], [ -70.576802803927649, -33.523644115824418 ], [ -70.576967518365024, -33.523343857948106 ], [ -70.577013922129467, -33.523275480238638 ], [ -70.577040858553332, -33.523172280166023 ], [ -70.576932842237795, -33.523136302031133 ], [ -70.576830937291788, -33.523094144216145 ], [ -70.576732130701842, -33.523058066666977 ], [ -70.576626208724861, -33.523038335973766 ], [ -70.576276520214435, -33.523019599857726 ], [ -70.576233765402137, -33.523018035602803 ], [ -70.576190819388671, -33.523005933204843 ], [ -70.575682442330915, -33.522793817916565 ], [ -70.575578894377074, -33.522970019683662 ], [ -70.575448396885633, -33.523187611823474 ], [ -70.575549006255059, -33.523230496106152 ], [ -70.576036623176108, -33.523446176800185 ] ] ] ] } },
{ "type": "Feature", "properties": { "objectid": 17088, "cod_region": "13", "region": "Región Metropolitana De Santiago", "cut_provincia": "131", "provincia": "Santiago", "cut_comuna": "13110", "comuna": "La Florida", "zona": "U-VEV3", "nombre_zona": "U-VEV3 Zona de Vivienda y Equipamiento Vecinal N°3", "uperm": "Residencial; equipamiento de comercio, culto, deporte, educación, esparcimiento, salud, seguridad, servicios, social, oficina, turismo; espacio público y áreas verdes.", "uproh": "Todo uso no mencionado como permitido.", "srid": "EPSG: 4326" }, "geometry": { "type": "MultiPolygon", "coordinates": [ [ [ [ -70.573636188795888, -33.526787397099469 ], [ -70.573173184259971, -33.527520386006529 ], [ -70.572885612866997, -33.527414261521713 ], [ -70.572489212402871, -33.528439595069301 ], [ -70.5713343968917, -33.531801388081981 ], [ -70.571273861619645, -33.531804473998086 ], [ -70.568752953484918, -33.535532167961172 ], [ -70.568635898778993, -33.535528337484521 ], [ -70.566903927754026, -33.535471125231226 ], [ -70.565133815539895, -33.53541391633015 ], [ -70.564790483045073, -33.536161616505041 ], [ -70.564759958692576, -33.53622483804363 ], [ -70.564889190670144, -33.536230045957801 ], [ -70.565385607874205, -33.536245537043285 ], [ -70.565881543678373, -33.536268423601683 ], [ -70.566377478776147, -33.53628367781365 ], [ -70.566881046974785, -33.536302750972347 ], [ -70.566910764224076, -33.536085148089427 ], [ -70.571767024390041, -33.536210210035783 ], [ -70.571956979171986, -33.535588656532184 ], [ -70.571739672121097, -33.53558439374234 ], [ -70.57100127191336, -33.53558014950773 ], [ -70.570211021077213, -33.535556074363207 ], [ -70.570247897879867, -33.535031459392187 ], [ -70.572042497989969, -33.535224139964413 ], [ -70.572889741034672, -33.533083579553953 ], [ -70.574265731089355, -33.533298810181556 ], [ -70.574331579733496, -33.533309109577672 ], [ -70.574361046519485, -33.533215495045141 ], [ -70.574658951164793, -33.53232400088163 ], [ -70.574806195057803, -33.531883358850166 ], [ -70.576178634077451, -33.528623613868007 ], [ -70.576067857585514, -33.528577650950055 ], [ -70.574841968631944, -33.528136213217252 ], [ -70.575295229024618, -33.527324439604364 ], [ -70.573636188795888, -33.526787397099469 ] ] ] ] } },
{ "type": "Feature", "properties": { "objectid": 17089, "cod_region": "13", "region": "Región Metropolitana De Santiago", "cut_provincia": "131", "provincia": "Santiago", "cut_comuna": "13110", "comuna": "La Florida", "zona": "U-VEV3", "nombre_zona": "U-VEV3 Zona de Vivienda y Equipamiento Vecinal N°3", "uperm": "Residencial; equipamiento de comercio, culto, deporte, educación, esparcimiento, salud, seguridad, servicios, social, oficina, turismo; espacio público y áreas verdes.", "uproh": "Todo uso no mencionado como permitido.", "srid": "EPSG: 4326" }, "geometry": { "type": "MultiPolygon", "coordinates": [ [ [ [ -70.566830464016206, -33.54364137507762 ], [ -70.566606436456581, -33.54364621594118 ], [ -70.566179168843803, -33.54365003492692 ], [ -70.565759530083398, -33.543665295723137 ], [ -70.565402905185579, -33.543668372743568 ], [ -70.565435522478495, -33.54447133995069 ], [ -70.565513271813572, -33.546385231043004 ], [ -70.568785229656029, -33.546316779914243 ], [ -70.569566100469657, -33.544552523874479 ], [ -70.56958526999027, -33.544509830078269 ], [ -70.569964373743517, -33.543665496912858 ], [ -70.570492499291291, -33.542447875910717 ], [ -70.570889216763135, -33.541530577911097 ], [ -70.570668261624718, -33.541543779448197 ], [ -70.569811280562561, -33.541585949691978 ], [ -70.569742660601733, -33.541623900178749 ], [ -70.568464353197385, -33.541688052192335 ], [ -70.567509335790461, -33.541727751057003 ], [ -70.566811725376112, -33.541757700051896 ], [ -70.566830464016206, -33.54364137507762 ] ] ] ] } },
{ "type": "Feature", "properties": { "objectid": 17090, "cod_region": "13", "region": "Región Metropolitana De Santiago", "cut_provincia": "131", "provincia": "Santiago", "cut_comuna": "13110", "comuna": "La Florida", "zona": "U-VEV3", "nombre_zona": "U-VEV3 Zona de Vivienda y Equipamiento Vecinal N°3", "uperm": "Residencial; equipamiento de comercio, culto, deporte, educación, esparcimiento, salud, seguridad, servicios, social, oficina y turismo; espacio público y áreas verdes.", "uproh": "Todo uso no mencionado como permitido.", "srid": "EPSG: 4326" }, "geometry": { "type": "MultiPolygon", "coordinates": [ [ [ [ -70.576242443233454, -33.541715722970402 ], [ -70.57670489477843, -33.541713084256493 ], [ -70.576889153191772, -33.541700599097901 ], [ -70.577234505696538, -33.541690804094578 ], [ -70.57723943753291, -33.539711237836094 ], [ -70.57716882175842, -33.539711800170316 ], [ -70.576631949744623, -33.539713112002993 ], [ -70.576296852084283, -33.539711288082067 ], [ -70.575822686514073, -33.539714334826449 ], [ -70.575409414295777, -33.541701508229728 ], [ -70.576242443233454, -33.541715722970402 ] ] ] ] } },
{ "type": "Feature", "properties": { "objectid": 17091, "cod_region": "13", "region": "Región Metropolitana De Santiago", "cut_provincia": "131", "provincia": "Santiago", "cut_comuna": "13110", "comuna": "La Florida", "zona": "U-VEV3", "nombre_zona": "U-VEV3 Zona de Vivienda y Equipamiento Vecinal N°3", "uperm": "Residencial; equipamiento de comercio, culto, deporte, educación, esparcimiento, salud, seguridad, servicios, social, oficina, turismo; espacio público y áreas verdes.", "uproh": "Todo uso no mencionado como permitido.", "srid": "EPSG: 4326" }, "geometry": { "type": "MultiPolygon", "coordinates": [ [ [ [ -70.558457764523254, -33.520556801697232 ], [ -70.558447099081874, -33.521491074961681 ], [ -70.558804369400448, -33.521477220023485 ], [ -70.558807317578569, -33.52231133579572 ], [ -70.55887738581751, -33.522312530692759 ], [ -70.55914968861029, -33.522317172149009 ], [ -70.55930454297048, -33.522310157679762 ], [ -70.559313713073578, -33.521458369542124 ], [ -70.559313902499554, -33.52144078867201 ], [ -70.559323171342697, -33.520579795096701 ], [ -70.559365547829714, -33.518159668716976 ], [ -70.559161349378584, -33.518154478545952 ], [ -70.558915388593945, -33.518148228322076 ], [ -70.558778052196715, -33.518125340625289 ], [ -70.558243962625212, -33.517999454812532 ], [ -70.557876919819805, -33.518949965606133 ], [ -70.557559596875777, -33.519520884243711 ], [ -70.55735043061874, -33.519891171562854 ], [ -70.557342935689931, -33.519904439766577 ], [ -70.557343122991043, -33.519904437411178 ], [ -70.55799906546082, -33.519896251837473 ], [ -70.558010697707971, -33.520544920688636 ], [ -70.558457764523254, -33.520556801697232 ] ] ] ] } },
{ "type": "Feature", "properties": { "objectid": 17092, "cod_region": "13", "region": "Región Metropolitana De Santiago", "cut_provincia": "131", "provincia": "Santiago", "cut_comuna": "13110", "comuna": "La Florida", "zona": "U-VEV3", "nombre_zona": "U-VEV3 Zona de Vivienda y Equipamiento Vecinal N°3", "uperm": "Residencial; equipamiento de comercio, culto, deporte, educación, esparcimiento, salud, seguridad, servicios, social, oficina, turismo; espacio público y áreas verdes.", "uproh": "Todo uso no mencionado como permitido.", "srid": "EPSG: 4326" }, "geometry": { "type": "MultiPolygon", "coordinates": [ [ [ [ -70.569002767466856, -33.517287713122641 ], [ -70.569050388397031, -33.518071901764898 ], [ -70.5690706395185, -33.518136721208293 ], [ -70.569154577690355, -33.519300231552933 ], [ -70.569261404744523, -33.520570554598002 ], [ -70.56930719076496, -33.521299179000223 ], [ -70.569331997424115, -33.521607907026649 ], [ -70.569358583007428, -33.521938746977504 ], [ -70.569374287713188, -33.522134176299716 ], [ -70.569394061945246, -33.522309668711117 ], [ -70.569414017039705, -33.522420725851454 ], [ -70.569520841671576, -33.523656716268022 ], [ -70.569613040672863, -33.524781650248705 ], [ -70.570030365294002, -33.524756046970417 ], [ -70.569948127108276, -33.524942298145987 ], [ -70.569823131792148, -33.525272128526716 ], [ -70.569648811582553, -33.525218094872599 ], [ -70.568742636915488, -33.527383766810502 ], [ -70.565728866961891, -33.527036639250177 ], [ -70.567621015282768, -33.522386401971211 ], [ -70.566956318489815, -33.522380854226057 ], [ -70.565179480134816, -33.522352081059644 ], [ -70.564857568911236, -33.522350382143266 ], [ -70.563737450717213, -33.522344463149537 ], [ -70.563569230330856, -33.522341899535782 ], [ -70.562705562965547, -33.522332030407576 ], [ -70.561608873610197, -33.522321416293522 ], [ -70.561189100750326, -33.522313962596861 ], [ -70.560989321365625, -33.522317601120037 ], [ -70.560593977005652, -33.522321593732421 ], [ -70.560128559789561, -33.522317783280016 ], [ -70.559632625204273, -33.522313971247847 ], [ -70.55930454297048, -33.522310157679762 ], [ -70.55914968861029, -33.522317172149009 ], [ -70.55887738581751, -33.522312530692759 ], [ -70.558859612389057, -33.523578670305689 ], [ -70.55722796193254, -33.523416199871427 ], [ -70.557206360816139, -33.523580495595809 ], [ -70.557120937405386, -33.523785462892555 ], [ -70.557065177721284, -33.524330194338724 ], [ -70.557032229071666, -33.524717156723796 ], [ -70.556740552059225, -33.526112041937175 ], [ -70.556354735501657, -33.526096748425651 ], [ -70.556149714562949, -33.527159670423593 ], [ -70.556124436360307, -33.527354954831445 ], [ -70.555924625970306, -33.528307682948601 ], [ -70.555921311569207, -33.52836784962772 ], [ -70.555836960277006, -33.528765440723433 ], [ -70.555797555721355, -33.528951173586968 ], [ -70.555717943116491, -33.530201766999298 ], [ -70.555721276253777, -33.530387840319641 ], [ -70.555777804431074, -33.530680619860227 ], [ -70.55580207470355, -33.531081179272462 ], [ -70.555339687303672, -33.53222135614611 ], [ -70.555299054587323, -33.532301124776502 ], [ -70.556269771343239, -33.532284505015511 ], [ -70.55665513584249, -33.532279951137056 ], [ -70.556593256850022, -33.532984731603868 ], [ -70.556546346925728, -33.533323671582103 ], [ -70.556487733832228, -33.533747165391546 ], [ -70.55637796115758, -33.534272586729237 ], [ -70.556590017445416, -33.534313506355609 ], [ -70.557332015446789, -33.534359710370929 ], [ -70.557772711243786, -33.534604234737124 ], [ -70.55758423810903, -33.534806989645887 ], [ -70.557321490365496, -33.535091844963887 ], [ -70.557188055520513, -33.53539278626068 ], [ -70.557206204004999, -33.535685390964197 ], [ -70.557207183837008, -33.536193682012438 ], [ -70.55687399749867, -33.536148013638105 ], [ -70.556382450944952, -33.536066297801085 ], [ -70.556166692120527, -33.536029448396569 ], [ -70.555726702760083, -33.537423745303158 ], [ -70.555337351060118, -33.538657540811457 ], [ -70.55471028976261, -33.54064452486827 ], [ -70.554693183923803, -33.54069872676898 ], [ -70.554629305669238, -33.540901133683967 ], [ -70.555618375378799, -33.541064522917146 ], [ -70.555742729018462, -33.541163108376544 ], [ -70.555666348134437, -33.541241696700148 ], [ -70.555604389971677, -33.541298366073619 ], [ -70.555407126282546, -33.541452990319904 ], [ -70.555237676799493, -33.54157649625644 ], [ -70.555185539657117, -33.541620464244204 ], [ -70.555099086656398, -33.541703347906775 ], [ -70.555025145658249, -33.541796456203336 ], [ -70.554980778068256, -33.541877674850049 ], [ -70.554958771479704, -33.541927878301173 ], [ -70.55493360057045, -33.541993824133932 ], [ -70.55491738133226, -33.542073659321943 ], [ -70.554909997291631, -33.542168876955493 ], [ -70.554921941546141, -33.542404248512021 ], [ -70.554925577972313, -33.542479738202331 ], [ -70.554941172517672, -33.542915399708164 ], [ -70.55497471841359, -33.543522650265466 ], [ -70.555025237821894, -33.544437079356463 ], [ -70.555023950444152, -33.544572804461815 ], [ -70.555195786887538, -33.544525925999245 ], [ -70.55537737481329, -33.544473611210165 ], [ -70.555528143102407, -33.544430176838119 ], [ -70.555907439257439, -33.544316348592908 ], [ -70.556924235421846, -33.544016309281275 ], [ -70.557099719527088, -33.543981975456681 ], [ -70.557221797697977, -33.543966715887905 ], [ -70.557725360632503, -33.543943821229654 ], [ -70.557795153072078, -33.543946797426734 ], [ -70.557842679340894, -33.543946199369302 ], [ -70.558281181399039, -33.543929966804349 ], [ -70.558756240578873, -33.543913265176919 ], [ -70.55926657931802, -33.543894223534103 ], [ -70.559785406279786, -33.543871330256728 ], [ -70.56027371199022, -33.543852253646648 ], [ -70.560345957356731, -33.543850533236665 ], [ -70.560754389620996, -33.543840808757174 ], [ -70.561235065744825, -33.543817912420181 ], [ -70.561761520652155, -33.543798837620216 ], [ -70.562295605936654, -33.543775946957368 ], [ -70.562806801533725, -33.543756869098686 ], [ -70.563272219588825, -33.543741606570052 ], [ -70.563827688272482, -33.54372587754699 ], [ -70.56437090779292, -33.543711081803693 ], [ -70.564836325248137, -33.543695822424255 ], [ -70.565317001456265, -33.543669113563745 ], [ -70.565402905185579, -33.543668372743568 ], [ -70.565759530083398, -33.543665295723137 ], [ -70.566179168843803, -33.54365003492692 ], [ -70.566606436456581, -33.54364621594118 ], [ -70.566830464016206, -33.54364137507762 ], [ -70.566811725376112, -33.541757700051896 ], [ -70.567509335790461, -33.541727751057003 ], [ -70.568464353197385, -33.541688052192335 ], [ -70.569742660601733, -33.541623900178749 ], [ -70.569811280562561, -33.541585949691978 ], [ -70.570668261624718, -33.541543779448197 ], [ -70.570889216763135, -33.541530577911097 ], [ -70.570492499291291, -33.542447875910717 ], [ -70.572167713200699, -33.542441240639612 ], [ -70.571666570717426, -33.543654900509516 ], [ -70.571954920358763, -33.543650003905377 ], [ -70.572107093392077, -33.544010860625939 ], [ -70.570584648548532, -33.547453472572016 ], [ -70.570581871306445, -33.547513904854455 ], [ -70.570685081154238, -33.547512629602267 ], [ -70.572367944534079, -33.547495213559856 ], [ -70.5774580226268, -33.547390976629551 ], [ -70.581524997207083, -33.547287763023249 ], [ -70.582880045405432, -33.547265323039753 ], [ -70.584659372071854, -33.547235834208607 ], [ -70.584660491240328, -33.54717231170423 ], [ -70.584654435389993, -33.547172501052657 ], [ -70.584607112494709, -33.54506443332702 ], [ -70.585235585610732, -33.545056387003356 ], [ -70.585424910572542, -33.544020945618819 ], [ -70.585531736409081, -33.543463951514042 ], [ -70.585650394769004, -33.543462990858139 ], [ -70.586337076395438, -33.543451542187128 ], [ -70.586998364263522, -33.54344094190845 ], [ -70.587046645823833, -33.543436279181087 ], [ -70.587274111689268, -33.542927272413223 ], [ -70.587349806175624, -33.542757888205685 ], [ -70.587385510247927, -33.542664043006106 ], [ -70.587786721604473, -33.541761583849834 ], [ -70.587438045067884, -33.541770082855876 ], [ -70.587573372832694, -33.541443263687647 ], [ -70.587830572495164, -33.541426421581285 ], [ -70.587840125901252, -33.541353401073017 ], [ -70.587939711966456, -33.540953211267826 ], [ -70.587952287171873, -33.540902683141134 ], [ -70.588252120580961, -33.539697781433979 ], [ -70.588124020230367, -33.539701779413107 ], [ -70.587214536053295, -33.539691516761913 ], [ -70.586969750037099, -33.539689877838818 ], [ -70.585673249924525, -33.539705428813342 ], [ -70.584406709764963, -33.539693988900062 ], [ -70.583702377867056, -33.53969719485557 ], [ -70.583567430857798, -33.539697809992298 ], [ -70.583102010073688, -33.539709256239284 ], [ -70.581797316981195, -33.539709265300019 ], [ -70.581080117217297, -33.539701640120818 ], [ -70.580507882028385, -33.539697829075379 ], [ -70.580369634494772, -33.539701007968652 ], [ -70.580121268508393, -33.53969788702701 ], [ -70.580146569468013, -33.543518378071113 ], [ -70.579992631293166, -33.543548566348846 ], [ -70.579348186621971, -33.543581288585727 ], [ -70.578508909794536, -33.543592737849394 ], [ -70.577875639076694, -33.543607999427039 ], [ -70.576932211139862, -33.543611010402877 ], [ -70.576939019009075, -33.543061528400095 ], [ -70.576813327005112, -33.543063129411699 ], [ -70.576889153191772, -33.541700599097901 ], [ -70.57670489477843, -33.541713084256493 ], [ -70.576242443233454, -33.541715722970402 ], [ -70.575409414295777, -33.541701508229728 ], [ -70.574804380087016, -33.541691178605568 ], [ -70.57485303434548, -33.541428768788514 ], [ -70.574991447199764, -33.540816946507981 ], [ -70.575127641340941, -33.540195237606987 ], [ -70.575165349317061, -33.540022346837532 ], [ -70.575288731279088, -33.539843167833141 ], [ -70.575373031440719, -33.539720747313311 ], [ -70.575196995305873, -33.539718351830246 ], [ -70.574091230080342, -33.539728384804242 ], [ -70.573374027436955, -33.539716945342924 ], [ -70.573314329770639, -33.539959386131812 ], [ -70.573255614862788, -33.540197835544156 ], [ -70.573174460070177, -33.540527421813337 ], [ -70.571494867693843, -33.540537071059255 ], [ -70.571348415699589, -33.540538848813753 ], [ -70.571680999629734, -33.539755842482862 ], [ -70.572604805706462, -33.537582194104033 ], [ -70.572868473771067, -33.536869987564195 ], [ -70.573126810399913, -33.536326289532866 ], [ -70.572563521029181, -33.536228169798854 ], [ -70.571767024390041, -33.536210210035783 ], [ -70.566910764224076, -33.536085148089427 ], [ -70.566881046974785, -33.536302750972347 ], [ -70.566377478776147, -33.53628367781365 ], [ -70.565881543678373, -33.536268423601683 ], [ -70.565385607874205, -33.536245537043285 ], [ -70.564889190670144, -33.536230045957801 ], [ -70.564759958692576, -33.53622483804363 ], [ -70.564790483045073, -33.536161616505041 ], [ -70.565133815539895, -33.53541391633015 ], [ -70.566903927754026, -33.535471125231226 ], [ -70.568635898778993, -33.535528337484521 ], [ -70.568752953484918, -33.535532167961172 ], [ -70.571273861619645, -33.531804473998086 ], [ -70.5713343968917, -33.531801388081981 ], [ -70.572489212402871, -33.528439595069301 ], [ -70.572885612866997, -33.527414261521713 ], [ -70.573173184259971, -33.527520386006529 ], [ -70.573636188795888, -33.526787397099469 ], [ -70.575295229024618, -33.527324439604364 ], [ -70.575581861835303, -33.527419048645285 ], [ -70.575694314525975, -33.527150920369387 ], [ -70.576208045361795, -33.527291767653772 ], [ -70.576231396297857, -33.527193212741878 ], [ -70.576172112786338, -33.527158875474534 ], [ -70.576219830791857, -33.527074724605804 ], [ -70.576416719400129, -33.526753871421739 ], [ -70.576418202011297, -33.52671613272495 ], [ -70.576364792409848, -33.526666541208819 ], [ -70.576830205801897, -33.525899765536487 ], [ -70.576723247558988, -33.525853630061562 ], [ -70.576978090551947, -33.525431623197917 ], [ -70.576869977135772, -33.525386833646699 ], [ -70.57711794619992, -33.524966360564036 ], [ -70.577040555176822, -33.524935342157363 ], [ -70.577245719441819, -33.524674732567739 ], [ -70.57721931171352, -33.524526440571456 ], [ -70.577478720946146, -33.524099183618887 ], [ -70.577378980842795, -33.524057373866647 ], [ -70.577621018427905, -33.523607718266945 ], [ -70.576967518365024, -33.523343857948106 ], [ -70.576802803927649, -33.523644115824418 ], [ -70.576388379013764, -33.523464880034084 ], [ -70.576165729771617, -33.523489238975209 ], [ -70.576136088047789, -33.523487964108725 ], [ -70.576036623176108, -33.523446176800185 ], [ -70.575549006255059, -33.523230496106152 ], [ -70.575448396885633, -33.523187611823474 ], [ -70.575578894377074, -33.522970019683662 ], [ -70.575418666782767, -33.522897537472382 ], [ -70.575258440248888, -33.522867020692679 ], [ -70.574388644462516, -33.522855581470935 ], [ -70.574239782485137, -33.522852481448901 ], [ -70.57418127323767, -33.522846461523713 ], [ -70.574083451101501, -33.522825065511235 ], [ -70.573915595772689, -33.522760213058575 ], [ -70.57397189245917, -33.522620168688164 ], [ -70.574028195186358, -33.522443860804771 ], [ -70.574482618059577, -33.522452716090285 ], [ -70.57488493172319, -33.522464744915396 ], [ -70.574777756175024, -33.521775993901493 ], [ -70.575980367307395, -33.521770596947917 ], [ -70.575924679513435, -33.521424816138612 ], [ -70.575868806556201, -33.52107788149187 ], [ -70.575800471531579, -33.520639181135472 ], [ -70.57579415083481, -33.520598608056716 ], [ -70.575772303163916, -33.520450526320012 ], [ -70.57571098305435, -33.520075541840818 ], [ -70.575662795324149, -33.519780856737505 ], [ -70.575578862285226, -33.519624449182984 ], [ -70.575421933807206, -33.519471884899261 ], [ -70.575304187723944, -33.519357415736025 ], [ -70.575189740295841, -33.519178122557889 ], [ -70.575128631385851, -33.518983255362365 ], [ -70.575105809841645, -33.518808087692953 ], [ -70.575115721256978, -33.518639514508266 ], [ -70.575166843613488, -33.518426608133474 ], [ -70.575250771731348, -33.518281646662608 ], [ -70.575351104536722, -33.518152415376434 ], [ -70.575472032330865, -33.518003166558081 ], [ -70.57549491999697, -33.51792686928512 ], [ -70.575492927743554, -33.517916038418683 ], [ -70.575450373428296, -33.517684667359248 ], [ -70.575433879796847, -33.517594982910715 ], [ -70.574182597972239, -33.517785730088924 ], [ -70.574155131722847, -33.517603182931907 ], [ -70.574052882372911, -33.516923589181097 ], [ -70.574052545814311, -33.516920938474541 ], [ -70.573595095259037, -33.516976999877478 ], [ -70.573175457594971, -33.517034224210121 ], [ -70.57275581968706, -33.517072373446673 ], [ -70.572328549509663, -33.517091450689037 ], [ -70.571893653205649, -33.517110527659923 ], [ -70.571466383551964, -33.517125788990612 ], [ -70.571039115872637, -33.517141050627039 ], [ -70.570611847966916, -33.517152497858717 ], [ -70.569436859911292, -33.517205912581311 ], [ -70.568994653801539, -33.517247703433469 ], [ -70.569002767466856, -33.517287713122641 ] ], [ [ -70.571596271113251, -33.522454382425188 ], [ -70.571412638654962, -33.522939635648783 ], [ -70.571123094899264, -33.522851785652357 ], [ -70.571288066396747, -33.522451555026194 ], [ -70.571324012320105, -33.522452794355992 ], [ -70.571596271113251, -33.522454382425188 ] ], [ [ -70.571787666942939, -33.523053420538176 ], [ -70.57188296942283, -33.522867563287825 ], [ -70.572107193849845, -33.52294007548393 ], [ -70.572032380943355, -33.523127788480096 ], [ -70.571787666942939, -33.523053420538176 ] ], [ [ -70.571229914286121, -33.523286670058397 ], [ -70.571135169659584, -33.523523595704084 ], [ -70.570870506270751, -33.523442414140554 ], [ -70.570974908504596, -33.523203573331273 ], [ -70.571229914286121, -33.523286670058397 ] ], [ [ -70.571565629197465, -33.523633814616154 ], [ -70.571657183858974, -33.523416370764814 ], [ -70.571863189093861, -33.523469777605705 ], [ -70.571771636169146, -33.52369484924229 ], [ -70.571565629197465, -33.523633814616154 ] ], [ [ -70.567628690400056, -33.527765252193682 ], [ -70.567155646146119, -33.527975069517808 ], [ -70.567292981031358, -33.527723292124719 ], [ -70.567628690400056, -33.527765252193682 ] ], [ [ -70.567252743062113, -33.528926988513319 ], [ -70.567199807004812, -33.529022783382935 ], [ -70.567100447348977, -33.528990715649989 ], [ -70.56660496458646, -33.530235678361016 ], [ -70.566456577713396, -33.530192693337206 ], [ -70.566410116099703, -33.530147116519075 ], [ -70.56651998482559, -33.530083451709565 ], [ -70.566659721764665, -33.529790910840852 ], [ -70.566819949869043, -33.529386541728726 ], [ -70.567003060102152, -33.528959284816828 ], [ -70.567071725924151, -33.528783803798326 ], [ -70.566964910244877, -33.528551102228796 ], [ -70.566904235540861, -33.528466066467089 ], [ -70.566861670835792, -33.528437102666892 ], [ -70.566453709582063, -33.528314587020439 ], [ -70.566568153015325, -33.52800559037842 ], [ -70.566865715854917, -33.528093328546646 ], [ -70.56680841555746, -33.528229232298202 ], [ -70.567023435992667, -33.52852549817279 ], [ -70.567252743062113, -33.528926988513319 ] ], [ [ -70.562871594361994, -33.529822145406243 ], [ -70.563073082748019, -33.530256301916147 ], [ -70.563151149970381, -33.530454952457553 ], [ -70.56324837707605, -33.530890424786655 ], [ -70.563284230845014, -33.531226855673061 ], [ -70.563140670312364, -33.531528120359489 ], [ -70.562773457839612, -33.531819730209627 ], [ -70.562434912162161, -33.532048590546964 ], [ -70.562300086561436, -33.532192105295934 ], [ -70.562224192708996, -33.53218800632942 ], [ -70.562361982202617, -33.531928570161639 ], [ -70.562470857364474, -33.531645637229239 ], [ -70.562550473961281, -33.531320123836657 ], [ -70.562543724062735, -33.53062824200218 ], [ -70.562357679454976, -33.530105648490881 ], [ -70.56219258945373, -33.529797539220503 ], [ -70.562099466356003, -33.529688954245579 ], [ -70.562489457020334, -33.52951223428542 ], [ -70.562173418981217, -33.529048547704789 ], [ -70.56202530236493, -33.529050416279247 ], [ -70.561811279132584, -33.529506473680016 ], [ -70.561587645735486, -33.529428167478983 ], [ -70.561382438416416, -33.529387804757199 ], [ -70.561393731311981, -33.529035638679659 ], [ -70.561401523913503, -33.528900800793529 ], [ -70.562295125180668, -33.528898232902819 ], [ -70.56245664813126, -33.529116183450768 ], [ -70.562656337159581, -33.529450547202622 ], [ -70.562871594361994, -33.529822145406243 ] ], [ [ -70.563695289496039, -33.530859414086223 ], [ -70.564206606751085, -33.530843442319942 ], [ -70.564026522401008, -33.531273701612932 ], [ -70.563964177290345, -33.531404345220267 ], [ -70.563806196576053, -33.531320657844191 ], [ -70.563695289496039, -33.530859414086223 ] ], [ [ -70.565209145345918, -33.531021235835226 ], [ -70.565320673096338, -33.530753476331633 ], [ -70.565446595916455, -33.53069120754045 ], [ -70.565446596398331, -33.530786577697583 ], [ -70.565522898798335, -33.531141351832431 ], [ -70.565184867544261, -33.53118262913209 ], [ -70.565209145345918, -33.531021235835226 ] ], [ [ -70.565576299842945, -33.530382208263333 ], [ -70.565759412044486, -33.5299740249664 ], [ -70.565895504029569, -33.530035271434876 ], [ -70.565885266975769, -33.530127971785703 ], [ -70.56593200215373, -33.53037387210474 ], [ -70.565576299842945, -33.530382208263333 ] ], [ [ -70.56181483618208, -33.533155582432634 ], [ -70.561570688539319, -33.533697282704175 ], [ -70.561502022136139, -33.534025355617139 ], [ -70.561433357823887, -33.534322908772772 ], [ -70.56120446879693, -33.53482264679306 ], [ -70.560891650924063, -33.53532238737214 ], [ -70.560441494254448, -33.535364351248596 ], [ -70.560625263032961, -33.534978591889995 ], [ -70.560918017176405, -33.534687926943178 ], [ -70.561033593157731, -33.534486835607474 ], [ -70.561115341814485, -33.53406158016147 ], [ -70.561167073521361, -33.533624227231542 ], [ -70.561394585349248, -33.53312518117378 ], [ -70.561785362530387, -33.532381191282205 ], [ -70.562148466783896, -33.532353495006973 ], [ -70.561982686765262, -33.53252995507242 ], [ -70.561944540089769, -33.53278173269328 ], [ -70.56181483618208, -33.533155582432634 ] ], [ [ -70.558859610058363, -33.535345393997112 ], [ -70.558740045725727, -33.535429212856435 ], [ -70.558705079820228, -33.535397856372526 ], [ -70.558765264082695, -33.535329334349711 ], [ -70.558814408593761, -33.535278354786612 ], [ -70.558878420309725, -33.535218792891456 ], [ -70.559004351509799, -33.535122783072239 ], [ -70.559142761606026, -33.535024514723197 ], [ -70.559193280382999, -33.534989939111007 ], [ -70.559351566092928, -33.535150855669805 ], [ -70.559320490821932, -33.535158716891743 ], [ -70.559194457135604, -33.535191489369588 ], [ -70.55907099578198, -33.535228387662208 ], [ -70.558992327592804, -33.535270957970482 ], [ -70.558859610058363, -33.535345393997112 ] ], [ [ -70.557954182009624, -33.535394884683456 ], [ -70.558389083240485, -33.535658102385831 ], [ -70.557755812136492, -33.53584884532367 ], [ -70.557822189909103, -33.535638268165606 ], [ -70.557870255929345, -33.535520773704462 ], [ -70.557954182009624, -33.535394884683456 ] ], [ [ -70.566274162689865, -33.533870130987822 ], [ -70.566404623162711, -33.533484857409562 ], [ -70.567012304229607, -33.53350056866843 ], [ -70.566920619541634, -33.53388684374864 ], [ -70.566274162689865, -33.533870130987822 ] ], [ [ -70.572305969377823, -33.536501283543977 ], [ -70.572259985248763, -33.536636346975989 ], [ -70.571812737550388, -33.536499465953376 ], [ -70.571809892365934, -33.536550682537502 ], [ -70.571780234926734, -33.536619159581392 ], [ -70.571343821177663, -33.536501895627261 ], [ -70.57128343875776, -33.536657498391754 ], [ -70.570352601263551, -33.536379024690795 ], [ -70.572313459777547, -33.536420976361576 ], [ -70.572305969377823, -33.536501283543977 ] ], [ [ -70.570360237833455, -33.537233536792606 ], [ -70.569984771174816, -33.538139274009119 ], [ -70.569970380202534, -33.537464913544902 ], [ -70.569887193911455, -33.53744335417062 ], [ -70.570032157116231, -33.537134355540687 ], [ -70.570360237833455, -33.537233536792606 ] ], [ [ -70.570001642053526, -33.538297866336215 ], [ -70.569916513925023, -33.538489734474801 ], [ -70.569483399410288, -33.538387259120412 ], [ -70.569425439071537, -33.538519466679915 ], [ -70.568997686581838, -33.538416318324423 ], [ -70.56893891137625, -33.538545965788195 ], [ -70.568503885265727, -33.53844415782573 ], [ -70.568451583293154, -33.538564184436609 ], [ -70.568022381170422, -33.538453409878997 ], [ -70.567827162436785, -33.538904429301553 ], [ -70.567684683322497, -33.53890881455731 ], [ -70.567886405718198, -33.538406597430189 ], [ -70.568048422090826, -33.53839324925432 ], [ -70.568544357734709, -33.538351281763447 ], [ -70.569047923810047, -33.538305498258282 ], [ -70.569333868293555, -33.538279441991961 ], [ -70.569507638545559, -33.538275440962039 ], [ -70.569924745360751, -33.538295612910034 ], [ -70.570001642053526, -33.538297866336215 ] ], [ [ -70.577280528303007, -33.545286509912742 ], [ -70.577211861615964, -33.545427658182831 ], [ -70.577166083930436, -33.545492509035839 ], [ -70.577112672719977, -33.545549731193034 ], [ -70.577080674003753, -33.545785171443605 ], [ -70.577063177042277, -33.545842373421941 ], [ -70.576634198585822, -33.545695611517509 ], [ -70.576662514565882, -33.545637476391093 ], [ -70.576861354100728, -33.545628542594869 ], [ -70.576978521620816, -33.545610790171331 ], [ -70.576967160646078, -33.545188027891115 ], [ -70.577028744529144, -33.54518732724631 ], [ -70.577280528303007, -33.545286509912742 ] ], [ [ -70.575644000236196, -33.545649311643722 ], [ -70.575549157933594, -33.545848523406001 ], [ -70.575079244318417, -33.545724691010527 ], [ -70.57507096735516, -33.545820530436202 ], [ -70.575050073517389, -33.54589543310076 ], [ -70.574610105805959, -33.545763375632148 ], [ -70.574648255283932, -33.545717597121183 ], [ -70.574709292716705, -33.545694707960109 ], [ -70.575083151301328, -33.545679445447668 ], [ -70.575644000236196, -33.545649311643722 ] ], [ [ -70.578003115270249, -33.545521854255732 ], [ -70.57806659175688, -33.545352982915652 ], [ -70.578478406982853, -33.54548868769762 ], [ -70.578333444828331, -33.545812945410816 ], [ -70.578155668346909, -33.54575502145223 ], [ -70.578213777755977, -33.545587380917567 ], [ -70.578003115270249, -33.545521854255732 ] ], [ [ -70.579158138275133, -33.545527434701228 ], [ -70.579245955131967, -33.545402917839937 ], [ -70.579385119657132, -33.545469754998855 ], [ -70.57936363184082, -33.545712928250744 ], [ -70.579085238905165, -33.545704945393034 ], [ -70.579111486490547, -33.545613127734661 ], [ -70.579158138275133, -33.545527434701228 ] ], [ [ -70.583987124288086, -33.546830165716003 ], [ -70.583996228227875, -33.547192917594344 ], [ -70.583651561724736, -33.547198294185058 ], [ -70.583646518233436, -33.546921884072752 ], [ -70.583439315383529, -33.5469245364526 ], [ -70.583437699332961, -33.546837077565463 ], [ -70.583987124288086, -33.546830165716003 ] ], [ [ -70.563905345758968, -33.526823021729072 ], [ -70.564035459827267, -33.526510470916826 ], [ -70.564631548470189, -33.52658874407733 ], [ -70.564508098866568, -33.526887867813052 ], [ -70.564371715017941, -33.526872082785353 ], [ -70.563905345758968, -33.526823021729072 ] ], [ [ -70.563427513550153, -33.52645623403923 ], [ -70.563308561914525, -33.526745785557836 ], [ -70.562643717999876, -33.526677729280244 ], [ -70.562780719732174, -33.525899472793711 ], [ -70.562891726961695, -33.525913346967677 ], [ -70.563002180570393, -33.525434722676643 ], [ -70.56309127373045, -33.525445996446919 ], [ -70.563209865434175, -33.524951846148433 ], [ -70.563417022637495, -33.524980482871143 ], [ -70.563211020787634, -33.525461147035443 ], [ -70.563027911632247, -33.525930367169252 ], [ -70.562840577477303, -33.526371936153481 ], [ -70.563427513550153, -33.52645623403923 ] ], [ [ -70.562195331363554, -33.525332630055878 ], [ -70.562117185224565, -33.525832116701032 ], [ -70.562264931758648, -33.525835001808886 ], [ -70.56221915344166, -33.52603718697975 ], [ -70.561879804390415, -33.525994773696873 ], [ -70.561930958818692, -33.525499596606096 ], [ -70.561685064576963, -33.52546497081201 ], [ -70.561723210945559, -33.525274232489345 ], [ -70.562195331363554, -33.525332630055878 ] ], [ [ -70.558205645446392, -33.526230728800606 ], [ -70.558159975129044, -33.526618228354657 ], [ -70.557992747716739, -33.526605212425295 ], [ -70.558022151495237, -33.5263887071143 ], [ -70.557787961579237, -33.526374492570667 ], [ -70.557797297398011, -33.526195828947245 ], [ -70.558205645446392, -33.526230728800606 ] ], [ [ -70.557468102472455, -33.524404888812263 ], [ -70.557494950122916, -33.524333313731333 ], [ -70.557756109544556, -33.524340893981574 ], [ -70.558007494952946, -33.524366338366171 ], [ -70.558049833141354, -33.524370101094263 ], [ -70.558007526485483, -33.524692942216511 ], [ -70.557816751729362, -33.524675334326702 ], [ -70.557267404429197, -33.524618120213027 ], [ -70.557299533769097, -33.524534534906671 ], [ -70.557468102472455, -33.524404888812263 ] ], [ [ -70.559113804668002, -33.523363040393413 ], [ -70.559118738292753, -33.523219239115917 ], [ -70.559613551618398, -33.523229757023678 ], [ -70.559609742341451, -33.523412629478003 ], [ -70.559113804668002, -33.523363040393413 ] ] ] ] } },
{ "type": "Feature", "properties": { "objectid": 17093, "cod_region": "13", "region": "Región Metropolitana De Santiago", "cut_provincia": "131", "provincia": "Santiago", "cut_comuna": "13110", "comuna": "La Florida", "zona": "U-VEV3", "nombre_zona": "U-VEV3 Zona de Vivienda y Equipamiento Vecinal N°3", "uperm": "Residencial; equipamiento de comercio, culto, deporte, educación, esparcimiento, salud, seguridad, servicios, social, oficina, turismo; espacio público y áreas verdes.", "uproh": "Todo uso no mencionado como permitido.", "srid": "EPSG: 4326" }, "geometry": { "type": "MultiPolygon", "coordinates": [ [ [ [ -70.55333466320613, -33.540377352705271 ], [ -70.553304961214494, -33.540867727030353 ], [ -70.553177199545104, -33.540861694161357 ], [ -70.553158913352434, -33.541050066775753 ], [ -70.552924918910861, -33.54186725733566 ], [ -70.552826116669024, -33.542078472217177 ], [ -70.552749490472607, -33.542085918370901 ], [ -70.552662169626075, -33.542342683895939 ], [ -70.552169054849244, -33.54358275714435 ], [ -70.552176305624712, -33.543988251168571 ], [ -70.552264463683684, -33.544630508692457 ], [ -70.552399524466836, -33.545326357975263 ], [ -70.554441329527705, -33.544740098686738 ], [ -70.555023950444152, -33.544572804461815 ], [ -70.555025237821894, -33.544437079356463 ], [ -70.55497471841359, -33.543522650265466 ], [ -70.554941172517672, -33.542915399708164 ], [ -70.554925577972313, -33.542479738202331 ], [ -70.554921941546141, -33.542404248512021 ], [ -70.554909997291631, -33.542168876955493 ], [ -70.55491738133226, -33.542073659321943 ], [ -70.55493360057045, -33.541993824133932 ], [ -70.554958771479704, -33.541927878301173 ], [ -70.554980778068256, -33.541877674850049 ], [ -70.555025145658249, -33.541796456203336 ], [ -70.555099086656398, -33.541703347906775 ], [ -70.555185539657117, -33.541620464244204 ], [ -70.555237676799493, -33.54157649625644 ], [ -70.555407126282546, -33.541452990319904 ], [ -70.555604389971677, -33.541298366073619 ], [ -70.555666348134437, -33.541241696700148 ], [ -70.555742729018462, -33.541163108376544 ], [ -70.555618375378799, -33.541064522917146 ], [ -70.554629305669238, -33.540901133683967 ], [ -70.554693183923803, -33.54069872676898 ], [ -70.554637897160788, -33.540686657455417 ], [ -70.55333466320613, -33.540377352705271 ] ] ] ] } },
{ "type": "Feature", "properties": { "objectid": 17094, "cod_region": "13", "region": "Región Metropolitana De Santiago", "cut_provincia": "131", "provincia": "Santiago", "cut_comuna": "13110", "comuna": "La Florida", "zona": "U-VEV3", "nombre_zona": "U-VEV3 Zona de Vivienda y Equipamiento Vecinal N°3", "uperm": "Residencial; equipamiento de comercio, culto, deporte, educación, esparcimiento, salud, seguridad, servicios, social, oficina, turismo; espacio público y áreas verdes.", "uproh": "Todo uso no mencionado como permitido.", "srid": "EPSG: 4326" }, "geometry": { "type": "MultiPolygon", "coordinates": [ [ [ [ -70.591172358656564, -33.536113644141572 ], [ -70.590616042751918, -33.53592737667563 ], [ -70.590527347609566, -33.536118012695063 ], [ -70.589963974819341, -33.535950194059197 ], [ -70.589868015496137, -33.536160813536775 ], [ -70.589317850704347, -33.53597212187416 ], [ -70.589212652829204, -33.536177004823045 ], [ -70.58865340296866, -33.535995161619404 ], [ -70.58855051258584, -33.536220307261267 ], [ -70.588506708685145, -33.536316158692877 ], [ -70.588482553052955, -33.53636901427933 ], [ -70.587840221298947, -33.537792250512126 ], [ -70.587392312656107, -33.538760198634037 ], [ -70.587252611093803, -33.539056902341379 ], [ -70.58700777707972, -33.539616163208763 ], [ -70.586969750037099, -33.539689877838818 ], [ -70.587214536053295, -33.539691516761913 ], [ -70.588124020230367, -33.539701779413107 ], [ -70.588252120580961, -33.539697781433979 ], [ -70.58826738059318, -33.539697780457956 ], [ -70.588572572735856, -33.539693963970045 ], [ -70.589114288068856, -33.539705405365417 ], [ -70.589564445023456, -33.539701588765482 ], [ -70.589602591938913, -33.539564256327871 ], [ -70.589808592722932, -33.539121739695254 ], [ -70.58991386575903, -33.538891456380298 ], [ -70.590174814702792, -33.538320630910434 ], [ -70.590815707566918, -33.536897711048518 ], [ -70.590947440706245, -33.536635849520444 ], [ -70.591044589749501, -33.536417048857707 ], [ -70.591081674105496, -33.536325767695601 ], [ -70.591143780800792, -33.536172900480551 ], [ -70.591172358656564, -33.536113644141572 ] ] ], [ [ [ -70.589162926633847, -33.534893772499295 ], [ -70.588969033352456, -33.535293261937753 ], [ -70.589533474990446, -33.535483331215794 ], [ -70.589662739850141, -33.535219653020313 ], [ -70.59022155272794, -33.535396795233929 ], [ -70.590293646298093, -33.535240995467525 ], [ -70.590850695634444, -33.535410266511391 ], [ -70.590947811582836, -33.535221863191893 ], [ -70.591507997361248, -33.535401213020322 ], [ -70.59160155846476, -33.535192497144735 ], [ -70.591783514964177, -33.534821308563849 ], [ -70.591792299952417, -33.534803388213973 ], [ -70.591983041823795, -33.534349427062011 ], [ -70.592189043922119, -33.533903095402728 ], [ -70.592402673546772, -33.533449135080161 ], [ -70.592593412499781, -33.533025692546694 ], [ -70.592799414105841, -33.532560288128522 ], [ -70.592250069536718, -33.532567920181229 ], [ -70.591501026428503, -33.532569136480959 ], [ -70.591372643079836, -33.532571737150178 ], [ -70.590365756099047, -33.532601142539527 ], [ -70.590198173319152, -33.532603667418094 ], [ -70.589793285730892, -33.533510187623506 ], [ -70.589639896619047, -33.533844565770423 ], [ -70.589460438967436, -33.534244954618146 ], [ -70.589162926633847, -33.534893772499295 ] ] ], [ [ [ -70.588969033352456, -33.535293261937753 ], [ -70.588923503331813, -33.535387069589255 ], [ -70.588857481666864, -33.535538918244249 ], [ -70.588969033352456, -33.535293261937753 ] ] ] ] } },
{ "type": "Feature", "properties": { "objectid": 17095, "cod_region": "13", "region": "Región Metropolitana De Santiago", "cut_provincia": "131", "provincia": "Santiago", "cut_comuna": "13110", "comuna": "La Florida", "zona": "U-VEV3", "nombre_zona": "U-VEV3 Zona de Vivienda y Equipamiento Vecinal N°3", "uperm": "Residencial; equipamiento de comercio, culto, deporte, educación, esparcimiento, salud, seguridad, servicios, social, oficina, turismo; espacio público y áreas verdes.", "uproh": "Todo uso no mencionado como permitido.", "srid": "EPSG: 4326" }, "geometry": { "type": "MultiPolygon", "coordinates": [ [ [ [ -70.586899545423208, -33.528618508426703 ], [ -70.58659028331337, -33.529712169288118 ], [ -70.586329326186089, -33.52970305138907 ], [ -70.586443770199082, -33.529325387015504 ], [ -70.586542953461191, -33.528982055756671 ], [ -70.586638216816326, -33.528670866991774 ], [ -70.58663141319839, -33.528663001877526 ], [ -70.586411262251815, -33.528654783390884 ], [ -70.585235840498612, -33.532685856511023 ], [ -70.585429036664863, -33.532682405254576 ], [ -70.586081116895684, -33.532668523822167 ], [ -70.586327049635258, -33.532662279916224 ], [ -70.586536520480607, -33.532664281878134 ], [ -70.587503704384943, -33.532644146341397 ], [ -70.587603526367886, -33.532636617691104 ], [ -70.588122353947355, -33.532640426999123 ], [ -70.588885330847262, -33.532621347725069 ], [ -70.590198173319152, -33.532603667418094 ], [ -70.590365756099047, -33.532601142539527 ], [ -70.591372643079836, -33.532571737150178 ], [ -70.591501026428503, -33.532569136480959 ], [ -70.592250069536718, -33.532567920181229 ], [ -70.592799414105841, -33.532560288128522 ], [ -70.592868081667191, -33.532380991585633 ], [ -70.593173266271506, -33.531766810086459 ], [ -70.593343391862419, -33.531380509017239 ], [ -70.593440396102878, -33.531181434852009 ], [ -70.593440351527619, -33.530780159971663 ], [ -70.593440298130858, -33.530271409434249 ], [ -70.593407196907066, -33.530271223974104 ], [ -70.592501939511578, -33.530249109530367 ], [ -70.592549149921979, -33.530002531655427 ], [ -70.592566060954482, -33.529911150569376 ], [ -70.592583658534721, -33.529857563306606 ], [ -70.592741249779408, -33.529475330890932 ], [ -70.593028274427056, -33.528756941186295 ], [ -70.592486559573331, -33.528749317875416 ], [ -70.592389601441681, -33.528742751415585 ], [ -70.592360986759488, -33.528821798149458 ], [ -70.591466596276888, -33.528820710955749 ], [ -70.591433647040617, -33.528737879826259 ], [ -70.59099111949898, -33.528730252098889 ], [ -70.590917248144308, -33.528906171409105 ], [ -70.590583874707576, -33.528833963327457 ], [ -70.590292770981307, -33.528856132096308 ], [ -70.590283750719664, -33.528906178360408 ], [ -70.58975808452918, -33.528792727927254 ], [ -70.589787630153339, -33.528686876594882 ], [ -70.589726042785486, -33.528684321544098 ], [ -70.589411752304869, -33.528673041447071 ], [ -70.589360369448684, -33.528671239014692 ], [ -70.589342282117656, -33.528721756921556 ], [ -70.588905464514454, -33.528726764167814 ], [ -70.588923445174856, -33.528669224278374 ], [ -70.588286964363945, -33.528657394852566 ], [ -70.587962092340277, -33.528646342391582 ], [ -70.587421047105138, -33.528633257504723 ], [ -70.587015997970397, -33.528623463078539 ], [ -70.586899545423208, -33.528618508426703 ] ], [ [ -70.588694558347186, -33.52939785414771 ], [ -70.58860300395871, -33.529718296384246 ], [ -70.588580115060353, -33.529745000880048 ], [ -70.588331651305595, -33.529748099958063 ], [ -70.588438163103945, -33.529389899616334 ], [ -70.588694558347186, -33.52939785414771 ] ], [ [ -70.589488060874729, -33.529771696293288 ], [ -70.589542147825114, -33.529572615907703 ], [ -70.590115914163079, -33.529704670059544 ], [ -70.590118970194496, -33.529575167607348 ], [ -70.59059523807953, -33.529672982976237 ], [ -70.59096216143719, -33.529811202692414 ], [ -70.590257490437423, -33.529799680729298 ], [ -70.590113704200078, -33.529798397994426 ], [ -70.589488060874729, -33.529771696293288 ] ], [ [ -70.589283256168187, -33.531396501723883 ], [ -70.589204747153161, -33.531577560441768 ], [ -70.589010733214707, -33.531516158920276 ], [ -70.589198137742585, -33.530908504232258 ], [ -70.589439785283048, -33.530904758577712 ], [ -70.589283256168187, -33.531396501723883 ] ] ] ] } },
{ "type": "Feature", "properties": { "objectid": 17096, "cod_region": "13", "region": "Región Metropolitana De Santiago", "cut_provincia": "131", "provincia": "Santiago", "cut_comuna": "13110", "comuna": "La Florida", "zona": "U-VEV3", "nombre_zona": "U-VEV3 Zona de Vivienda y Equipamiento Vecinal N°3", "uperm": "Residencial; equipamiento de comercio, culto, deporte, educación, esparcimiento, salud, seguridad, servicios, social, oficina, turismo; espacio público y áreas verdes.", "uproh": "Todo uso no mencionado como permitido.", "srid": "EPSG: 4326" }, "geometry": { "type": "MultiPolygon", "coordinates": [ [ [ [ -70.583498615514344, -33.522935636997332 ], [ -70.583450685645701, -33.523187116353235 ], [ -70.582908417281047, -33.523088773522765 ], [ -70.582890819433871, -33.523088363581614 ], [ -70.582828621763838, -33.523427749369127 ], [ -70.582699597480101, -33.524271765725935 ], [ -70.58262472153865, -33.524824418594399 ], [ -70.581904519027546, -33.528071253096535 ], [ -70.580780718988578, -33.532760414342036 ], [ -70.580903278506639, -33.532775733516978 ], [ -70.58107242698793, -33.532796875048057 ], [ -70.580835548248075, -33.533318986831283 ], [ -70.579852373301122, -33.535485973582169 ], [ -70.580996545873845, -33.535817227374196 ], [ -70.581100019941033, -33.535588005787183 ], [ -70.581672062957551, -33.535771166547754 ], [ -70.581736194374514, -33.535611265319474 ], [ -70.582309287380625, -33.535768761793534 ], [ -70.582412816016557, -33.535541488212779 ], [ -70.582911436311036, -33.535717896242303 ], [ -70.583042595988161, -33.535557137402726 ], [ -70.58361440018993, -33.535723518232729 ], [ -70.583730458361913, -33.535468633603031 ], [ -70.584296038903105, -33.535662755254073 ], [ -70.584370996035958, -33.535483997742553 ], [ -70.584930716370806, -33.535653917950015 ], [ -70.585028062824946, -33.535444913035064 ], [ -70.585591436204609, -33.535618098576947 ], [ -70.585677221017335, -33.535420486991569 ], [ -70.586250802551078, -33.535609731929803 ], [ -70.586354643929951, -33.53538076299585 ], [ -70.58690917477935, -33.53557314380884 ], [ -70.5870064716066, -33.535394096649412 ], [ -70.587571757452451, -33.53553422741124 ], [ -70.587665071054218, -33.535325993695132 ], [ -70.588204055944956, -33.535500391751981 ], [ -70.588313376678045, -33.535367980504361 ], [ -70.588857481666864, -33.535538918244249 ], [ -70.588923503331813, -33.535387069589255 ], [ -70.588969033352456, -33.535293261937753 ], [ -70.589162926633847, -33.534893772499295 ], [ -70.589460438967436, -33.534244954618146 ], [ -70.589639896619047, -33.533844565770423 ], [ -70.589793285730892, -33.533510187623506 ], [ -70.590198173319152, -33.532603667418094 ], [ -70.588885330847262, -33.532621347725069 ], [ -70.588122353947355, -33.532640426999123 ], [ -70.587603526367886, -33.532636617691104 ], [ -70.587503704384943, -33.532644146341397 ], [ -70.586536520480607, -33.532664281878134 ], [ -70.586327049635258, -33.532662279916224 ], [ -70.586081116895684, -33.532668523822167 ], [ -70.585429036664863, -33.532682405254576 ], [ -70.585235840498612, -33.532685856511023 ], [ -70.586411262251815, -33.528654783390884 ], [ -70.585365144797052, -33.52861572708553 ], [ -70.585256828777048, -33.528615977559369 ], [ -70.585011109064382, -33.528577927780759 ], [ -70.584752062529276, -33.528531695366951 ], [ -70.58468985526315, -33.528517108172032 ], [ -70.584674820212882, -33.528495810088188 ], [ -70.584580836231737, -33.52854079106487 ], [ -70.584471654695079, -33.528529598741777 ], [ -70.58557234669999, -33.523213866160219 ], [ -70.584022289960373, -33.522954042732891 ], [ -70.584009812415587, -33.523019559498714 ], [ -70.583498615514344, -33.522935636997332 ] ] ], [ [ [ -70.58799503726901, -33.536045242146955 ], [ -70.587922963438899, -33.536228644308665 ], [ -70.587333030764341, -33.536060679905511 ], [ -70.587232395252798, -33.536279531527718 ], [ -70.586663453742915, -33.536097406716998 ], [ -70.586591636659122, -33.536294839947132 ], [ -70.58602206836089, -33.536104041042265 ], [ -70.58591612608565, -33.536328390413793 ], [ -70.585348372731616, -33.536135306970849 ], [ -70.585251414341172, -33.536333063201724 ], [ -70.584697773810234, -33.536181105019352 ], [ -70.584609934648029, -33.536382672396364 ], [ -70.584025293529507, -33.536194351393085 ], [ -70.583936583467263, -33.536384983113415 ], [ -70.583391647499056, -33.536214683620535 ], [ -70.583295269913606, -33.536427888237469 ], [ -70.582719097656266, -33.53626018567072 ], [ -70.582630384592292, -33.536450814735481 ], [ -70.582080756140627, -33.536269325464815 ], [ -70.581972745802176, -33.536234632617145 ], [ -70.581850642227224, -33.536432707598614 ], [ -70.581420638576532, -33.536290813748494 ], [ -70.581306785323378, -33.536481764829148 ], [ -70.580771520334991, -33.536311734220625 ], [ -70.580656623342378, -33.536562380837395 ], [ -70.58008930085353, -33.536356941450009 ], [ -70.580008449495608, -33.536519394575599 ], [ -70.579461187523876, -33.536349809865321 ], [ -70.579357881728285, -33.536578976590775 ], [ -70.579109311623711, -33.537130386656649 ], [ -70.578598724854686, -33.538226405652409 ], [ -70.578348642793316, -33.538763214902581 ], [ -70.578127388215293, -33.539251511356717 ], [ -70.577946170555592, -33.539667295413544 ], [ -70.577928190319597, -33.539705757457618 ], [ -70.57903323981914, -33.539696957372051 ], [ -70.579653689163493, -33.539692011176783 ], [ -70.580121268508393, -33.53969788702701 ], [ -70.580369634494772, -33.539701007968652 ], [ -70.580507882028385, -33.539697829075379 ], [ -70.581080117217297, -33.539701640120818 ], [ -70.581797316981195, -33.539709265300019 ], [ -70.583102010073688, -33.539709256239284 ], [ -70.583567430857798, -33.539697809992298 ], [ -70.583702377867056, -33.53969719485557 ], [ -70.584406709764963, -33.539693988900062 ], [ -70.585673249924525, -33.539705428813342 ], [ -70.586969750037099, -33.539689877838818 ], [ -70.58700777707972, -33.539616163208763 ], [ -70.587252611093803, -33.539056902341379 ], [ -70.587392312656107, -33.538760198634037 ], [ -70.587840221298947, -33.537792250512126 ], [ -70.588482553052955, -33.53636901427933 ], [ -70.588506708685145, -33.536316158692877 ], [ -70.58855051258584, -33.536220307261267 ], [ -70.58799503726901, -33.536045242146955 ] ] ] ] } },
{ "type": "Feature", "properties": { "objectid": 17097, "cod_region": "13", "region": "Región Metropolitana De Santiago", "cut_provincia": "131", "provincia": "Santiago", "cut_comuna": "13110", "comuna": "La Florida", "zona": "U-VEV3", "nombre_zona": "U-VEV3 Zona de Vivienda y Equipamiento Vecinal N°3", "uperm": "Residencial; equipamiento de comercio, culto, deporte, educación, esparcimiento, salud, seguridad, servicios, social, oficina, turismo; espacio público y áreas verdes.", "uproh": "Todo uso no mencionado como permitido.", "srid": "EPSG: 4326" }, "geometry": { "type": "MultiPolygon", "coordinates": [ [ [ [ -70.574371733327695, -33.536127704763253 ], [ -70.574007276776683, -33.536966481036266 ], [ -70.573702092319905, -33.537649328340493 ], [ -70.572817054581733, -33.539705504368058 ], [ -70.573374027436955, -33.539716945342924 ], [ -70.574091230080342, -33.539728384804242 ], [ -70.575196995305873, -33.539718351830246 ], [ -70.575373031440719, -33.539720747313311 ], [ -70.575374546078805, -33.539717212723779 ], [ -70.575822686514073, -33.539714334826449 ], [ -70.576296852084283, -33.539711288082067 ], [ -70.576631949744623, -33.539713112002993 ], [ -70.57716882175842, -33.539711800170316 ], [ -70.57723943753291, -33.539711237836094 ], [ -70.577928190319597, -33.539705757457618 ], [ -70.577946170555592, -33.539667295413544 ], [ -70.578127388215293, -33.539251511356717 ], [ -70.578348642793316, -33.538763214902581 ], [ -70.578598724854686, -33.538226405652409 ], [ -70.579109311623711, -33.537130386656649 ], [ -70.579357881728285, -33.536578976590775 ], [ -70.578799346370261, -33.536394451520003 ], [ -70.57869335628375, -33.536557226193125 ], [ -70.578147638828, -33.536401991941545 ], [ -70.578064093301336, -33.536584509545847 ], [ -70.576903553443486, -33.53623914137362 ], [ -70.576803739544786, -33.536469956134205 ], [ -70.576207737916022, -33.536287104860413 ], [ -70.57615988661577, -33.536421063428328 ], [ -70.575612765235135, -33.536245802613429 ], [ -70.575569801287131, -33.536347135638756 ], [ -70.575007147620667, -33.536169034228507 ], [ -70.574917017519667, -33.536282476145381 ], [ -70.574371733327695, -33.536127704763253 ] ] ], [ [ [ -70.579527779419323, -33.532589504746753 ], [ -70.578626112883583, -33.534742097305184 ], [ -70.57843253581467, -33.534719543237081 ], [ -70.577600888013876, -33.534616546995935 ], [ -70.57751010204673, -33.534604937497143 ], [ -70.576828077328713, -33.534517214766126 ], [ -70.57645306056763, -33.534468623798624 ], [ -70.576397414596386, -33.534460725273149 ], [ -70.576321122294274, -33.534447922119007 ], [ -70.575838986121212, -33.534386918528376 ], [ -70.575400101372168, -33.53433053018739 ], [ -70.575182241188855, -33.534299936282451 ], [ -70.575029648308259, -33.534605120226061 ], [ -70.574907573676541, -33.534937008457675 ], [ -70.574764964794625, -33.535249326586026 ], [ -70.575769403364959, -33.535548735740136 ], [ -70.575914050391546, -33.535542264724612 ], [ -70.57647322978174, -33.53571348208127 ], [ -70.576521782029602, -33.535618116223858 ], [ -70.57710400791278, -33.535779472474026 ], [ -70.577154341090719, -33.535664921699684 ], [ -70.577676356495289, -33.535856070171143 ], [ -70.577718911110068, -33.535776570358223 ], [ -70.578356759876868, -33.535933715459066 ], [ -70.57842857960631, -33.535788365285981 ], [ -70.578481623675358, -33.535736961339879 ], [ -70.579014733893686, -33.535889306809551 ], [ -70.579111365971428, -33.535672844708031 ], [ -70.579690909982929, -33.535841838817568 ], [ -70.579852373301122, -33.535485973582169 ], [ -70.580835548248075, -33.533318986831283 ], [ -70.58107242698793, -33.532796875048057 ], [ -70.580903278506639, -33.532775733516978 ], [ -70.580780718988578, -33.532760414342036 ], [ -70.580584118767661, -33.532735842398012 ], [ -70.5799813638491, -33.532651918990325 ], [ -70.579527779419323, -33.532589504746753 ] ] ] ] } },
{ "type": "Feature", "properties": { "objectid": 17098, "cod_region": "13", "region": "Región Metropolitana De Santiago", "cut_provincia": "131", "provincia": "Santiago", "cut_comuna": "13110", "comuna": "La Florida", "zona": "U-VEV3", "nombre_zona": "U-VEV3 Zona de Vivienda y Equipamiento Vecinal N°3", "uperm": "Residencial; equipamiento de comercio, culto, deporte, educación, esparcimiento, salud, seguridad, servicios, social, oficina, turismo; espacio público y áreas verdes.", "uproh": "Todo uso no mencionado como permitido.", "srid": "EPSG: 4326" }, "geometry": { "type": "MultiPolygon", "coordinates": [ [ [ [ -70.58254249374572, -33.52308025310046 ], [ -70.582483858324309, -33.523423934605944 ], [ -70.580972908687855, -33.523404628738348 ], [ -70.580973158587184, -33.523404870844765 ], [ -70.580967193863643, -33.523608292706655 ], [ -70.580942643694144, -33.523927497492409 ], [ -70.580700607713084, -33.523929936176309 ], [ -70.580577195962007, -33.523959047833742 ], [ -70.580576410771826, -33.523679538435459 ], [ -70.58057640955947, -33.523399559988981 ], [ -70.579203046621672, -33.523381992512917 ], [ -70.578660523231065, -33.52321795418478 ], [ -70.578480931223268, -33.523165686602972 ], [ -70.578185548673929, -33.523835649285026 ], [ -70.577817532909762, -33.52472710385257 ], [ -70.577378695968065, -33.525767907455972 ], [ -70.576661235990741, -33.527418548589168 ], [ -70.576654751091453, -33.527433466214937 ], [ -70.576178634077451, -33.528623613868007 ], [ -70.574806195057803, -33.531883358850166 ], [ -70.575373918997215, -33.531962270261808 ], [ -70.576052021838848, -33.532064464307517 ], [ -70.576132937768719, -33.532076301573198 ], [ -70.575786999601561, -33.533094513671287 ], [ -70.575787081864689, -33.533094536973643 ], [ -70.576293964160655, -33.533151501312815 ], [ -70.576603342336455, -33.532145566459107 ], [ -70.576830257229531, -33.532178905035451 ], [ -70.57648068127078, -33.533181606050533 ], [ -70.576968709125111, -33.533252163717798 ], [ -70.576929456133527, -33.533369116469856 ], [ -70.575746838472455, -33.533212718546672 ], [ -70.575678169591669, -33.533411087917635 ], [ -70.575533206643783, -33.533666679531422 ], [ -70.575327616513746, -33.534025709894557 ], [ -70.575182241188855, -33.534299936282451 ], [ -70.575400101372168, -33.53433053018739 ], [ -70.575838986121212, -33.534386918528376 ], [ -70.576321122294274, -33.534447922119007 ], [ -70.576397414596386, -33.534460725273149 ], [ -70.57645306056763, -33.534468623798624 ], [ -70.576828077328713, -33.534517214766126 ], [ -70.57751010204673, -33.534604937497143 ], [ -70.577600888013876, -33.534616546995935 ], [ -70.57843253581467, -33.534719543237081 ], [ -70.578626112883583, -33.534742097305184 ], [ -70.579527779419323, -33.532589504746753 ], [ -70.5799813638491, -33.532651918990325 ], [ -70.580584118767661, -33.532735842398012 ], [ -70.580780718988578, -33.532760414342036 ], [ -70.581904519027546, -33.528071253096535 ], [ -70.58262472153865, -33.524824418594399 ], [ -70.582699597480101, -33.524271765725935 ], [ -70.582828621763838, -33.523427749369127 ], [ -70.582890819433871, -33.523088363581614 ], [ -70.58254249374572, -33.52308025310046 ] ], [ [ -70.582581049566954, -33.523908084421713 ], [ -70.582374443996656, -33.525339919339523 ], [ -70.582270240294434, -33.525331330793144 ], [ -70.58185822934233, -33.525274110777211 ], [ -70.582236490181117, -33.525127952894536 ], [ -70.582064229734527, -33.52473241051127 ], [ -70.58224734267435, -33.524534039097098 ], [ -70.582308381091167, -33.524400521132584 ], [ -70.582350695588289, -33.524171636168596 ], [ -70.582401855316007, -33.523892040278604 ], [ -70.582581049566954, -33.523908084421713 ] ], [ [ -70.579599803807, -33.524438685518419 ], [ -70.579514907043489, -33.524726399692987 ], [ -70.579144751163611, -33.524663247353331 ], [ -70.579218314838471, -33.524431059137108 ], [ -70.579599803807, -33.524438685518419 ] ], [ [ -70.581408075699755, -33.525548777888758 ], [ -70.581293631632605, -33.526037072356978 ], [ -70.581145394881034, -33.526004501066161 ], [ -70.581169119771801, -33.525922792054907 ], [ -70.58124424711832, -33.525658982783526 ], [ -70.581317607813361, -33.525511910406713 ], [ -70.581408075699755, -33.525548777888758 ] ], [ [ -70.579533207467364, -33.526833581134362 ], [ -70.579477750585298, -33.527009853426478 ], [ -70.578730028593355, -33.526842006710652 ], [ -70.578791440984361, -33.52665279603869 ], [ -70.579533207467364, -33.526833581134362 ] ], [ [ -70.577213730978983, -33.528293634418468 ], [ -70.577151984211071, -33.528510811538155 ], [ -70.576926294803641, -33.528460228370342 ], [ -70.576980016849163, -33.528242281486747 ], [ -70.577042653188357, -33.528021183691109 ], [ -70.577283741450785, -33.528073178474031 ], [ -70.577213730978983, -33.528293634418468 ] ], [ [ -70.578989455820647, -33.528531955812866 ], [ -70.579065753825617, -33.528299253121375 ], [ -70.579340425360428, -33.528360288370727 ], [ -70.579172575253949, -33.528833323217832 ], [ -70.578905530304866, -33.528772287771332 ], [ -70.578989455820647, -33.528531955812866 ] ], [ [ -70.576084155460975, -33.530232849470167 ], [ -70.576574987945236, -33.530368854028346 ], [ -70.576583823941888, -33.530338881139947 ], [ -70.576973228070671, -33.530433412714267 ], [ -70.576962526563662, -33.530474442332945 ], [ -70.577703377404646, -33.530680972278645 ], [ -70.5777149506917, -33.530634009200298 ], [ -70.578090485098173, -33.530724059614364 ], [ -70.578079620949197, -33.530765770467923 ], [ -70.578454194445712, -33.530862620955418 ], [ -70.578461219751276, -33.530835849965207 ], [ -70.578974629548995, -33.530961562114605 ], [ -70.578958958350327, -33.531034456357894 ], [ -70.578653767946875, -33.530973421744875 ], [ -70.578440131591989, -33.530916200967269 ], [ -70.578066272499925, -33.530817018231936 ], [ -70.57769241071378, -33.530725465640572 ], [ -70.577326179994273, -33.530622469717301 ], [ -70.57695200527607, -33.530516976607508 ], [ -70.576563201340477, -33.530408844098645 ], [ -70.576061651053095, -33.530272537633316 ], [ -70.576084155460975, -33.530232849470167 ] ], [ [ -70.579779518777727, -33.530548765282738 ], [ -70.579838147766154, -33.530235135900789 ], [ -70.580141566246496, -33.530298194097824 ], [ -70.580072906092994, -33.530595749406416 ], [ -70.579779518777727, -33.530548765282738 ] ], [ [ -70.576273279977499, -33.531408321347904 ], [ -70.577031401543948, -33.53158831371114 ], [ -70.577067497833113, -33.531495037987504 ], [ -70.577436044118713, -33.531599407447509 ], [ -70.577378076969211, -33.531745459912067 ], [ -70.576208177514957, -33.531571073975655 ], [ -70.576273279977499, -33.531408321347904 ] ], [ [ -70.579015898682371, -33.533353522403793 ], [ -70.578911921610171, -33.533615483257719 ], [ -70.578669047617154, -33.533582738046995 ], [ -70.578768236692497, -33.533285182046001 ], [ -70.579015898682371, -33.533353522403793 ] ], [ [ -70.577137958819492, -33.53388050163295 ], [ -70.577022967111915, -33.534203615228229 ], [ -70.576563232006365, -33.534143523134894 ], [ -70.576731084589184, -33.53383071020265 ], [ -70.577137958819492, -33.53388050163295 ] ] ] ] } },
{ "type": "Feature", "properties": { "objectid": 17099, "cod_region": "13", "region": "Región Metropolitana De Santiago", "cut_provincia": "131", "provincia": "Santiago", "cut_comuna": "13110", "comuna": "La Florida", "zona": "U-VEV3", "nombre_zona": "U-VEV3 Zona de Vivienda y Equipamiento Vecinal N°3", "uperm": "Residencial; equipamiento de comercio, culto, deporte, educación, esparcimiento, salud, seguridad, servicios, social, oficina, turismo; espacio público y áreas verdes.", "uproh": "Todo uso no mencionado como permitido.", "srid": "EPSG: 4326" }, "geometry": { "type": "MultiPolygon", "coordinates": [ [ [ [ -70.558780887034018, -33.517550754519533 ], [ -70.558343349994061, -33.517665895606179 ], [ -70.558334193527031, -33.517665323627128 ], [ -70.558243962625212, -33.517999454812532 ], [ -70.558778052196715, -33.518125340625289 ], [ -70.558915388593945, -33.518148228322076 ], [ -70.559161349378584, -33.518154478545952 ], [ -70.559365547829714, -33.518159668716976 ], [ -70.559323171342697, -33.520579795096701 ], [ -70.559313902499554, -33.52144078867201 ], [ -70.564841238659639, -33.521487589734626 ], [ -70.56511409648607, -33.521489893386715 ], [ -70.566120431902604, -33.521459107961618 ], [ -70.566182764376535, -33.521419448088452 ], [ -70.566298674750897, -33.521345696851355 ], [ -70.566323218704198, -33.521330079661979 ], [ -70.567784209260196, -33.521823215148821 ], [ -70.568169484138238, -33.521426776186125 ], [ -70.568254279498362, -33.521493739981956 ], [ -70.568758124990623, -33.521894434958917 ], [ -70.568810316246555, -33.521834630031954 ], [ -70.569331997424115, -33.521607907026649 ], [ -70.56930719076496, -33.521299179000223 ], [ -70.569261404744523, -33.520570554598002 ], [ -70.569154577690355, -33.519300231552933 ], [ -70.5690706395185, -33.518136721208293 ], [ -70.569050388397031, -33.518071901764898 ], [ -70.569002767466856, -33.517287713122641 ], [ -70.568994653801539, -33.517247703433469 ], [ -70.568461406926033, -33.517298096674594 ], [ -70.567113851555675, -33.517464881260075 ], [ -70.565805107594599, -33.517581253267998 ], [ -70.564565052509224, -33.517686972403887 ], [ -70.564491060435714, -33.517672208088371 ], [ -70.564115380115197, -33.517691269962988 ], [ -70.563811977124161, -33.517610991370667 ], [ -70.56371873765984, -33.517568277506598 ], [ -70.563596551718121, -33.517512302378655 ], [ -70.563292234422931, -33.51742070073005 ], [ -70.562906197322235, -33.51733907670738 ], [ -70.561612386561066, -33.517333684343917 ], [ -70.561034681377762, -33.517270338846622 ], [ -70.56058664099416, -33.517193903525403 ], [ -70.560376582232095, -33.517171735542803 ], [ -70.560167243147262, -33.517189643629713 ], [ -70.560124324267974, -33.517208035150411 ], [ -70.559855153984273, -33.517323379035375 ], [ -70.55954965817871, -33.517443667302651 ], [ -70.559179442181346, -33.517513230904704 ], [ -70.558780887034018, -33.517550754519533 ] ], [ [ -70.563418383599981, -33.518383166022218 ], [ -70.563370879726051, -33.518490318787357 ], [ -70.563323237853339, -33.518716128912274 ], [ -70.563297520420321, -33.519010955298207 ], [ -70.562966833536521, -33.51902379132575 ], [ -70.562973123412149, -33.518798504131532 ], [ -70.563041754841763, -33.518589753380297 ], [ -70.563156081179031, -33.518314358629503 ], [ -70.563418383599981, -33.518383166022218 ] ], [ [ -70.564263872930084, -33.518472448344475 ], [ -70.564829138115797, -33.518450574839441 ], [ -70.564866735493496, -33.51851192022729 ], [ -70.56492485683097, -33.518860883069891 ], [ -70.564936451314225, -33.51904241564759 ], [ -70.564817947324983, -33.519026399540614 ], [ -70.564754353198921, -33.51894058680071 ], [ -70.564647377664429, -33.518742714194119 ], [ -70.564459566885319, -33.518649808532032 ], [ -70.564271385988505, -33.518643370231757 ], [ -70.564263872930084, -33.518472448344475 ] ] ] ] } },
{ "type": "Feature", "properties": { "objectid": 17100, "cod_region": "13", "region": "Región Metropolitana De Santiago", "cut_provincia": "131", "provincia": "Santiago", "cut_comuna": "13110", "comuna": "La Florida", "zona": "U-VEV3", "nombre_zona": "U-VEV3 Zona de Vivienda y Equipamiento Vecinal N°3", "uperm": "Residencial; equipamiento de comercio, culto, deporte, educación, esparcimiento, salud, seguridad, servicios, social, oficina, turismo; espacio público y áreas verdes.", "uproh": "Todo uso no mencionado como permitido.", "srid": "EPSG: 4326" }, "geometry": { "type": "MultiPolygon", "coordinates": [ [ [ [ -70.565115383628992, -33.521506893744906 ], [ -70.565179480134816, -33.522352081059644 ], [ -70.566956318489815, -33.522380854226057 ], [ -70.567621015282768, -33.522386401971211 ], [ -70.568506803365679, -33.522390806245163 ], [ -70.568555291114848, -33.52220815157402 ], [ -70.568758124990623, -33.521894434958917 ], [ -70.568254279498362, -33.521493739981956 ], [ -70.568169484138238, -33.521426776186125 ], [ -70.567784209260196, -33.521823215148821 ], [ -70.566323218704198, -33.521330079661979 ], [ -70.566298674750897, -33.521345696851355 ], [ -70.566182764376535, -33.521419448088452 ], [ -70.566120431902604, -33.521459107961618 ], [ -70.56511409648607, -33.521489893386715 ], [ -70.565115383628992, -33.521506893744906 ] ] ] ] } },
{ "type": "Feature", "properties": { "objectid": 17101, "cod_region": "13", "region": "Región Metropolitana De Santiago", "cut_provincia": "131", "provincia": "Santiago", "cut_comuna": "13110", "comuna": "La Florida", "zona": "U-VEV3", "nombre_zona": "U-VEV3 Zona de Vivienda y Equipamiento Vecinal N°3", "uperm": "Residencial; equipamiento de comercio, culto, deporte, educación, esparcimiento, salud, seguridad, servicios, social, oficina, turismo; espacio público y áreas verdes.", "uproh": "Todo uso no mencionado como permitido.", "srid": "EPSG: 4326" }, "geometry": { "type": "MultiPolygon", "coordinates": [ [ [ [ -70.559313713073578, -33.521458369542124 ], [ -70.55930454297048, -33.522310157679762 ], [ -70.559632625204273, -33.522313971247847 ], [ -70.560128559789561, -33.522317783280016 ], [ -70.560593977005652, -33.522321593732421 ], [ -70.560989321365625, -33.522317601120037 ], [ -70.561189100750326, -33.522313962596861 ], [ -70.561608873610197, -33.522321416293522 ], [ -70.562705562965547, -33.522332030407576 ], [ -70.563569230330856, -33.522341899535782 ], [ -70.563737450717213, -33.522344463149537 ], [ -70.564857568911236, -33.522350382143266 ], [ -70.564842310548343, -33.52152743255823 ], [ -70.564841238659639, -33.521487589734626 ], [ -70.559313902499554, -33.52144078867201 ], [ -70.559313713073578, -33.521458369542124 ] ], [ [ -70.562713453080619, -33.521854067309654 ], [ -70.562588299653285, -33.521867116959108 ], [ -70.562607609730847, -33.521609731762346 ], [ -70.562715131326414, -33.521630359792205 ], [ -70.562713453080619, -33.521854067309654 ] ] ] ] } },
{ "type": "Feature", "properties": { "objectid": 17102, "cod_region": "13", "region": "Región Metropolitana De Santiago", "cut_provincia": "131", "provincia": "Santiago", "cut_comuna": "13110", "comuna": "La Florida", "zona": "U-VEV3", "nombre_zona": "U-VEV3 Zona de Vivienda y Equipamiento Vecinal N°3", "uperm": "Residencial; equipamiento de comercio, culto, deporte, educación, esparcimiento, salud, seguridad, servicios, social, oficina, turismo; espacio público y áreas verdes.", "uproh": "Todo uso no mencionado como permitido.", "srid": "EPSG: 4326" }, "geometry": { "type": "MultiPolygon", "coordinates": [ [ [ [ -70.558281181399039, -33.543929966804349 ], [ -70.557842679340894, -33.543946199369302 ], [ -70.557795153072078, -33.543946797426734 ], [ -70.557725360632503, -33.543943821229654 ], [ -70.557221797697977, -33.543966715887905 ], [ -70.557099719527088, -33.543981975456681 ], [ -70.556924235421846, -33.544016309281275 ], [ -70.555907439257439, -33.544316348592908 ], [ -70.555528143102407, -33.544430176838119 ], [ -70.55537737481329, -33.544473611210165 ], [ -70.555195786887538, -33.544525925999245 ], [ -70.555023950444152, -33.544572804461815 ], [ -70.5550433787744, -33.544725406790839 ], [ -70.565329174771264, -33.544473944563642 ], [ -70.565435522478495, -33.54447133995069 ], [ -70.565402905185579, -33.543668372743568 ], [ -70.565317001456265, -33.543669113563745 ], [ -70.564836325248137, -33.543695822424255 ], [ -70.56437090779292, -33.543711081803693 ], [ -70.563827688272482, -33.54372587754699 ], [ -70.563272219588825, -33.543741606570052 ], [ -70.562806801533725, -33.543756869098686 ], [ -70.562295605936654, -33.543775946957368 ], [ -70.561761520652155, -33.543798837620216 ], [ -70.561235065744825, -33.543817912420181 ], [ -70.560754389620996, -33.543840808757174 ], [ -70.560345957356731, -33.543850533236665 ], [ -70.56027371199022, -33.543852253646648 ], [ -70.559785406279786, -33.543871330256728 ], [ -70.55926657931802, -33.543894223534103 ], [ -70.558756240578873, -33.543913265176919 ], [ -70.558281181399039, -33.543929966804349 ] ] ] ] } },
{ "type": "Feature", "properties": { "objectid": 17103, "cod_region": "13", "region": "Región Metropolitana De Santiago", "cut_provincia": "131", "provincia": "Santiago", "cut_comuna": "13110", "comuna": "La Florida", "zona": "U-VEV3", "nombre_zona": "U-VEV3 Zona de Vivienda y Equipamiento Vecinal N°3", "uperm": "Residencial; equipamiento de comercio, culto, deporte, educación, esparcimiento, salud, seguridad, servicios, social, oficina, turismo; espacio público y áreas verdes.", "uproh": "Todo uso no mencionado como permitido.", "srid": "EPSG: 4326" }, "geometry": { "type": "MultiPolygon", "coordinates": [ [ [ [ -70.574804380087016, -33.541691178605568 ], [ -70.575409414295777, -33.541701508229728 ], [ -70.575822686514073, -33.539714334826449 ], [ -70.575374546078805, -33.539717212723779 ], [ -70.575373031440719, -33.539720747313311 ], [ -70.575288731279088, -33.539843167833141 ], [ -70.575165349317061, -33.540022346837532 ], [ -70.575127641340941, -33.540195237606987 ], [ -70.574991447199764, -33.540816946507981 ], [ -70.57485303434548, -33.541428768788514 ], [ -70.574804380087016, -33.541691178605568 ] ] ] ] } },
{ "type": "Feature", "properties": { "objectid": 17104, "cod_region": "13", "region": "Región Metropolitana De Santiago", "cut_provincia": "131", "provincia": "Santiago", "cut_comuna": "13110", "comuna": "La Florida", "zona": "U-EC3", "nombre_zona": "U-EC3 Zona de Equipamiento Comunal N°3", "uperm": "Residencial; equipamiento de culto, deporte, educación, esparcimiento, salud, seguridad, servicios, social y científico; infraestructura de transporte y de energía; espacio público y áreas verdes.", "uproh": "Todo uso no mencionado como permitido.", "srid": "EPSG: 4326" }, "geometry": { "type": "MultiPolygon", "coordinates": [ [ [ [ -70.555342453607352, -33.533267692072101 ], [ -70.556546346925728, -33.533323671582103 ], [ -70.556593256850022, -33.532984731603868 ], [ -70.55665513584249, -33.532279951137056 ], [ -70.556269771343239, -33.532284505015511 ], [ -70.555299054587323, -33.532301124776502 ], [ -70.555338072773409, -33.532535369262668 ], [ -70.555342453607352, -33.533267692072101 ] ] ] ] } },
{ "type": "Feature", "properties": { "objectid": 17105, "cod_region": "13", "region": "Región Metropolitana De Santiago", "cut_provincia": "131", "provincia": "Santiago", "cut_comuna": "13110", "comuna": "La Florida", "zona": "PL", "nombre_zona": "PL Zona de Plazas", "uperm": "Espacio público y áreas verdes.", "uproh": "Todo uso no mencionado como permitido.", "srid": "EPSG: 4326" }, "geometry": { "type": "MultiPolygon", "coordinates": [ [ [ [ -70.565759412044486, -33.5299740249664 ], [ -70.565576299842945, -33.530382208263333 ], [ -70.56593200215373, -33.53037387210474 ], [ -70.565885266975769, -33.530127971785703 ], [ -70.565895504029569, -33.530035271434876 ], [ -70.565759412044486, -33.5299740249664 ] ] ] ] } },
{ "type": "Feature", "properties": { "objectid": 17235, "cod_region": "13", "region": "Región Metropolitana De Santiago", "cut_provincia": "131", "provincia": "Santiago", "cut_comuna": "13110", "comuna": "La Florida", "zona": "PL", "nombre_zona": "PL Zona de Plazas", "uperm": "Espacio público y áreas verdes.", "uproh": "Todo uso no mencionado como permitido.", "srid": "EPSG: 4326" }, "geometry": { "type": "MultiPolygon", "coordinates": [ [ [ [ -70.583239501053399, -33.557402238163405 ], [ -70.583651142017345, -33.557453689270197 ], [ -70.583689941123993, -33.557171938062993 ], [ -70.583490140939389, -33.557147692257587 ], [ -70.583541690673428, -33.556867303832988 ], [ -70.583492641311281, -33.556861774624458 ], [ -70.583545485783532, -33.556582988395185 ], [ -70.583399718095578, -33.556562982277114 ], [ -70.583346313535159, -33.556845277391751 ], [ -70.58329290583228, -33.557123757810793 ], [ -70.583239501053399, -33.557402238163405 ] ] ] ] } },
{ "type": "Feature", "properties": { "objectid": 17106, "cod_region": "13", "region": "Región Metropolitana De Santiago", "cut_provincia": "131", "provincia": "Santiago", "cut_comuna": "13110", "comuna": "La Florida", "zona": "U-EC3", "nombre_zona": "U-EC3 Zona de Equipamiento Comunal N°3", "uperm": "Residencial; equipamiento de culto, deporte, educación, esparcimiento, salud, seguridad, servicios, social y científico; infraestructura de transporte y de energía; espacio público y áreas verdes.", "uproh": "Todo uso no mencionado como permitido.", "srid": "EPSG: 4326" }, "geometry": { "type": "MultiPolygon", "coordinates": [ [ [ [ -70.555114129896339, -33.535850169861988 ], [ -70.554855783942514, -33.536628809320803 ], [ -70.554406640432902, -33.537801249502586 ], [ -70.553722829232257, -33.539434763456569 ], [ -70.553392344541948, -33.540074208666532 ], [ -70.55333466320613, -33.540377352705271 ], [ -70.554637897160788, -33.540686657455417 ], [ -70.554693183923803, -33.54069872676898 ], [ -70.55471028976261, -33.54064452486827 ], [ -70.555337351060118, -33.538657540811457 ], [ -70.555726702760083, -33.537423745303158 ], [ -70.556166692120527, -33.536029448396569 ], [ -70.556382450944952, -33.536066297801085 ], [ -70.55687399749867, -33.536148013638105 ], [ -70.557207183837008, -33.536193682012438 ], [ -70.557206204004999, -33.535685390964197 ], [ -70.557188055520513, -33.53539278626068 ], [ -70.557321490365496, -33.535091844963887 ], [ -70.55758423810903, -33.534806989645887 ], [ -70.557772711243786, -33.534604234737124 ], [ -70.557332015446789, -33.534359710370929 ], [ -70.556590017445416, -33.534313506355609 ], [ -70.55637796115758, -33.534272586729237 ], [ -70.556487733832228, -33.533747165391546 ], [ -70.556546346925728, -33.533323671582103 ], [ -70.555342453607352, -33.533267692072101 ], [ -70.555289147945217, -33.534576095959345 ], [ -70.555232959257182, -33.53525683901011 ], [ -70.55514613288473, -33.535658793764611 ], [ -70.555114129896339, -33.535850169861988 ] ] ] ] } },
{ "type": "Feature", "properties": { "objectid": 17107, "cod_region": "13", "region": "Región Metropolitana De Santiago", "cut_provincia": "131", "provincia": "Santiago", "cut_comuna": "13110", "comuna": "La Florida", "zona": "RI-2", "nombre_zona": "RI-2 Zona de Infraestructura Sanitaria y Energética", "uperm": "Equipamiento de comercio, esparcimiento y servicios; infraestructura.", "uproh": "Residencial; equipamiento; actividad productiva.", "srid": "EPSG: 4326" }, "geometry": { "type": "MultiPolygon", "coordinates": [ [ [ [ -70.545442034862475, -33.541760244835494 ], [ -70.545184344297482, -33.546103912729841 ], [ -70.551071697338315, -33.545241712226336 ], [ -70.551100264729556, -33.545167878680772 ], [ -70.551303838022747, -33.544638225039009 ], [ -70.551668736838849, -33.543702646048835 ], [ -70.551668101365735, -33.543702281558453 ], [ -70.547988511315566, -33.543742134929374 ], [ -70.547942298838905, -33.542017647720883 ], [ -70.546621138037366, -33.541908626923487 ], [ -70.545984648806126, -33.54186666776544 ], [ -70.545442034862475, -33.541760244835494 ] ] ] ] } },
{ "type": "Feature", "properties": { "objectid": 17108, "cod_region": "13", "region": "Región Metropolitana De Santiago", "cut_provincia": "131", "provincia": "Santiago", "cut_comuna": "13110", "comuna": "La Florida", "zona": "U-VEV2", "nombre_zona": "U-VEV2 Uso Preferente Vivienda y Equipamiento 2", "uperm": "Residencial; equipamiento comercio, culto y cultura, deporte, educación, esparcimiento, salud, seguridad, servicios, social; infraestructura de transporte; espacio público y áreas verdes. Mayor detalle en Ordenanza", "uproh": "Todo uso no mencionado como permitido.", "srid": "EPSG: 4326" }, "geometry": { "type": "MultiPolygon", "coordinates": [ [ [ [ -70.551668101365735, -33.543702281558453 ], [ -70.551668736838849, -33.543702646048835 ], [ -70.551682773771631, -33.543666652166131 ], [ -70.551715548369287, -33.543576154053504 ], [ -70.55180378296248, -33.543332510159942 ], [ -70.55093231447573, -33.542958442758447 ], [ -70.550460335569838, -33.542856980250789 ], [ -70.549973793093457, -33.542737802357948 ], [ -70.548925460849091, -33.542114289123738 ], [ -70.548372002634309, -33.542053103594526 ], [ -70.547942298838905, -33.542017647720883 ], [ -70.547988511315566, -33.543742134929374 ], [ -70.551668101365735, -33.543702281558453 ] ] ] ] } },
{ "type": "Feature", "properties": { "objectid": 17109, "cod_region": "13", "region": "Región Metropolitana De Santiago", "cut_provincia": "131", "provincia": "Santiago", "cut_comuna": "13110", "comuna": "La Florida", "zona": "PL", "nombre_zona": "PL Zona de Plazas", "uperm": "Espacio público y áreas verdes.", "uproh": "Todo uso no mencionado como permitido.", "srid": "EPSG: 4326" }, "geometry": { "type": "MultiPolygon", "coordinates": [ [ [ [ -70.557118587333548, -33.515385471635447 ], [ -70.557137623800486, -33.515527478241651 ], [ -70.557575407550644, -33.515440896736479 ], [ -70.557614057178938, -33.515603831600231 ], [ -70.55770491983219, -33.515686909070311 ], [ -70.557828452121868, -33.515722786699996 ], [ -70.557983647420514, -33.515655329013285 ], [ -70.558082325160626, -33.515551150745331 ], [ -70.558081150901714, -33.51548566006678 ], [ -70.558059308735551, -33.515365055125095 ], [ -70.557854823745373, -33.515393959142813 ], [ -70.557832712700133, -33.515274731927867 ], [ -70.557118587333548, -33.515385471635447 ] ] ] ] } },
{ "type": "Feature", "properties": { "objectid": 17110, "cod_region": "13", "region": "Región Metropolitana De Santiago", "cut_provincia": "131", "provincia": "Santiago", "cut_comuna": "13110", "comuna": "La Florida", "zona": "R-1/AV3", "nombre_zona": "R-1/AV3 Zona de Restricción por Quebradas/ Parques Quebradas", "uperm": "Zona de restricción, según PRMS.", "uproh": "Zona de restricción, según PRMS.", "srid": "EPSG: 4326" }, "geometry": { "type": "MultiPolygon", "coordinates": [ [ [ [ -70.520921420913439, -33.508282014060335 ], [ -70.522047113736932, -33.508773516429393 ], [ -70.523204520515648, -33.50916168157795 ], [ -70.524001917619771, -33.50940453727943 ], [ -70.524595001545208, -33.509462744358963 ], [ -70.525086255390718, -33.509447339074029 ], [ -70.525720893924714, -33.509327227208715 ], [ -70.526267004005049, -33.509254993090117 ], [ -70.526758913472705, -33.509277004790818 ], [ -70.527285973142995, -33.509392160302454 ], [ -70.527792999414743, -33.509638572408917 ], [ -70.528440679306058, -33.510112014982454 ], [ -70.5288051375083, -33.510310590000117 ], [ -70.529252821883503, -33.51044576890623 ], [ -70.529641065082103, -33.510491243144315 ], [ -70.529948329619117, -33.510498057277701 ], [ -70.530132449638018, -33.510524959046883 ], [ -70.530451016823164, -33.51058041446634 ], [ -70.530965208632111, -33.51070564230934 ], [ -70.531388616990426, -33.51083568260033 ], [ -70.531802874307232, -33.5109843989054 ], [ -70.532460136674771, -33.511268035171987 ], [ -70.532797074839976, -33.511340786173363 ], [ -70.533476256066848, -33.51143051869014 ], [ -70.534003999520323, -33.511551299369458 ], [ -70.534161386698941, -33.511601058557915 ], [ -70.535461533236059, -33.512012101008636 ], [ -70.535845287812251, -33.512153561188633 ], [ -70.536596001149036, -33.512525183430789 ], [ -70.537359107612247, -33.512957202717111 ], [ -70.537702995827871, -33.513160277352867 ], [ -70.537785566725859, -33.513211722753773 ], [ -70.537867732441754, -33.51326660912175 ], [ -70.541396258035519, -33.513392301291304 ], [ -70.541489684147038, -33.513398989000869 ], [ -70.54151065830348, -33.513343495077415 ], [ -70.541541596967676, -33.512850666686305 ], [ -70.541669610541405, -33.512518464237196 ], [ -70.541714920116306, -33.512411160863103 ], [ -70.541173998953482, -33.512368999081829 ], [ -70.540634999792047, -33.512338000989715 ], [ -70.539915998474953, -33.512272000108858 ], [ -70.539330999588941, -33.512165999847319 ], [ -70.538882200967549, -33.512059285797399 ], [ -70.538880999836223, -33.51205900131194 ], [ -70.538338000092139, -33.511803000638594 ], [ -70.538025265655421, -33.511612140349996 ], [ -70.537962874363473, -33.511574064021062 ], [ -70.537796223546394, -33.511472357234773 ], [ -70.537793998969093, -33.5114709987336 ], [ -70.537207000058089, -33.51125300060626 ], [ -70.536125000245093, -33.510965998856022 ], [ -70.534457083601055, -33.510453343101133 ], [ -70.532430942540927, -33.509830544004295 ], [ -70.532246999517326, -33.509774000974723 ], [ -70.531568998690247, -33.509482000002798 ], [ -70.530847998922681, -33.50930300020385 ], [ -70.529901999085212, -33.50908900025194 ], [ -70.528503000260642, -33.508617999580636 ], [ -70.527738000346702, -33.50843999966532 ], [ -70.527017998411324, -33.508336000575724 ], [ -70.52638899994642, -33.508268000004961 ], [ -70.525672000527891, -33.508277000542918 ], [ -70.525133999003089, -33.508321000174057 ], [ -70.524643455002504, -33.508290217280198 ], [ -70.524639999778728, -33.508290000081651 ], [ -70.524142000453708, -33.507994999769565 ], [ -70.523867998577202, -33.507736001009562 ], [ -70.522954999964028, -33.506844999973623 ], [ -70.522136000188894, -33.506178999907185 ], [ -70.51960829865989, -33.504811422564707 ], [ -70.519646789354596, -33.507577093843047 ], [ -70.520064437570625, -33.507824634711696 ], [ -70.520921420913439, -33.508282014060335 ] ] ] ] } },
{ "type": "Feature", "properties": { "objectid": 17111, "cod_region": "13", "region": "Región Metropolitana De Santiago", "cut_provincia": "131", "provincia": "Santiago", "cut_comuna": "13110", "comuna": "La Florida", "zona": "U-EC3", "nombre_zona": "U-EC3 Zona de Equipamiento Comunal N°3", "uperm": "Residencial; equipamiento de culto, deporte, educación, esparcimiento, salud, seguridad, servicios, social y científico; infraestructura de transporte y de energía; espacio público y áreas verdes.", "uproh": "Todo uso no mencionado como permitido.", "srid": "EPSG: 4326" }, "geometry": { "type": "MultiPolygon", "coordinates": [ [ [ [ -70.534019889223401, -33.512815903526906 ], [ -70.53411835543065, -33.513187758175135 ], [ -70.534386622426126, -33.513166669702514 ], [ -70.535327674119841, -33.51315731095567 ], [ -70.535987995099845, -33.513185969924997 ], [ -70.536742740937356, -33.513223982726558 ], [ -70.537402876396385, -33.513242109306674 ], [ -70.537867732441754, -33.51326660912175 ], [ -70.537785566725859, -33.513211722753773 ], [ -70.537702995827871, -33.513160277352867 ], [ -70.537359107612247, -33.512957202717111 ], [ -70.536596001149036, -33.512525183430789 ], [ -70.535845287812251, -33.512153561188633 ], [ -70.535461533236059, -33.512012101008636 ], [ -70.534161386698941, -33.511601058557915 ], [ -70.534056647405421, -33.511894604045644 ], [ -70.533991926072943, -33.512232949437923 ], [ -70.533987175989282, -33.512564630576222 ], [ -70.534019889223401, -33.512815903526906 ] ] ] ] } },
{ "type": "Feature", "properties": { "objectid": 17112, "cod_region": "13", "region": "Región Metropolitana De Santiago", "cut_provincia": "131", "provincia": "Santiago", "cut_comuna": "13110", "comuna": "La Florida", "zona": "PEDC-3", "nombre_zona": "PEDC-3 Zona de Protección Ecológica con Desarrollo Controlado", "uperm": "Zona de protección ecológica, según PRMS.", "uproh": "Zona de protección ecológica, según PRMS.", "srid": "EPSG: 4326" }, "geometry": { "type": "MultiPolygon", "coordinates": [ [ [ [ -70.519714414431746, -33.514012334875851 ], [ -70.520996153039164, -33.514359807091687 ], [ -70.520996711210387, -33.513893071958208 ], [ -70.521022393873181, -33.51280723193225 ], [ -70.520970730659215, -33.512408593699249 ], [ -70.520979292121098, -33.512046646657062 ], [ -70.520676869808753, -33.511788337256441 ], [ -70.520389777150058, -33.511554792774767 ], [ -70.520268024059163, -33.511406559530641 ], [ -70.520190728389835, -33.511245303568579 ], [ -70.520024519155413, -33.511110093539621 ], [ -70.519889183832404, -33.511036890915818 ], [ -70.519682845895147, -33.511008631290558 ], [ -70.519714414431746, -33.514012334875851 ] ] ] ] } },
{ "type": "Feature", "properties": { "objectid": 17113, "cod_region": "13", "region": "Región Metropolitana De Santiago", "cut_provincia": "131", "provincia": "Santiago", "cut_comuna": "13110", "comuna": "La Florida", "zona": "U-VEV1", "nombre_zona": "U-VEV1 Uso Preferente Vivienda y Equipamiento  N°1", "uperm": "Residencial; equipamiento científico, comercio, culto y cultura, deporte, educación, esparcimiento, salud, seguridad, servicios, social y turismo; infraestructura de transporte; espacio público y áreas verdes. Mayor detalle en Ordenanza", "uproh": "Todo uso no mencionado como permitido.", "srid": "EPSG: 4326" }, "geometry": { "type": "MultiPolygon", "coordinates": [ [ [ [ -70.519646789354596, -33.507577093843047 ], [ -70.519682845895147, -33.511008631290558 ], [ -70.519889183832404, -33.511036890915818 ], [ -70.520024519155413, -33.511110093539621 ], [ -70.520190728389835, -33.511245303568579 ], [ -70.520268024059163, -33.511406559530641 ], [ -70.520389777150058, -33.511554792774767 ], [ -70.520676869808753, -33.511788337256441 ], [ -70.520979292121098, -33.512046646657062 ], [ -70.520970730659215, -33.512408593699249 ], [ -70.521022393873181, -33.51280723193225 ], [ -70.520996711210387, -33.513893071958208 ], [ -70.520996153039164, -33.514359807091687 ], [ -70.521200146410578, -33.514525745225903 ], [ -70.521397583368156, -33.514675971462545 ], [ -70.521768062679385, -33.515018834911928 ], [ -70.522147410111728, -33.515508975539753 ], [ -70.522335787345241, -33.515859338236552 ], [ -70.523126774884062, -33.515812765695401 ], [ -70.523487016394185, -33.515929403795745 ], [ -70.523695548938107, -33.515995268037557 ], [ -70.525025564102052, -33.515868356951962 ], [ -70.5250901491912, -33.515609633507729 ], [ -70.525206935225413, -33.515460807177334 ], [ -70.525342939270644, -33.515332800146268 ], [ -70.525536226444629, -33.515246197777429 ], [ -70.525735703771048, -33.515154254830207 ], [ -70.525735693152981, -33.515132555856255 ], [ -70.526126869721338, -33.514886801431444 ], [ -70.526202658137336, -33.514906364471997 ], [ -70.526705552601683, -33.514915957468823 ], [ -70.527050363082566, -33.514869596123681 ], [ -70.527469362414251, -33.514753888374699 ], [ -70.527924946561484, -33.514574561427182 ], [ -70.528417577110019, -33.514357929303912 ], [ -70.529207326841657, -33.513884962145731 ], [ -70.5296932967657, -33.51364735118932 ], [ -70.529999107290195, -33.513527768916134 ], [ -70.530343260370273, -33.513444559381121 ], [ -70.530625236767591, -33.513398964559798 ], [ -70.530851410305914, -33.513396169207049 ], [ -70.531542310845538, -33.513377099543845 ], [ -70.533759605455316, -33.513226207782147 ], [ -70.53411835543065, -33.513187758175135 ], [ -70.534019889223401, -33.512815903526906 ], [ -70.533987175989282, -33.512564630576222 ], [ -70.533991926072943, -33.512232949437923 ], [ -70.534056647405421, -33.511894604045644 ], [ -70.534161386698941, -33.511601058557915 ], [ -70.534003999520323, -33.511551299369458 ], [ -70.533476256066848, -33.51143051869014 ], [ -70.532797074839976, -33.511340786173363 ], [ -70.532460136674771, -33.511268035171987 ], [ -70.531802874307232, -33.5109843989054 ], [ -70.531388616990426, -33.51083568260033 ], [ -70.530965208632111, -33.51070564230934 ], [ -70.530451016823164, -33.51058041446634 ], [ -70.530132449638018, -33.510524959046883 ], [ -70.529948329619117, -33.510498057277701 ], [ -70.529641065082103, -33.510491243144315 ], [ -70.529252821883503, -33.51044576890623 ], [ -70.5288051375083, -33.510310590000117 ], [ -70.528440679306058, -33.510112014982454 ], [ -70.527792999414743, -33.509638572408917 ], [ -70.527285973142995, -33.509392160302454 ], [ -70.526758913472705, -33.509277004790818 ], [ -70.526267004005049, -33.509254993090117 ], [ -70.525720893924714, -33.509327227208715 ], [ -70.525086255390718, -33.509447339074029 ], [ -70.524595001545208, -33.509462744358963 ], [ -70.524001917619771, -33.50940453727943 ], [ -70.523204520515648, -33.50916168157795 ], [ -70.522047113736932, -33.508773516429393 ], [ -70.520921420913439, -33.508282014060335 ], [ -70.520064437570625, -33.507824634711696 ], [ -70.519646789354596, -33.507577093843047 ] ] ] ] } },
{ "type": "Feature", "properties": { "objectid": 17114, "cod_region": "13", "region": "Región Metropolitana De Santiago", "cut_provincia": "131", "provincia": "Santiago", "cut_comuna": "13110", "comuna": "La Florida", "zona": "U-VEV2", "nombre_zona": "U-VEV2 Uso Preferente Vivienda y Equipamiento 2", "uperm": "Residencial; equipamiento comercio, culto y cultura, deporte, educación, esparcimiento, salud, seguridad, servicios, social; infraestructura de transporte; espacio público y áreas verdes. Mayor detalle en Ordenanza", "uproh": "Todo uso no mencionado como permitido.", "srid": "EPSG: 4326" }, "geometry": { "type": "MultiPolygon", "coordinates": [ [ [ [ -70.553623249404751, -33.531659145175496 ], [ -70.55476948426238, -33.531705257599405 ], [ -70.554983459626328, -33.531001680805538 ], [ -70.554908916657908, -33.530166645531104 ], [ -70.554962366070995, -33.529665930140595 ], [ -70.555321286332187, -33.527404009884286 ], [ -70.555398142461172, -33.526704320552021 ], [ -70.555371889020023, -33.526093268596092 ], [ -70.554558842765843, -33.525949492496224 ], [ -70.554073118092191, -33.528772400240761 ], [ -70.554032414901883, -33.529008956235025 ], [ -70.553917972050471, -33.52953921151569 ], [ -70.553902715610306, -33.529695618064622 ], [ -70.553826422661032, -33.530424242671266 ], [ -70.553795904318577, -33.530641685408071 ], [ -70.553725387721641, -33.531057237320674 ], [ -70.55362657904233, -33.531639526463948 ], [ -70.553623249404751, -33.531659145175496 ] ] ] ] } },
{ "type": "Feature", "properties": { "objectid": 17115, "cod_region": "13", "region": "Región Metropolitana De Santiago", "cut_provincia": "131", "provincia": "Santiago", "cut_comuna": "13110", "comuna": "La Florida", "zona": "PL", "nombre_zona": "PL Zona de Plazas", "uperm": "Espacio público y áreas verdes.", "uproh": "Todo uso no mencionado como permitido.", "srid": "EPSG: 4326" }, "geometry": { "type": "MultiPolygon", "coordinates": [ [ [ [ -70.565209145345918, -33.531021235835226 ], [ -70.565184867544261, -33.53118262913209 ], [ -70.565522898798335, -33.531141351832431 ], [ -70.565446596398331, -33.530786577697583 ], [ -70.565446595916455, -33.53069120754045 ], [ -70.565320673096338, -33.530753476331633 ], [ -70.565209145345918, -33.531021235835226 ] ] ] ] } },
{ "type": "Feature", "properties": { "objectid": 17116, "cod_region": "13", "region": "Región Metropolitana De Santiago", "cut_provincia": "131", "provincia": "Santiago", "cut_comuna": "13110", "comuna": "La Florida", "zona": "U-VEV2", "nombre_zona": "U-VEV2 Uso Preferente Vivienda y Equipamiento 2", "uperm": "Residencial; equipamiento comercio, culto y cultura, deporte, educación, esparcimiento, salud, seguridad, servicios, social; infraestructura de transporte; espacio público y áreas verdes. Mayor detalle en Ordenanza", "uproh": "Todo uso no mencionado como permitido.", "srid": "EPSG: 4326" }, "geometry": { "type": "MultiPolygon", "coordinates": [ [ [ [ -70.542644385659017, -33.514028317176148 ], [ -70.54257996897222, -33.514035986077445 ], [ -70.541755707141888, -33.514037126638677 ], [ -70.541706513668004, -33.514036539570903 ], [ -70.541362926623009, -33.51486465831227 ], [ -70.541231013422603, -33.515265571010502 ], [ -70.541218235988524, -33.515665001047893 ], [ -70.5413278434023, -33.516245908251015 ], [ -70.541475693551149, -33.516743157698826 ], [ -70.541703561383329, -33.517272683096252 ], [ -70.541947156679086, -33.517569104479456 ], [ -70.542237848880504, -33.51828084668638 ], [ -70.543697936640655, -33.520613090015161 ], [ -70.543833693496168, -33.520906134889074 ], [ -70.544100416951366, -33.521385261474741 ], [ -70.544329203067818, -33.521964679018893 ], [ -70.544471624846878, -33.522373458768726 ], [ -70.544602732196552, -33.522826354616107 ], [ -70.544824130397245, -33.522989955840437 ], [ -70.545045529428492, -33.523153556640871 ], [ -70.545291518995114, -33.523583029738546 ], [ -70.545434373419937, -33.523797519135108 ], [ -70.545450944012828, -33.524728945184386 ], [ -70.545654856856899, -33.525025851835316 ], [ -70.545982363484143, -33.525570761205771 ], [ -70.546070087878689, -33.526035482226291 ], [ -70.545715884531589, -33.526222902149101 ], [ -70.545539226766152, -33.526341562604898 ], [ -70.545366709115001, -33.526693076575995 ], [ -70.545234796702545, -33.527093994616614 ], [ -70.545298222349672, -33.527309473327719 ], [ -70.545384464505901, -33.527691031843631 ], [ -70.545407874768287, -33.527890374666789 ], [ -70.545235060020346, -33.528225256941965 ], [ -70.54539837349995, -33.528472762990994 ], [ -70.545461798574863, -33.528688243361813 ], [ -70.545446971607575, -33.528971244759369 ], [ -70.545236431022118, -33.52930604955305 ], [ -70.545214245952195, -33.530404867774536 ], [ -70.545298123778494, -33.530653365095787 ], [ -70.545304634683632, -33.531019282365484 ], [ -70.54517035090683, -33.531287138350628 ], [ -70.545119054975288, -33.531753594418269 ], [ -70.545043757838044, -33.53198744108014 ], [ -70.545094131213617, -33.532585718905281 ], [ -70.54541811499125, -33.532931036073478 ], [ -70.545521856423932, -33.533179285170505 ], [ -70.54548716696948, -33.533462534321814 ], [ -70.545314045272306, -33.533780785249526 ], [ -70.545121653701443, -33.534132546780832 ], [ -70.545066807252695, -33.534399412164007 ], [ -70.545073614053564, -33.534781961641499 ], [ -70.544824891116448, -33.53531742527209 ], [ -70.544784998658045, -33.535435128612043 ], [ -70.544798846389966, -33.535436164289393 ], [ -70.545304698829923, -33.535432380498577 ], [ -70.545980562012844, -33.535391060619631 ], [ -70.546685111352161, -33.535347437067415 ], [ -70.547744690540426, -33.535280967330252 ], [ -70.547830920178768, -33.535278411267065 ], [ -70.54888736990182, -33.535220016124036 ], [ -70.548972117854674, -33.535213910160778 ], [ -70.549651802247595, -33.535174644481295 ], [ -70.551404177787973, -33.5350677783088 ], [ -70.551669490800961, -33.535062960155052 ], [ -70.551872768583024, -33.535075334112662 ], [ -70.552036928407986, -33.535104488758869 ], [ -70.552337156441794, -33.535204451615805 ], [ -70.552528683276975, -33.535256610856109 ], [ -70.552804079831958, -33.535057482687876 ], [ -70.553009159818188, -33.53488876906313 ], [ -70.553052036028618, -33.534792704007813 ], [ -70.553061401295253, -33.534676724826276 ], [ -70.553091529599826, -33.534303591695725 ], [ -70.553112429050245, -33.533841050533702 ], [ -70.553118026744201, -33.533717150924751 ], [ -70.553144516641098, -33.5334190758063 ], [ -70.553291862737353, -33.53305563770035 ], [ -70.55332852566616, -33.532990768139562 ], [ -70.553436178254188, -33.532800301951667 ], [ -70.553450506274601, -33.532701730708737 ], [ -70.553493014436427, -33.532426617130788 ], [ -70.554511722444218, -33.532552794566648 ], [ -70.55476948426238, -33.531705257599405 ], [ -70.553623249404751, -33.531659145175496 ], [ -70.55362657904233, -33.531639526463948 ], [ -70.553725387721641, -33.531057237320674 ], [ -70.553795904318577, -33.530641685408071 ], [ -70.553826422661032, -33.530424242671266 ], [ -70.553902715610306, -33.529695618064622 ], [ -70.553917972050471, -33.52953921151569 ], [ -70.554032414901883, -33.529008956235025 ], [ -70.554073118092191, -33.528772400240761 ], [ -70.554558842765843, -33.525949492496224 ], [ -70.554703801877722, -33.525011055280721 ], [ -70.552628500161688, -33.525140770670255 ], [ -70.552460643686643, -33.52502632791429 ], [ -70.552094412471817, -33.524869923834807 ], [ -70.551781590283369, -33.524858481637978 ], [ -70.551728179924552, -33.524641039360404 ], [ -70.551552693204812, -33.524507522511826 ], [ -70.551510182171114, -33.524373923019553 ], [ -70.551499281837678, -33.524108031870064 ], [ -70.551493014073699, -33.523252722974625 ], [ -70.551493136487352, -33.523252704306124 ], [ -70.551535584484185, -33.523109047257421 ], [ -70.551910619341214, -33.522773276366117 ], [ -70.551915714937564, -33.522659872990026 ], [ -70.552031285194033, -33.52255104979627 ], [ -70.552015912386508, -33.522388355400473 ], [ -70.552009329281262, -33.522318680309823 ], [ -70.551655687124736, -33.522057657700422 ], [ -70.551585506814163, -33.522064885929261 ], [ -70.550181266713281, -33.522211606400994 ], [ -70.549983166511126, -33.520884954795861 ], [ -70.549930687235232, -33.520817608049718 ], [ -70.549919716500142, -33.520681737303306 ], [ -70.549866279875857, -33.520560714617396 ], [ -70.549775725633793, -33.51975829165935 ], [ -70.549721609190399, -33.516149784288039 ], [ -70.549957799638719, -33.516199050112519 ], [ -70.549949148231576, -33.516075761472671 ], [ -70.550291519043284, -33.516171736606793 ], [ -70.550603024106678, -33.516257803712257 ], [ -70.550531129542108, -33.516209553939881 ], [ -70.550296826732293, -33.515953152425396 ], [ -70.550198911883214, -33.515797569140538 ], [ -70.550112950451322, -33.515623833765616 ], [ -70.550104915280315, -33.515596539351975 ], [ -70.550054949604274, -33.515426805742095 ], [ -70.550031143173143, -33.515265772962458 ], [ -70.550001712081695, -33.514929670956107 ], [ -70.549988434877392, -33.514827103891548 ], [ -70.549981362695135, -33.514784860349387 ], [ -70.549951248836493, -33.51472572705071 ], [ -70.549889210132321, -33.514670528449862 ], [ -70.549792784400196, -33.514638280702492 ], [ -70.549526979797491, -33.514616631185511 ], [ -70.549221661201955, -33.514593233418822 ], [ -70.549106427484318, -33.514581293403381 ], [ -70.548971858677561, -33.514560228660521 ], [ -70.548699065453178, -33.514489909842332 ], [ -70.54796970497668, -33.514328255051979 ], [ -70.547958971788816, -33.514325876693889 ], [ -70.547863623213047, -33.514297407073315 ], [ -70.546958178406754, -33.514095937585175 ], [ -70.546844287795494, -33.514069340103916 ], [ -70.545751198021634, -33.513873671805221 ], [ -70.545168734923308, -33.513785441150709 ], [ -70.544954864014585, -33.513781219199302 ], [ -70.544779862453709, -33.513793493611864 ], [ -70.544366354576226, -33.513828672597256 ], [ -70.54338109581029, -33.513940611570192 ], [ -70.542644385659017, -33.514028317176148 ] ] ] ] } },
{ "type": "Feature", "properties": { "objectid": 17117, "cod_region": "13", "region": "Región Metropolitana De Santiago", "cut_provincia": "131", "provincia": "Santiago", "cut_comuna": "13110", "comuna": "La Florida", "zona": "U-VEV2", "nombre_zona": "U-VEV2 Uso Preferente Vivienda y Equipamiento 2", "uperm": "Residencial; equipamiento comercio, culto y cultura, deporte, educación, esparcimiento, salud, seguridad, servicios, social; infraestructura de transporte; espacio público y áreas verdes. Mayor detalle en Ordenanza", "uproh": "Todo uso no mencionado como permitido.", "srid": "EPSG: 4326" }, "geometry": { "type": "MultiPolygon", "coordinates": [ [ [ [ -70.553450506274601, -33.532701730708737 ], [ -70.554467456057978, -33.532698344750905 ], [ -70.554502261443673, -33.532583903836176 ], [ -70.554511722444218, -33.532552794566648 ], [ -70.553493014436427, -33.532426617130788 ], [ -70.553450506274601, -33.532701730708737 ] ] ] ] } },
{ "type": "Feature", "properties": { "objectid": 17118, "cod_region": "13", "region": "Región Metropolitana De Santiago", "cut_provincia": "131", "provincia": "Santiago", "cut_comuna": "13110", "comuna": "La Florida", "zona": "RI", "nombre_zona": "RI Zona de Resguardo de Insfraestructura", "uperm": "Equipamiento de comercio, esparcimiento y servicios; infraestructura.", "uproh": "Residencial; equipamiento; actividad productiva.", "srid": "EPSG: 4326" }, "geometry": { "type": "MultiPolygon", "coordinates": [ [ [ [ -70.524077238346834, -33.537305141321781 ], [ -70.524105909709988, -33.537322918858628 ], [ -70.523282643798254, -33.535818729445381 ], [ -70.521922353649671, -33.533232602727701 ], [ -70.521775622279293, -33.532953630583172 ], [ -70.521508385903431, -33.532421256922696 ], [ -70.52036122661724, -33.53013586140289 ], [ -70.51971737062108, -33.528853096079565 ], [ -70.519714609820355, -33.527306972885214 ], [ -70.519713805851183, -33.526856861692025 ], [ -70.519712781254427, -33.526283475710834 ], [ -70.519711892484509, -33.525784990966052 ], [ -70.519711331226588, -33.525470534588855 ], [ -70.519710632363328, -33.525079030553705 ], [ -70.519708343400481, -33.52379575461805 ], [ -70.519708372548052, -33.523749288911723 ], [ -70.519708745039949, -33.523146585730856 ], [ -70.519711268677881, -33.519073118559277 ], [ -70.519712019873154, -33.517863173172685 ], [ -70.519712899417044, -33.516447711541652 ], [ -70.519713376040045, -33.515680690618346 ], [ -70.519713972324297, -33.514721891336947 ], [ -70.519714414431746, -33.514012334875851 ], [ -70.519682845895147, -33.511008631290558 ], [ -70.519646789354596, -33.507577093843047 ], [ -70.51960829865989, -33.504811422564707 ], [ -70.519418999450252, -33.504709000553198 ], [ -70.51886073272702, -33.504255027794777 ], [ -70.518911916809401, -33.508157619379283 ], [ -70.518940715605922, -33.513214731972838 ], [ -70.518953042907725, -33.516192493476105 ], [ -70.518951166237358, -33.528939056099325 ], [ -70.522516771466911, -33.535926888915803 ], [ -70.524077238346834, -33.537305141321781 ] ] ] ] } },
{ "type": "Feature", "properties": { "objectid": 17119, "cod_region": "13", "region": "Región Metropolitana De Santiago", "cut_provincia": "131", "provincia": "Santiago", "cut_comuna": "13110", "comuna": "La Florida", "zona": "U-VEV1", "nombre_zona": "U-VEV1 Uso Preferente Vivienda y Equipamiento  N°1", "uperm": "Residencial; equipamiento científico, comercio, culto y cultura, deporte, educación, esparcimiento, salud, seguridad, servicios, social y turismo; infraestructura de transporte; espacio público y áreas verdes. Mayor detalle en Ordenanza", "uproh": "Todo uso no mencionado como permitido.", "srid": "EPSG: 4326" }, "geometry": { "type": "MultiPolygon", "coordinates": [ [ [ [ -70.520436930432965, -33.515738472962532 ], [ -70.521316861562113, -33.515763603764796 ], [ -70.520871593444213, -33.515216952859596 ], [ -70.520713748588022, -33.51513466933573 ], [ -70.520648338972123, -33.515063803392145 ], [ -70.520645586797485, -33.515070000344835 ], [ -70.520637527610461, -33.515247900271468 ], [ -70.520436930432965, -33.515738472962532 ] ] ] ] } },
{ "type": "Feature", "properties": { "objectid": 17120, "cod_region": "13", "region": "Región Metropolitana De Santiago", "cut_provincia": "131", "provincia": "Santiago", "cut_comuna": "13110", "comuna": "La Florida", "zona": "U-VEV1", "nombre_zona": "U-VEV1 Uso Preferente Vivienda y Equipamiento  N°1", "uperm": "Residencial; equipamiento científico, comercio, culto y cultura, deporte, educación, esparcimiento, salud, seguridad, servicios, social y turismo; infraestructura de transporte; espacio público y áreas verdes. Mayor detalle en Ordenanza", "uproh": "Todo uso no mencionado como permitido.", "srid": "EPSG: 4326" }, "geometry": { "type": "MultiPolygon", "coordinates": [ [ [ [ -70.520236295706553, -33.51721799850926 ], [ -70.52057173466288, -33.517506439350797 ], [ -70.520795594646245, -33.517257921796961 ], [ -70.521054166315366, -33.516711984331529 ], [ -70.521196749655815, -33.516560505473244 ], [ -70.521195603145614, -33.516495013668454 ], [ -70.521094586104027, -33.51646818109122 ], [ -70.520166862036774, -33.516442140218537 ], [ -70.520204790314878, -33.516694338983349 ], [ -70.52017504589854, -33.51690993761904 ], [ -70.520236295706553, -33.51721799850926 ] ] ] ] } },
{ "type": "Feature", "properties": { "objectid": 17121, "cod_region": "13", "region": "Región Metropolitana De Santiago", "cut_provincia": "131", "provincia": "Santiago", "cut_comuna": "13110", "comuna": "La Florida", "zona": "PEDC-3", "nombre_zona": "PEDC-3 Zona de Protección Ecológica con Desarrollo Controlado", "uperm": "Zona de protección ecológica, según PRMS.", "uproh": "Zona de protección ecológica, según PRMS.", "srid": "EPSG: 4326" }, "geometry": { "type": "MultiPolygon", "coordinates": [ [ [ [ -70.519712019873154, -33.517863173172685 ], [ -70.519957177379183, -33.517867124069127 ], [ -70.520112571449403, -33.517809069296668 ], [ -70.520565453778119, -33.51751341282008 ], [ -70.52057173466288, -33.517506439350797 ], [ -70.520236295706553, -33.51721799850926 ], [ -70.52017504589854, -33.51690993761904 ], [ -70.520204790314878, -33.516694338983349 ], [ -70.520166862036774, -33.516442140218537 ], [ -70.519712899417044, -33.516447711541652 ], [ -70.519712019873154, -33.517863173172685 ] ] ] ] } },
{ "type": "Feature", "properties": { "objectid": 17122, "cod_region": "13", "region": "Región Metropolitana De Santiago", "cut_provincia": "131", "provincia": "Santiago", "cut_comuna": "13110", "comuna": "La Florida", "zona": "PEDC-3", "nombre_zona": "PEDC-3 Zona de Protección Ecológica con Desarrollo Controlado", "uperm": "Zona de protección ecológica, según PRMS.", "uproh": "Zona de protección ecológica, según PRMS.", "srid": "EPSG: 4326" }, "geometry": { "type": "MultiPolygon", "coordinates": [ [ [ [ -70.520400313860989, -33.515737427234356 ], [ -70.520436930432965, -33.515738472962532 ], [ -70.520637527610461, -33.515247900271468 ], [ -70.520645586797485, -33.515070000344835 ], [ -70.520648338972123, -33.515063803392145 ], [ -70.520542934503396, -33.514949607231273 ], [ -70.52031856591303, -33.514896213215984 ], [ -70.520108014965842, -33.514816655514686 ], [ -70.519713972324297, -33.514721891336947 ], [ -70.519713376040045, -33.515680690618346 ], [ -70.519953373127493, -33.515733554805507 ], [ -70.520400313860989, -33.515737427234356 ] ] ] ] } },
{ "type": "Feature", "properties": { "objectid": 17123, "cod_region": "13", "region": "Región Metropolitana De Santiago", "cut_provincia": "131", "provincia": "Santiago", "cut_comuna": "13110", "comuna": "La Florida", "zona": "PEDC-3", "nombre_zona": "PEDC-3 Zona de Protección Ecológica con Desarrollo Controlado", "uperm": "Zona de protección ecológica, según PRMS.", "uproh": "Zona de protección ecológica, según PRMS.", "srid": "EPSG: 4326" }, "geometry": { "type": "MultiPolygon", "coordinates": [ [ [ [ -70.519711268677881, -33.519073118559277 ], [ -70.519708745039949, -33.523146585730856 ], [ -70.520210789102066, -33.522854921868252 ], [ -70.52141571043731, -33.522755902758455 ], [ -70.521592305519363, -33.52263207975453 ], [ -70.521846107840119, -33.52245116025788 ], [ -70.522001508631163, -33.52239310296104 ], [ -70.522154285317669, -33.522185350268224 ], [ -70.522890883515288, -33.521502521064924 ], [ -70.52354253884441, -33.521073398436791 ], [ -70.524158865727927, -33.520617592638239 ], [ -70.523920526077731, -33.520423741380583 ], [ -70.523827228182981, -33.520200298691378 ], [ -70.523691383115008, -33.520099032691448 ], [ -70.523545681499115, -33.520072751981594 ], [ -70.52333263241303, -33.520028582814795 ], [ -70.523296825664261, -33.519898011601292 ], [ -70.523250013729267, -33.519776934099582 ], [ -70.522966009279344, -33.519509046223057 ], [ -70.522839532865305, -33.519304726541449 ], [ -70.522821640487905, -33.5189212707674 ], [ -70.52282903824144, -33.518705946439248 ], [ -70.522936965022211, -33.51848938681858 ], [ -70.523012037646936, -33.51831066189699 ], [ -70.522950777124677, -33.518002602730974 ], [ -70.522791613507934, -33.517845474901577 ], [ -70.522588099912852, -33.517707607943841 ], [ -70.522395593164589, -33.517560246968216 ], [ -70.522201939761942, -33.517347393906419 ], [ -70.522022897809038, -33.517330878562774 ], [ -70.52180065235973, -33.517399115550312 ], [ -70.521614396269243, -33.517506461860307 ], [ -70.52143966611979, -33.517779255399425 ], [ -70.521087913655464, -33.518107986096346 ], [ -70.520439172172672, -33.518490270015405 ], [ -70.520232851794944, -33.518617575693575 ], [ -70.520073611572144, -33.51888155384416 ], [ -70.51982282874755, -33.51902188151076 ], [ -70.519711268677881, -33.519073118559277 ] ] ] ] } },
{ "type": "Feature", "properties": { "objectid": 17124, "cod_region": "13", "region": "Región Metropolitana De Santiago", "cut_provincia": "131", "provincia": "Santiago", "cut_comuna": "13110", "comuna": "La Florida", "zona": "PL", "nombre_zona": "PL Zona de Plazas", "uperm": "Espacio público y áreas verdes.", "uproh": "Todo uso no mencionado como permitido.", "srid": "EPSG: 4326" }, "geometry": { "type": "MultiPolygon", "coordinates": [ [ [ [ -70.545980562012844, -33.535391060619631 ], [ -70.545304698829923, -33.535432380498577 ], [ -70.544798846389966, -33.535436164289393 ], [ -70.544784998658045, -33.535435128612043 ], [ -70.544748776177059, -33.535542000248029 ], [ -70.54476314369262, -33.535532361681746 ], [ -70.545544532469592, -33.535534106627701 ], [ -70.545947470178604, -33.535542011069218 ], [ -70.546505798985635, -33.535606822323267 ], [ -70.547620653011052, -33.535756202653943 ], [ -70.547808614060884, -33.535762516922986 ], [ -70.547943563083791, -33.535781804586883 ], [ -70.54867302302317, -33.535778533501642 ], [ -70.549410564119526, -33.535775222820305 ], [ -70.549724949950857, -33.535765520906061 ], [ -70.551016537199047, -33.53561103391565 ], [ -70.551124711479787, -33.535600929188874 ], [ -70.551549500631225, -33.535555017092001 ], [ -70.552281341407451, -33.535544048311557 ], [ -70.552673149791858, -33.535561954426051 ], [ -70.553054472771507, -33.535587690646636 ], [ -70.553268390161648, -33.5356022762899 ], [ -70.55372479945197, -33.535633934056662 ], [ -70.553336034472665, -33.535505900417284 ], [ -70.552528683276975, -33.535256610856109 ], [ -70.552337156441794, -33.535204451615805 ], [ -70.552036928407986, -33.535104488758869 ], [ -70.551872768583024, -33.535075334112662 ], [ -70.551669490800961, -33.535062960155052 ], [ -70.551404177787973, -33.5350677783088 ], [ -70.549651802247595, -33.535174644481295 ], [ -70.548972117854674, -33.535213910160778 ], [ -70.54888736990182, -33.535220016124036 ], [ -70.547830920178768, -33.535278411267065 ], [ -70.547744690540426, -33.535280967330252 ], [ -70.546685111352161, -33.535347437067415 ], [ -70.545980562012844, -33.535391060619631 ] ] ] ] } },
{ "type": "Feature", "properties": { "objectid": 17125, "cod_region": "13", "region": "Región Metropolitana De Santiago", "cut_provincia": "131", "provincia": "Santiago", "cut_comuna": "13110", "comuna": "La Florida", "zona": "U-VEV1", "nombre_zona": "U-VEV1 Uso Preferente Vivienda y Equipamiento  N°1", "uperm": "Residencial; equipamiento científico, comercio, culto y cultura, deporte, educación, esparcimiento, salud, seguridad, servicios, social y turismo; infraestructura de transporte; espacio público y áreas verdes. Mayor detalle en Ordenanza", "uproh": "Todo uso no mencionado como permitido.", "srid": "EPSG: 4326" }, "geometry": { "type": "MultiPolygon", "coordinates": [ [ [ [ -70.528038015673644, -33.515202565615319 ], [ -70.52771323311994, -33.515368776680724 ], [ -70.527414945491955, -33.515347501044658 ], [ -70.526984817530106, -33.515452623014042 ], [ -70.526586885394309, -33.515694597227323 ], [ -70.526262317223157, -33.515873279720374 ], [ -70.526009581763631, -33.51590134790893 ], [ -70.52587795895127, -33.516040220222287 ], [ -70.52573363276538, -33.516304020759023 ], [ -70.525395263217774, -33.516545257433144 ], [ -70.525023603192537, -33.516587266165089 ], [ -70.524294517720008, -33.516633673444296 ], [ -70.523714796928985, -33.516703193609537 ], [ -70.523401394326825, -33.516669617402371 ], [ -70.522996448657892, -33.516512393351782 ], [ -70.522699032173378, -33.516541004273414 ], [ -70.522357593252806, -33.516607588195114 ], [ -70.522196395196517, -33.516759297152575 ], [ -70.522048997443022, -33.516848449886375 ], [ -70.521887144009156, -33.51696273393317 ], [ -70.521657161401123, -33.517439697358569 ], [ -70.521614396269243, -33.517506461860307 ], [ -70.52180065235973, -33.517399115550312 ], [ -70.522022897809038, -33.517330878562774 ], [ -70.522201939761942, -33.517347393906419 ], [ -70.522395593164589, -33.517560246968216 ], [ -70.522588099912852, -33.517707607943841 ], [ -70.522791613507934, -33.517845474901577 ], [ -70.522950777124677, -33.518002602730974 ], [ -70.523012037646936, -33.51831066189699 ], [ -70.522936965022211, -33.51848938681858 ], [ -70.52282903824144, -33.518705946439248 ], [ -70.522821640487905, -33.5189212707674 ], [ -70.522839532865305, -33.519304726541449 ], [ -70.522966009279344, -33.519509046223057 ], [ -70.523250013729267, -33.519776934099582 ], [ -70.523296825664261, -33.519898011601292 ], [ -70.52333263241303, -33.520028582814795 ], [ -70.523545681499115, -33.520072751981594 ], [ -70.523691383115008, -33.520099032691448 ], [ -70.523827228182981, -33.520200298691378 ], [ -70.523920526077731, -33.520423741380583 ], [ -70.524158865727927, -33.520617592638239 ], [ -70.524237391414943, -33.520559518252284 ], [ -70.524578244325994, -33.520246510204146 ], [ -70.524965416468561, -33.520026509962527 ], [ -70.52532072007709, -33.519900481032685 ], [ -70.525665836868157, -33.519830724036986 ], [ -70.525898269672595, -33.519706207118929 ], [ -70.526277607044989, -33.519570521891609 ], [ -70.526515020840364, -33.519517686244896 ], [ -70.526872018928302, -33.519488330542316 ], [ -70.527094100876411, -33.519410729008598 ], [ -70.527421531055609, -33.519394213233689 ], [ -70.527691362153902, -33.519490703793338 ], [ -70.527988786556406, -33.519462079752408 ], [ -70.528314021323681, -33.519320816960054 ], [ -70.528326940230571, -33.519208361786539 ], [ -70.528397675319979, -33.51899537514899 ], [ -70.5285439725251, -33.518843842186747 ], [ -70.528795177957619, -33.51872844656706 ], [ -70.528999509789642, -33.518488855620269 ], [ -70.529382774456593, -33.518259532592459 ], [ -70.529678217425371, -33.518118634199169 ], [ -70.529670091831349, -33.517657075607246 ], [ -70.529830398461471, -33.517455459610204 ], [ -70.53003582280185, -33.517278239826979 ], [ -70.530315050897443, -33.517062677060878 ], [ -70.530280605329168, -33.515952625704465 ], [ -70.53030445916103, -33.515615445482673 ], [ -70.530653747892131, -33.515149470053387 ], [ -70.530977205057468, -33.514908403610455 ], [ -70.531103544026251, -33.514470138362547 ], [ -70.531113600533658, -33.514195513972076 ], [ -70.531239311940425, -33.513968329344067 ], [ -70.53110594222855, -33.514007409810027 ], [ -70.53079370092145, -33.514039343641237 ], [ -70.530536974771323, -33.514051873938378 ], [ -70.530248389216922, -33.514158377322389 ], [ -70.530059336230252, -33.514207503012599 ], [ -70.530016306942869, -33.514301613664188 ], [ -70.529829395713207, -33.514472365801232 ], [ -70.529507629122207, -33.514597993157516 ], [ -70.529275710154735, -33.514750584481455 ], [ -70.529064152240935, -33.51479062820048 ], [ -70.528823582751272, -33.514980757127582 ], [ -70.528333888456515, -33.515086619018057 ], [ -70.528038015673644, -33.515202565615319 ] ] ] ] } },
{ "type": "Feature", "properties": { "objectid": 17126, "cod_region": "13", "region": "Región Metropolitana De Santiago", "cut_provincia": "131", "provincia": "Santiago", "cut_comuna": "13110", "comuna": "La Florida", "zona": "U-VEV1", "nombre_zona": "U-VEV1 Uso Preferente Vivienda y Equipamiento  N°1", "uperm": "Residencial; equipamiento científico, comercio, culto y cultura, deporte, educación, esparcimiento, salud, seguridad, servicios, social y turismo; infraestructura de transporte; espacio público y áreas verdes. Mayor detalle en Ordenanza", "uproh": "Todo uso no mencionado como permitido.", "srid": "EPSG: 4326" }, "geometry": { "type": "MultiPolygon", "coordinates": [ [ [ [ -70.534952902583157, -33.513733854524638 ], [ -70.534907250100446, -33.513762822726051 ], [ -70.534821830660732, -33.513792033916296 ], [ -70.53479535832021, -33.51380108632921 ], [ -70.53468695654712, -33.513845979270627 ], [ -70.534643585901378, -33.51385327954938 ], [ -70.534600124815924, -33.513860580031782 ], [ -70.534579134584675, -33.513868414631496 ], [ -70.534343326304807, -33.51393077257454 ], [ -70.534312277386903, -33.513938983353867 ], [ -70.534150306113929, -33.513966687611834 ], [ -70.5341339646275, -33.513966348931042 ], [ -70.534131740725826, -33.513965700101231 ], [ -70.534007265345522, -33.51402271743428 ], [ -70.533725104348974, -33.514057795115221 ], [ -70.533517405377282, -33.514039310928439 ], [ -70.533340099297689, -33.513962548632811 ], [ -70.533235244084253, -33.514074387500109 ], [ -70.532997524532504, -33.514135232538813 ], [ -70.532721367077272, -33.514154442481328 ], [ -70.532570211567091, -33.514135256940015 ], [ -70.53249370687152, -33.514073038094651 ], [ -70.532355952429342, -33.51410106172947 ], [ -70.532217733948244, -33.514102771763532 ], [ -70.532081371068699, -33.51420973544905 ], [ -70.532001367050285, -33.514305473822084 ], [ -70.531956393296596, -33.514606069245836 ], [ -70.531758341758305, -33.515134903540257 ], [ -70.531710212924253, -33.51525656758718 ], [ -70.531185083487415, -33.515768389628882 ], [ -70.531156358874185, -33.515921396769244 ], [ -70.531150446425443, -33.517369026826515 ], [ -70.53107182848089, -33.51754370502433 ], [ -70.530954864604468, -33.517682010892734 ], [ -70.530706977735178, -33.517879837295851 ], [ -70.530589271208299, -33.517976041676768 ], [ -70.530546958928952, -33.518071313300013 ], [ -70.530538472584226, -33.518303027698295 ], [ -70.530497179804144, -33.518456189081775 ], [ -70.530458090290324, -33.518502410569994 ], [ -70.530529623363606, -33.518572637210383 ], [ -70.530535344461072, -33.518654887893227 ], [ -70.530586926223336, -33.518672145532079 ], [ -70.530584584562547, -33.518766093468173 ], [ -70.530662097172836, -33.518825037204252 ], [ -70.53074879885996, -33.518826812663185 ], [ -70.531277218506688, -33.518857126363329 ], [ -70.531643673228402, -33.518968399452163 ], [ -70.531846121153265, -33.519044852997098 ], [ -70.532750688780183, -33.519023133697061 ], [ -70.533146516862914, -33.519018234056361 ], [ -70.534146257522778, -33.519047963725043 ], [ -70.534281160845566, -33.51899581225625 ], [ -70.534707534797576, -33.51875000072215 ], [ -70.535029498769376, -33.518592105922124 ], [ -70.535280100059239, -33.518506679066491 ], [ -70.535423315850352, -33.518470304640111 ], [ -70.535521174185959, -33.518461081244794 ], [ -70.535773124275636, -33.51843733392348 ], [ -70.53598308056128, -33.518389393945014 ], [ -70.536448245507017, -33.518113993185722 ], [ -70.536569699719038, -33.518055219804573 ], [ -70.536815920000137, -33.517963878598721 ], [ -70.53696330212918, -33.517921485974107 ], [ -70.537179083302476, -33.517874271631271 ], [ -70.537312388980212, -33.517847955369064 ], [ -70.537480950261354, -33.517714626946315 ], [ -70.537683687500689, -33.517580873968953 ], [ -70.537862333967666, -33.517483261442415 ], [ -70.538039881254562, -33.517426125839897 ], [ -70.538574911875131, -33.51739815803586 ], [ -70.538873258547326, -33.517353735174133 ], [ -70.539233775315253, -33.517282443433885 ], [ -70.539713460567484, -33.51702355302595 ], [ -70.540239048065956, -33.51680171266559 ], [ -70.540502011270178, -33.516672533266323 ], [ -70.540668140073606, -33.516563092490571 ], [ -70.540902976543038, -33.516469969387941 ], [ -70.540895020859651, -33.516446696429234 ], [ -70.540766505989083, -33.516007695945476 ], [ -70.540692547419255, -33.515726921671735 ], [ -70.540661694753169, -33.515445612012151 ], [ -70.540669248610101, -33.515400625614248 ], [ -70.540668571583765, -33.515400514092399 ], [ -70.540576176385272, -33.515385232919392 ], [ -70.540576398479047, -33.515385736086003 ], [ -70.540574965941246, -33.515385033339641 ], [ -70.540496499489549, -33.515347116846648 ], [ -70.540391695884267, -33.515298049325239 ], [ -70.540356566788574, -33.515274501948525 ], [ -70.540325814875388, -33.515262531986778 ], [ -70.540286532745625, -33.515235069070052 ], [ -70.540238590410112, -33.51521988680836 ], [ -70.540143113413748, -33.515162466623657 ], [ -70.540137688359948, -33.515156943613476 ], [ -70.5401355182439, -33.515154716914914 ], [ -70.540124529571059, -33.515150796209895 ], [ -70.540092731005032, -33.515129821758066 ], [ -70.540033281127904, -33.515091519683715 ], [ -70.540033191265834, -33.51509143061763 ], [ -70.540031379559352, -33.515089379827394 ], [ -70.540031200356722, -33.515089291872258 ], [ -70.540031111016148, -33.515089292983177 ], [ -70.540029209431722, -33.515087152225199 ], [ -70.540026173796093, -33.515086023899897 ], [ -70.540023579240255, -33.515085058732957 ], [ -70.539977035099668, -33.515053628659714 ], [ -70.539961768911724, -33.515043809919341 ], [ -70.539890445274025, -33.515006737615145 ], [ -70.539881874929677, -33.514999000014939 ], [ -70.539870006237109, -33.514995540244058 ], [ -70.53978991129776, -33.514949470208208 ], [ -70.539782867857411, -33.514945877389003 ], [ -70.539759362630932, -33.514933891137368 ], [ -70.539744663247788, -33.514920999083827 ], [ -70.539724665726126, -33.514914666107408 ], [ -70.539673425945978, -33.514883745210419 ], [ -70.539652812740314, -33.514862592808136 ], [ -70.539638613335725, -33.514848021622079 ], [ -70.539636443240141, -33.514845794914081 ], [ -70.539587408246987, -33.514818994110179 ], [ -70.539535865138177, -33.514770945667927 ], [ -70.53949534058286, -33.514733489370087 ], [ -70.53949533898556, -33.514733399206442 ], [ -70.539495248048013, -33.514733310153332 ], [ -70.539493535285786, -33.514731799225864 ], [ -70.539493444348253, -33.514731710172747 ], [ -70.539492620111304, -33.514730277482293 ], [ -70.539490915840616, -33.514729306648384 ], [ -70.539474576077225, -33.514714001800769 ], [ -70.539445163776321, -33.514692367131822 ], [ -70.539415481872268, -33.514670645623134 ], [ -70.539391520634908, -33.514656065878711 ], [ -70.539371352768057, -33.514635127939279 ], [ -70.539342810061299, -33.514622589166429 ], [ -70.539332735554282, -33.514614779136352 ], [ -70.539286372575376, -33.514578839169978 ], [ -70.539269826084251, -33.514566872751061 ], [ -70.539211695662502, -33.514527832399985 ], [ -70.539176149347441, -33.514510782171108 ], [ -70.539172005618113, -33.514509151745649 ], [ -70.539154156798844, -33.514502129122327 ], [ -70.539110449820271, -33.514485449939301 ], [ -70.539101553133264, -33.514479339641177 ], [ -70.539090331164829, -33.514477314692819 ], [ -70.539010005961458, -33.514443238697083 ], [ -70.538975869431582, -33.514430588980971 ], [ -70.538939929628626, -33.514406330694932 ], [ -70.538896032433655, -33.514393982606649 ], [ -70.538848424054706, -33.514367524508181 ], [ -70.538841741019397, -33.514361115233712 ], [ -70.538832188218521, -33.514358078405415 ], [ -70.538755378433549, -33.51431196595788 ], [ -70.53874104682599, -33.514304750771998 ], [ -70.538738817744559, -33.514304237365295 ], [ -70.538733476911275, -33.514303401885179 ], [ -70.538731420659673, -33.5143026166824 ], [ -70.538718583807452, -33.514299619744499 ], [ -70.538713926783629, -33.514297333733481 ], [ -70.538701590355004, -33.514297486999652 ], [ -70.538641883995908, -33.514284703944135 ], [ -70.538630065412846, -33.514279079926474 ], [ -70.538616476185652, -33.514278707646817 ], [ -70.538516412589274, -33.514252901064282 ], [ -70.538498131734841, -33.514243300855249 ], [ -70.538476699279499, -33.514241222319349 ], [ -70.538408889265554, -33.514218708005821 ], [ -70.538389005673778, -33.514212106450358 ], [ -70.53836206915534, -33.514204957604655 ], [ -70.538347299431294, -33.514202852201571 ], [ -70.538331808721381, -33.51420064482619 ], [ -70.538282024832156, -33.514196754898222 ], [ -70.538216877872372, -33.51419756403309 ], [ -70.53812368253918, -33.514198721473335 ], [ -70.538048564282121, -33.514182882923286 ], [ -70.537971052721645, -33.514182313259923 ], [ -70.537878879399244, -33.514160916450628 ], [ -70.537877445810253, -33.514160212783445 ], [ -70.537875846863784, -33.51416014245423 ], [ -70.537848909793169, -33.514153750142555 ], [ -70.537839740486916, -33.514151574236713 ], [ -70.537817887480387, -33.514140755710791 ], [ -70.537792634502054, -33.514138453943161 ], [ -70.537761920004712, -33.514128556185071 ], [ -70.537729201389737, -33.514120757523514 ], [ -70.537675283812121, -33.514114033702455 ], [ -70.53759890227623, -33.514107047645844 ], [ -70.537588634345596, -33.514103749047905 ], [ -70.5375777325455, -33.514104785324569 ], [ -70.537569722043202, -33.51410378543499 ], [ -70.537484489494958, -33.514093139517342 ], [ -70.537452379198953, -33.514089661138406 ], [ -70.537441750765467, -33.51408600626916 ], [ -70.537430403917043, -33.514086958775763 ], [ -70.537372464292716, -33.514078661445943 ], [ -70.537372285094747, -33.514078573486806 ], [ -70.537372107491848, -33.514078575691393 ], [ -70.537340210259458, -33.514073995301032 ], [ -70.537285418732381, -33.514066126906073 ], [ -70.537264413396542, -33.514058002363733 ], [ -70.537241334192103, -33.514058198640925 ], [ -70.537142948290182, -33.51403687838836 ], [ -70.537132116755316, -33.514031783076177 ], [ -70.537119769710031, -33.514031395214602 ], [ -70.537019351591496, -33.514005591808953 ], [ -70.536978937844765, -33.513984363617915 ], [ -70.536932271771775, -33.513976016360111 ], [ -70.536889810383244, -33.513957834698417 ], [ -70.536882257786914, -33.513954600646223 ], [ -70.536856146984576, -33.513943419938279 ], [ -70.536791949647565, -33.513917617799393 ], [ -70.536764966965194, -33.513917952606313 ], [ -70.536700990492704, -33.513924851843221 ], [ -70.536700727226105, -33.513924880361124 ], [ -70.536685515731037, -33.513923176145347 ], [ -70.53667094331459, -33.51392741430935 ], [ -70.536578183104353, -33.513933073458752 ], [ -70.536546845543313, -33.513928052135753 ], [ -70.536515698177453, -33.513933848668422 ], [ -70.536473380678473, -33.513932689929057 ], [ -70.536431853784876, -33.513931552029817 ], [ -70.536427755151124, -33.513930701941256 ], [ -70.536422158575434, -33.51393050081812 ], [ -70.536405836316206, -33.513926195024048 ], [ -70.536388830123414, -33.513928389124686 ], [ -70.536298849011075, -33.513920488761407 ], [ -70.536288850201444, -33.513917367083252 ], [ -70.536278215362643, -33.513918400835713 ], [ -70.536201349685982, -33.513909165328066 ], [ -70.53616048169701, -33.513907418542239 ], [ -70.536081488339718, -33.513908398289047 ], [ -70.536066430020512, -33.513905248258247 ], [ -70.53606615423557, -33.513905299475958 ], [ -70.536051298206473, -33.51390805125245 ], [ -70.53595474046702, -33.513904740480037 ], [ -70.535935144262808, -33.513899643732898 ], [ -70.535921652532792, -33.513896134264421 ], [ -70.535887167992357, -33.513898905783314 ], [ -70.535798792896998, -33.513886476862289 ], [ -70.535788873369654, -33.513882722875259 ], [ -70.53577805136436, -33.513883217804249 ], [ -70.535729785426184, -33.513874799745125 ], [ -70.535664940294978, -33.513847471926937 ], [ -70.535593958546485, -33.513834647728004 ], [ -70.535542703576965, -33.513812741824204 ], [ -70.535527228626577, -33.513801121440224 ], [ -70.535507166187202, -33.513796140428845 ], [ -70.535436035739011, -33.513759784577168 ], [ -70.535411961204588, -33.513758910648527 ], [ -70.535334654639314, -33.513759869005213 ], [ -70.535310396301014, -33.513760169721863 ], [ -70.535287029203616, -33.513760459385821 ], [ -70.53523640067084, -33.513761086973737 ], [ -70.53520450018155, -33.513754359700158 ], [ -70.535171995293595, -33.513758639601448 ], [ -70.535081926169553, -33.513750739439523 ], [ -70.535066836588342, -33.513745877087224 ], [ -70.53505070408373, -33.513747249424775 ], [ -70.534960911088731, -33.513734927658106 ], [ -70.534952902583157, -33.513733854524638 ] ] ] ] } },
{ "type": "Feature", "properties": { "objectid": 17127, "cod_region": "13", "region": "Región Metropolitana De Santiago", "cut_provincia": "131", "provincia": "Santiago", "cut_comuna": "13110", "comuna": "La Florida", "zona": "PEDC-3", "nombre_zona": "PEDC-3 Zona de Protección Ecológica con Desarrollo Controlado", "uperm": "Zona de protección ecológica, según PRMS.", "uproh": "Zona de protección ecológica, según PRMS.", "srid": "EPSG: 4326" }, "geometry": { "type": "MultiPolygon", "coordinates": [ [ [ [ -70.522899613902226, -33.52260251472449 ], [ -70.522578048015106, -33.522901244057834 ], [ -70.522478129810025, -33.522937564793075 ], [ -70.522230486167231, -33.523151163676694 ], [ -70.521948100398561, -33.523295003624952 ], [ -70.521581321229576, -33.523404787653334 ], [ -70.521289326267691, -33.523478559645874 ], [ -70.520914905152267, -33.523630546872489 ], [ -70.520236178586998, -33.523631862012152 ], [ -70.519708372548052, -33.523749288911723 ], [ -70.519708343400481, -33.52379575461805 ], [ -70.519710632363328, -33.525079030553705 ], [ -70.520157646450372, -33.524968914534256 ], [ -70.520646314302951, -33.524800710360317 ], [ -70.521015826640095, -33.524633967904805 ], [ -70.521295757297153, -33.524455847099595 ], [ -70.522068717110884, -33.524359007775004 ], [ -70.522318855355749, -33.524181250878229 ], [ -70.522879358861729, -33.523862428390331 ], [ -70.522994793343869, -33.523648895010517 ], [ -70.523141107759642, -33.523497368957955 ], [ -70.523258289920832, -33.52338363090923 ], [ -70.52365692250919, -33.523179090880433 ], [ -70.524042191751349, -33.523062055106244 ], [ -70.524456810927887, -33.522919701228076 ], [ -70.524738917182532, -33.522866318667205 ], [ -70.525113013104075, -33.522961530860591 ], [ -70.525321087218487, -33.522934014317144 ], [ -70.525497841125485, -33.522819540419597 ], [ -70.525883982514145, -33.522752397641462 ], [ -70.526134765566908, -33.522612056849965 ], [ -70.526341305332821, -33.52249721649504 ], [ -70.526290268803777, -33.522136005429104 ], [ -70.526152938663458, -33.521950538977151 ], [ -70.525850465796395, -33.521692243115552 ], [ -70.525475936614242, -33.521572084584363 ], [ -70.524861579988794, -33.521367538044821 ], [ -70.524694468036841, -33.521182436592873 ], [ -70.524683844337744, -33.521173796128167 ], [ -70.524610157622959, -33.521233922421857 ], [ -70.523724339970997, -33.521848412319287 ], [ -70.522899613902226, -33.52260251472449 ] ] ] ] } },
{ "type": "Feature", "properties": { "objectid": 17128, "cod_region": "13", "region": "Región Metropolitana De Santiago", "cut_provincia": "131", "provincia": "Santiago", "cut_comuna": "13110", "comuna": "La Florida", "zona": "PL", "nombre_zona": "PL Zona de Plazas", "uperm": "Espacio público y áreas verdes.", "uproh": "Todo uso no mencionado como permitido.", "srid": "EPSG: 4326" }, "geometry": { "type": "MultiPolygon", "coordinates": [ [ [ [ -70.562973123412149, -33.518798504131532 ], [ -70.562966833536521, -33.51902379132575 ], [ -70.563297520420321, -33.519010955298207 ], [ -70.563323237853339, -33.518716128912274 ], [ -70.563370879726051, -33.518490318787357 ], [ -70.563418383599981, -33.518383166022218 ], [ -70.563156081179031, -33.518314358629503 ], [ -70.563041754841763, -33.518589753380297 ], [ -70.562973123412149, -33.518798504131532 ] ] ] ] } },
{ "type": "Feature", "properties": { "objectid": 17129, "cod_region": "13", "region": "Región Metropolitana De Santiago", "cut_provincia": "131", "provincia": "Santiago", "cut_comuna": "13110", "comuna": "La Florida", "zona": "PL", "nombre_zona": "PL Zona de Plazas", "uperm": "Espacio público y áreas verdes.", "uproh": "Todo uso no mencionado como permitido.", "srid": "EPSG: 4326" }, "geometry": { "type": "MultiPolygon", "coordinates": [ [ [ [ -70.562607609730847, -33.521609731762346 ], [ -70.562588299653285, -33.521867116959108 ], [ -70.562713453080619, -33.521854067309654 ], [ -70.562715131326414, -33.521630359792205 ], [ -70.562607609730847, -33.521609731762346 ] ] ] ] } },
{ "type": "Feature", "properties": { "objectid": 17130, "cod_region": "13", "region": "Región Metropolitana De Santiago", "cut_provincia": "131", "provincia": "Santiago", "cut_comuna": "13110", "comuna": "La Florida", "zona": "R-1/AV3", "nombre_zona": "R-1/AV3 Zona de Restricción por Quebradas/ Parques Quebradas", "uperm": "Zona de restricción, según PRMS.", "uproh": "Zona de restricción, según PRMS.", "srid": "EPSG: 4326" }, "geometry": { "type": "MultiPolygon", "coordinates": [ [ [ [ -70.531542310845538, -33.513377099543845 ], [ -70.530851410305914, -33.513396169207049 ], [ -70.530625236767591, -33.513398964559798 ], [ -70.530343260370273, -33.513444559381121 ], [ -70.529999107290195, -33.513527768916134 ], [ -70.5296932967657, -33.51364735118932 ], [ -70.529207326841657, -33.513884962145731 ], [ -70.528417577110019, -33.514357929303912 ], [ -70.527924946561484, -33.514574561427182 ], [ -70.527469362414251, -33.514753888374699 ], [ -70.527050363082566, -33.514869596123681 ], [ -70.526705552601683, -33.514915957468823 ], [ -70.526202658137336, -33.514906364471997 ], [ -70.526126869721338, -33.514886801431444 ], [ -70.525735693152981, -33.515132555856255 ], [ -70.525735703771048, -33.515154254830207 ], [ -70.525536226444629, -33.515246197777429 ], [ -70.525342939270644, -33.515332800146268 ], [ -70.525206935225413, -33.515460807177334 ], [ -70.5250901491912, -33.515609633507729 ], [ -70.525025564102052, -33.515868356951962 ], [ -70.523695548938107, -33.515995268037557 ], [ -70.523487016394185, -33.515929403795745 ], [ -70.523126774884062, -33.515812765695401 ], [ -70.522335787345241, -33.515859338236552 ], [ -70.522147410111728, -33.515508975539753 ], [ -70.521768062679385, -33.515018834911928 ], [ -70.521397583368156, -33.514675971462545 ], [ -70.521200146410578, -33.514525745225903 ], [ -70.520996153039164, -33.514359807091687 ], [ -70.519714414431746, -33.514012334875851 ], [ -70.519713972324297, -33.514721891336947 ], [ -70.520108014965842, -33.514816655514686 ], [ -70.52031856591303, -33.514896213215984 ], [ -70.520542934503396, -33.514949607231273 ], [ -70.520648338972123, -33.515063803392145 ], [ -70.520713748588022, -33.51513466933573 ], [ -70.520871593444213, -33.515216952859596 ], [ -70.521316861562113, -33.515763603764796 ], [ -70.520436930432965, -33.515738472962532 ], [ -70.520400313860989, -33.515737427234356 ], [ -70.519953373127493, -33.515733554805507 ], [ -70.519713376040045, -33.515680690618346 ], [ -70.519712899417044, -33.516447711541652 ], [ -70.520166862036774, -33.516442140218537 ], [ -70.521094586104027, -33.51646818109122 ], [ -70.521195603145614, -33.516495013668454 ], [ -70.521196749655815, -33.516560505473244 ], [ -70.521054166315366, -33.516711984331529 ], [ -70.520795594646245, -33.517257921796961 ], [ -70.52057173466288, -33.517506439350797 ], [ -70.520565453778119, -33.51751341282008 ], [ -70.520112571449403, -33.517809069296668 ], [ -70.519957177379183, -33.517867124069127 ], [ -70.519712019873154, -33.517863173172685 ], [ -70.519711268677881, -33.519073118559277 ], [ -70.51982282874755, -33.51902188151076 ], [ -70.520073611572144, -33.51888155384416 ], [ -70.520232851794944, -33.518617575693575 ], [ -70.520439172172672, -33.518490270015405 ], [ -70.521087913655464, -33.518107986096346 ], [ -70.52143966611979, -33.517779255399425 ], [ -70.521614396269243, -33.517506461860307 ], [ -70.521657161401123, -33.517439697358569 ], [ -70.521887144009156, -33.51696273393317 ], [ -70.522048997443022, -33.516848449886375 ], [ -70.522196395196517, -33.516759297152575 ], [ -70.522357593252806, -33.516607588195114 ], [ -70.522699032173378, -33.516541004273414 ], [ -70.522996448657892, -33.516512393351782 ], [ -70.523401394326825, -33.516669617402371 ], [ -70.523714796928985, -33.516703193609537 ], [ -70.524294517720008, -33.516633673444296 ], [ -70.525023603192537, -33.516587266165089 ], [ -70.525395263217774, -33.516545257433144 ], [ -70.52573363276538, -33.516304020759023 ], [ -70.52587795895127, -33.516040220222287 ], [ -70.526009581763631, -33.51590134790893 ], [ -70.526262317223157, -33.515873279720374 ], [ -70.526586885394309, -33.515694597227323 ], [ -70.526984817530106, -33.515452623014042 ], [ -70.527414945491955, -33.515347501044658 ], [ -70.52771323311994, -33.515368776680724 ], [ -70.528038015673644, -33.515202565615319 ], [ -70.528333888456515, -33.515086619018057 ], [ -70.528823582751272, -33.514980757127582 ], [ -70.529064152240935, -33.51479062820048 ], [ -70.529275710154735, -33.514750584481455 ], [ -70.529507629122207, -33.514597993157516 ], [ -70.529829395713207, -33.514472365801232 ], [ -70.530016306942869, -33.514301613664188 ], [ -70.530059336230252, -33.514207503012599 ], [ -70.530248389216922, -33.514158377322389 ], [ -70.530536974771323, -33.514051873938378 ], [ -70.53079370092145, -33.514039343641237 ], [ -70.53110594222855, -33.514007409810027 ], [ -70.531239311940425, -33.513968329344067 ], [ -70.531113600533658, -33.514195513972076 ], [ -70.531103544026251, -33.514470138362547 ], [ -70.530977205057468, -33.514908403610455 ], [ -70.530653747892131, -33.515149470053387 ], [ -70.53030445916103, -33.515615445482673 ], [ -70.530280605329168, -33.515952625704465 ], [ -70.530315050897443, -33.517062677060878 ], [ -70.53003582280185, -33.517278239826979 ], [ -70.529830398461471, -33.517455459610204 ], [ -70.529670091831349, -33.517657075607246 ], [ -70.529678217425371, -33.518118634199169 ], [ -70.529382774456593, -33.518259532592459 ], [ -70.528999509789642, -33.518488855620269 ], [ -70.528795177957619, -33.51872844656706 ], [ -70.5285439725251, -33.518843842186747 ], [ -70.528397675319979, -33.51899537514899 ], [ -70.528326940230571, -33.519208361786539 ], [ -70.528314021323681, -33.519320816960054 ], [ -70.527988786556406, -33.519462079752408 ], [ -70.527691362153902, -33.519490703793338 ], [ -70.527421531055609, -33.519394213233689 ], [ -70.527094100876411, -33.519410729008598 ], [ -70.526872018928302, -33.519488330542316 ], [ -70.526515020840364, -33.519517686244896 ], [ -70.526277607044989, -33.519570521891609 ], [ -70.525898269672595, -33.519706207118929 ], [ -70.525665836868157, -33.519830724036986 ], [ -70.52532072007709, -33.519900481032685 ], [ -70.524965416468561, -33.520026509962527 ], [ -70.524578244325994, -33.520246510204146 ], [ -70.524237391414943, -33.520559518252284 ], [ -70.524158865727927, -33.520617592638239 ], [ -70.52354253884441, -33.521073398436791 ], [ -70.522890883515288, -33.521502521064924 ], [ -70.522154285317669, -33.522185350268224 ], [ -70.522001508631163, -33.52239310296104 ], [ -70.521846107840119, -33.52245116025788 ], [ -70.521592305519363, -33.52263207975453 ], [ -70.52141571043731, -33.522755902758455 ], [ -70.520210789102066, -33.522854921868252 ], [ -70.519708745039949, -33.523146585730856 ], [ -70.519708372548052, -33.523749288911723 ], [ -70.520236178586998, -33.523631862012152 ], [ -70.520914905152267, -33.523630546872489 ], [ -70.521289326267691, -33.523478559645874 ], [ -70.521581321229576, -33.523404787653334 ], [ -70.521948100398561, -33.523295003624952 ], [ -70.522230486167231, -33.523151163676694 ], [ -70.522478129810025, -33.522937564793075 ], [ -70.522578048015106, -33.522901244057834 ], [ -70.522899613902226, -33.52260251472449 ], [ -70.523724339970997, -33.521848412319287 ], [ -70.524610157622959, -33.521233922421857 ], [ -70.524683844337744, -33.521173796128167 ], [ -70.525221475008252, -33.520735102274955 ], [ -70.525462575401988, -33.520626855841741 ], [ -70.52577131107094, -33.520552867925453 ], [ -70.526171459670906, -33.520435642383994 ], [ -70.526478837856345, -33.520284465943718 ], [ -70.526637393729658, -33.520247419200096 ], [ -70.527063535102513, -33.52017899881718 ], [ -70.527263977772876, -33.52014143476967 ], [ -70.527482532387054, -33.52018085049842 ], [ -70.527918407058337, -33.520189509719494 ], [ -70.528294651935056, -33.520142756787386 ], [ -70.528652166992487, -33.519983938190727 ], [ -70.528950421177612, -33.519790757986321 ], [ -70.529182642006745, -33.519654539877173 ], [ -70.529474369742658, -33.519566715750351 ], [ -70.529934508291305, -33.519525939836996 ], [ -70.530680467621252, -33.51953777720891 ], [ -70.531158967808196, -33.519588010325108 ], [ -70.531291528964772, -33.51960349534383 ], [ -70.531865439000654, -33.519755381351111 ], [ -70.532894657209553, -33.519721170663317 ], [ -70.53345519695803, -33.519764339766745 ], [ -70.533946371494778, -33.519751098089451 ], [ -70.534458464552415, -33.519712541393282 ], [ -70.53468330968218, -33.51962027606222 ], [ -70.535479459251391, -33.51921312017776 ], [ -70.535803572907085, -33.519176888526744 ], [ -70.536250883673191, -33.519099757338807 ], [ -70.536670408483403, -33.518901277530958 ], [ -70.537008823630572, -33.518707382382431 ], [ -70.537353030236147, -33.518599314199456 ], [ -70.537595654241841, -33.518546194354506 ], [ -70.537829164241259, -33.518460973675033 ], [ -70.538023021139239, -33.518308241273019 ], [ -70.538212604998265, -33.518155561648406 ], [ -70.538498200919705, -33.518116222941366 ], [ -70.539018636145997, -33.51806680667454 ], [ -70.539419324644754, -33.518011718010662 ], [ -70.539809756808239, -33.517860118602378 ], [ -70.540131136909778, -33.517670006245162 ], [ -70.540474763178395, -33.517529724083339 ], [ -70.5408139901716, -33.517382337856034 ], [ -70.541199771950332, -33.517146281993817 ], [ -70.54113992246171, -33.517026369453937 ], [ -70.540934202462736, -33.516561338923353 ], [ -70.540902976543038, -33.516469969387941 ], [ -70.540668140073606, -33.516563092490571 ], [ -70.540502011270178, -33.516672533266323 ], [ -70.540239048065956, -33.51680171266559 ], [ -70.539713460567484, -33.51702355302595 ], [ -70.539233775315253, -33.517282443433885 ], [ -70.538873258547326, -33.517353735174133 ], [ -70.538574911875131, -33.51739815803586 ], [ -70.538039881254562, -33.517426125839897 ], [ -70.537862333967666, -33.517483261442415 ], [ -70.537683687500689, -33.517580873968953 ], [ -70.537480950261354, -33.517714626946315 ], [ -70.537312388980212, -33.517847955369064 ], [ -70.537179083302476, -33.517874271631271 ], [ -70.53696330212918, -33.517921485974107 ], [ -70.536815920000137, -33.517963878598721 ], [ -70.536569699719038, -33.518055219804573 ], [ -70.536448245507017, -33.518113993185722 ], [ -70.53598308056128, -33.518389393945014 ], [ -70.535773124275636, -33.51843733392348 ], [ -70.535521174185959, -33.518461081244794 ], [ -70.535423315850352, -33.518470304640111 ], [ -70.535280100059239, -33.518506679066491 ], [ -70.535029498769376, -33.518592105922124 ], [ -70.534707534797576, -33.51875000072215 ], [ -70.534281160845566, -33.51899581225625 ], [ -70.534146257522778, -33.519047963725043 ], [ -70.533146516862914, -33.519018234056361 ], [ -70.532750688780183, -33.519023133697061 ], [ -70.531846121153265, -33.519044852997098 ], [ -70.531643673228402, -33.518968399452163 ], [ -70.531277218506688, -33.518857126363329 ], [ -70.53074879885996, -33.518826812663185 ], [ -70.530662097172836, -33.518825037204252 ], [ -70.530584584562547, -33.518766093468173 ], [ -70.530586926223336, -33.518672145532079 ], [ -70.530535344461072, -33.518654887893227 ], [ -70.530529623363606, -33.518572637210383 ], [ -70.530458090290324, -33.518502410569994 ], [ -70.530497179804144, -33.518456189081775 ], [ -70.530538472584226, -33.518303027698295 ], [ -70.530546958928952, -33.518071313300013 ], [ -70.530589271208299, -33.517976041676768 ], [ -70.530706977735178, -33.517879837295851 ], [ -70.530954864604468, -33.517682010892734 ], [ -70.53107182848089, -33.51754370502433 ], [ -70.531150446425443, -33.517369026826515 ], [ -70.531156358874185, -33.515921396769244 ], [ -70.531185083487415, -33.515768389628882 ], [ -70.531710212924253, -33.51525656758718 ], [ -70.531758341758305, -33.515134903540257 ], [ -70.531956393296596, -33.514606069245836 ], [ -70.532001367050285, -33.514305473822084 ], [ -70.532081371068699, -33.51420973544905 ], [ -70.532217733948244, -33.514102771763532 ], [ -70.532355952429342, -33.51410106172947 ], [ -70.53249370687152, -33.514073038094651 ], [ -70.532570211567091, -33.514135256940015 ], [ -70.532721367077272, -33.514154442481328 ], [ -70.532997524532504, -33.514135232538813 ], [ -70.533235244084253, -33.514074387500109 ], [ -70.533340099297689, -33.513962548632811 ], [ -70.533517405377282, -33.514039310928439 ], [ -70.533725104348974, -33.514057795115221 ], [ -70.534007265345522, -33.51402271743428 ], [ -70.534131740725826, -33.513965700101231 ], [ -70.5341339646275, -33.513966348931042 ], [ -70.534150306113929, -33.513966687611834 ], [ -70.534312277386903, -33.513938983353867 ], [ -70.534343326304807, -33.51393077257454 ], [ -70.534579134584675, -33.513868414631496 ], [ -70.534600124815924, -33.513860580031782 ], [ -70.534643585901378, -33.51385327954938 ], [ -70.53468695654712, -33.513845979270627 ], [ -70.53479535832021, -33.51380108632921 ], [ -70.534821830660732, -33.513792033916296 ], [ -70.534907250100446, -33.513762822726051 ], [ -70.534952902583157, -33.513733854524638 ], [ -70.534960911088731, -33.513734927658106 ], [ -70.53505070408373, -33.513747249424775 ], [ -70.535066836588342, -33.513745877087224 ], [ -70.535081926169553, -33.513750739439523 ], [ -70.535171995293595, -33.513758639601448 ], [ -70.53520450018155, -33.513754359700158 ], [ -70.53523640067084, -33.513761086973737 ], [ -70.535287029203616, -33.513760459385821 ], [ -70.535310396301014, -33.513760169721863 ], [ -70.535334654639314, -33.513759869005213 ], [ -70.535411961204588, -33.513758910648527 ], [ -70.535436035739011, -33.513759784577168 ], [ -70.535507166187202, -33.513796140428845 ], [ -70.535527228626577, -33.513801121440224 ], [ -70.535542703576965, -33.513812741824204 ], [ -70.535593958546485, -33.513834647728004 ], [ -70.535664940294978, -33.513847471926937 ], [ -70.535729785426184, -33.513874799745125 ], [ -70.53577805136436, -33.513883217804249 ], [ -70.535788873369654, -33.513882722875259 ], [ -70.535798792896998, -33.513886476862289 ], [ -70.535887167992357, -33.513898905783314 ], [ -70.535921652532792, -33.513896134264421 ], [ -70.535935144262808, -33.513899643732898 ], [ -70.53595474046702, -33.513904740480037 ], [ -70.536051298206473, -33.51390805125245 ], [ -70.53606615423557, -33.513905299475958 ], [ -70.536066430020512, -33.513905248258247 ], [ -70.536081488339718, -33.513908398289047 ], [ -70.53616048169701, -33.513907418542239 ], [ -70.536201349685982, -33.513909165328066 ], [ -70.536278215362643, -33.513918400835713 ], [ -70.536288850201444, -33.513917367083252 ], [ -70.536298849011075, -33.513920488761407 ], [ -70.536388830123414, -33.513928389124686 ], [ -70.536405836316206, -33.513926195024048 ], [ -70.536422158575434, -33.51393050081812 ], [ -70.536427755151124, -33.513930701941256 ], [ -70.536431853784876, -33.513931552029817 ], [ -70.536473380678473, -33.513932689929057 ], [ -70.536515698177453, -33.513933848668422 ], [ -70.536546845543313, -33.513928052135753 ], [ -70.536578183104353, -33.513933073458752 ], [ -70.53667094331459, -33.51392741430935 ], [ -70.536685515731037, -33.513923176145347 ], [ -70.536700727226105, -33.513924880361124 ], [ -70.536700990492704, -33.513924851843221 ], [ -70.536764966965194, -33.513917952606313 ], [ -70.536791949647565, -33.513917617799393 ], [ -70.536856146984576, -33.513943419938279 ], [ -70.536882257786914, -33.513954600646223 ], [ -70.536889810383244, -33.513957834698417 ], [ -70.536932271771775, -33.513976016360111 ], [ -70.536978937844765, -33.513984363617915 ], [ -70.537019351591496, -33.514005591808953 ], [ -70.537119769710031, -33.514031395214602 ], [ -70.537132116755316, -33.514031783076177 ], [ -70.537142948290182, -33.51403687838836 ], [ -70.537241334192103, -33.514058198640925 ], [ -70.537264413396542, -33.514058002363733 ], [ -70.537285418732381, -33.514066126906073 ], [ -70.537340210259458, -33.514073995301032 ], [ -70.537372107491848, -33.514078575691393 ], [ -70.537372285094747, -33.514078573486806 ], [ -70.537372464292716, -33.514078661445943 ], [ -70.537430403917043, -33.514086958775763 ], [ -70.537441750765467, -33.51408600626916 ], [ -70.537452379198953, -33.514089661138406 ], [ -70.537484489494958, -33.514093139517342 ], [ -70.537569722043202, -33.51410378543499 ], [ -70.5375777325455, -33.514104785324569 ], [ -70.537588634345596, -33.514103749047905 ], [ -70.53759890227623, -33.514107047645844 ], [ -70.537675283812121, -33.514114033702455 ], [ -70.537729201389737, -33.514120757523514 ], [ -70.537761920004712, -33.514128556185071 ], [ -70.537792634502054, -33.514138453943161 ], [ -70.537817887480387, -33.514140755710791 ], [ -70.537839740486916, -33.514151574236713 ], [ -70.537848909793169, -33.514153750142555 ], [ -70.537875846863784, -33.51416014245423 ], [ -70.537877445810253, -33.514160212783445 ], [ -70.537878879399244, -33.514160916450628 ], [ -70.537971052721645, -33.514182313259923 ], [ -70.538048564282121, -33.514182882923286 ], [ -70.53812368253918, -33.514198721473335 ], [ -70.538216877872372, -33.51419756403309 ], [ -70.538282024832156, -33.514196754898222 ], [ -70.538331808721381, -33.51420064482619 ], [ -70.538347299431294, -33.514202852201571 ], [ -70.53836206915534, -33.514204957604655 ], [ -70.538389005673778, -33.514212106450358 ], [ -70.538408889265554, -33.514218708005821 ], [ -70.538476699279499, -33.514241222319349 ], [ -70.538498131734841, -33.514243300855249 ], [ -70.538516412589274, -33.514252901064282 ], [ -70.538616476185652, -33.514278707646817 ], [ -70.538630065412846, -33.514279079926474 ], [ -70.538641883995908, -33.514284703944135 ], [ -70.538701590355004, -33.514297486999652 ], [ -70.538713926783629, -33.514297333733481 ], [ -70.538718583807452, -33.514299619744499 ], [ -70.538731420659673, -33.5143026166824 ], [ -70.538733476911275, -33.514303401885179 ], [ -70.538738817744559, -33.514304237365295 ], [ -70.53874104682599, -33.514304750771998 ], [ -70.538755378433549, -33.51431196595788 ], [ -70.538832188218521, -33.514358078405415 ], [ -70.538841741019397, -33.514361115233712 ], [ -70.538848424054706, -33.514367524508181 ], [ -70.538896032433655, -33.514393982606649 ], [ -70.538939929628626, -33.514406330694932 ], [ -70.538975869431582, -33.514430588980971 ], [ -70.539010005961458, -33.514443238697083 ], [ -70.539090331164829, -33.514477314692819 ], [ -70.539101553133264, -33.514479339641177 ], [ -70.539110449820271, -33.514485449939301 ], [ -70.539154156798844, -33.514502129122327 ], [ -70.539172005618113, -33.514509151745649 ], [ -70.539176149347441, -33.514510782171108 ], [ -70.539211695662502, -33.514527832399985 ], [ -70.539269826084251, -33.514566872751061 ], [ -70.539286372575376, -33.514578839169978 ], [ -70.539332735554282, -33.514614779136352 ], [ -70.539342810061299, -33.514622589166429 ], [ -70.539371352768057, -33.514635127939279 ], [ -70.539391520634908, -33.514656065878711 ], [ -70.539415481872268, -33.514670645623134 ], [ -70.539445163776321, -33.514692367131822 ], [ -70.539474576077225, -33.514714001800769 ], [ -70.539490915840616, -33.514729306648384 ], [ -70.539492620111304, -33.514730277482293 ], [ -70.539493444348253, -33.514731710172747 ], [ -70.539493535285786, -33.514731799225864 ], [ -70.539495248048013, -33.514733310153332 ], [ -70.53949533898556, -33.514733399206442 ], [ -70.53949534058286, -33.514733489370087 ], [ -70.539535865138177, -33.514770945667927 ], [ -70.539587408246987, -33.514818994110179 ], [ -70.539636443240141, -33.514845794914081 ], [ -70.539638613335725, -33.514848021622079 ], [ -70.539652812740314, -33.514862592808136 ], [ -70.539673425945978, -33.514883745210419 ], [ -70.539724665726126, -33.514914666107408 ], [ -70.539744663247788, -33.514920999083827 ], [ -70.539759362630932, -33.514933891137368 ], [ -70.539782867857411, -33.514945877389003 ], [ -70.53978991129776, -33.514949470208208 ], [ -70.539870006237109, -33.514995540244058 ], [ -70.539881874929677, -33.514999000014939 ], [ -70.539890445274025, -33.515006737615145 ], [ -70.539961768911724, -33.515043809919341 ], [ -70.539977035099668, -33.515053628659714 ], [ -70.540023579240255, -33.515085058732957 ], [ -70.540026173796093, -33.515086023899897 ], [ -70.540029209431722, -33.515087152225199 ], [ -70.540031111016148, -33.515089292983177 ], [ -70.540031200356722, -33.515089291872258 ], [ -70.540031379559352, -33.515089379827394 ], [ -70.540033191265834, -33.51509143061763 ], [ -70.540033281127904, -33.515091519683715 ], [ -70.540092731005032, -33.515129821758066 ], [ -70.540124529571059, -33.515150796209895 ], [ -70.5401355182439, -33.515154716914914 ], [ -70.540137688359948, -33.515156943613476 ], [ -70.540143113413748, -33.515162466623657 ], [ -70.540238590410112, -33.51521988680836 ], [ -70.540286532745625, -33.515235069070052 ], [ -70.540325814875388, -33.515262531986778 ], [ -70.540356566788574, -33.515274501948525 ], [ -70.540391695884267, -33.515298049325239 ], [ -70.540496499489549, -33.515347116846648 ], [ -70.540574965941246, -33.515385033339641 ], [ -70.540576398479047, -33.515385736086003 ], [ -70.540576176385272, -33.515385232919392 ], [ -70.540668571583765, -33.515400514092399 ], [ -70.540669248610101, -33.515400625614248 ], [ -70.540696774254442, -33.515236694890326 ], [ -70.540781622972801, -33.514935909156982 ], [ -70.540906625600584, -33.514669710567944 ], [ -70.54110296305744, -33.514271757193207 ], [ -70.541372521424904, -33.51372763555095 ], [ -70.541469569637769, -33.513452206812502 ], [ -70.541489684147038, -33.513398989000869 ], [ -70.541396258035519, -33.513392301291304 ], [ -70.537867732441754, -33.51326660912175 ], [ -70.537402876396385, -33.513242109306674 ], [ -70.536742740937356, -33.513223982726558 ], [ -70.535987995099845, -33.513185969924997 ], [ -70.535327674119841, -33.51315731095567 ], [ -70.534386622426126, -33.513166669702514 ], [ -70.53411835543065, -33.513187758175135 ], [ -70.533759605455316, -33.513226207782147 ], [ -70.531542310845538, -33.513377099543845 ] ] ] ] } },
{ "type": "Feature", "properties": { "objectid": 17131, "cod_region": "13", "region": "Región Metropolitana De Santiago", "cut_provincia": "131", "provincia": "Santiago", "cut_comuna": "13110", "comuna": "La Florida", "zona": "PL", "nombre_zona": "PL Zona de Plazas", "uperm": "Espacio público y áreas verdes.", "uproh": "Todo uso no mencionado como permitido.", "srid": "EPSG: 4326" }, "geometry": { "type": "MultiPolygon", "coordinates": [ [ [ [ -70.564857568911236, -33.522350382143266 ], [ -70.565179480134816, -33.522352081059644 ], [ -70.565115383628992, -33.521506893744906 ], [ -70.56511409648607, -33.521489893386715 ], [ -70.564841238659639, -33.521487589734626 ], [ -70.564842310548343, -33.52152743255823 ], [ -70.564857568911236, -33.522350382143266 ] ] ] ] } },
{ "type": "Feature", "properties": { "objectid": 17132, "cod_region": "13", "region": "Región Metropolitana De Santiago", "cut_provincia": "131", "provincia": "Santiago", "cut_comuna": "13110", "comuna": "La Florida", "zona": "U-VEV1", "nombre_zona": "U-VEV1 Uso Preferente Vivienda y Equipamiento  N°1", "uperm": "Residencial; equipamiento científico, comercio, culto y cultura, deporte, educación, esparcimiento, salud, seguridad, servicios, social y turismo; infraestructura de transporte; espacio público y áreas verdes. Mayor detalle en Ordenanza", "uproh": "Todo uso no mencionado como permitido.", "srid": "EPSG: 4326" }, "geometry": { "type": "MultiPolygon", "coordinates": [ [ [ [ -70.533946371494778, -33.519751098089451 ], [ -70.53345519695803, -33.519764339766745 ], [ -70.532894657209553, -33.519721170663317 ], [ -70.531865439000654, -33.519755381351111 ], [ -70.531291528964772, -33.51960349534383 ], [ -70.531158967808196, -33.519588010325108 ], [ -70.530680467621252, -33.51953777720891 ], [ -70.529934508291305, -33.519525939836996 ], [ -70.529474369742658, -33.519566715750351 ], [ -70.529182642006745, -33.519654539877173 ], [ -70.528950421177612, -33.519790757986321 ], [ -70.528652166992487, -33.519983938190727 ], [ -70.528294651935056, -33.520142756787386 ], [ -70.527918407058337, -33.520189509719494 ], [ -70.527482532387054, -33.52018085049842 ], [ -70.527263977772876, -33.52014143476967 ], [ -70.527063535102513, -33.52017899881718 ], [ -70.526637393729658, -33.520247419200096 ], [ -70.526478837856345, -33.520284465943718 ], [ -70.526171459670906, -33.520435642383994 ], [ -70.52577131107094, -33.520552867925453 ], [ -70.525462575401988, -33.520626855841741 ], [ -70.525221475008252, -33.520735102274955 ], [ -70.524683844337744, -33.521173796128167 ], [ -70.524694468036841, -33.521182436592873 ], [ -70.524861579988794, -33.521367538044821 ], [ -70.525475936614242, -33.521572084584363 ], [ -70.525850465796395, -33.521692243115552 ], [ -70.526152938663458, -33.521950538977151 ], [ -70.526290268803777, -33.522136005429104 ], [ -70.526341305332821, -33.52249721649504 ], [ -70.526759095012807, -33.522484671286819 ], [ -70.527169433805142, -33.522311169392317 ], [ -70.527965297836587, -33.521824097891695 ], [ -70.528287750400921, -33.521735896453492 ], [ -70.529057502989261, -33.521670246216992 ], [ -70.529480651870642, -33.521590157584143 ], [ -70.530226742453422, -33.521449929170053 ], [ -70.530885284757048, -33.521413717703048 ], [ -70.532649168383983, -33.521335751803129 ], [ -70.532937774259011, -33.521229242350692 ], [ -70.53400184076321, -33.520748168942916 ], [ -70.534367145915311, -33.520556485537014 ], [ -70.534811961412927, -33.52043867881244 ], [ -70.53560616379167, -33.52036463709382 ], [ -70.535780953630763, -33.520345821719815 ], [ -70.536008280542589, -33.52014788318094 ], [ -70.536592332081085, -33.519949748183002 ], [ -70.537169629454823, -33.519772573577477 ], [ -70.537690490738882, -33.519625923446014 ], [ -70.538030733765581, -33.519535202454833 ], [ -70.539065823923167, -33.519068981791989 ], [ -70.539186022489616, -33.51901976647887 ], [ -70.539422066887923, -33.518876648707028 ], [ -70.53967680986274, -33.518784002762736 ], [ -70.539822298190742, -33.518755349889418 ], [ -70.540157388764243, -33.518575207190317 ], [ -70.540274290529624, -33.518540944569928 ], [ -70.541584685721787, -33.517917473703825 ], [ -70.541199771950332, -33.517146281993817 ], [ -70.5408139901716, -33.517382337856034 ], [ -70.540474763178395, -33.517529724083339 ], [ -70.540131136909778, -33.517670006245162 ], [ -70.539809756808239, -33.517860118602378 ], [ -70.539419324644754, -33.518011718010662 ], [ -70.539018636145997, -33.51806680667454 ], [ -70.538498200919705, -33.518116222941366 ], [ -70.538212604998265, -33.518155561648406 ], [ -70.538023021139239, -33.518308241273019 ], [ -70.537829164241259, -33.518460973675033 ], [ -70.537595654241841, -33.518546194354506 ], [ -70.537353030236147, -33.518599314199456 ], [ -70.537008823630572, -33.518707382382431 ], [ -70.536670408483403, -33.518901277530958 ], [ -70.536250883673191, -33.519099757338807 ], [ -70.535803572907085, -33.519176888526744 ], [ -70.535479459251391, -33.51921312017776 ], [ -70.53468330968218, -33.51962027606222 ], [ -70.534458464552415, -33.519712541393282 ], [ -70.533946371494778, -33.519751098089451 ] ] ] ] } },
{ "type": "Feature", "properties": { "objectid": 17133, "cod_region": "13", "region": "Región Metropolitana De Santiago", "cut_provincia": "131", "provincia": "Santiago", "cut_comuna": "13110", "comuna": "La Florida", "zona": "R-1/AV3", "nombre_zona": "R-1/AV3 Zona de Restricción por Quebradas/ Parques Quebradas", "uperm": "Zona de restricción, según PRMS.", "uproh": "Zona de restricción, según PRMS.", "srid": "EPSG: 4326" }, "geometry": { "type": "MultiPolygon", "coordinates": [ [ [ [ -70.53400184076321, -33.520748168942916 ], [ -70.532937774259011, -33.521229242350692 ], [ -70.532649168383983, -33.521335751803129 ], [ -70.530885284757048, -33.521413717703048 ], [ -70.530226742453422, -33.521449929170053 ], [ -70.529480651870642, -33.521590157584143 ], [ -70.529057502989261, -33.521670246216992 ], [ -70.528287750400921, -33.521735896453492 ], [ -70.527965297836587, -33.521824097891695 ], [ -70.527169433805142, -33.522311169392317 ], [ -70.526759095012807, -33.522484671286819 ], [ -70.526341305332821, -33.52249721649504 ], [ -70.526134765566908, -33.522612056849965 ], [ -70.525883982514145, -33.522752397641462 ], [ -70.525497841125485, -33.522819540419597 ], [ -70.525321087218487, -33.522934014317144 ], [ -70.525113013104075, -33.522961530860591 ], [ -70.524738917182532, -33.522866318667205 ], [ -70.524456810927887, -33.522919701228076 ], [ -70.524042191751349, -33.523062055106244 ], [ -70.52365692250919, -33.523179090880433 ], [ -70.523258289920832, -33.52338363090923 ], [ -70.523141107759642, -33.523497368957955 ], [ -70.522994793343869, -33.523648895010517 ], [ -70.522879358861729, -33.523862428390331 ], [ -70.522318855355749, -33.524181250878229 ], [ -70.522068717110884, -33.524359007775004 ], [ -70.521295757297153, -33.524455847099595 ], [ -70.521015826640095, -33.524633967904805 ], [ -70.520646314302951, -33.524800710360317 ], [ -70.520157646450372, -33.524968914534256 ], [ -70.519710632363328, -33.525079030553705 ], [ -70.519711331226588, -33.525470534588855 ], [ -70.519711892484509, -33.525784990966052 ], [ -70.519712781254427, -33.526283475710834 ], [ -70.521739378276777, -33.526442830899171 ], [ -70.522270327989204, -33.526136850197716 ], [ -70.522801276065081, -33.525830867283233 ], [ -70.523017392289503, -33.525695120035138 ], [ -70.523233216121312, -33.525542737136327 ], [ -70.52343151305584, -33.525523662477966 ], [ -70.523708956289923, -33.525486974777962 ], [ -70.524907500789084, -33.525871494630081 ], [ -70.525146976838428, -33.52593509003777 ], [ -70.525683170474878, -33.525928484886741 ], [ -70.526194090634462, -33.526068379173033 ], [ -70.526713572965562, -33.526210615142077 ], [ -70.527020450062565, -33.526294637542343 ], [ -70.526528649178218, -33.52656688163696 ], [ -70.526482168968684, -33.526580230024543 ], [ -70.525560224202081, -33.526844998511429 ], [ -70.524751249521671, -33.527154416941038 ], [ -70.524337123890589, -33.527325879014867 ], [ -70.524142616233462, -33.527561181388918 ], [ -70.523668031100271, -33.527683476023377 ], [ -70.523509448921558, -33.527702064310766 ], [ -70.52325361010395, -33.52783830290074 ], [ -70.523530667110251, -33.528569665090039 ], [ -70.523851180741048, -33.528369203911765 ], [ -70.524296544200794, -33.528279501663626 ], [ -70.524685065972221, -33.528134349451676 ], [ -70.524772298331982, -33.528011621305474 ], [ -70.525003931492819, -33.527840325763442 ], [ -70.525215193465314, -33.527781577283328 ], [ -70.52555048782115, -33.527786804349368 ], [ -70.525916992131798, -33.527660634469321 ], [ -70.526526295576488, -33.527363029354269 ], [ -70.526735294002592, -33.527259557141996 ], [ -70.527224138578461, -33.527017538503742 ], [ -70.52740237865649, -33.526987265934977 ], [ -70.527789573747242, -33.526767257335159 ], [ -70.528730363005309, -33.526259676711781 ], [ -70.529130040147678, -33.526114371237888 ], [ -70.530058380529368, -33.525852320138526 ], [ -70.530630774004464, -33.525645610672179 ], [ -70.530984129864848, -33.525408332758133 ], [ -70.531180666243671, -33.525289448783603 ], [ -70.531477670151503, -33.525235866610778 ], [ -70.531714802463156, -33.525166389072346 ], [ -70.53202902298429, -33.524962866404223 ], [ -70.532637893486651, -33.524572696190475 ], [ -70.533090533511668, -33.524334185337487 ], [ -70.533581992704399, -33.524000571623894 ], [ -70.53375495274507, -33.523829986648558 ], [ -70.53391973324122, -33.52370257618562 ], [ -70.534178592630326, -33.523653852051332 ], [ -70.534261413839118, -33.523564031314429 ], [ -70.5347415223453, -33.523203260605094 ], [ -70.535098641065559, -33.523048326986491 ], [ -70.535280346585722, -33.522898687554211 ], [ -70.535352025802283, -33.522687243948369 ], [ -70.535750929506122, -33.522499818580286 ], [ -70.536076416385228, -33.522425597266938 ], [ -70.536923365380204, -33.5219869645043 ], [ -70.537536724751703, -33.52160737286318 ], [ -70.537709224727251, -33.521360096217016 ], [ -70.538039363643009, -33.520988235581875 ], [ -70.538149174992867, -33.520915287706593 ], [ -70.538276327401462, -33.520856441856033 ], [ -70.538428100726847, -33.520740023538771 ], [ -70.538665950435018, -33.520658326696115 ], [ -70.53899436585607, -33.520382230037811 ], [ -70.539272273770749, -33.5201497092784 ], [ -70.539456827027323, -33.519954140431132 ], [ -70.540287449295761, -33.519564421409719 ], [ -70.540813262656869, -33.519335972433545 ], [ -70.541118572797174, -33.519203323904726 ], [ -70.54205486223573, -33.518774220830892 ], [ -70.541988630648902, -33.518672606184673 ], [ -70.541627444052537, -33.518003140565241 ], [ -70.541584685721787, -33.517917473703825 ], [ -70.540274290529624, -33.518540944569928 ], [ -70.540157388764243, -33.518575207190317 ], [ -70.539822298190742, -33.518755349889418 ], [ -70.53967680986274, -33.518784002762736 ], [ -70.539422066887923, -33.518876648707028 ], [ -70.539186022489616, -33.51901976647887 ], [ -70.539065823923167, -33.519068981791989 ], [ -70.538030733765581, -33.519535202454833 ], [ -70.537690490738882, -33.519625923446014 ], [ -70.537169629454823, -33.519772573577477 ], [ -70.536592332081085, -33.519949748183002 ], [ -70.536008280542589, -33.52014788318094 ], [ -70.535780953630763, -33.520345821719815 ], [ -70.53560616379167, -33.52036463709382 ], [ -70.534811961412927, -33.52043867881244 ], [ -70.534367145915311, -33.520556485537014 ], [ -70.53400184076321, -33.520748168942916 ] ], [ [ -70.528539012876593, -33.52554182419577 ], [ -70.527828240789802, -33.525627798281029 ], [ -70.527374965684345, -33.525584259780487 ], [ -70.526595583019301, -33.525430627442859 ], [ -70.525906287280151, -33.525202055812095 ], [ -70.525161140412365, -33.525186279985675 ], [ -70.524681025034027, -33.524992556518256 ], [ -70.524350946099418, -33.52485936973693 ], [ -70.523872146160812, -33.524740490098637 ], [ -70.523114080185195, -33.52483715751459 ], [ -70.523275727440662, -33.524710396520618 ], [ -70.523630559221687, -33.524556304732734 ], [ -70.523821118167433, -33.524379277889096 ], [ -70.523892088030181, -33.524178768668051 ], [ -70.524054169543334, -33.524076955147464 ], [ -70.524290502644277, -33.523961751464633 ], [ -70.524439004328883, -33.523934969637814 ], [ -70.524720239142908, -33.523831688384973 ], [ -70.525241964483129, -33.52385021909911 ], [ -70.525584523408199, -33.523845999389316 ], [ -70.525806618630298, -33.523768398054692 ], [ -70.525998267009655, -33.523653741722761 ], [ -70.526281030975355, -33.523637779127618 ], [ -70.526532254300562, -33.523522388598096 ], [ -70.526639009580819, -33.523363026716694 ], [ -70.527055817285643, -33.523345409801721 ], [ -70.527366832572056, -33.523241757170602 ], [ -70.527528910277326, -33.523139939223633 ], [ -70.527766552274045, -33.523099576046206 ], [ -70.528222771683801, -33.522782014437979 ], [ -70.528591823309711, -33.522590301566645 ], [ -70.530287942862657, -33.522469534881971 ], [ -70.530734094047588, -33.522426589259176 ], [ -70.531074888784545, -33.522322559311213 ], [ -70.532236150592738, -33.522283240829793 ], [ -70.53305419703868, -33.522210731065584 ], [ -70.533527049711736, -33.52199276303071 ], [ -70.534267345854744, -33.521735890043558 ], [ -70.534591451388337, -33.521530397041204 ], [ -70.534871341066676, -33.521352246551153 ], [ -70.53567448396808, -33.521279904345278 ], [ -70.536054905449362, -33.52121409420856 ], [ -70.536348415682212, -33.521057741983306 ], [ -70.536547473898949, -33.520908729584761 ], [ -70.536932036497859, -33.520790167601412 ], [ -70.536731031671948, -33.521216888645405 ], [ -70.536432339111869, -33.521615050038292 ], [ -70.535985279655733, -33.521787623704178 ], [ -70.53552665759706, -33.521815754311937 ], [ -70.535417205542231, -33.521894478914504 ], [ -70.535224029805292, -33.521921827652456 ], [ -70.53489857705155, -33.522050634345177 ], [ -70.534751624921896, -33.522164750318247 ], [ -70.534563076781467, -33.522454065168013 ], [ -70.534194481283407, -33.522670743750432 ], [ -70.533531753458959, -33.523103179191615 ], [ -70.532914141522923, -33.523560006461516 ], [ -70.532221172383785, -33.523967855611524 ], [ -70.531793209369511, -33.52419773953185 ], [ -70.531351229089651, -33.524477706499027 ], [ -70.531161128296645, -33.524547902243896 ], [ -70.53090166334232, -33.524565146356593 ], [ -70.530702325164015, -33.524665869089546 ], [ -70.530478718453566, -33.52481601982069 ], [ -70.530272606538716, -33.525008066055555 ], [ -70.529539179517869, -33.525234698686283 ], [ -70.528963819708594, -33.525396210897433 ], [ -70.528539012876593, -33.52554182419577 ] ] ] ] } },
{ "type": "Feature", "properties": { "objectid": 17134, "cod_region": "13", "region": "Región Metropolitana De Santiago", "cut_provincia": "131", "provincia": "Santiago", "cut_comuna": "13110", "comuna": "La Florida", "zona": "PEDC-3", "nombre_zona": "PEDC-3 Zona de Protección Ecológica con Desarrollo Controlado", "uperm": "Zona de protección ecológica, según PRMS.", "uproh": "Zona de protección ecológica, según PRMS.", "srid": "EPSG: 4326" }, "geometry": { "type": "MultiPolygon", "coordinates": [ [ [ [ -70.523248941922418, -33.527572178048587 ], [ -70.52325361010395, -33.52783830290074 ], [ -70.523509448921558, -33.527702064310766 ], [ -70.523668031100271, -33.527683476023377 ], [ -70.524142616233462, -33.527561181388918 ], [ -70.524337123890589, -33.527325879014867 ], [ -70.524751249521671, -33.527154416941038 ], [ -70.525560224202081, -33.526844998511429 ], [ -70.526482168968684, -33.526580230024543 ], [ -70.526344097701028, -33.526352296707188 ], [ -70.526194090634462, -33.526068379173033 ], [ -70.525683170474878, -33.525928484886741 ], [ -70.525146976838428, -33.52593509003777 ], [ -70.524907500789084, -33.525871494630081 ], [ -70.523708956289923, -33.525486974777962 ], [ -70.52343151305584, -33.525523662477966 ], [ -70.523233216121312, -33.525542737136327 ], [ -70.523017392289503, -33.525695120035138 ], [ -70.522801276065081, -33.525830867283233 ], [ -70.522270327989204, -33.526136850197716 ], [ -70.521739378276777, -33.526442830899171 ], [ -70.522037783649267, -33.52671678290848 ], [ -70.522352371177178, -33.526815853157565 ], [ -70.522645109797949, -33.526943263612949 ], [ -70.522863155565432, -33.527094469745364 ], [ -70.523145561369915, -33.527340541576493 ], [ -70.523248941922418, -33.527572178048587 ] ] ] ] } },
{ "type": "Feature", "properties": { "objectid": 17135, "cod_region": "13", "region": "Región Metropolitana De Santiago", "cut_provincia": "131", "provincia": "Santiago", "cut_comuna": "13110", "comuna": "La Florida", "zona": "PEDC-3", "nombre_zona": "PEDC-3 Zona de Protección Ecológica con Desarrollo Controlado", "uperm": "Zona de protección ecológica, según PRMS.", "uproh": "Zona de protección ecológica, según PRMS.", "srid": "EPSG: 4326" }, "geometry": { "type": "MultiPolygon", "coordinates": [ [ [ [ -70.525806618630298, -33.523768398054692 ], [ -70.525584523408199, -33.523845999389316 ], [ -70.525241964483129, -33.52385021909911 ], [ -70.524720239142908, -33.523831688384973 ], [ -70.524439004328883, -33.523934969637814 ], [ -70.524290502644277, -33.523961751464633 ], [ -70.524054169543334, -33.524076955147464 ], [ -70.523892088030181, -33.524178768668051 ], [ -70.523821118167433, -33.524379277889096 ], [ -70.523630559221687, -33.524556304732734 ], [ -70.523275727440662, -33.524710396520618 ], [ -70.523114080185195, -33.52483715751459 ], [ -70.523872146160812, -33.524740490098637 ], [ -70.524350946099418, -33.52485936973693 ], [ -70.524681025034027, -33.524992556518256 ], [ -70.525161140412365, -33.525186279985675 ], [ -70.525906287280151, -33.525202055812095 ], [ -70.526595583019301, -33.525430627442859 ], [ -70.526779559946263, -33.524879360456232 ], [ -70.526907467609576, -33.524528420325716 ], [ -70.526868689620485, -33.5240173312244 ], [ -70.526670903216072, -33.523782701474381 ], [ -70.526532254300562, -33.523522388598096 ], [ -70.526281030975355, -33.523637779127618 ], [ -70.525998267009655, -33.523653741722761 ], [ -70.525806618630298, -33.523768398054692 ] ] ] ] } },
{ "type": "Feature", "properties": { "objectid": 17136, "cod_region": "13", "region": "Región Metropolitana De Santiago", "cut_provincia": "131", "provincia": "Santiago", "cut_comuna": "13110", "comuna": "La Florida", "zona": "U-VEV1", "nombre_zona": "U-VEV1 Uso Preferente Vivienda y Equipamiento  N°1", "uperm": "Residencial; equipamiento científico, comercio, culto y cultura, deporte, educación, esparcimiento, salud, seguridad, servicios, social y turismo; infraestructura de transporte; espacio público y áreas verdes. Mayor detalle en Ordenanza", "uproh": "Todo uso no mencionado como permitido.", "srid": "EPSG: 4326" }, "geometry": { "type": "MultiPolygon", "coordinates": [ [ [ [ -70.526344097701028, -33.526352296707188 ], [ -70.526482168968684, -33.526580230024543 ], [ -70.526528649178218, -33.52656688163696 ], [ -70.527020450062565, -33.526294637542343 ], [ -70.526713572965562, -33.526210615142077 ], [ -70.526194090634462, -33.526068379173033 ], [ -70.526344097701028, -33.526352296707188 ] ] ] ] } },
{ "type": "Feature", "properties": { "objectid": 17137, "cod_region": "13", "region": "Región Metropolitana De Santiago", "cut_provincia": "131", "provincia": "Santiago", "cut_comuna": "13110", "comuna": "La Florida", "zona": "PEDC-3", "nombre_zona": "PEDC-3 Zona de Protección Ecológica con Desarrollo Controlado", "uperm": "Zona de protección ecológica, según PRMS.", "uproh": "Zona de protección ecológica, según PRMS.", "srid": "EPSG: 4326" }, "geometry": { "type": "MultiPolygon", "coordinates": [ [ [ [ -70.527242362384428, -33.532992759278969 ], [ -70.526903056645011, -33.533184101754422 ], [ -70.52651577369808, -33.533188877093416 ], [ -70.526231442981043, -33.533117519122968 ], [ -70.525782824318142, -33.533023230425918 ], [ -70.525441981187896, -33.533127247896587 ], [ -70.525278130965503, -33.533129266440945 ], [ -70.524261951478721, -33.532954621646681 ], [ -70.524039175864104, -33.532994795501175 ], [ -70.52360720694773, -33.533000111745444 ], [ -70.52334258824051, -33.533203004207877 ], [ -70.523120467889612, -33.533280599932226 ], [ -70.52255531176742, -33.533337460208784 ], [ -70.522167371356829, -33.533304797556944 ], [ -70.521922353649671, -33.533232602727701 ], [ -70.523282643798254, -33.535818729445381 ], [ -70.524105909709988, -33.537322918858628 ], [ -70.526460368190754, -33.538782774069219 ], [ -70.52708281401452, -33.538322505636842 ], [ -70.527393883261837, -33.538218850752912 ], [ -70.527823462715659, -33.538076300294442 ], [ -70.528326205878741, -33.53785798221368 ], [ -70.528727306986994, -33.537790644117862 ], [ -70.529084335999144, -33.536912830054291 ], [ -70.52922934269057, -33.536686449148377 ], [ -70.529583553116751, -33.536494915221667 ], [ -70.52971497977093, -33.536343564549838 ], [ -70.529770388568252, -33.536105812226261 ], [ -70.529661721201208, -33.535857610225534 ], [ -70.529432788809601, -33.535548508523178 ], [ -70.529236066582428, -33.535376256824009 ], [ -70.528936611553689, -33.535292614270588 ], [ -70.528637157076091, -33.535208970975333 ], [ -70.528501338401128, -33.535110830063985 ], [ -70.528454200049296, -33.534125710913827 ], [ -70.528540279864117, -33.533937489712471 ], [ -70.528506096876455, -33.533688366966437 ], [ -70.528414528169179, -33.533564724969871 ], [ -70.528217593027065, -33.533379997247017 ], [ -70.527960856781462, -33.533183530302118 ], [ -70.527729523733882, -33.532737204552348 ], [ -70.527388903660992, -33.532853701464653 ], [ -70.527242362384428, -33.532992759278969 ] ] ] ] } },
{ "type": "Feature", "properties": { "objectid": 17138, "cod_region": "13", "region": "Región Metropolitana De Santiago", "cut_provincia": "131", "provincia": "Santiago", "cut_comuna": "13110", "comuna": "La Florida", "zona": "U-VEV1", "nombre_zona": "U-VEV1 Uso Preferente Vivienda y Equipamiento  N°1", "uperm": "Residencial; equipamiento científico, comercio, culto y cultura, deporte, educación, esparcimiento, salud, seguridad, servicios, social y turismo; infraestructura de transporte; espacio público y áreas verdes. Mayor detalle en Ordenanza", "uproh": "Todo uso no mencionado como permitido.", "srid": "EPSG: 4326" }, "geometry": { "type": "MultiPolygon", "coordinates": [ [ [ [ -70.527374965684345, -33.525584259780487 ], [ -70.527828240789802, -33.525627798281029 ], [ -70.528539012876593, -33.52554182419577 ], [ -70.528963819708594, -33.525396210897433 ], [ -70.529539179517869, -33.525234698686283 ], [ -70.530272606538716, -33.525008066055555 ], [ -70.530478718453566, -33.52481601982069 ], [ -70.530702325164015, -33.524665869089546 ], [ -70.53090166334232, -33.524565146356593 ], [ -70.531161128296645, -33.524547902243896 ], [ -70.531351229089651, -33.524477706499027 ], [ -70.531793209369511, -33.52419773953185 ], [ -70.532221172383785, -33.523967855611524 ], [ -70.532914141522923, -33.523560006461516 ], [ -70.533531753458959, -33.523103179191615 ], [ -70.534194481283407, -33.522670743750432 ], [ -70.534563076781467, -33.522454065168013 ], [ -70.534751624921896, -33.522164750318247 ], [ -70.53489857705155, -33.522050634345177 ], [ -70.535224029805292, -33.521921827652456 ], [ -70.535417205542231, -33.521894478914504 ], [ -70.53552665759706, -33.521815754311937 ], [ -70.535985279655733, -33.521787623704178 ], [ -70.536432339111869, -33.521615050038292 ], [ -70.536731031671948, -33.521216888645405 ], [ -70.536932036497859, -33.520790167601412 ], [ -70.536547473898949, -33.520908729584761 ], [ -70.536348415682212, -33.521057741983306 ], [ -70.536054905449362, -33.52121409420856 ], [ -70.53567448396808, -33.521279904345278 ], [ -70.534871341066676, -33.521352246551153 ], [ -70.534591451388337, -33.521530397041204 ], [ -70.534267345854744, -33.521735890043558 ], [ -70.533527049711736, -33.52199276303071 ], [ -70.53305419703868, -33.522210731065584 ], [ -70.532236150592738, -33.522283240829793 ], [ -70.531074888784545, -33.522322559311213 ], [ -70.530734094047588, -33.522426589259176 ], [ -70.530287942862657, -33.522469534881971 ], [ -70.528591823309711, -33.522590301566645 ], [ -70.528222771683801, -33.522782014437979 ], [ -70.527766552274045, -33.523099576046206 ], [ -70.527528910277326, -33.523139939223633 ], [ -70.527366832572056, -33.523241757170602 ], [ -70.527055817285643, -33.523345409801721 ], [ -70.526639009580819, -33.523363026716694 ], [ -70.526532254300562, -33.523522388598096 ], [ -70.526670903216072, -33.523782701474381 ], [ -70.526868689620485, -33.5240173312244 ], [ -70.526907467609576, -33.524528420325716 ], [ -70.526779559946263, -33.524879360456232 ], [ -70.526595583019301, -33.525430627442859 ], [ -70.527374965684345, -33.525584259780487 ] ] ] ] } },
{ "type": "Feature", "properties": { "objectid": 17139, "cod_region": "13", "region": "Región Metropolitana De Santiago", "cut_provincia": "131", "provincia": "Santiago", "cut_comuna": "13110", "comuna": "La Florida", "zona": "U-VEV1", "nombre_zona": "U-VEV1 Uso Preferente Vivienda y Equipamiento  N°1", "uperm": "Residencial; equipamiento científico, comercio, culto y cultura, deporte, educación, esparcimiento, salud, seguridad, servicios, social y turismo; infraestructura de transporte; espacio público y áreas verdes. Mayor detalle en Ordenanza", "uproh": "Todo uso no mencionado como permitido.", "srid": "EPSG: 4326" }, "geometry": { "type": "MultiPolygon", "coordinates": [ [ [ [ -70.530984129864848, -33.525408332758133 ], [ -70.530630774004464, -33.525645610672179 ], [ -70.530058380529368, -33.525852320138526 ], [ -70.529130040147678, -33.526114371237888 ], [ -70.528730363005309, -33.526259676711781 ], [ -70.527789573747242, -33.526767257335159 ], [ -70.52740237865649, -33.526987265934977 ], [ -70.527224138578461, -33.527017538503742 ], [ -70.526735294002592, -33.527259557141996 ], [ -70.526727516155631, -33.527369445183709 ], [ -70.526809330625426, -33.527574311009275 ], [ -70.526935993506896, -33.52778798118397 ], [ -70.527036532021839, -33.527786741380936 ], [ -70.52704885378138, -33.527852095134072 ], [ -70.52691677673117, -33.527966019482392 ], [ -70.526917763570736, -33.528022154674979 ], [ -70.527085985819824, -33.528057511766207 ], [ -70.527188992195789, -33.528196610244237 ], [ -70.527236472627479, -33.52835511017048 ], [ -70.529584804300441, -33.528091034778065 ], [ -70.53540279952351, -33.527276006618607 ], [ -70.535868484350871, -33.527223236003159 ], [ -70.535572557833532, -33.52569392171997 ], [ -70.537090982196531, -33.525481711784693 ], [ -70.537436233657886, -33.527034626604213 ], [ -70.537507868915228, -33.52703744911323 ], [ -70.538347080325963, -33.526942335018042 ], [ -70.539371840884144, -33.52679163113033 ], [ -70.539662296924135, -33.526791649860684 ], [ -70.540069876240665, -33.526685834907596 ], [ -70.540954755107535, -33.526580133009261 ], [ -70.541389829654051, -33.526521791283869 ], [ -70.541550054802471, -33.526506531672538 ], [ -70.541786247534503, -33.526477463164056 ], [ -70.543533798780288, -33.526262373467176 ], [ -70.544066860219957, -33.526188786451215 ], [ -70.54525177220863, -33.526054146767528 ], [ -70.545438843730651, -33.525892728935766 ], [ -70.545514707597448, -33.52576077109714 ], [ -70.545330985868077, -33.525482327125303 ], [ -70.545226621906409, -33.52526839631642 ], [ -70.544941867489968, -33.524963138357336 ], [ -70.54489136107064, -33.524636242673701 ], [ -70.54489587539112, -33.52426186984583 ], [ -70.544865882182876, -33.52383177938362 ], [ -70.544692173091022, -33.523487703836778 ], [ -70.544476776507622, -33.523312590506286 ], [ -70.54414901361595, -33.52310144649541 ], [ -70.544079995857146, -33.522990010833006 ], [ -70.544016496495786, -33.522560339590889 ], [ -70.543977665806082, -33.522261370026321 ], [ -70.54367361071796, -33.521497812261515 ], [ -70.543355711428816, -33.520755637236029 ], [ -70.543271436828803, -33.520640697265598 ], [ -70.54205486223573, -33.518774220830892 ], [ -70.541118572797174, -33.519203323904726 ], [ -70.540813262656869, -33.519335972433545 ], [ -70.540287449295761, -33.519564421409719 ], [ -70.539456827027323, -33.519954140431132 ], [ -70.539272273770749, -33.5201497092784 ], [ -70.53899436585607, -33.520382230037811 ], [ -70.538665950435018, -33.520658326696115 ], [ -70.538428100726847, -33.520740023538771 ], [ -70.538276327401462, -33.520856441856033 ], [ -70.538149174992867, -33.520915287706593 ], [ -70.538039363643009, -33.520988235581875 ], [ -70.537709224727251, -33.521360096217016 ], [ -70.537536724751703, -33.52160737286318 ], [ -70.536923365380204, -33.5219869645043 ], [ -70.536076416385228, -33.522425597266938 ], [ -70.535750929506122, -33.522499818580286 ], [ -70.535352025802283, -33.522687243948369 ], [ -70.535280346585722, -33.522898687554211 ], [ -70.535098641065559, -33.523048326986491 ], [ -70.5347415223453, -33.523203260605094 ], [ -70.534261413839118, -33.523564031314429 ], [ -70.534178592630326, -33.523653852051332 ], [ -70.53391973324122, -33.52370257618562 ], [ -70.53375495274507, -33.523829986648558 ], [ -70.533581992704399, -33.524000571623894 ], [ -70.533090533511668, -33.524334185337487 ], [ -70.532637893486651, -33.524572696190475 ], [ -70.53202902298429, -33.524962866404223 ], [ -70.531714802463156, -33.525166389072346 ], [ -70.531477670151503, -33.525235866610778 ], [ -70.531180666243671, -33.525289448783603 ], [ -70.530984129864848, -33.525408332758133 ] ] ] ] } },
{ "type": "Feature", "properties": { "objectid": 17140, "cod_region": "13", "region": "Región Metropolitana De Santiago", "cut_provincia": "131", "provincia": "Santiago", "cut_comuna": "13110", "comuna": "La Florida", "zona": "U-VEV1", "nombre_zona": "U-VEV1 Uso Preferente Vivienda y Equipamiento  N°1", "uperm": "Residencial; equipamiento científico, comercio, culto y cultura, deporte, educación, esparcimiento, salud, seguridad, servicios, social y turismo; infraestructura de transporte; espacio público y áreas verdes. Mayor detalle en Ordenanza", "uproh": "Actividad productiva; infraestructura.", "srid": "EPSG: 4326" }, "geometry": { "type": "MultiPolygon", "coordinates": [ [ [ [ -70.541310850405296, -33.529363771609994 ], [ -70.541293774956145, -33.52946962483891 ], [ -70.541238225414119, -33.530174706192625 ], [ -70.541370587427835, -33.530229358187583 ], [ -70.541773081143319, -33.530243063806516 ], [ -70.54216623176751, -33.530359820534329 ], [ -70.542603238184654, -33.530429239866585 ], [ -70.54292736916878, -33.530434559639247 ], [ -70.543386385161597, -33.530484986203859 ], [ -70.543631869495982, -33.530508528335297 ], [ -70.544193872521916, -33.530652718339518 ], [ -70.544541510244287, -33.530723246176649 ], [ -70.54474176032673, -33.530673957446552 ], [ -70.544637225755963, -33.530450672907342 ], [ -70.544655740822179, -33.530235208906483 ], [ -70.544673905869104, -33.529337286027435 ], [ -70.544055674948055, -33.529371612576419 ], [ -70.543967525542968, -33.528955055189549 ], [ -70.543766912603502, -33.528394152032661 ], [ -70.543533798780288, -33.526262373467176 ], [ -70.541786247534503, -33.526477463164056 ], [ -70.54182296469267, -33.527317277112004 ], [ -70.541871089871663, -33.527620906680291 ], [ -70.541812505948641, -33.527931829660723 ], [ -70.541779547822983, -33.528081371612863 ], [ -70.541654123609192, -33.528238029534037 ], [ -70.541432073900566, -33.528568883380252 ], [ -70.541358399326668, -33.528832271708822 ], [ -70.541310850405296, -33.529363771609994 ] ] ] ] } },
{ "type": "Feature", "properties": { "objectid": 17141, "cod_region": "13", "region": "Región Metropolitana De Santiago", "cut_provincia": "131", "provincia": "Santiago", "cut_comuna": "13110", "comuna": "La Florida", "zona": "ESP-4", "nombre_zona": "ESP-4 Precordillera", "uperm": "Equipamieno de comerrcio, culto y cultura, deporte, esparcimiento y pareas verdes. Mayor detalle en ordenanza", "uproh": "Todo uso no mencionado como permitido.", "srid": "EPSG: 4326" }, "geometry": { "type": "MultiPolygon", "coordinates": [ [ [ [ -70.539262445696451, -33.529806403456512 ], [ -70.539575568724899, -33.529821226310752 ], [ -70.539742803751523, -33.529800431107731 ], [ -70.540391227212041, -33.529820440280197 ], [ -70.540886574469027, -33.530029508408596 ], [ -70.541238225414119, -33.530174706192625 ], [ -70.541293774956145, -33.52946962483891 ], [ -70.541099704769564, -33.529446665514286 ], [ -70.538268614990955, -33.529210490023168 ], [ -70.538382976544852, -33.529358795205418 ], [ -70.538744263987724, -33.529569538436697 ], [ -70.539262445696451, -33.529806403456512 ] ] ] ] } },
{ "type": "Feature", "properties": { "objectid": 17142, "cod_region": "13", "region": "Región Metropolitana De Santiago", "cut_provincia": "131", "provincia": "Santiago", "cut_comuna": "13110", "comuna": "La Florida", "zona": "U-EC3", "nombre_zona": "U-EC3 Zona de Equipamiento Comunal N°3", "uperm": "Residencial; equipamiento de culto, deporte, educación, esparcimiento, salud, seguridad, servicios, social y científico; infraestructura de transporte y de energía; espacio público y áreas verdes.", "uproh": "Todo uso no mencionado como permitido.", "srid": "EPSG: 4326" }, "geometry": { "type": "MultiPolygon", "coordinates": [ [ [ [ -70.543967525542968, -33.528955055189549 ], [ -70.544055674948055, -33.529371612576419 ], [ -70.544673905869104, -33.529337286027435 ], [ -70.544903902122371, -33.528862394109183 ], [ -70.544935418425624, -33.528749706551977 ], [ -70.544866229565883, -33.528628916234702 ], [ -70.544728184150785, -33.52840604704749 ], [ -70.544657666985913, -33.528210412972946 ], [ -70.544756811453809, -33.52802617635016 ], [ -70.544832106369711, -33.527792329794444 ], [ -70.544807217291023, -33.527509823877885 ], [ -70.5447031895023, -33.527244940396891 ], [ -70.544754483843434, -33.526778484212947 ], [ -70.544965242495167, -33.526343312523117 ], [ -70.54525177220863, -33.526054146767528 ], [ -70.544066860219957, -33.526188786451215 ], [ -70.543533798780288, -33.526262373467176 ], [ -70.543766912603502, -33.528394152032661 ], [ -70.543967525542968, -33.528955055189549 ] ] ] ] } },
{ "type": "Feature", "properties": { "objectid": 17143, "cod_region": "13", "region": "Región Metropolitana De Santiago", "cut_provincia": "131", "provincia": "Santiago", "cut_comuna": "13110", "comuna": "La Florida", "zona": "AV1.2", "nombre_zona": "AV1.2 Zona de Parque El Panul", "uperm": "Equipamiento de culto, deporte, científico y turismo; espacio público y áreas verdes.", "uproh": "Residencial; equipamiento de comercio, educación, salud, seguridad, servicios, social, oficina y cementerio; actividad productiva; infraestructura; espacio público y áreas verdes.", "srid": "EPSG: 4326" }, "geometry": { "type": "MultiPolygon", "coordinates": [ [ [ [ -70.540069876240665, -33.526685834907596 ], [ -70.539662296924135, -33.526791649860684 ], [ -70.539371840884144, -33.52679163113033 ], [ -70.538347080325963, -33.526942335018042 ], [ -70.537507868915228, -33.52703744911323 ], [ -70.537520750068353, -33.527765141926231 ], [ -70.537502142312562, -33.528607584440017 ], [ -70.537567272605756, -33.529130820272087 ], [ -70.538268614990955, -33.529210490023168 ], [ -70.541099704769564, -33.529446665514286 ], [ -70.541293774956145, -33.52946962483891 ], [ -70.541310850405296, -33.529363771609994 ], [ -70.541358399326668, -33.528832271708822 ], [ -70.541432073900566, -33.528568883380252 ], [ -70.541654123609192, -33.528238029534037 ], [ -70.541779547822983, -33.528081371612863 ], [ -70.541812505948641, -33.527931829660723 ], [ -70.541871089871663, -33.527620906680291 ], [ -70.54182296469267, -33.527317277112004 ], [ -70.541786247534503, -33.526477463164056 ], [ -70.541550054802471, -33.526506531672538 ], [ -70.541389829654051, -33.526521791283869 ], [ -70.540954755107535, -33.526580133009261 ], [ -70.540069876240665, -33.526685834907596 ] ] ] ] } },
{ "type": "Feature", "properties": { "objectid": 17144, "cod_region": "13", "region": "Región Metropolitana De Santiago", "cut_provincia": "131", "provincia": "Santiago", "cut_comuna": "13110", "comuna": "La Florida", "zona": "AV1.2", "nombre_zona": "AV1.2 Zona de Parque El Panul", "uperm": "Equipamiento de culto, deporte, científico y turismo; espacio público y áreas verdes.", "uproh": "Residencial; equipamiento de comercio, educación, salud, seguridad, servicios, social, oficina y cementerio; actividad productiva; infraestructura; espacio público y áreas verdes.", "srid": "EPSG: 4326" }, "geometry": { "type": "MultiPolygon", "coordinates": [ [ [ [ -70.529584804300441, -33.528091034778065 ], [ -70.527236472627479, -33.52835511017048 ], [ -70.527643378288701, -33.528392721476742 ], [ -70.528224434904502, -33.528394909033409 ], [ -70.528849188234403, -33.528340407016287 ], [ -70.529562649111895, -33.528247374571215 ], [ -70.529908949582222, -33.528243096402569 ], [ -70.530200713448039, -33.528314355225177 ], [ -70.530366959248411, -33.52823743669952 ], [ -70.530948015471026, -33.52823961238817 ], [ -70.53135264512899, -33.528374977735368 ], [ -70.532099945323125, -33.528300227971805 ], [ -70.532512610820035, -33.52825768982602 ], [ -70.532714183712173, -33.528283269024065 ], [ -70.533219685360038, -33.528436095345768 ], [ -70.533612982506952, -33.528562236115881 ], [ -70.534305254026194, -33.528534944425992 ], [ -70.534596526135928, -33.528578123908751 ], [ -70.535314116012827, -33.528718955508673 ], [ -70.535705597550603, -33.528742174962659 ], [ -70.535974363542067, -33.52877627287684 ], [ -70.536070632040506, -33.528800163186844 ], [ -70.535940882702022, -33.527217385132936 ], [ -70.535868484350871, -33.527223236003159 ], [ -70.53540279952351, -33.527276006618607 ], [ -70.529584804300441, -33.528091034778065 ] ] ] ] } },
{ "type": "Feature", "properties": { "objectid": 17145, "cod_region": "13", "region": "Región Metropolitana De Santiago", "cut_provincia": "131", "provincia": "Santiago", "cut_comuna": "13110", "comuna": "La Florida", "zona": "U-EC3", "nombre_zona": "U-EC3 Zona de Equipamiento Comunal N°3", "uperm": "Residencial; equipamiento de culto, deporte, educación, esparcimiento, salud, seguridad, servicios, social y científico; infraestructura de transporte y de energía; espacio público y áreas verdes.", "uproh": "Todo uso no mencionado como permitido.", "srid": "EPSG: 4326" }, "geometry": { "type": "MultiPolygon", "coordinates": [ [ [ [ -70.535940882702022, -33.527217385132936 ], [ -70.536070632040506, -33.528800163186844 ], [ -70.53669262018515, -33.528954519647002 ], [ -70.53721881716821, -33.529013493860063 ], [ -70.537567272605756, -33.529130820272087 ], [ -70.537502142312562, -33.528607584440017 ], [ -70.537520750068353, -33.527765141926231 ], [ -70.537507868915228, -33.52703744911323 ], [ -70.537436233657886, -33.527034626604213 ], [ -70.535940882702022, -33.527217385132936 ] ] ] ] } },
{ "type": "Feature", "properties": { "objectid": 17146, "cod_region": "13", "region": "Región Metropolitana De Santiago", "cut_provincia": "131", "provincia": "Santiago", "cut_comuna": "13110", "comuna": "La Florida", "zona": "PL", "nombre_zona": "PL Zona de Plazas", "uperm": "Espacio público y áreas verdes.", "uproh": "Todo uso no mencionado como permitido.", "srid": "EPSG: 4326" }, "geometry": { "type": "MultiPolygon", "coordinates": [ [ [ [ -70.559113804668002, -33.523363040393413 ], [ -70.559609742341451, -33.523412629478003 ], [ -70.559613551618398, -33.523229757023678 ], [ -70.559118738292753, -33.523219239115917 ], [ -70.559113804668002, -33.523363040393413 ] ] ] ] } },
{ "type": "Feature", "properties": { "objectid": 17147, "cod_region": "13", "region": "Región Metropolitana De Santiago", "cut_provincia": "131", "provincia": "Santiago", "cut_comuna": "13110", "comuna": "La Florida", "zona": "PEDC-3", "nombre_zona": "PEDC-3 Zona de Protección Ecológica con Desarrollo Controlado", "uperm": "Zona de protección ecológica, según PRMS.", "uproh": "Zona de protección ecológica, según PRMS.", "srid": "EPSG: 4326" }, "geometry": { "type": "MultiPolygon", "coordinates": [ [ [ [ -70.522755603663455, -33.530023788313791 ], [ -70.522380303199228, -33.530144857178279 ], [ -70.521625332161719, -33.530137500051751 ], [ -70.521307570694304, -33.530141404529431 ], [ -70.520748868979936, -33.529998541151556 ], [ -70.52036122661724, -33.53013586140289 ], [ -70.521508385903431, -33.532421256922696 ], [ -70.521682841921631, -33.532424522259028 ], [ -70.522364471690963, -33.532425501765289 ], [ -70.522755311937331, -33.53241133737653 ], [ -70.523086848122773, -33.532201385039485 ], [ -70.523432673022285, -33.532169056462592 ], [ -70.523588089804008, -33.532110996802778 ], [ -70.524045464457174, -33.532067936416162 ], [ -70.524302409449831, -33.532064773507429 ], [ -70.524829441510448, -33.532170578942591 ], [ -70.525131893016564, -33.532213643790953 ], [ -70.525288458930007, -33.532221073542097 ], [ -70.525432045101041, -33.532125724858858 ], [ -70.525699010429577, -33.532056929918305 ], [ -70.525989962177945, -33.532081418589968 ], [ -70.526316402149774, -33.532217763781631 ], [ -70.526507140850811, -33.532262202288983 ], [ -70.526817804533607, -33.532136718870447 ], [ -70.526940361975633, -33.532116491772626 ], [ -70.527450301082226, -33.531885611945043 ], [ -70.527491037298162, -33.531660519215365 ], [ -70.52761623986018, -33.531483644417627 ], [ -70.527698193162252, -33.531367867625463 ], [ -70.527747959728146, -33.531021009496875 ], [ -70.527667786305145, -33.530909704022356 ], [ -70.527508754348872, -33.530761938889064 ], [ -70.5273613883423, -33.530642103756854 ], [ -70.527334274311528, -33.530371057165148 ], [ -70.527360876937934, -33.529977696750422 ], [ -70.527435784799607, -33.529789614033511 ], [ -70.527500344511509, -33.529648448829697 ], [ -70.52750822414427, -33.529461192916308 ], [ -70.525417739292521, -33.529402742288205 ], [ -70.52372254405644, -33.529358741559669 ], [ -70.523660700045937, -33.529530201108244 ], [ -70.523228158745766, -33.529785067939152 ], [ -70.522755603663455, -33.530023788313791 ] ] ] ] } },
{ "type": "Feature", "properties": { "objectid": 17148, "cod_region": "13", "region": "Región Metropolitana De Santiago", "cut_provincia": "131", "provincia": "Santiago", "cut_comuna": "13110", "comuna": "La Florida", "zona": "PEDC-3", "nombre_zona": "PEDC-3 Zona de Protección Ecológica con Desarrollo Controlado", "uperm": "Zona de protección ecológica, según PRMS.", "uproh": "Zona de protección ecológica, según PRMS.", "srid": "EPSG: 4326" }, "geometry": { "type": "MultiPolygon", "coordinates": [ [ [ [ -70.525916992131798, -33.527660634469321 ], [ -70.52555048782115, -33.527786804349368 ], [ -70.525215193465314, -33.527781577283328 ], [ -70.525003931492819, -33.527840325763442 ], [ -70.524772298331982, -33.528011621305474 ], [ -70.524685065972221, -33.528134349451676 ], [ -70.524296544200794, -33.528279501663626 ], [ -70.523851180741048, -33.528369203911765 ], [ -70.523530667110251, -33.528569665090039 ], [ -70.523957248986136, -33.528526522427015 ], [ -70.525351329725652, -33.528378346693401 ], [ -70.52669135769753, -33.528333758148719 ], [ -70.527236472627479, -33.52835511017048 ], [ -70.527188992195789, -33.528196610244237 ], [ -70.527085985819824, -33.528057511766207 ], [ -70.526917763570736, -33.528022154674979 ], [ -70.52691677673117, -33.527966019482392 ], [ -70.52704885378138, -33.527852095134072 ], [ -70.527036532021839, -33.527786741380936 ], [ -70.526935993506896, -33.52778798118397 ], [ -70.526809330625426, -33.527574311009275 ], [ -70.526727516155631, -33.527369445183709 ], [ -70.526735294002592, -33.527259557141996 ], [ -70.526526295576488, -33.527363029354269 ], [ -70.525916992131798, -33.527660634469321 ] ] ] ] } },
{ "type": "Feature", "properties": { "objectid": 17149, "cod_region": "13", "region": "Región Metropolitana De Santiago", "cut_provincia": "131", "provincia": "Santiago", "cut_comuna": "13110", "comuna": "La Florida", "zona": "R-1/AV3", "nombre_zona": "R-1/AV3 Zona de Restricción por Quebradas/ Parques Quebradas", "uperm": "Zona de restricción, según PRMS.", "uproh": "Zona de restricción, según PRMS.", "srid": "EPSG: 4326" }, "geometry": { "type": "MultiPolygon", "coordinates": [ [ [ [ -70.529562649111895, -33.528247374571215 ], [ -70.528849188234403, -33.528340407016287 ], [ -70.528224434904502, -33.528394909033409 ], [ -70.527643378288701, -33.528392721476742 ], [ -70.527236472627479, -33.52835511017048 ], [ -70.52669135769753, -33.528333758148719 ], [ -70.525351329725652, -33.528378346693401 ], [ -70.523957248986136, -33.528526522427015 ], [ -70.523530667110251, -33.528569665090039 ], [ -70.523727299400576, -33.528797381443553 ], [ -70.523793299861936, -33.529162568431488 ], [ -70.52372254405644, -33.529358741559669 ], [ -70.525417739292521, -33.529402742288205 ], [ -70.52750822414427, -33.529461192916308 ], [ -70.527975479791309, -33.529278898229855 ], [ -70.528332735640547, -33.529262011431172 ], [ -70.528972555270016, -33.529216681078893 ], [ -70.529373396485795, -33.529136867768976 ], [ -70.529790450662091, -33.529131715965953 ], [ -70.529985840796286, -33.529229119618009 ], [ -70.530254387851883, -33.529250755790777 ], [ -70.530654348491936, -33.529121039905924 ], [ -70.530774386030757, -33.529169464424754 ], [ -70.531073601394723, -33.52924062899902 ], [ -70.531922825441171, -33.529242602383924 ], [ -70.53233877919061, -33.529175069415487 ], [ -70.532667125097177, -33.529208437187812 ], [ -70.533447379620796, -33.529523185536746 ], [ -70.534610278548811, -33.529571164725063 ], [ -70.535460166541597, -33.52961053705635 ], [ -70.536058166297096, -33.529727892438565 ], [ -70.536775988503223, -33.529881189328954 ], [ -70.537076314545942, -33.530014711599833 ], [ -70.537434233059628, -33.530035221767982 ], [ -70.538475991789156, -33.529972374096893 ], [ -70.53907598709516, -33.530201984423705 ], [ -70.539536941751322, -33.530291913232851 ], [ -70.539893240794981, -33.530220937340331 ], [ -70.54027116766369, -33.530249508949524 ], [ -70.540753116457054, -33.530542966382264 ], [ -70.541212552157972, -33.530686974452259 ], [ -70.541275944713462, -33.530686185382784 ], [ -70.541689190734601, -33.5306810407684 ], [ -70.54222865848152, -33.530857322529037 ], [ -70.542884630042806, -33.530882422641902 ], [ -70.543342296261017, -33.530926628175287 ], [ -70.54400063405572, -33.531084783429591 ], [ -70.544578940869656, -33.531210659513341 ], [ -70.544772807926122, -33.530942061700166 ], [ -70.54474176032673, -33.530673957446552 ], [ -70.544541510244287, -33.530723246176649 ], [ -70.544193872521916, -33.530652718339518 ], [ -70.543631869495982, -33.530508528335297 ], [ -70.543386385161597, -33.530484986203859 ], [ -70.54292736916878, -33.530434559639247 ], [ -70.542603238184654, -33.530429239866585 ], [ -70.54216623176751, -33.530359820534329 ], [ -70.541773081143319, -33.530243063806516 ], [ -70.541370587427835, -33.530229358187583 ], [ -70.541238225414119, -33.530174706192625 ], [ -70.540886574469027, -33.530029508408596 ], [ -70.540391227212041, -33.529820440280197 ], [ -70.539742803751523, -33.529800431107731 ], [ -70.539575568724899, -33.529821226310752 ], [ -70.539262445696451, -33.529806403456512 ], [ -70.538744263987724, -33.529569538436697 ], [ -70.538382976544852, -33.529358795205418 ], [ -70.538268614990955, -33.529210490023168 ], [ -70.537567272605756, -33.529130820272087 ], [ -70.53721881716821, -33.529013493860063 ], [ -70.53669262018515, -33.528954519647002 ], [ -70.536070632040506, -33.528800163186844 ], [ -70.535974363542067, -33.52877627287684 ], [ -70.535705597550603, -33.528742174962659 ], [ -70.535314116012827, -33.528718955508673 ], [ -70.534596526135928, -33.528578123908751 ], [ -70.534305254026194, -33.528534944425992 ], [ -70.533612982506952, -33.528562236115881 ], [ -70.533219685360038, -33.528436095345768 ], [ -70.532714183712173, -33.528283269024065 ], [ -70.532512610820035, -33.52825768982602 ], [ -70.532099945323125, -33.528300227971805 ], [ -70.53135264512899, -33.528374977735368 ], [ -70.530948015471026, -33.52823961238817 ], [ -70.530366959248411, -33.52823743669952 ], [ -70.530200713448039, -33.528314355225177 ], [ -70.529908949582222, -33.528243096402569 ], [ -70.529562649111895, -33.528247374571215 ] ] ] ] } },
{ "type": "Feature", "properties": { "objectid": 17150, "cod_region": "13", "region": "Región Metropolitana De Santiago", "cut_provincia": "131", "provincia": "Santiago", "cut_comuna": "13110", "comuna": "La Florida", "zona": "ESP-4", "nombre_zona": "ESP-4 Precordillera", "uperm": "Equipamieno de comerrcio, culto y cultura, deporte, esparcimiento y pareas verdes. Mayor detalle en ordenanza", "uproh": "Todo uso no mencionado como permitido.", "srid": "EPSG: 4326" }, "geometry": { "type": "MultiPolygon", "coordinates": [ [ [ [ -70.537727194386434, -33.532524942976522 ], [ -70.538869553042787, -33.532885682859288 ], [ -70.540348034390419, -33.533354063537658 ], [ -70.541365581440616, -33.533703269618421 ], [ -70.54143018308045, -33.533099624877579 ], [ -70.541422111100204, -33.532644868262317 ], [ -70.541388357224307, -33.532045265182859 ], [ -70.541323378557962, -33.53163960560267 ], [ -70.541275944713462, -33.530686185382784 ], [ -70.541212552157972, -33.530686974452259 ], [ -70.540753116457054, -33.530542966382264 ], [ -70.54027116766369, -33.530249508949524 ], [ -70.539893240794981, -33.530220937340331 ], [ -70.539536941751322, -33.530291913232851 ], [ -70.53907598709516, -33.530201984423705 ], [ -70.538475991789156, -33.529972374096893 ], [ -70.537434233059628, -33.530035221767982 ], [ -70.537076314545942, -33.530014711599833 ], [ -70.536775988503223, -33.529881189328954 ], [ -70.536058166297096, -33.529727892438565 ], [ -70.535460166541597, -33.52961053705635 ], [ -70.534610278548811, -33.529571164725063 ], [ -70.533447379620796, -33.529523185536746 ], [ -70.532667125097177, -33.529208437187812 ], [ -70.53233877919061, -33.529175069415487 ], [ -70.531922825441171, -33.529242602383924 ], [ -70.531073601394723, -33.52924062899902 ], [ -70.530774386030757, -33.529169464424754 ], [ -70.530654348491936, -33.529121039905924 ], [ -70.530254387851883, -33.529250755790777 ], [ -70.529985840796286, -33.529229119618009 ], [ -70.529790450662091, -33.529131715965953 ], [ -70.529373396485795, -33.529136867768976 ], [ -70.528972555270016, -33.529216681078893 ], [ -70.528332735640547, -33.529262011431172 ], [ -70.527975479791309, -33.529278898229855 ], [ -70.52750822414427, -33.529461192916308 ], [ -70.527500344511509, -33.529648448829697 ], [ -70.527435784799607, -33.529789614033511 ], [ -70.527360876937934, -33.529977696750422 ], [ -70.527334274311528, -33.530371057165148 ], [ -70.5273613883423, -33.530642103756854 ], [ -70.527508754348872, -33.530761938889064 ], [ -70.527667786305145, -33.530909704022356 ], [ -70.527747959728146, -33.531021009496875 ], [ -70.527698193162252, -33.531367867625463 ], [ -70.52761623986018, -33.531483644417627 ], [ -70.537736218886025, -33.532506120572201 ], [ -70.537727194386434, -33.532524942976522 ] ] ] ] } },
{ "type": "Feature", "properties": { "objectid": 17151, "cod_region": "13", "region": "Región Metropolitana De Santiago", "cut_provincia": "131", "provincia": "Santiago", "cut_comuna": "13110", "comuna": "La Florida", "zona": "U-VEV1", "nombre_zona": "U-VEV1 Uso Preferente Vivienda y Equipamiento  N°1", "uperm": "Residencial; equipamiento científico, comercio, culto y cultura, deporte, educación, esparcimiento, salud, seguridad, servicios, social y turismo; infraestructura de transporte; espacio público y áreas verdes. Mayor detalle en Ordenanza", "uproh": "Actividad productiva; infraestructura.", "srid": "EPSG: 4326" }, "geometry": { "type": "MultiPolygon", "coordinates": [ [ [ [ -70.543792189324549, -33.535287018209715 ], [ -70.544218308616436, -33.535417465986654 ], [ -70.544272734809653, -33.535215501998231 ], [ -70.544522050459008, -33.534713304194717 ], [ -70.544535698333831, -33.534363770750147 ], [ -70.544608335969173, -33.533980231027599 ], [ -70.544761008533271, -33.533628965811417 ], [ -70.544975037423981, -33.533376751339873 ], [ -70.54493146994372, -33.53316102313314 ], [ -70.544728131006835, -33.532897380936042 ], [ -70.544565401141824, -33.532683139167972 ], [ -70.544541694155242, -33.532467163028038 ], [ -70.544532227962861, -33.531934920799515 ], [ -70.544608417135862, -33.531750970670885 ], [ -70.544578940869656, -33.531210659513341 ], [ -70.54400063405572, -33.531084783429591 ], [ -70.543342296261017, -33.530926628175287 ], [ -70.542884630042806, -33.530882422641902 ], [ -70.54222865848152, -33.530857322529037 ], [ -70.541689190734601, -33.5306810407684 ], [ -70.541275944713462, -33.530686185382784 ], [ -70.541323378557962, -33.53163960560267 ], [ -70.541388357224307, -33.532045265182859 ], [ -70.541422111100204, -33.532644868262317 ], [ -70.54143018308045, -33.533099624877579 ], [ -70.541365445646676, -33.533704537481164 ], [ -70.541566446614937, -33.533767360187412 ], [ -70.542047301300215, -33.533941017290118 ], [ -70.54243197975255, -33.534189360926653 ], [ -70.542733872154798, -33.534442816561182 ], [ -70.542933336093427, -33.534693467111296 ], [ -70.543200968038605, -33.534939184195139 ], [ -70.543511817204418, -33.535147614977149 ], [ -70.543792189324549, -33.535287018209715 ] ] ] ] } },
{ "type": "Feature", "properties": { "objectid": 17152, "cod_region": "13", "region": "Región Metropolitana De Santiago", "cut_provincia": "131", "provincia": "Santiago", "cut_comuna": "13110", "comuna": "La Florida", "zona": "ESP-4", "nombre_zona": "ESP-4 Precordillera", "uperm": "Equipamieno de comerrcio, culto y cultura, deporte, esparcimiento y pareas verdes. Mayor detalle en ordenanza", "uproh": "Todo uso no mencionado como permitido.", "srid": "EPSG: 4326" }, "geometry": { "type": "MultiPolygon", "coordinates": [ [ [ [ -70.530263129086933, -33.532530080772169 ], [ -70.531058496601986, -33.533278239705723 ], [ -70.531283908823085, -33.5333877476059 ], [ -70.532036700095404, -33.533621740980259 ], [ -70.532443503097468, -33.533878728170357 ], [ -70.534606654001607, -33.534881307607634 ], [ -70.534685422666541, -33.53493885754451 ], [ -70.535032500321265, -33.534555519984828 ], [ -70.535437691908669, -33.533957048210652 ], [ -70.535680328025165, -33.53335513261208 ], [ -70.535683644139823, -33.53318611862278 ], [ -70.535402763144816, -33.53314022306381 ], [ -70.533877643880942, -33.532831599097015 ], [ -70.532477566658713, -33.532643061439423 ], [ -70.532062734641798, -33.532563973711753 ], [ -70.531614883420488, -33.532513367116508 ], [ -70.531336585976817, -33.532572956586677 ], [ -70.530263129086933, -33.532530080772169 ] ] ] ] } },
{ "type": "Feature", "properties": { "objectid": 17153, "cod_region": "13", "region": "Región Metropolitana De Santiago", "cut_provincia": "131", "provincia": "Santiago", "cut_comuna": "13110", "comuna": "La Florida", "zona": "U-EC3", "nombre_zona": "U-EC3 Zona de Equipamiento Comunal N°3", "uperm": "Residencial; equipamiento de culto, deporte, educación, esparcimiento, salud, seguridad, servicios, social y científico; infraestructura de transporte y de energía; espacio público y áreas verdes.", "uproh": "Todo uso no mencionado como permitido.", "srid": "EPSG: 4326" }, "geometry": { "type": "MultiPolygon", "coordinates": [ [ [ [ -70.535459937119612, -33.535504727094519 ], [ -70.535930124588035, -33.535685273341286 ], [ -70.536586752547976, -33.534903538360133 ], [ -70.537252030231599, -33.533515998268129 ], [ -70.537129312953439, -33.533465044164984 ], [ -70.536580249145416, -33.533378279764392 ], [ -70.536041528835042, -33.533244595688032 ], [ -70.535683644139823, -33.53318611862278 ], [ -70.535680328025165, -33.53335513261208 ], [ -70.535437691908669, -33.533957048210652 ], [ -70.535032500321265, -33.534555519984828 ], [ -70.534685422666541, -33.53493885754451 ], [ -70.535459937119612, -33.535504727094519 ] ] ] ] } },
{ "type": "Feature", "properties": { "objectid": 17154, "cod_region": "13", "region": "Región Metropolitana De Santiago", "cut_provincia": "131", "provincia": "Santiago", "cut_comuna": "13110", "comuna": "La Florida", "zona": "ESP-4", "nombre_zona": "ESP-4 Precordillera", "uperm": "Equipamieno de comerrcio, culto y cultura, deporte, esparcimiento y pareas verdes. Mayor detalle en ordenanza", "uproh": "Todo uso no mencionado como permitido.", "srid": "EPSG: 4326" }, "geometry": { "type": "MultiPolygon", "coordinates": [ [ [ [ -70.529084335999144, -33.536912830054291 ], [ -70.528727306986994, -33.537790644117862 ], [ -70.528906593808358, -33.537749064305125 ], [ -70.529375579306731, -33.537729234903061 ], [ -70.529527764428053, -33.537804557267116 ], [ -70.529839400386976, -33.537891947226115 ], [ -70.530295832733358, -33.538110896346915 ], [ -70.530438897344851, -33.538144220089791 ], [ -70.53061572553959, -33.538191163291302 ], [ -70.530852199267656, -33.53829351598317 ], [ -70.531072162409387, -33.538410109426025 ], [ -70.531624695039952, -33.53837520120058 ], [ -70.531956891333365, -33.538202648577553 ], [ -70.532042500633835, -33.537829611969542 ], [ -70.532107552420342, -33.537716512531084 ], [ -70.532256519046726, -33.537609392623807 ], [ -70.532422616341066, -33.53752311560735 ], [ -70.532628997537913, -33.537345100354706 ], [ -70.532853375014426, -33.537237045312757 ], [ -70.533204800942059, -33.537204620741463 ], [ -70.533404907783677, -33.537145994422239 ], [ -70.533597130407259, -33.537115540403754 ], [ -70.533881151313764, -33.537062892837831 ], [ -70.533914865087837, -33.536599258600319 ], [ -70.534029444375804, -33.536443433479661 ], [ -70.534162145210146, -33.536364586020575 ], [ -70.534151905891719, -33.536259436527338 ], [ -70.534206467552607, -33.536027152601775 ], [ -70.534086682250944, -33.535888267454126 ], [ -70.5338921073824, -33.535785401791678 ], [ -70.533453800130516, -33.535643444559319 ], [ -70.533013263281006, -33.535375180946311 ], [ -70.532656518956401, -33.535105878490903 ], [ -70.532428307744411, -33.534996407861165 ], [ -70.532237411640097, -33.534969917157255 ], [ -70.532027110607444, -33.534872701893477 ], [ -70.531619203846333, -33.534553340036808 ], [ -70.531379552866781, -33.53448144134115 ], [ -70.530735959066419, -33.534314718258393 ], [ -70.53045030240574, -33.534168523471557 ], [ -70.530072196074002, -33.533848787977746 ], [ -70.529708549248411, -33.533503918879184 ], [ -70.529300217987739, -33.53315960056657 ], [ -70.529059913699101, -33.533050273809131 ], [ -70.528384787076121, -33.532784109892226 ], [ -70.527729523733882, -33.532737204552348 ], [ -70.527960856781462, -33.533183530302118 ], [ -70.528217593027065, -33.533379997247017 ], [ -70.528414528169179, -33.533564724969871 ], [ -70.528506096876455, -33.533688366966437 ], [ -70.528540279864117, -33.533937489712471 ], [ -70.528454200049296, -33.534125710913827 ], [ -70.528501338401128, -33.535110830063985 ], [ -70.528637157076091, -33.535208970975333 ], [ -70.528936611553689, -33.535292614270588 ], [ -70.529236066582428, -33.535376256824009 ], [ -70.529432788809601, -33.535548508523178 ], [ -70.529661721201208, -33.535857610225534 ], [ -70.529770388568252, -33.536105812226261 ], [ -70.52971497977093, -33.536343564549838 ], [ -70.529583553116751, -33.536494915221667 ], [ -70.52922934269057, -33.536686449148377 ], [ -70.529084335999144, -33.536912830054291 ] ] ] ] } },
{ "type": "Feature", "properties": { "objectid": 17155, "cod_region": "13", "region": "Región Metropolitana De Santiago", "cut_provincia": "131", "provincia": "Santiago", "cut_comuna": "13110", "comuna": "La Florida", "zona": "U-VEV2", "nombre_zona": "U-VEV2 Uso Preferente Vivienda y Equipamiento 2", "uperm": "Residencial; equipamiento comercio, culto y cultura, deporte, educación, esparcimiento, salud, seguridad, servicios, social; infraestructura de transporte; espacio público y áreas verdes. Mayor detalle en Ordenanza", "uproh": "Todo uso no mencionado como permitido.", "srid": "EPSG: 4326" }, "geometry": { "type": "MultiPolygon", "coordinates": [ [ [ [ -70.541698392727454, -33.546181135334571 ], [ -70.544141089988287, -33.546256666086379 ], [ -70.54510363541749, -33.546115730346195 ], [ -70.545184344297482, -33.546103912729841 ], [ -70.545442034862475, -33.541760244835494 ], [ -70.545346680744515, -33.541741543460645 ], [ -70.544916470310369, -33.541564492369382 ], [ -70.544133255558265, -33.541091812223982 ], [ -70.543304563515917, -33.54081481128086 ], [ -70.542530047107576, -33.540523815066045 ], [ -70.541866256189891, -33.540209960564326 ], [ -70.541409148295884, -33.539981814974148 ], [ -70.541034234307972, -33.539728783027783 ], [ -70.540949495019802, -33.539556004368947 ], [ -70.540778873348899, -33.539574029902191 ], [ -70.540474606813362, -33.539664188194671 ], [ -70.53995226360891, -33.539832558030895 ], [ -70.539751372729512, -33.539976214942598 ], [ -70.539643891323593, -33.540143044938986 ], [ -70.539570959621344, -33.540343072696238 ], [ -70.539617584032669, -33.540609193309095 ], [ -70.539691713399478, -33.54100832021939 ], [ -70.53976347888505, -33.54127412806357 ], [ -70.539767088117429, -33.541477617485334 ], [ -70.539644382916563, -33.541647585805855 ], [ -70.539429252214262, -33.541804667224703 ], [ -70.539189482188903, -33.54199012682232 ], [ -70.538852513900096, -33.54236629240539 ], [ -70.538541304165847, -33.542777229039828 ], [ -70.538581662109507, -33.543162740132374 ], [ -70.538485209200942, -33.543395547130686 ], [ -70.538571617471447, -33.543541859551695 ], [ -70.538649772238912, -33.543695292535894 ], [ -70.538668895015135, -33.543828405031469 ], [ -70.53899931123388, -33.544027832129949 ], [ -70.539449161159041, -33.544345087219924 ], [ -70.539661890653562, -33.544524919947278 ], [ -70.53978231948679, -33.544698882320866 ], [ -70.539819073250456, -33.544880904328515 ], [ -70.539780784071283, -33.545084915681741 ], [ -70.539627419137972, -33.545416687625796 ], [ -70.539532584768409, -33.545740715250666 ], [ -70.53971105114168, -33.545878863816476 ], [ -70.539924905476042, -33.546121848013811 ], [ -70.539939202193466, -33.546146396561639 ], [ -70.541698392727454, -33.546181135334571 ] ] ] ] } },
{ "type": "Feature", "properties": { "objectid": 17156, "cod_region": "13", "region": "Región Metropolitana De Santiago", "cut_provincia": "131", "provincia": "Santiago", "cut_comuna": "13110", "comuna": "La Florida", "zona": "RI-2", "nombre_zona": "RI-2 Zona de Infraestructura Sanitaria y Energética", "uperm": "Equipamiento de comercio, esparcimiento y servicios; infraestructura.", "uproh": "Residencial; equipamiento; actividad productiva.", "srid": "EPSG: 4326" }, "geometry": { "type": "MultiPolygon", "coordinates": [ [ [ [ -70.546861458658995, -33.546299416608981 ], [ -70.544133367279173, -33.546699782749911 ], [ -70.543035559081162, -33.546670854645818 ], [ -70.54296184660619, -33.546668911022458 ], [ -70.539611509247919, -33.546580564571101 ], [ -70.539612519193639, -33.5466374999097 ], [ -70.539852948049315, -33.546750963730226 ], [ -70.540112651792185, -33.546830914233844 ], [ -70.540294672008613, -33.547011648098774 ], [ -70.540259666573419, -33.547278263423536 ], [ -70.540401960848229, -33.547459491380401 ], [ -70.540600599068341, -33.547457019445559 ], [ -70.541407902317175, -33.548310979871793 ], [ -70.541453173242914, -33.548358866075205 ], [ -70.542139505549528, -33.549084844734601 ], [ -70.542181007906294, -33.54918414583102 ], [ -70.54260185148155, -33.549257432557297 ], [ -70.543698195180525, -33.549318628060284 ], [ -70.544894439760228, -33.549341135740839 ], [ -70.545273343597302, -33.549280260252971 ], [ -70.545584371395449, -33.549173440607163 ], [ -70.545738802391938, -33.549059216533756 ], [ -70.545992627427495, -33.548878247506892 ], [ -70.546191084606122, -33.548726043507315 ], [ -70.546356353548788, -33.548592968547268 ], [ -70.546522622282467, -33.548516028769441 ], [ -70.546789119783583, -33.54841911985028 ], [ -70.546931373347704, -33.548248900400893 ], [ -70.547141500588808, -33.548124621214988 ], [ -70.54726223913606, -33.548001460797998 ], [ -70.547562088012413, -33.547894775997712 ], [ -70.547815572072764, -33.547695091015058 ], [ -70.54817962096827, -33.547428519344471 ], [ -70.548468292817887, -33.547321970368777 ], [ -70.549168705598859, -33.54711669314004 ], [ -70.549658994613438, -33.54703569387727 ], [ -70.550136438994556, -33.546861274356353 ], [ -70.550381414159105, -33.54681141600696 ], [ -70.550704268766353, -33.546741866874768 ], [ -70.55088019803955, -33.546580580337398 ], [ -70.550912040268045, -33.546545029026348 ], [ -70.550786872287858, -33.546452790687745 ], [ -70.550604229829574, -33.546198573204066 ], [ -70.550609615761672, -33.545749244346133 ], [ -70.546861458658995, -33.546299416608981 ] ] ] ] } },
{ "type": "Feature", "properties": { "objectid": 17157, "cod_region": "13", "region": "Región Metropolitana De Santiago", "cut_provincia": "131", "provincia": "Santiago", "cut_comuna": "13110", "comuna": "La Florida", "zona": "R-1/AV3", "nombre_zona": "R-1/AV3 Zona de Restricción por Quebradas/ Parques Quebradas", "uperm": "Zona de restricción, según PRMS.", "uproh": "Zona de restricción, según PRMS.", "srid": "EPSG: 4326" }, "geometry": { "type": "MultiPolygon", "coordinates": [ [ [ [ -70.55093231447573, -33.542958442758447 ], [ -70.55180378296248, -33.543332510159942 ], [ -70.552036452948613, -33.542690018060618 ], [ -70.552121991797492, -33.542453812651353 ], [ -70.551029667395881, -33.542027838405453 ], [ -70.550240442482902, -33.541633281114663 ], [ -70.550243693559693, -33.541575974228323 ], [ -70.549474187568975, -33.541327908905366 ], [ -70.54935578770143, -33.541264509479703 ], [ -70.549232525388632, -33.541198504976421 ], [ -70.547850207295312, -33.541120357382788 ], [ -70.547357852988398, -33.54107321307233 ], [ -70.546521858945894, -33.540983841772302 ], [ -70.546124316975153, -33.540972170215355 ], [ -70.545705136150374, -33.540860950254277 ], [ -70.545240841260267, -33.540616397177423 ], [ -70.544791093346873, -33.540445515310473 ], [ -70.544531222929706, -33.540253097367781 ], [ -70.54392269946743, -33.540002988551549 ], [ -70.54280906679945, -33.539549196174221 ], [ -70.542332782621841, -33.539364242632942 ], [ -70.541960461147056, -33.539194113576315 ], [ -70.541506000130212, -33.539332861572923 ], [ -70.541169822504671, -33.539420228196491 ], [ -70.540987735185766, -33.539551963464035 ], [ -70.540949495019802, -33.539556004368947 ], [ -70.541034234307972, -33.539728783027783 ], [ -70.541409148295884, -33.539981814974148 ], [ -70.541866256189891, -33.540209960564326 ], [ -70.542530047107576, -33.540523815066045 ], [ -70.543304563515917, -33.54081481128086 ], [ -70.544133255558265, -33.541091812223982 ], [ -70.544916470310369, -33.541564492369382 ], [ -70.545346680744515, -33.541741543460645 ], [ -70.545442034862475, -33.541760244835494 ], [ -70.545984648806126, -33.54186666776544 ], [ -70.546621138037366, -33.541908626923487 ], [ -70.547942298838905, -33.542017647720883 ], [ -70.548372002634309, -33.542053103594526 ], [ -70.548925460849091, -33.542114289123738 ], [ -70.549973793093457, -33.542737802357948 ], [ -70.550460335569838, -33.542856980250789 ], [ -70.55093231447573, -33.542958442758447 ] ] ] ] } },
{ "type": "Feature", "properties": { "objectid": 17158, "cod_region": "13", "region": "Región Metropolitana De Santiago", "cut_provincia": "131", "provincia": "Santiago", "cut_comuna": "13110", "comuna": "La Florida", "zona": "R-1/AV3", "nombre_zona": "R-1/AV3 Zona de Restricción por Quebradas/ Parques Quebradas", "uperm": "Zona de restricción, según PRMS.", "uproh": "Zona de restricción, según PRMS.", "srid": "EPSG: 4326" }, "geometry": { "type": "MultiPolygon", "coordinates": [ [ [ [ -70.526817804533607, -33.532136718870447 ], [ -70.526507140850811, -33.532262202288983 ], [ -70.526316402149774, -33.532217763781631 ], [ -70.525989962177945, -33.532081418589968 ], [ -70.525699010429577, -33.532056929918305 ], [ -70.525432045101041, -33.532125724858858 ], [ -70.525288458930007, -33.532221073542097 ], [ -70.525131893016564, -33.532213643790953 ], [ -70.524829441510448, -33.532170578942591 ], [ -70.524302409449831, -33.532064773507429 ], [ -70.524045464457174, -33.532067936416162 ], [ -70.523588089804008, -33.532110996802778 ], [ -70.523432673022285, -33.532169056462592 ], [ -70.523086848122773, -33.532201385039485 ], [ -70.522755311937331, -33.53241133737653 ], [ -70.522364471690963, -33.532425501765289 ], [ -70.521682841921631, -33.532424522259028 ], [ -70.521508385903431, -33.532421256922696 ], [ -70.521775622279293, -33.532953630583172 ], [ -70.521922353649671, -33.533232602727701 ], [ -70.522167371356829, -33.533304797556944 ], [ -70.52255531176742, -33.533337460208784 ], [ -70.523120467889612, -33.533280599932226 ], [ -70.52334258824051, -33.533203004207877 ], [ -70.52360720694773, -33.533000111745444 ], [ -70.524039175864104, -33.532994795501175 ], [ -70.524261951478721, -33.532954621646681 ], [ -70.525278130965503, -33.533129266440945 ], [ -70.525441981187896, -33.533127247896587 ], [ -70.525782824318142, -33.533023230425918 ], [ -70.526231442981043, -33.533117519122968 ], [ -70.52651577369808, -33.533188877093416 ], [ -70.526903056645011, -33.533184101754422 ], [ -70.527242362384428, -33.532992759278969 ], [ -70.527388903660992, -33.532853701464653 ], [ -70.527729523733882, -33.532737204552348 ], [ -70.528384787076121, -33.532784109892226 ], [ -70.529059913699101, -33.533050273809131 ], [ -70.529300217987739, -33.53315960056657 ], [ -70.529708549248411, -33.533503918879184 ], [ -70.530072196074002, -33.533848787977746 ], [ -70.53045030240574, -33.534168523471557 ], [ -70.530735959066419, -33.534314718258393 ], [ -70.531379552866781, -33.53448144134115 ], [ -70.531619203846333, -33.534553340036808 ], [ -70.532027110607444, -33.534872701893477 ], [ -70.532237411640097, -33.534969917157255 ], [ -70.532428307744411, -33.534996407861165 ], [ -70.532656518956401, -33.535105878490903 ], [ -70.533013263281006, -33.535375180946311 ], [ -70.533453800130516, -33.535643444559319 ], [ -70.5338921073824, -33.535785401791678 ], [ -70.534086682250944, -33.535888267454126 ], [ -70.534206467552607, -33.536027152601775 ], [ -70.534151905891719, -33.536259436527338 ], [ -70.534162145210146, -33.536364586020575 ], [ -70.534029444375804, -33.536443433479661 ], [ -70.533914865087837, -33.536599258600319 ], [ -70.533881151313764, -33.537062892837831 ], [ -70.533597130407259, -33.537115540403754 ], [ -70.533404907783677, -33.537145994422239 ], [ -70.533204800942059, -33.537204620741463 ], [ -70.532853375014426, -33.537237045312757 ], [ -70.532628997537913, -33.537345100354706 ], [ -70.532422616341066, -33.53752311560735 ], [ -70.532256519046726, -33.537609392623807 ], [ -70.532107552420342, -33.537716512531084 ], [ -70.532042500633835, -33.537829611969542 ], [ -70.531956891333365, -33.538202648577553 ], [ -70.531624695039952, -33.53837520120058 ], [ -70.531072162409387, -33.538410109426025 ], [ -70.530852199267656, -33.53829351598317 ], [ -70.53061572553959, -33.538191163291302 ], [ -70.530438897344851, -33.538144220089791 ], [ -70.530295832733358, -33.538110896346915 ], [ -70.529839400386976, -33.537891947226115 ], [ -70.529527764428053, -33.537804557267116 ], [ -70.529375579306731, -33.537729234903061 ], [ -70.528906593808358, -33.537749064305125 ], [ -70.528727306986994, -33.537790644117862 ], [ -70.528326205878741, -33.53785798221368 ], [ -70.527823462715659, -33.538076300294442 ], [ -70.527393883261837, -33.538218850752912 ], [ -70.52708281401452, -33.538322505636842 ], [ -70.526460368190754, -33.538782774069219 ], [ -70.526567764840706, -33.538849361586813 ], [ -70.527798453792158, -33.539543996866918 ], [ -70.532583756799468, -33.540527392478651 ], [ -70.532510279113779, -33.540005111939742 ], [ -70.532799402280745, -33.539502444055969 ], [ -70.532793235638053, -33.539153158510828 ], [ -70.532686878652854, -33.538755204077979 ], [ -70.532822681421962, -33.538570523791755 ], [ -70.53281534033637, -33.538154707391442 ], [ -70.533149172824693, -33.537934302648367 ], [ -70.533427235906814, -33.537930859008831 ], [ -70.533643658965573, -33.537811723737924 ], [ -70.53411975057179, -33.537772553147569 ], [ -70.534356327609217, -33.537669803927933 ], [ -70.534649841328033, -33.537416621754694 ], [ -70.534716670428622, -33.537228635126787 ], [ -70.534745556656844, -33.536966254965925 ], [ -70.534955179364943, -33.536813930432146 ], [ -70.535005747134562, -33.536513849936036 ], [ -70.535507660983399, -33.536460836403158 ], [ -70.535900170506679, -33.53654018910494 ], [ -70.53595917433519, -33.536717257939863 ], [ -70.536129404099512, -33.536864872744125 ], [ -70.536695457701214, -33.537278953574059 ], [ -70.536921549649207, -33.53742587387417 ], [ -70.53713431648481, -33.537451306517326 ], [ -70.538195502459246, -33.537428768634989 ], [ -70.538742936372884, -33.537421966135014 ], [ -70.538945692882521, -33.537513025534288 ], [ -70.539102766376388, -33.537548504444402 ], [ -70.539096900831964, -33.537848029751359 ], [ -70.539279802465416, -33.538079703721252 ], [ -70.539373492485524, -33.53832184405988 ], [ -70.539601250607888, -33.53856231717743 ], [ -70.539827350690118, -33.538709231905692 ], [ -70.540322084328764, -33.538880877436682 ], [ -70.540684745022688, -33.539166459740493 ], [ -70.541513401936541, -33.538822524060784 ], [ -70.540664595190222, -33.538009595680556 ], [ -70.540268883887805, -33.537540385760813 ], [ -70.539826054270193, -33.536934510698643 ], [ -70.539224683033652, -33.536630058338652 ], [ -70.53825224371802, -33.536405077556687 ], [ -70.537192198430503, -33.536280993374412 ], [ -70.536501906904277, -33.536002586103862 ], [ -70.535930124588035, -33.535685273341286 ], [ -70.535459937119612, -33.535504727094519 ], [ -70.534685422666541, -33.53493885754451 ], [ -70.534606654001607, -33.534881307607634 ], [ -70.532443503097468, -33.533878728170357 ], [ -70.532036700095404, -33.533621740980259 ], [ -70.531283908823085, -33.5333877476059 ], [ -70.531058496601986, -33.533278239705723 ], [ -70.530263129086933, -33.532530080772169 ], [ -70.531336585976817, -33.532572956586677 ], [ -70.531614883420488, -33.532513367116508 ], [ -70.532062734641798, -33.532563973711753 ], [ -70.532477566658713, -33.532643061439423 ], [ -70.533877643880942, -33.532831599097015 ], [ -70.535402763144816, -33.53314022306381 ], [ -70.535683644139823, -33.53318611862278 ], [ -70.536041528835042, -33.533244595688032 ], [ -70.536580249145416, -33.533378279764392 ], [ -70.537129312953439, -33.533465044164984 ], [ -70.537252030231599, -33.533515998268129 ], [ -70.537736218886025, -33.532506120572201 ], [ -70.52761623986018, -33.531483644417627 ], [ -70.527491037298162, -33.531660519215365 ], [ -70.527450301082226, -33.531885611945043 ], [ -70.526940361975633, -33.532116491772626 ], [ -70.526817804533607, -33.532136718870447 ] ] ] ] } },
{ "type": "Feature", "properties": { "objectid": 17159, "cod_region": "13", "region": "Región Metropolitana De Santiago", "cut_provincia": "131", "provincia": "Santiago", "cut_comuna": "13110", "comuna": "La Florida", "zona": "R-2/AV4", "nombre_zona": "R-2/AV4 Zona de Restricción por Canales/ Avenidas Parque", "uperm": "Zona de restricción, según PRMS.", "uproh": "Zona de restricción, según PRMS.", "srid": "EPSG: 4326" }, "geometry": { "type": "MultiPolygon", "coordinates": [ [ [ [ -70.542010340799251, -33.512635455295396 ], [ -70.542010412303014, -33.512635480558366 ], [ -70.54201424338288, -33.512627805141385 ], [ -70.542010340799251, -33.512635455295396 ] ] ] ] } },
{ "type": "Feature", "properties": { "objectid": 17160, "cod_region": "13", "region": "Región Metropolitana De Santiago", "cut_provincia": "131", "provincia": "Santiago", "cut_comuna": "13110", "comuna": "La Florida", "zona": "R-2/AV4", "nombre_zona": "R-2/AV4 Zona de Restricción por Canales/ Avenidas Parque", "uperm": "Zona de restricción, según PRMS.", "uproh": "Zona de restricción, según PRMS.", "srid": "EPSG: 4326" }, "geometry": { "type": "MultiPolygon", "coordinates": [ [ [ [ -70.557839306315657, -33.516526588051434 ], [ -70.557756659953228, -33.516901943666326 ], [ -70.557664185869754, -33.517352287472669 ], [ -70.557500183097886, -33.51787609395322 ], [ -70.557174577730748, -33.518919046052865 ], [ -70.557000716471308, -33.519503761044781 ], [ -70.556810804357681, -33.519660554753855 ], [ -70.55673843394068, -33.519668601602234 ], [ -70.556611715193284, -33.519905640998964 ], [ -70.556213478432127, -33.520958729218798 ], [ -70.555952451900424, -33.521910275746144 ], [ -70.555821193062684, -33.522344468404256 ], [ -70.555815928828792, -33.523159710549422 ], [ -70.555812455364133, -33.524074748358657 ], [ -70.555570423330991, -33.524949156088944 ], [ -70.555440902331455, -33.525510132857306 ], [ -70.555371889020023, -33.526093268596092 ], [ -70.555398142461172, -33.526704320552021 ], [ -70.555321286332187, -33.527404009884286 ], [ -70.554962366070995, -33.529665930140595 ], [ -70.554908916657908, -33.530166645531104 ], [ -70.554983459626328, -33.531001680805538 ], [ -70.55476948426238, -33.531705257599405 ], [ -70.554511722444218, -33.532552794566648 ], [ -70.554502261443673, -33.532583903836176 ], [ -70.554467456057978, -33.532698344750905 ], [ -70.554464233196967, -33.532708940231302 ], [ -70.554448715929141, -33.532963896614213 ], [ -70.554404485796113, -33.533690643259121 ], [ -70.554386632021291, -33.533984009913617 ], [ -70.554326987566441, -33.534964069220344 ], [ -70.554320471837499, -33.535050302814163 ], [ -70.5542949406003, -33.535388126789847 ], [ -70.554237426867118, -33.535722039685815 ], [ -70.553976669635915, -33.536479855609933 ], [ -70.55352086456395, -33.53764697714027 ], [ -70.553131783925068, -33.538585658037093 ], [ -70.552913354001063, -33.539374890697999 ], [ -70.552846203025339, -33.539731203452874 ], [ -70.552817511878246, -33.539883444005248 ], [ -70.552726029317043, -33.540159092918046 ], [ -70.552684673983535, -33.540403455409454 ], [ -70.552674239362304, -33.540465108168483 ], [ -70.552556883016138, -33.541158542711955 ], [ -70.552413448660062, -33.541729305438999 ], [ -70.552353528259104, -33.54186351309162 ], [ -70.552259443902372, -33.542074248131961 ], [ -70.552121991797492, -33.542453812651353 ], [ -70.552036452948613, -33.542690018060618 ], [ -70.55180378296248, -33.543332510159942 ], [ -70.551715548369287, -33.543576154053504 ], [ -70.551682773771631, -33.543666652166131 ], [ -70.551668736838849, -33.543702646048835 ], [ -70.551303838022747, -33.544638225039009 ], [ -70.551100264729556, -33.545167878680772 ], [ -70.551071697338315, -33.545241712226336 ], [ -70.545184344297482, -33.546103912729841 ], [ -70.54510363541749, -33.546115730346195 ], [ -70.544141089988287, -33.546256666086379 ], [ -70.541698392727454, -33.546181135334571 ], [ -70.539939202193466, -33.546146396561639 ], [ -70.539924905476042, -33.546121848013811 ], [ -70.53971105114168, -33.545878863816476 ], [ -70.539532584768409, -33.545740715250666 ], [ -70.539627419137972, -33.545416687625796 ], [ -70.539780784071283, -33.545084915681741 ], [ -70.539819073250456, -33.544880904328515 ], [ -70.53978231948679, -33.544698882320866 ], [ -70.539661890653562, -33.544524919947278 ], [ -70.539449161159041, -33.544345087219924 ], [ -70.53899931123388, -33.544027832129949 ], [ -70.538668895015135, -33.543828405031469 ], [ -70.538649772238912, -33.543695292535894 ], [ -70.538571617471447, -33.543541859551695 ], [ -70.538485209200942, -33.543395547130686 ], [ -70.538581662109507, -33.543162740132374 ], [ -70.538541304165847, -33.542777229039828 ], [ -70.538852513900096, -33.54236629240539 ], [ -70.539189482188903, -33.54199012682232 ], [ -70.539429252214262, -33.541804667224703 ], [ -70.539644382916563, -33.541647585805855 ], [ -70.539767088117429, -33.541477617485334 ], [ -70.53976347888505, -33.54127412806357 ], [ -70.539691713399478, -33.54100832021939 ], [ -70.539617584032669, -33.540609193309095 ], [ -70.539570959621344, -33.540343072696238 ], [ -70.539643891323593, -33.540143044938986 ], [ -70.539751372729512, -33.539976214942598 ], [ -70.53995226360891, -33.539832558030895 ], [ -70.540474606813362, -33.539664188194671 ], [ -70.540778873348899, -33.539574029902191 ], [ -70.540949495019802, -33.539556004368947 ], [ -70.540987735185766, -33.539551963464035 ], [ -70.541169822504671, -33.539420228196491 ], [ -70.541506000130212, -33.539332861572923 ], [ -70.541960461147056, -33.539194113576315 ], [ -70.542148055564141, -33.539093953566379 ], [ -70.542265012904863, -33.53896772471105 ], [ -70.542365741094216, -33.538766835115752 ], [ -70.542511821398264, -33.538602811812218 ], [ -70.542627889910662, -33.53842668455291 ], [ -70.542789754895409, -33.538312373397467 ], [ -70.542937609258317, -33.538248143981761 ], [ -70.543113924830465, -33.538108698651733 ], [ -70.543243777536645, -33.537870012147984 ], [ -70.543460348299192, -33.537480520644557 ], [ -70.543634442611463, -33.537216328524202 ], [ -70.543647343352006, -33.537103873455699 ], [ -70.544000856450623, -33.536874874226754 ], [ -70.544114286937628, -33.53669046272492 ], [ -70.544289786086324, -33.536505273345988 ], [ -70.544501750002041, -33.536136632857129 ], [ -70.544711643068467, -33.535651563476904 ], [ -70.544748776177059, -33.535542000248029 ], [ -70.544784998658045, -33.535435128612043 ], [ -70.544824891116448, -33.53531742527209 ], [ -70.545073614053564, -33.534781961641499 ], [ -70.545066807252695, -33.534399412164007 ], [ -70.545121653701443, -33.534132546780832 ], [ -70.545314045272306, -33.533780785249526 ], [ -70.54548716696948, -33.533462534321814 ], [ -70.545521856423932, -33.533179285170505 ], [ -70.54541811499125, -33.532931036073478 ], [ -70.545094131213617, -33.532585718905281 ], [ -70.545043757838044, -33.53198744108014 ], [ -70.545119054975288, -33.531753594418269 ], [ -70.54517035090683, -33.531287138350628 ], [ -70.545304634683632, -33.531019282365484 ], [ -70.545298123778494, -33.530653365095787 ], [ -70.545214245952195, -33.530404867774536 ], [ -70.545236431022118, -33.52930604955305 ], [ -70.545446971607575, -33.528971244759369 ], [ -70.545461798574863, -33.528688243361813 ], [ -70.54539837349995, -33.528472762990994 ], [ -70.545235060020346, -33.528225256941965 ], [ -70.545407874768287, -33.527890374666789 ], [ -70.545384464505901, -33.527691031843631 ], [ -70.545298222349672, -33.527309473327719 ], [ -70.545234796702545, -33.527093994616614 ], [ -70.545366709115001, -33.526693076575995 ], [ -70.545539226766152, -33.526341562604898 ], [ -70.545715884531589, -33.526222902149101 ], [ -70.546070087878689, -33.526035482226291 ], [ -70.545982363484143, -33.525570761205771 ], [ -70.545654856856899, -33.525025851835316 ], [ -70.545450944012828, -33.524728945184386 ], [ -70.545434373419937, -33.523797519135108 ], [ -70.545291518995114, -33.523583029738546 ], [ -70.545045529428492, -33.523153556640871 ], [ -70.544824130397245, -33.522989955840437 ], [ -70.544602732196552, -33.522826354616107 ], [ -70.544471624846878, -33.522373458768726 ], [ -70.544329203067818, -33.521964679018893 ], [ -70.544100416951366, -33.521385261474741 ], [ -70.543833693496168, -33.520906134889074 ], [ -70.543697936640655, -33.520613090015161 ], [ -70.542237848880504, -33.51828084668638 ], [ -70.541947156679086, -33.517569104479456 ], [ -70.541703561383329, -33.517272683096252 ], [ -70.541475693551149, -33.516743157698826 ], [ -70.5413278434023, -33.516245908251015 ], [ -70.541218235988524, -33.515665001047893 ], [ -70.541231013422603, -33.515265571010502 ], [ -70.541362926623009, -33.51486465831227 ], [ -70.541706513668004, -33.514036539570903 ], [ -70.541820050257755, -33.51346563201497 ], [ -70.541830633892701, -33.513351944834355 ], [ -70.54185612868622, -33.513207987715056 ], [ -70.541913331977909, -33.512840266685238 ], [ -70.542010412303014, -33.512635480558366 ], [ -70.542010340799251, -33.512635455295396 ], [ -70.54201424338288, -33.512627805141385 ], [ -70.542014347403438, -33.512627600031607 ], [ -70.542032485969699, -33.512592045722251 ], [ -70.542047965936774, -33.512562047347842 ], [ -70.54205385899705, -33.512550627089993 ], [ -70.542070131983508, -33.512519998376952 ], [ -70.54210892142072, -33.512446988053391 ], [ -70.542136745396519, -33.512402599607306 ], [ -70.541770596853453, -33.512415501839278 ], [ -70.541714920116306, -33.512411160863103 ], [ -70.541669610541405, -33.512518464237196 ], [ -70.541541596967676, -33.512850666686305 ], [ -70.54151065830348, -33.513343495077415 ], [ -70.541489684147038, -33.513398989000869 ], [ -70.541469569637769, -33.513452206812502 ], [ -70.541372521424904, -33.51372763555095 ], [ -70.54110296305744, -33.514271757193207 ], [ -70.540906625600584, -33.514669710567944 ], [ -70.540781622972801, -33.514935909156982 ], [ -70.540696774254442, -33.515236694890326 ], [ -70.540669248610101, -33.515400625614248 ], [ -70.540661694753169, -33.515445612012151 ], [ -70.540692547419255, -33.515726921671735 ], [ -70.540766505989083, -33.516007695945476 ], [ -70.540895020859651, -33.516446696429234 ], [ -70.540902976543038, -33.516469969387941 ], [ -70.540934202462736, -33.516561338923353 ], [ -70.54113992246171, -33.517026369453937 ], [ -70.541199771950332, -33.517146281993817 ], [ -70.541584685721787, -33.517917473703825 ], [ -70.541627444052537, -33.518003140565241 ], [ -70.541988630648902, -33.518672606184673 ], [ -70.54205486223573, -33.518774220830892 ], [ -70.543271436828803, -33.520640697265598 ], [ -70.543355711428816, -33.520755637236029 ], [ -70.54367361071796, -33.521497812261515 ], [ -70.543977665806082, -33.522261370026321 ], [ -70.544016496495786, -33.522560339590889 ], [ -70.544079995857146, -33.522990010833006 ], [ -70.54414901361595, -33.52310144649541 ], [ -70.544476776507622, -33.523312590506286 ], [ -70.544692173091022, -33.523487703836778 ], [ -70.544865882182876, -33.52383177938362 ], [ -70.54489587539112, -33.52426186984583 ], [ -70.54489136107064, -33.524636242673701 ], [ -70.544941867489968, -33.524963138357336 ], [ -70.545226621906409, -33.52526839631642 ], [ -70.545330985868077, -33.525482327125303 ], [ -70.545514707597448, -33.52576077109714 ], [ -70.545438843730651, -33.525892728935766 ], [ -70.54525177220863, -33.526054146767528 ], [ -70.544965242495167, -33.526343312523117 ], [ -70.544754483843434, -33.526778484212947 ], [ -70.5447031895023, -33.527244940396891 ], [ -70.544807217291023, -33.527509823877885 ], [ -70.544832106369711, -33.527792329794444 ], [ -70.544756811453809, -33.52802617635016 ], [ -70.544657666985913, -33.528210412972946 ], [ -70.544728184150785, -33.52840604704749 ], [ -70.544866229565883, -33.528628916234702 ], [ -70.544935418425624, -33.528749706551977 ], [ -70.544903902122371, -33.528862394109183 ], [ -70.544673905869104, -33.529337286027435 ], [ -70.544655740822179, -33.530235208906483 ], [ -70.544637225755963, -33.530450672907342 ], [ -70.54474176032673, -33.530673957446552 ], [ -70.544772807926122, -33.530942061700166 ], [ -70.544578940869656, -33.531210659513341 ], [ -70.544608417135862, -33.531750970670885 ], [ -70.544532227962861, -33.531934920799515 ], [ -70.544541694155242, -33.532467163028038 ], [ -70.544565401141824, -33.532683139167972 ], [ -70.544728131006835, -33.532897380936042 ], [ -70.54493146994372, -33.53316102313314 ], [ -70.544975037423981, -33.533376751339873 ], [ -70.544761008533271, -33.533628965811417 ], [ -70.544608335969173, -33.533980231027599 ], [ -70.544535698333831, -33.534363770750147 ], [ -70.544522050459008, -33.534713304194717 ], [ -70.544272734809653, -33.535215501998231 ], [ -70.544218308616436, -33.535417465986654 ], [ -70.544142283749068, -33.535699579937749 ], [ -70.543891483496381, -33.536118614179301 ], [ -70.543756595530567, -33.536353203088481 ], [ -70.543582573916012, -33.536621553721005 ], [ -70.54324759363007, -33.536775455230206 ], [ -70.543132266401557, -33.53699316447846 ], [ -70.542728476971675, -33.537746828419714 ], [ -70.542374810230612, -33.537967506613342 ], [ -70.542063227890438, -33.538320748314234 ], [ -70.541890378768073, -33.538655626361354 ], [ -70.541654400359576, -33.538791655487586 ], [ -70.541513401936541, -33.538822524060784 ], [ -70.540684745022688, -33.539166459740493 ], [ -70.540043130438406, -33.539304875373283 ], [ -70.539765948781294, -33.539358232150484 ], [ -70.539491126202208, -33.539544647680849 ], [ -70.539198503698813, -33.539847739234801 ], [ -70.539122297592556, -33.540031686316091 ], [ -70.53902888396388, -33.540365572949746 ], [ -70.539224454243765, -33.54131140840672 ], [ -70.539009799887069, -33.541530348816622 ], [ -70.538598877408205, -33.541884816917474 ], [ -70.538228858585612, -33.542305321606264 ], [ -70.538006933123242, -33.542639763448669 ], [ -70.53798972511072, -33.542930072951037 ], [ -70.538004712022854, -33.543145117842791 ], [ -70.537929982726155, -33.543342562486451 ], [ -70.537932966353225, -33.543510967676767 ], [ -70.538104869845725, -33.543752137076396 ], [ -70.538120353538218, -33.543995249755142 ], [ -70.538257245952622, -33.544152633683552 ], [ -70.538686298317302, -33.544399964091625 ], [ -70.539093337830067, -33.544666283240787 ], [ -70.539207058587181, -33.544777163540722 ], [ -70.539276253484161, -33.54489795657522 ], [ -70.539222711590355, -33.545029633088021 ], [ -70.539148813131163, -33.545273856854187 ], [ -70.539051239879086, -33.545443512123718 ], [ -70.538999024415617, -33.545650034833734 ], [ -70.539013680652914, -33.545846368785369 ], [ -70.539106881478773, -33.54606044010886 ], [ -70.539288309121687, -33.546207910758703 ], [ -70.539448003455078, -33.546323456945771 ], [ -70.539610452854703, -33.5465210713161 ], [ -70.539611509247919, -33.546580564571101 ], [ -70.54296184660619, -33.546668911022458 ], [ -70.543035559081162, -33.546670854645818 ], [ -70.544133367279173, -33.546699782749911 ], [ -70.546861458658995, -33.546299416608981 ], [ -70.550609615761672, -33.545749244346133 ], [ -70.550604229829574, -33.546198573204066 ], [ -70.550786872287858, -33.546452790687745 ], [ -70.550912040268045, -33.546545029026348 ], [ -70.551097294000712, -33.546681545392651 ], [ -70.551305017365124, -33.546744559519361 ], [ -70.551447893032858, -33.546766630461342 ], [ -70.551791797400696, -33.546875659026071 ], [ -70.552350762567713, -33.547059538153725 ], [ -70.552894749139156, -33.547278660287454 ], [ -70.553552719519246, -33.547839797276829 ], [ -70.553717106101843, -33.547991351523073 ], [ -70.553827934796331, -33.547979238593271 ], [ -70.554159776817883, -33.54794297132684 ], [ -70.554443857241779, -33.547911922999205 ], [ -70.554313838350708, -33.547648185488626 ], [ -70.554008637701557, -33.547362085808011 ], [ -70.553366679625213, -33.546850019853657 ], [ -70.552950382128301, -33.546524861740004 ], [ -70.552713797035437, -33.546309693361742 ], [ -70.552581827597507, -33.546130891779939 ], [ -70.552498756742366, -33.545837602915775 ], [ -70.552399524466836, -33.545326357975263 ], [ -70.552264463683684, -33.544630508692457 ], [ -70.552176305624712, -33.543988251168571 ], [ -70.552169054849244, -33.54358275714435 ], [ -70.552662169626075, -33.542342683895939 ], [ -70.552749490472607, -33.542085918370901 ], [ -70.552826116669024, -33.542078472217177 ], [ -70.552924918910861, -33.54186725733566 ], [ -70.553158913352434, -33.541050066775753 ], [ -70.553177199545104, -33.540861694161357 ], [ -70.553304961214494, -33.540867727030353 ], [ -70.55333466320613, -33.540377352705271 ], [ -70.553392344541948, -33.540074208666532 ], [ -70.553722829232257, -33.539434763456569 ], [ -70.554406640432902, -33.537801249502586 ], [ -70.554855783942514, -33.536628809320803 ], [ -70.555114129896339, -33.535850169861988 ], [ -70.55514613288473, -33.535658793764611 ], [ -70.555232959257182, -33.53525683901011 ], [ -70.555289147945217, -33.534576095959345 ], [ -70.555342453607352, -33.533267692072101 ], [ -70.555338072773409, -33.532535369262668 ], [ -70.555299054587323, -33.532301124776502 ], [ -70.555339687303672, -33.53222135614611 ], [ -70.55580207470355, -33.531081179272462 ], [ -70.555777804431074, -33.530680619860227 ], [ -70.555721276253777, -33.530387840319641 ], [ -70.555717943116491, -33.530201766999298 ], [ -70.555797555721355, -33.528951173586968 ], [ -70.555836960277006, -33.528765440723433 ], [ -70.555921311569207, -33.52836784962772 ], [ -70.555924625970306, -33.528307682948601 ], [ -70.556124436360307, -33.527354954831445 ], [ -70.556149714562949, -33.527159670423593 ], [ -70.556354735501657, -33.526096748425651 ], [ -70.556478225840721, -33.524806435123928 ], [ -70.556448655346699, -33.52415255740101 ], [ -70.556462428163769, -33.523291767042352 ], [ -70.556498808706252, -33.522271952108987 ], [ -70.556657912802279, -33.52146727921717 ], [ -70.55696123972254, -33.520604626863758 ], [ -70.557126611465563, -33.520297468027017 ], [ -70.557343122991043, -33.519904437411178 ], [ -70.557342935689931, -33.519904439766577 ], [ -70.55735043061874, -33.519891171562854 ], [ -70.557559596875777, -33.519520884243711 ], [ -70.557876919819805, -33.518949965606133 ], [ -70.558243962625212, -33.517999454812532 ], [ -70.558334193527031, -33.517665323627128 ], [ -70.558343349994061, -33.517665895606179 ], [ -70.558780887034018, -33.517550754519533 ], [ -70.559179442181346, -33.517513230904704 ], [ -70.55954965817871, -33.517443667302651 ], [ -70.559855153984273, -33.517323379035375 ], [ -70.560124324267974, -33.517208035150411 ], [ -70.560167243147262, -33.517189643629713 ], [ -70.560376582232095, -33.517171735542803 ], [ -70.56058664099416, -33.517193903525403 ], [ -70.561034681377762, -33.517270338846622 ], [ -70.561612386561066, -33.517333684343917 ], [ -70.562906197322235, -33.51733907670738 ], [ -70.563292234422931, -33.51742070073005 ], [ -70.563596551718121, -33.517512302378655 ], [ -70.56371873765984, -33.517568277506598 ], [ -70.563811977124161, -33.517610991370667 ], [ -70.564115380115197, -33.517691269962988 ], [ -70.564491060435714, -33.517672208088371 ], [ -70.564565052509224, -33.517686972403887 ], [ -70.565805107594599, -33.517581253267998 ], [ -70.567113851555675, -33.517464881260075 ], [ -70.568461406926033, -33.517298096674594 ], [ -70.568994653801539, -33.517247703433469 ], [ -70.569436859911292, -33.517205912581311 ], [ -70.570611847966916, -33.517152497858717 ], [ -70.571039115872637, -33.517141050627039 ], [ -70.571466383551964, -33.517125788990612 ], [ -70.571893653205649, -33.517110527659923 ], [ -70.572328549509663, -33.517091450689037 ], [ -70.57275581968706, -33.517072373446673 ], [ -70.573175457594971, -33.517034224210121 ], [ -70.573595095259037, -33.516976999877478 ], [ -70.574052545814311, -33.516920938474541 ], [ -70.574373332750909, -33.516881624639069 ], [ -70.574808231459997, -33.516809141669782 ], [ -70.575235498489448, -33.516725214453892 ], [ -70.575326531366827, -33.516697037749374 ], [ -70.575487279337963, -33.516637472474059 ], [ -70.575708543898173, -33.516526842060443 ], [ -70.575990842186272, -33.516179694787404 ], [ -70.576204474518391, -33.515840177324684 ], [ -70.57644099433405, -33.515500660365127 ], [ -70.576753811703199, -33.515176400925419 ], [ -70.577089522242261, -33.514840697184532 ], [ -70.577448117956521, -33.51451643927664 ], [ -70.577791457927262, -33.514195994650514 ], [ -70.578043238831356, -33.513955661811451 ], [ -70.578211090371141, -33.513833587021352 ], [ -70.578516282508588, -33.513761103632426 ], [ -70.579004588548372, -33.513700065001522 ], [ -70.579325039898706, -33.513661915198327 ], [ -70.579859125476787, -33.513677171196527 ], [ -70.580385582496135, -33.51368479717005 ], [ -70.580881517673134, -33.513707683450207 ], [ -70.581865759860449, -33.513722937620557 ], [ -70.582384585540652, -33.513719118174187 ], [ -70.582880521564945, -33.513722929977249 ], [ -70.583880024247506, -33.513715295721909 ], [ -70.585519244161205, -33.51370853963062 ], [ -70.585733101969751, -33.513708494512542 ], [ -70.585774755062459, -33.513651876554327 ], [ -70.585877023610621, -33.513511934569372 ], [ -70.58604140008687, -33.51328700616984 ], [ -70.585844334918349, -33.513275776773447 ], [ -70.584932931708963, -33.513299475628557 ], [ -70.584669117842097, -33.513322507633731 ], [ -70.584452257096189, -33.513341441118314 ], [ -70.583933432684461, -33.513383407470464 ], [ -70.582918670031944, -33.513364338312144 ], [ -70.582437991962664, -33.513349083179143 ], [ -70.581964943325687, -33.51334527122129 ], [ -70.581079887243845, -33.513322388301049 ], [ -70.579912530487235, -33.513322396066208 ], [ -70.57945474396081, -33.513330027831792 ], [ -70.578619759582921, -33.513402313432579 ], [ -70.57801885039872, -33.513531622510762 ], [ -70.57790223183035, -33.513622466921674 ], [ -70.577457052674674, -33.513969241949631 ], [ -70.57685345747683, -33.514566472760301 ], [ -70.576644103693823, -33.514760606249595 ], [ -70.576052205684718, -33.515353376315581 ], [ -70.575706330693706, -33.515994113127434 ], [ -70.575487277472746, -33.516289934778413 ], [ -70.57548727706903, -33.516259806490083 ], [ -70.575482001915489, -33.516222298001857 ], [ -70.575464387659935, -33.516320844854043 ], [ -70.574869265087813, -33.516385700052638 ], [ -70.573532112303198, -33.516520857822222 ], [ -70.572412474106713, -33.516637490162488 ], [ -70.571786832123138, -33.516687085786799 ], [ -70.571069631132886, -33.516709980474104 ], [ -70.570573694053664, -33.516656575111568 ], [ -70.569871755439451, -33.51670998742317 ], [ -70.56862047116698, -33.516843511415232 ], [ -70.567949049272656, -33.516896923139974 ], [ -70.566575689643372, -33.517030449741881 ], [ -70.566003453509936, -33.517076229340333 ], [ -70.56489713604924, -33.51718304987979 ], [ -70.564286750618351, -33.517236462347597 ], [ -70.563600067466155, -33.516908394026217 ], [ -70.562989682724734, -33.516778694160209 ], [ -70.562356412186517, -33.516717662193791 ], [ -70.56173839747764, -33.516668073621879 ], [ -70.561143272223489, -33.516580336354245 ], [ -70.560517626887275, -33.516290415051614 ], [ -70.559181671585236, -33.51638747017585 ], [ -70.558868269096095, -33.516428964062648 ], [ -70.558683510122179, -33.516505513850795 ], [ -70.558566603937678, -33.516589973476925 ], [ -70.558609846680724, -33.516448819306561 ], [ -70.558719675120145, -33.516260003101664 ], [ -70.558829092398909, -33.516120612345922 ], [ -70.558953764503855, -33.515988439823339 ], [ -70.558951331770359, -33.515985945317574 ], [ -70.558958360471237, -33.515983567993658 ], [ -70.559053510851996, -33.515862377030793 ], [ -70.559127077091262, -33.515736172088694 ], [ -70.559233659262546, -33.51553605307037 ], [ -70.559426222194347, -33.515176741359618 ], [ -70.559664503813025, -33.514503723254279 ], [ -70.55978064983502, -33.514164607572795 ], [ -70.559930109124878, -33.513749772858525 ], [ -70.559976656450132, -33.513612975722587 ], [ -70.56017577466983, -33.513027785077711 ], [ -70.560342191822215, -33.512538701260993 ], [ -70.560393315471828, -33.512361722912495 ], [ -70.560477768464708, -33.512227341995164 ], [ -70.560560461949407, -33.512073589298637 ], [ -70.560630736130989, -33.511862727619942 ], [ -70.560656091744718, -33.51165654336436 ], [ -70.560594671980397, -33.511663338811402 ], [ -70.560593437508359, -33.511663419297889 ], [ -70.560037910007424, -33.511699532539886 ], [ -70.559892242850708, -33.512093552300456 ], [ -70.55962912733122, -33.512805257524548 ], [ -70.559562047168811, -33.512986702166664 ], [ -70.559544591305595, -33.51307603919058 ], [ -70.559505627414254, -33.51327542612168 ], [ -70.559282500025446, -33.513905857205906 ], [ -70.559216281369103, -33.514131919757936 ], [ -70.558971892786857, -33.514822945971574 ], [ -70.558838641145115, -33.515243475349749 ], [ -70.558654973786616, -33.515681766670511 ], [ -70.558507712927593, -33.515797620438931 ], [ -70.55828718044306, -33.515959480354809 ], [ -70.558046153948709, -33.516224534583053 ], [ -70.557839306315657, -33.516526588051434 ] ] ] ] } },
{ "type": "Feature", "properties": { "objectid": 17161, "cod_region": "13", "region": "Región Metropolitana De Santiago", "cut_provincia": "131", "provincia": "Santiago", "cut_comuna": "13110", "comuna": "La Florida", "zona": "U-EC3", "nombre_zona": "U-EC3 Zona de Equipamiento Comunal N°3", "uperm": "Residencial; equipamiento de culto, deporte, educación, esparcimiento, salud, seguridad, servicios, social y científico; infraestructura de transporte y de energía; espacio público y áreas verdes.", "uproh": "Todo uso no mencionado como permitido.", "srid": "EPSG: 4326" }, "geometry": { "type": "MultiPolygon", "coordinates": [ [ [ [ -70.553112429050245, -33.533841050533702 ], [ -70.554386632021291, -33.533984009913617 ], [ -70.554404485796113, -33.533690643259121 ], [ -70.554448715929141, -33.532963896614213 ], [ -70.55332852566616, -33.532990768139562 ], [ -70.553291862737353, -33.53305563770035 ], [ -70.553144516641098, -33.5334190758063 ], [ -70.553118026744201, -33.533717150924751 ], [ -70.553112429050245, -33.533841050533702 ] ] ] ] } },
{ "type": "Feature", "properties": { "objectid": 17162, "cod_region": "13", "region": "Región Metropolitana De Santiago", "cut_provincia": "131", "provincia": "Santiago", "cut_comuna": "13110", "comuna": "La Florida", "zona": "U-EC3", "nombre_zona": "U-EC3 Zona de Equipamiento Comunal N°3", "uperm": "Residencial; equipamiento de culto, deporte, educación, esparcimiento, salud, seguridad, servicios, social y científico; infraestructura de transporte y de energía; espacio público y áreas verdes.", "uproh": "Todo uso no mencionado como permitido.", "srid": "EPSG: 4326" }, "geometry": { "type": "MultiPolygon", "coordinates": [ [ [ [ -70.55372479945197, -33.535633934056662 ], [ -70.554237426867118, -33.535722039685815 ], [ -70.5542949406003, -33.535388126789847 ], [ -70.554320471837499, -33.535050302814163 ], [ -70.554326987566441, -33.534964069220344 ], [ -70.554386632021291, -33.533984009913617 ], [ -70.553112429050245, -33.533841050533702 ], [ -70.553091529599826, -33.534303591695725 ], [ -70.553061401295253, -33.534676724826276 ], [ -70.553052036028618, -33.534792704007813 ], [ -70.553009159818188, -33.53488876906313 ], [ -70.552804079831958, -33.535057482687876 ], [ -70.552528683276975, -33.535256610856109 ], [ -70.553336034472665, -33.535505900417284 ], [ -70.55372479945197, -33.535633934056662 ] ] ] ] } },
{ "type": "Feature", "properties": { "objectid": 17163, "cod_region": "13", "region": "Región Metropolitana De Santiago", "cut_provincia": "131", "provincia": "Santiago", "cut_comuna": "13110", "comuna": "La Florida", "zona": "PL", "nombre_zona": "PL Zona de Plazas", "uperm": "Espacio público y áreas verdes.", "uproh": "Todo uso no mencionado como permitido.", "srid": "EPSG: 4326" }, "geometry": { "type": "MultiPolygon", "coordinates": [ [ [ [ -70.557816751729362, -33.524675334326702 ], [ -70.558007526485483, -33.524692942216511 ], [ -70.558049833141354, -33.524370101094263 ], [ -70.558007494952946, -33.524366338366171 ], [ -70.557756109544556, -33.524340893981574 ], [ -70.557494950122916, -33.524333313731333 ], [ -70.557468102472455, -33.524404888812263 ], [ -70.557299533769097, -33.524534534906671 ], [ -70.557267404429197, -33.524618120213027 ], [ -70.557816751729362, -33.524675334326702 ] ] ] ] } },
{ "type": "Feature", "properties": { "objectid": 17164, "cod_region": "13", "region": "Región Metropolitana De Santiago", "cut_provincia": "131", "provincia": "Santiago", "cut_comuna": "13110", "comuna": "La Florida", "zona": "U-VEV2", "nombre_zona": "U-VEV2 Uso Preferente Vivienda y Equipamiento 2", "uperm": "Residencial; equipamiento comercio, culto y cultura, deporte, educación, esparcimiento, salud, seguridad, servicios, social; infraestructura de transporte; espacio público y áreas verdes. Mayor detalle en Ordenanza", "uproh": "Todo uso no mencionado como permitido.", "srid": "EPSG: 4326" }, "geometry": { "type": "MultiPolygon", "coordinates": [ [ [ [ -70.544711643068467, -33.535651563476904 ], [ -70.544501750002041, -33.536136632857129 ], [ -70.544289786086324, -33.536505273345988 ], [ -70.544114286937628, -33.53669046272492 ], [ -70.544000856450623, -33.536874874226754 ], [ -70.543647343352006, -33.537103873455699 ], [ -70.543634442611463, -33.537216328524202 ], [ -70.543460348299192, -33.537480520644557 ], [ -70.543243777536645, -33.537870012147984 ], [ -70.543113924830465, -33.538108698651733 ], [ -70.542937609258317, -33.538248143981761 ], [ -70.542789754895409, -33.538312373397467 ], [ -70.542627889910662, -33.53842668455291 ], [ -70.542511821398264, -33.538602811812218 ], [ -70.542365741094216, -33.538766835115752 ], [ -70.542265012904863, -33.53896772471105 ], [ -70.542148055564141, -33.539093953566379 ], [ -70.541960461147056, -33.539194113576315 ], [ -70.542332782621841, -33.539364242632942 ], [ -70.54280906679945, -33.539549196174221 ], [ -70.54392269946743, -33.540002988551549 ], [ -70.544531222929706, -33.540253097367781 ], [ -70.544791093346873, -33.540445515310473 ], [ -70.545240841260267, -33.540616397177423 ], [ -70.545705136150374, -33.540860950254277 ], [ -70.546124316975153, -33.540972170215355 ], [ -70.546521858945894, -33.540983841772302 ], [ -70.547357852988398, -33.54107321307233 ], [ -70.547850207295312, -33.541120357382788 ], [ -70.549232525388632, -33.541198504976421 ], [ -70.54935578770143, -33.541264509479703 ], [ -70.549474187568975, -33.541327908905366 ], [ -70.550243693559693, -33.541575974228323 ], [ -70.55021919983264, -33.54135069097682 ], [ -70.550201075800246, -33.541183994673823 ], [ -70.550241959893853, -33.540601275942898 ], [ -70.55038257965488, -33.540290222631327 ], [ -70.550532047582337, -33.539856336455678 ], [ -70.552090545881981, -33.540299238065494 ], [ -70.552674239362304, -33.540465108168483 ], [ -70.552684673983535, -33.540403455409454 ], [ -70.552726029317043, -33.540159092918046 ], [ -70.552817511878246, -33.539883444005248 ], [ -70.552846203025339, -33.539731203452874 ], [ -70.550704932015364, -33.539251643331632 ], [ -70.550760474908415, -33.539136386382673 ], [ -70.551090389119253, -33.538447822415336 ], [ -70.551125735238486, -33.53836871116247 ], [ -70.551193799970008, -33.538216897484133 ], [ -70.551234801127521, -33.538145581107578 ], [ -70.551572685309139, -33.53733887369615 ], [ -70.551880696903154, -33.536552830977172 ], [ -70.551907422137489, -33.536479684043258 ], [ -70.551978844383839, -33.536286980364167 ], [ -70.55211656876476, -33.535952978249455 ], [ -70.552233850283343, -33.535654129491242 ], [ -70.552252232242353, -33.53560470961763 ], [ -70.552281341407451, -33.535544048311557 ], [ -70.551549500631225, -33.535555017092001 ], [ -70.551124711479787, -33.535600929188874 ], [ -70.551016537199047, -33.53561103391565 ], [ -70.549724949950857, -33.535765520906061 ], [ -70.549410564119526, -33.535775222820305 ], [ -70.54867302302317, -33.535778533501642 ], [ -70.547943563083791, -33.535781804586883 ], [ -70.547808614060884, -33.535762516922986 ], [ -70.547620653011052, -33.535756202653943 ], [ -70.546505798985635, -33.535606822323267 ], [ -70.545947470178604, -33.535542011069218 ], [ -70.545544532469592, -33.535534106627701 ], [ -70.54476314369262, -33.535532361681746 ], [ -70.544748776177059, -33.535542000248029 ], [ -70.544711643068467, -33.535651563476904 ] ] ] ] } },
{ "type": "Feature", "properties": { "objectid": 17165, "cod_region": "13", "region": "Región Metropolitana De Santiago", "cut_provincia": "131", "provincia": "Santiago", "cut_comuna": "13110", "comuna": "La Florida", "zona": "U-VEV2", "nombre_zona": "U-VEV2 Uso Preferente Vivienda y Equipamiento 2", "uperm": "Residencial; equipamiento comercio, culto y cultura, deporte, educación, esparcimiento, salud, seguridad, servicios, social; infraestructura de transporte; espacio público y áreas verdes. Mayor detalle en Ordenanza", "uproh": "Todo uso no mencionado como permitido.", "srid": "EPSG: 4326" }, "geometry": { "type": "MultiPolygon", "coordinates": [ [ [ [ -70.550704932015364, -33.539251643331632 ], [ -70.552846203025339, -33.539731203452874 ], [ -70.552913354001063, -33.539374890697999 ], [ -70.553131783925068, -33.538585658037093 ], [ -70.55352086456395, -33.53764697714027 ], [ -70.553976669635915, -33.536479855609933 ], [ -70.554237426867118, -33.535722039685815 ], [ -70.55372479945197, -33.535633934056662 ], [ -70.553268390161648, -33.5356022762899 ], [ -70.553054472771507, -33.535587690646636 ], [ -70.552673149791858, -33.535561954426051 ], [ -70.552281341407451, -33.535544048311557 ], [ -70.552252232242353, -33.53560470961763 ], [ -70.552233850283343, -33.535654129491242 ], [ -70.55211656876476, -33.535952978249455 ], [ -70.551978844383839, -33.536286980364167 ], [ -70.551907422137489, -33.536479684043258 ], [ -70.551880696903154, -33.536552830977172 ], [ -70.551572685309139, -33.53733887369615 ], [ -70.551234801127521, -33.538145581107578 ], [ -70.551193799970008, -33.538216897484133 ], [ -70.551125735238486, -33.53836871116247 ], [ -70.551090389119253, -33.538447822415336 ], [ -70.550760474908415, -33.539136386382673 ], [ -70.550704932015364, -33.539251643331632 ] ] ] ] } },
{ "type": "Feature", "properties": { "objectid": 17166, "cod_region": "13", "region": "Región Metropolitana De Santiago", "cut_provincia": "131", "provincia": "Santiago", "cut_comuna": "13110", "comuna": "La Florida", "zona": "U-VEV2", "nombre_zona": "U-VEV2 Uso Preferente Vivienda y Equipamiento 2", "uperm": "Residencial; equipamiento comercio, culto y cultura, deporte, educación, esparcimiento, salud, seguridad, servicios, social; infraestructura de transporte; espacio público y áreas verdes. Mayor detalle en Ordenanza", "uproh": "Todo uso no mencionado como permitido.", "srid": "EPSG: 4326" }, "geometry": { "type": "MultiPolygon", "coordinates": [ [ [ [ -70.551029667395881, -33.542027838405453 ], [ -70.552121991797492, -33.542453812651353 ], [ -70.552259443902372, -33.542074248131961 ], [ -70.552353528259104, -33.54186351309162 ], [ -70.552413448660062, -33.541729305438999 ], [ -70.552556883016138, -33.541158542711955 ], [ -70.552674239362304, -33.540465108168483 ], [ -70.552090545881981, -33.540299238065494 ], [ -70.550532047582337, -33.539856336455678 ], [ -70.55038257965488, -33.540290222631327 ], [ -70.550241959893853, -33.540601275942898 ], [ -70.550201075800246, -33.541183994673823 ], [ -70.55021919983264, -33.54135069097682 ], [ -70.550243693559693, -33.541575974228323 ], [ -70.550240442482902, -33.541633281114663 ], [ -70.551029667395881, -33.542027838405453 ] ] ] ] } },
{ "type": "Feature", "properties": { "objectid": 17167, "cod_region": "13", "region": "Región Metropolitana De Santiago", "cut_provincia": "131", "provincia": "Santiago", "cut_comuna": "13110", "comuna": "La Florida", "zona": "PL", "nombre_zona": "PL Zona de Plazas", "uperm": "Espacio público y áreas verdes.", "uproh": "Todo uso no mencionado como permitido.", "srid": "EPSG: 4326" }, "geometry": { "type": "MultiPolygon", "coordinates": [ [ [ [ -70.569154603165131, -33.522394023823992 ], [ -70.569414017039705, -33.522420725851454 ], [ -70.569394061945246, -33.522309668711117 ], [ -70.569374287713188, -33.522134176299716 ], [ -70.569358583007428, -33.521938746977504 ], [ -70.569331997424115, -33.521607907026649 ], [ -70.568810316246555, -33.521834630031954 ], [ -70.568758124990623, -33.521894434958917 ], [ -70.568555291114848, -33.52220815157402 ], [ -70.568506803365679, -33.522390806245163 ], [ -70.569154603165131, -33.522394023823992 ] ] ] ] } },
{ "type": "Feature", "properties": { "objectid": 17168, "cod_region": "13", "region": "Región Metropolitana De Santiago", "cut_provincia": "131", "provincia": "Santiago", "cut_comuna": "13110", "comuna": "La Florida", "zona": "PL", "nombre_zona": "PL Zona de Plazas", "uperm": "Espacio público y áreas verdes.", "uproh": "Todo uso no mencionado como permitido.", "srid": "EPSG: 4326" }, "geometry": { "type": "MultiPolygon", "coordinates": [ [ [ [ -70.569648811582553, -33.525218094872599 ], [ -70.569823131792148, -33.525272128526716 ], [ -70.569948127108276, -33.524942298145987 ], [ -70.570030365294002, -33.524756046970417 ], [ -70.569613040672863, -33.524781650248705 ], [ -70.569648811582553, -33.525218094872599 ] ] ] ] } },
{ "type": "Feature", "properties": { "objectid": 17169, "cod_region": "13", "region": "Región Metropolitana De Santiago", "cut_provincia": "131", "provincia": "Santiago", "cut_comuna": "13110", "comuna": "La Florida", "zona": "PL", "nombre_zona": "PL Zona de Plazas", "uperm": "Espacio público y áreas verdes.", "uproh": "Todo uso no mencionado como permitido.", "srid": "EPSG: 4326" }, "geometry": { "type": "MultiPolygon", "coordinates": [ [ [ [ -70.576603342336455, -33.532145566459107 ], [ -70.576293964160655, -33.533151501312815 ], [ -70.575787081864689, -33.533094536973643 ], [ -70.575786999601561, -33.533094513671287 ], [ -70.575746838472455, -33.533212718546672 ], [ -70.576929456133527, -33.533369116469856 ], [ -70.576968709125111, -33.533252163717798 ], [ -70.57648068127078, -33.533181606050533 ], [ -70.576830257229531, -33.532178905035451 ], [ -70.576603342336455, -33.532145566459107 ] ] ] ] } },
{ "type": "Feature", "properties": { "objectid": 17170, "cod_region": "13", "region": "Región Metropolitana De Santiago", "cut_provincia": "131", "provincia": "Santiago", "cut_comuna": "13110", "comuna": "La Florida", "zona": "PL", "nombre_zona": "PL Zona de Plazas", "uperm": "Espacio público y áreas verdes.", "uproh": "Todo uso no mencionado como permitido.", "srid": "EPSG: 4326" }, "geometry": { "type": "MultiPolygon", "coordinates": [ [ [ [ -70.580576410771826, -33.523679538435459 ], [ -70.580577195962007, -33.523959047833742 ], [ -70.580700607713084, -33.523929936176309 ], [ -70.580942643694144, -33.523927497492409 ], [ -70.580967193863643, -33.523608292706655 ], [ -70.580973158587184, -33.523404870844765 ], [ -70.580972908687855, -33.523404628738348 ], [ -70.58057640955947, -33.523399559988981 ], [ -70.580576410771826, -33.523679538435459 ] ] ] ] } },
{ "type": "Feature", "properties": { "objectid": 17171, "cod_region": "13", "region": "Región Metropolitana De Santiago", "cut_provincia": "131", "provincia": "Santiago", "cut_comuna": "13110", "comuna": "La Florida", "zona": "PL", "nombre_zona": "PL Zona de Plazas", "uperm": "Espacio público y áreas verdes.", "uproh": "Todo uso no mencionado como permitido.", "srid": "EPSG: 4326" }, "geometry": { "type": "MultiPolygon", "coordinates": [ [ [ [ -70.586657398627736, -33.528608204979548 ], [ -70.586640518266677, -33.528663341530979 ], [ -70.58663141319839, -33.528663001877526 ], [ -70.586638216816326, -33.528670866991774 ], [ -70.586542953461191, -33.528982055756671 ], [ -70.586443770199082, -33.529325387015504 ], [ -70.586329326186089, -33.52970305138907 ], [ -70.58659028331337, -33.529712169288118 ], [ -70.586899545423208, -33.528618508426703 ], [ -70.586657398627736, -33.528608204979548 ] ] ] ] } },
{ "type": "Feature", "properties": { "objectid": 17172, "cod_region": "13", "region": "Región Metropolitana De Santiago", "cut_provincia": "131", "provincia": "Santiago", "cut_comuna": "13110", "comuna": "La Florida", "zona": "PL", "nombre_zona": "PL Zona de Plazas", "uperm": "Espacio público y áreas verdes.", "uproh": "Todo uso no mencionado como permitido.", "srid": "EPSG: 4326" }, "geometry": { "type": "MultiPolygon", "coordinates": [ [ [ [ -70.58975808452918, -33.528792727927254 ], [ -70.590283750719664, -33.528906178360408 ], [ -70.590292770981307, -33.528856132096308 ], [ -70.590583874707576, -33.528833963327457 ], [ -70.590917248144308, -33.528906171409105 ], [ -70.59099111949898, -33.528730252098889 ], [ -70.590911381692038, -33.528726636734071 ], [ -70.590520913805491, -33.528717309452006 ], [ -70.59031161155464, -33.528712817467536 ], [ -70.590252554037619, -33.528699410096863 ], [ -70.590174253900472, -33.528696447651285 ], [ -70.590089373107958, -33.528694345231848 ], [ -70.589787630153339, -33.528686876594882 ], [ -70.58975808452918, -33.528792727927254 ] ] ] ] } },
{ "type": "Feature", "properties": { "objectid": 17173, "cod_region": "13", "region": "Región Metropolitana De Santiago", "cut_provincia": "131", "provincia": "Santiago", "cut_comuna": "13110", "comuna": "La Florida", "zona": "PL", "nombre_zona": "PL Zona de Plazas", "uperm": "Espacio público y áreas verdes.", "uproh": "Todo uso no mencionado como permitido.", "srid": "EPSG: 4326" }, "geometry": { "type": "MultiPolygon", "coordinates": [ [ [ [ -70.595449824019639, -33.547822790764947 ], [ -70.595420799288121, -33.548100795864364 ], [ -70.595935392752779, -33.548090266639548 ], [ -70.595935390935409, -33.547913520581304 ], [ -70.595935390513347, -33.547891065245111 ], [ -70.595935389941317, -33.54781360424326 ], [ -70.595449824019639, -33.547822790764947 ] ] ] ] } },
{ "type": "Feature", "properties": { "objectid": 17174, "cod_region": "13", "region": "Región Metropolitana De Santiago", "cut_provincia": "131", "provincia": "Santiago", "cut_comuna": "13110", "comuna": "La Florida", "zona": "PL", "nombre_zona": "PL Zona de Plazas", "uperm": "Espacio público y áreas verdes.", "uproh": "Todo uso no mencionado como permitido.", "srid": "EPSG: 4326" }, "geometry": { "type": "MultiPolygon", "coordinates": [ [ [ [ -70.585558908856441, -33.551817375333755 ], [ -70.586072434467567, -33.551829480268069 ], [ -70.586077570969863, -33.551732892429996 ], [ -70.58608215563423, -33.551530095049515 ], [ -70.586079061010835, -33.551474396682586 ], [ -70.58562757495126, -33.551462600867367 ], [ -70.585322741649762, -33.551450196815765 ], [ -70.584971412226452, -33.551435901058838 ], [ -70.584315248718184, -33.551420644605045 ], [ -70.584205151626904, -33.551415339649523 ], [ -70.583789423058548, -33.551395307565258 ], [ -70.583774423783197, -33.551758307196238 ], [ -70.584216065167283, -33.551771605620615 ], [ -70.584918006042116, -33.551798305830005 ], [ -70.585289950264823, -33.551809372505865 ], [ -70.585558908856441, -33.551817375333755 ] ] ] ] } },
{ "type": "Feature", "properties": { "objectid": 17175, "cod_region": "13", "region": "Región Metropolitana De Santiago", "cut_provincia": "131", "provincia": "Santiago", "cut_comuna": "13110", "comuna": "La Florida", "zona": "PL", "nombre_zona": "PL Zona de Plazas", "uperm": "Espacio público y áreas verdes.", "uproh": "Todo uso no mencionado como permitido.", "srid": "EPSG: 4326" }, "geometry": { "type": "MultiPolygon", "coordinates": [ [ [ [ -70.575747265513485, -33.557280993704921 ], [ -70.576091206047863, -33.557327908377395 ], [ -70.576156260431191, -33.55696546694503 ], [ -70.575810476845575, -33.556916395284517 ], [ -70.575747265513485, -33.557280993704921 ] ] ] ] } },
{ "type": "Feature", "properties": { "objectid": 17176, "cod_region": "13", "region": "Región Metropolitana De Santiago", "cut_provincia": "131", "provincia": "Santiago", "cut_comuna": "13110", "comuna": "La Florida", "zona": "PL", "nombre_zona": "PL Zona de Plazas", "uperm": "Espacio público y áreas verdes.", "uproh": "Todo uso no mencionado como permitido.", "srid": "EPSG: 4326" }, "geometry": { "type": "MultiPolygon", "coordinates": [ [ [ [ -70.575575712999893, -33.558088722112259 ], [ -70.575947057212574, -33.558131001916152 ], [ -70.575991688812906, -33.557882352033616 ], [ -70.575609900831196, -33.557834930532593 ], [ -70.575575712999893, -33.558088722112259 ] ] ] ] } },
{ "type": "Feature", "properties": { "objectid": 17177, "cod_region": "13", "region": "Región Metropolitana De Santiago", "cut_provincia": "131", "provincia": "Santiago", "cut_comuna": "13110", "comuna": "La Florida", "zona": "PL", "nombre_zona": "PL Zona de Plazas", "uperm": "Espacio público y áreas verdes.", "uproh": "Todo uso no mencionado como permitido.", "srid": "EPSG: 4326" }, "geometry": { "type": "MultiPolygon", "coordinates": [ [ [ [ -70.584497858724276, -33.554600312052635 ], [ -70.584452615533806, -33.554846323878046 ], [ -70.584175488009436, -33.554807974233995 ], [ -70.583598077557426, -33.554728070254725 ], [ -70.583521784371143, -33.555182030684676 ], [ -70.584117052772385, -33.555255775131528 ], [ -70.584383951658893, -33.555288839470968 ], [ -70.584428137411663, -33.555004070086277 ], [ -70.584959739645811, -33.555078732768685 ], [ -70.584986699528073, -33.554918802945721 ], [ -70.585534275151275, -33.554984911351752 ], [ -70.586125471287644, -33.555060198022261 ], [ -70.586156117774138, -33.554880864036463 ], [ -70.585555841588885, -33.554809815131541 ], [ -70.585546106038294, -33.554866309116015 ], [ -70.585006273489654, -33.554802325488261 ], [ -70.585027242612128, -33.554677553239159 ], [ -70.584497858724276, -33.554600312052635 ] ] ] ] } },
{ "type": "Feature", "properties": { "objectid": 17178, "cod_region": "13", "region": "Región Metropolitana De Santiago", "cut_provincia": "131", "provincia": "Santiago", "cut_comuna": "13110", "comuna": "La Florida", "zona": "PL", "nombre_zona": "PL Zona de Plazas", "uperm": "Espacio público y áreas verdes.", "uproh": "Todo uso no mencionado como permitido.", "srid": "EPSG: 4326" }, "geometry": { "type": "MultiPolygon", "coordinates": [ [ [ [ -70.564817947324983, -33.519026399540614 ], [ -70.564936451314225, -33.51904241564759 ], [ -70.56492485683097, -33.518860883069891 ], [ -70.564866735493496, -33.51851192022729 ], [ -70.564829138115797, -33.518450574839441 ], [ -70.564263872930084, -33.518472448344475 ], [ -70.564271385988505, -33.518643370231757 ], [ -70.564459566885319, -33.518649808532032 ], [ -70.564647377664429, -33.518742714194119 ], [ -70.564754353198921, -33.51894058680071 ], [ -70.564817947324983, -33.519026399540614 ] ] ] ] } },
{ "type": "Feature", "properties": { "objectid": 17241, "cod_region": "13", "region": "Región Metropolitana De Santiago", "cut_provincia": "131", "provincia": "Santiago", "cut_comuna": "13110", "comuna": "La Florida", "zona": "PL", "nombre_zona": "PL Zona de Plazas", "uperm": "Espacio público y áreas verdes.", "uproh": "Todo uso no mencionado como permitido.", "srid": "EPSG: 4326" }, "geometry": { "type": "MultiPolygon", "coordinates": [ [ [ [ -70.575364678846583, -33.554231927283382 ], [ -70.575872723904709, -33.554302443389247 ], [ -70.575911895695043, -33.554094610026304 ], [ -70.575409831079327, -33.554041132751109 ], [ -70.575364678846583, -33.554231927283382 ] ] ] ] } },
{ "type": "Feature", "properties": { "objectid": 17179, "cod_region": "13", "region": "Región Metropolitana De Santiago", "cut_provincia": "131", "provincia": "Santiago", "cut_comuna": "13110", "comuna": "La Florida", "zona": "PL", "nombre_zona": "PL Zona de Plazas", "uperm": "Espacio público y áreas verdes.", "uproh": "Todo uso no mencionado como permitido.", "srid": "EPSG: 4326" }, "geometry": { "type": "MultiPolygon", "coordinates": [ [ [ [ -70.576061651053095, -33.530272537633316 ], [ -70.576563201340477, -33.530408844098645 ], [ -70.57695200527607, -33.530516976607508 ], [ -70.577326179994273, -33.530622469717301 ], [ -70.57769241071378, -33.530725465640572 ], [ -70.578066272499925, -33.530817018231936 ], [ -70.578440131591989, -33.530916200967269 ], [ -70.578653767946875, -33.530973421744875 ], [ -70.578958958350327, -33.531034456357894 ], [ -70.578974629548995, -33.530961562114605 ], [ -70.578461219751276, -33.530835849965207 ], [ -70.578454194445712, -33.530862620955418 ], [ -70.578079620949197, -33.530765770467923 ], [ -70.578090485098173, -33.530724059614364 ], [ -70.5777149506917, -33.530634009200298 ], [ -70.577703377404646, -33.530680972278645 ], [ -70.576962526563662, -33.530474442332945 ], [ -70.576973228070671, -33.530433412714267 ], [ -70.576583823941888, -33.530338881139947 ], [ -70.576574987945236, -33.530368854028346 ], [ -70.576084155460975, -33.530232849470167 ], [ -70.576061651053095, -33.530272537633316 ] ] ] ] } },
{ "type": "Feature", "properties": { "objectid": 17180, "cod_region": "13", "region": "Región Metropolitana De Santiago", "cut_provincia": "131", "provincia": "Santiago", "cut_comuna": "13110", "comuna": "La Florida", "zona": "PL", "nombre_zona": "PL Zona de Plazas", "uperm": "Espacio público y áreas verdes.", "uproh": "Todo uso no mencionado como permitido.", "srid": "EPSG: 4326" }, "geometry": { "type": "MultiPolygon", "coordinates": [ [ [ [ -70.576208177514957, -33.531571073975655 ], [ -70.577378076969211, -33.531745459912067 ], [ -70.577436044118713, -33.531599407447509 ], [ -70.577067497833113, -33.531495037987504 ], [ -70.577031401543948, -33.53158831371114 ], [ -70.576273279977499, -33.531408321347904 ], [ -70.576208177514957, -33.531571073975655 ] ] ] ] } },
{ "type": "Feature", "properties": { "objectid": 17181, "cod_region": "13", "region": "Región Metropolitana De Santiago", "cut_provincia": "131", "provincia": "Santiago", "cut_comuna": "13110", "comuna": "La Florida", "zona": "PL", "nombre_zona": "PL Zona de Plazas", "uperm": "Espacio público y áreas verdes.", "uproh": "Todo uso no mencionado como permitido.", "srid": "EPSG: 4326" }, "geometry": { "type": "MultiPolygon", "coordinates": [ [ [ [ -70.578669047617154, -33.533582738046995 ], [ -70.578911921610171, -33.533615483257719 ], [ -70.579015898682371, -33.533353522403793 ], [ -70.578768236692497, -33.533285182046001 ], [ -70.578669047617154, -33.533582738046995 ] ] ] ] } },
{ "type": "Feature", "properties": { "objectid": 17182, "cod_region": "13", "region": "Región Metropolitana De Santiago", "cut_provincia": "131", "provincia": "Santiago", "cut_comuna": "13110", "comuna": "La Florida", "zona": "PL", "nombre_zona": "PL Zona de Plazas", "uperm": "Espacio público y áreas verdes.", "uproh": "Todo uso no mencionado como permitido.", "srid": "EPSG: 4326" }, "geometry": { "type": "MultiPolygon", "coordinates": [ [ [ [ -70.576563232006365, -33.534143523134894 ], [ -70.577022967111915, -33.534203615228229 ], [ -70.577137958819492, -33.53388050163295 ], [ -70.576731084589184, -33.53383071020265 ], [ -70.576563232006365, -33.534143523134894 ] ] ] ] } },
{ "type": "Feature", "properties": { "objectid": 17183, "cod_region": "13", "region": "Región Metropolitana De Santiago", "cut_provincia": "131", "provincia": "Santiago", "cut_comuna": "13110", "comuna": "La Florida", "zona": "PL", "nombre_zona": "PL Zona de Plazas", "uperm": "Espacio público y áreas verdes.", "uproh": "Todo uso no mencionado como permitido.", "srid": "EPSG: 4326" }, "geometry": { "type": "MultiPolygon", "coordinates": [ [ [ [ -70.576634198585822, -33.545695611517509 ], [ -70.577063177042277, -33.545842373421941 ], [ -70.577080674003753, -33.545785171443605 ], [ -70.577112672719977, -33.545549731193034 ], [ -70.577166083930436, -33.545492509035839 ], [ -70.577211861615964, -33.545427658182831 ], [ -70.577280528303007, -33.545286509912742 ], [ -70.577028744529144, -33.54518732724631 ], [ -70.576967160646078, -33.545188027891115 ], [ -70.576978521620816, -33.545610790171331 ], [ -70.576861354100728, -33.545628542594869 ], [ -70.576662514565882, -33.545637476391093 ], [ -70.576634198585822, -33.545695611517509 ] ] ] ] } },
{ "type": "Feature", "properties": { "objectid": 17184, "cod_region": "13", "region": "Región Metropolitana De Santiago", "cut_provincia": "131", "provincia": "Santiago", "cut_comuna": "13110", "comuna": "La Florida", "zona": "PL", "nombre_zona": "PL Zona de Plazas", "uperm": "Espacio público y áreas verdes.", "uproh": "Todo uso no mencionado como permitido.", "srid": "EPSG: 4326" }, "geometry": { "type": "MultiPolygon", "coordinates": [ [ [ [ -70.578155668346909, -33.54575502145223 ], [ -70.578333444828331, -33.545812945410816 ], [ -70.578478406982853, -33.54548868769762 ], [ -70.57806659175688, -33.545352982915652 ], [ -70.578003115270249, -33.545521854255732 ], [ -70.578213777755977, -33.545587380917567 ], [ -70.578155668346909, -33.54575502145223 ] ] ] ] } },
{ "type": "Feature", "properties": { "objectid": 17185, "cod_region": "13", "region": "Región Metropolitana De Santiago", "cut_provincia": "131", "provincia": "Santiago", "cut_comuna": "13110", "comuna": "La Florida", "zona": "PL", "nombre_zona": "PL Zona de Plazas", "uperm": "Espacio público y áreas verdes.", "uproh": "Todo uso no mencionado como permitido.", "srid": "EPSG: 4326" }, "geometry": { "type": "MultiPolygon", "coordinates": [ [ [ [ -70.579085238905165, -33.545704945393034 ], [ -70.57936363184082, -33.545712928250744 ], [ -70.579385119657132, -33.545469754998855 ], [ -70.579245955131967, -33.545402917839937 ], [ -70.579158138275133, -33.545527434701228 ], [ -70.579111486490547, -33.545613127734661 ], [ -70.579085238905165, -33.545704945393034 ] ] ] ] } },
{ "type": "Feature", "properties": { "objectid": 17186, "cod_region": "13", "region": "Región Metropolitana De Santiago", "cut_provincia": "131", "provincia": "Santiago", "cut_comuna": "13110", "comuna": "La Florida", "zona": "PL", "nombre_zona": "PL Zona de Plazas", "uperm": "Espacio público y áreas verdes.", "uproh": "Todo uso no mencionado como permitido.", "srid": "EPSG: 4326" }, "geometry": { "type": "MultiPolygon", "coordinates": [ [ [ [ -70.583437699332961, -33.546837077565463 ], [ -70.583439315383529, -33.5469245364526 ], [ -70.583646518233436, -33.546921884072752 ], [ -70.583651561724736, -33.547198294185058 ], [ -70.583996228227875, -33.547192917594344 ], [ -70.583987124288086, -33.546830165716003 ], [ -70.583437699332961, -33.546837077565463 ] ] ] ] } },
{ "type": "Feature", "properties": { "objectid": 17187, "cod_region": "13", "region": "Región Metropolitana De Santiago", "cut_provincia": "131", "provincia": "Santiago", "cut_comuna": "13110", "comuna": "La Florida", "zona": "PL", "nombre_zona": "PL Zona de Plazas", "uperm": "Espacio público y áreas verdes.", "uproh": "Todo uso no mencionado como permitido.", "srid": "EPSG: 4326" }, "geometry": { "type": "MultiPolygon", "coordinates": [ [ [ [ -70.588331651305595, -33.529748099958063 ], [ -70.588580115060353, -33.529745000880048 ], [ -70.58860300395871, -33.529718296384246 ], [ -70.588694558347186, -33.52939785414771 ], [ -70.588438163103945, -33.529389899616334 ], [ -70.588331651305595, -33.529748099958063 ] ] ] ] } },
{ "type": "Feature", "properties": { "objectid": 17188, "cod_region": "13", "region": "Región Metropolitana De Santiago", "cut_provincia": "131", "provincia": "Santiago", "cut_comuna": "13110", "comuna": "La Florida", "zona": "PL", "nombre_zona": "PL Zona de Plazas", "uperm": "Espacio público y áreas verdes.", "uproh": "Todo uso no mencionado como permitido.", "srid": "EPSG: 4326" }, "geometry": { "type": "MultiPolygon", "coordinates": [ [ [ [ -70.589542147825114, -33.529572615907703 ], [ -70.589488060874729, -33.529771696293288 ], [ -70.590113704200078, -33.529798397994426 ], [ -70.590257490437423, -33.529799680729298 ], [ -70.59096216143719, -33.529811202692414 ], [ -70.59059523807953, -33.529672982976237 ], [ -70.590118970194496, -33.529575167607348 ], [ -70.590115914163079, -33.529704670059544 ], [ -70.589542147825114, -33.529572615907703 ] ] ] ] } },
{ "type": "Feature", "properties": { "objectid": 17189, "cod_region": "13", "region": "Región Metropolitana De Santiago", "cut_provincia": "131", "provincia": "Santiago", "cut_comuna": "13110", "comuna": "La Florida", "zona": "PL", "nombre_zona": "PL Zona de Plazas", "uperm": "Espacio público y áreas verdes.", "uproh": "Todo uso no mencionado como permitido.", "srid": "EPSG: 4326" }, "geometry": { "type": "MultiPolygon", "coordinates": [ [ [ [ -70.589010733214707, -33.531516158920276 ], [ -70.589204747153161, -33.531577560441768 ], [ -70.589283256168187, -33.531396501723883 ], [ -70.589439785283048, -33.530904758577712 ], [ -70.589198137742585, -33.530908504232258 ], [ -70.589010733214707, -33.531516158920276 ] ] ] ] } },
{ "type": "Feature", "properties": { "objectid": 17190, "cod_region": "13", "region": "Región Metropolitana De Santiago", "cut_provincia": "131", "provincia": "Santiago", "cut_comuna": "13110", "comuna": "La Florida", "zona": "PL", "nombre_zona": "PL Zona de Plazas", "uperm": "Espacio público y áreas verdes.", "uproh": "Todo uso no mencionado como permitido.", "srid": "EPSG: 4326" }, "geometry": { "type": "MultiPolygon", "coordinates": [ [ [ [ -70.596145124299852, -33.531525701501259 ], [ -70.596153544834038, -33.531974116466124 ], [ -70.596446163324728, -33.531970323151334 ], [ -70.596430050107969, -33.531515788444594 ], [ -70.596145124299852, -33.531525701501259 ] ] ] ] } },
{ "type": "Feature", "properties": { "objectid": 17191, "cod_region": "13", "region": "Región Metropolitana De Santiago", "cut_provincia": "131", "provincia": "Santiago", "cut_comuna": "13110", "comuna": "La Florida", "zona": "PL", "nombre_zona": "PL Zona de Plazas", "uperm": "Espacio público y áreas verdes.", "uproh": "Todo uso no mencionado como permitido.", "srid": "EPSG: 4326" }, "geometry": { "type": "MultiPolygon", "coordinates": [ [ [ [ -70.596879965546137, -33.531516483407458 ], [ -70.596879496066805, -33.531912764000715 ], [ -70.597162077783622, -33.531908945131818 ], [ -70.597145947925952, -33.531513137501335 ], [ -70.596879965546137, -33.531516483407458 ] ] ] ] } },
{ "type": "Feature", "properties": { "objectid": 17192, "cod_region": "13", "region": "Región Metropolitana De Santiago", "cut_provincia": "131", "provincia": "Santiago", "cut_comuna": "13110", "comuna": "La Florida", "zona": "PL", "nombre_zona": "PL Zona de Plazas", "uperm": "Espacio público y áreas verdes.", "uproh": "Todo uso no mencionado como permitido.", "srid": "EPSG: 4326" }, "geometry": { "type": "MultiPolygon", "coordinates": [ [ [ [ -70.597668535238384, -33.531920360970581 ], [ -70.59775276025529, -33.53192468868739 ], [ -70.597880264774275, -33.531919342198066 ], [ -70.597879415171903, -33.531451619161416 ], [ -70.597643263404976, -33.531448189613059 ], [ -70.597668535238384, -33.531920360970581 ] ] ] ] } },
{ "type": "Feature", "properties": { "objectid": 17193, "cod_region": "13", "region": "Región Metropolitana De Santiago", "cut_provincia": "131", "provincia": "Santiago", "cut_comuna": "13110", "comuna": "La Florida", "zona": "PL", "nombre_zona": "PL Zona de Plazas", "uperm": "Espacio público y áreas verdes.", "uproh": "Todo uso no mencionado como permitido.", "srid": "EPSG: 4326" }, "geometry": { "type": "MultiPolygon", "coordinates": [ [ [ [ -70.59895696941463, -33.531470226417191 ], [ -70.598963101439665, -33.531853390275913 ], [ -70.599205311230733, -33.531843768127082 ], [ -70.599221880318609, -33.531479760700456 ], [ -70.599161335848976, -33.531436066589563 ], [ -70.59914261961886, -33.531448872509941 ], [ -70.598996908905036, -33.531452750962146 ], [ -70.59895696941463, -33.531470226417191 ] ] ] ] } },
{ "type": "Feature", "properties": { "objectid": 17194, "cod_region": "13", "region": "Región Metropolitana De Santiago", "cut_provincia": "131", "provincia": "Santiago", "cut_comuna": "13110", "comuna": "La Florida", "zona": "PL", "nombre_zona": "PL Zona de Plazas", "uperm": "Espacio público y áreas verdes.", "uproh": "Todo uso no mencionado como permitido.", "srid": "EPSG: 4326" }, "geometry": { "type": "MultiPolygon", "coordinates": [ [ [ [ -70.597003443873106, -33.534303619074663 ], [ -70.597326839048989, -33.534305030494195 ], [ -70.59732097861523, -33.533822644551336 ], [ -70.597167694820456, -33.533861838396703 ], [ -70.596996913454134, -33.533903333742906 ], [ -70.597003443873106, -33.534303619074663 ] ] ] ] } },
{ "type": "Feature", "properties": { "objectid": 17195, "cod_region": "13", "region": "Región Metropolitana De Santiago", "cut_provincia": "131", "provincia": "Santiago", "cut_comuna": "13110", "comuna": "La Florida", "zona": "PL", "nombre_zona": "PL Zona de Plazas", "uperm": "Espacio público y áreas verdes.", "uproh": "Todo uso no mencionado como permitido.", "srid": "EPSG: 4326" }, "geometry": { "type": "MultiPolygon", "coordinates": [ [ [ [ -70.595353916837439, -33.537426067035391 ], [ -70.595943365950987, -33.537434188843498 ], [ -70.595935298219445, -33.537195234158936 ], [ -70.595401212720063, -33.537210497372136 ], [ -70.595353916837439, -33.537426067035391 ] ] ] ] } },
{ "type": "Feature", "properties": { "objectid": 17196, "cod_region": "13", "region": "Región Metropolitana De Santiago", "cut_provincia": "131", "provincia": "Santiago", "cut_comuna": "13110", "comuna": "La Florida", "zona": "PL", "nombre_zona": "PL Zona de Plazas", "uperm": "Espacio público y áreas verdes.", "uproh": "Todo uso no mencionado como permitido.", "srid": "EPSG: 4326" }, "geometry": { "type": "MultiPolygon", "coordinates": [ [ [ [ -70.594676855207922, -33.537917692221392 ], [ -70.594684019574885, -33.538129865508559 ], [ -70.595202846876731, -33.538114601692683 ], [ -70.595247257859569, -33.537912188981572 ], [ -70.594676855207922, -33.537917692221392 ] ] ] ] } },
{ "type": "Feature", "properties": { "objectid": 17197, "cod_region": "13", "region": "Región Metropolitana De Santiago", "cut_provincia": "131", "provincia": "Santiago", "cut_comuna": "13110", "comuna": "La Florida", "zona": "PL", "nombre_zona": "PL Zona de Plazas", "uperm": "Espacio público y áreas verdes.", "uproh": "Todo uso no mencionado como permitido.", "srid": "EPSG: 4326" }, "geometry": { "type": "MultiPolygon", "coordinates": [ [ [ [ -70.59009859963966, -33.547792747389614 ], [ -70.59050297985236, -33.547949151599546 ], [ -70.590907357968533, -33.547808001989175 ], [ -70.590899725901878, -33.547563856058147 ], [ -70.590106228297458, -33.547575304888746 ], [ -70.59009859963966, -33.547792747389614 ] ] ] ] } },
{ "type": "Feature", "properties": { "objectid": 17198, "cod_region": "13", "region": "Región Metropolitana De Santiago", "cut_provincia": "131", "provincia": "Santiago", "cut_comuna": "13110", "comuna": "La Florida", "zona": "PL", "nombre_zona": "PL Zona de Plazas", "uperm": "Espacio público y áreas verdes.", "uproh": "Todo uso no mencionado como permitido.", "srid": "EPSG: 4326" }, "geometry": { "type": "MultiPolygon", "coordinates": [ [ [ [ -70.589505670877884, -33.549123513736475 ], [ -70.589663711867203, -33.549124110370151 ], [ -70.58966371081533, -33.548780779577612 ], [ -70.589472829186292, -33.548780052711763 ], [ -70.589505670877884, -33.549123513736475 ] ] ] ] } },
{ "type": "Feature", "properties": { "objectid": 17199, "cod_region": "13", "region": "Región Metropolitana De Santiago", "cut_provincia": "131", "provincia": "Santiago", "cut_comuna": "13110", "comuna": "La Florida", "zona": "PL", "nombre_zona": "PL Zona de Plazas", "uperm": "Espacio público y áreas verdes.", "uproh": "Todo uso no mencionado como permitido.", "srid": "EPSG: 4326" }, "geometry": { "type": "MultiPolygon", "coordinates": [ [ [ [ -70.590045203902932, -33.549284330598468 ], [ -70.59004283161299, -33.549585745392228 ], [ -70.59095052919109, -33.54960987128166 ], [ -70.590945519683501, -33.549288138665695 ], [ -70.590495363880009, -33.549463622848286 ], [ -70.590045203902932, -33.549284330598468 ] ] ] ] } },
{ "type": "Feature", "properties": { "objectid": 17200, "cod_region": "13", "region": "Región Metropolitana De Santiago", "cut_provincia": "131", "provincia": "Santiago", "cut_comuna": "13110", "comuna": "La Florida", "zona": "PL", "nombre_zona": "PL Zona de Plazas", "uperm": "Espacio público y áreas verdes.", "uproh": "Todo uso no mencionado como permitido.", "srid": "EPSG: 4326" }, "geometry": { "type": "MultiPolygon", "coordinates": [ [ [ [ -70.590495376935237, -33.551004796062649 ], [ -70.590735111061349, -33.551006141592573 ], [ -70.590752957546172, -33.550268539722509 ], [ -70.590503000916101, -33.550268543002588 ], [ -70.590495373638589, -33.550650021334647 ], [ -70.590495376935237, -33.551004796062649 ] ] ] ] } },
{ "type": "Feature", "properties": { "objectid": 17201, "cod_region": "13", "region": "Región Metropolitana De Santiago", "cut_provincia": "131", "provincia": "Santiago", "cut_comuna": "13110", "comuna": "La Florida", "zona": "PL", "nombre_zona": "PL Zona de Plazas", "uperm": "Espacio público y áreas verdes.", "uproh": "Todo uso no mencionado como permitido.", "srid": "EPSG: 4326" }, "geometry": { "type": "MultiPolygon", "coordinates": [ [ [ [ -70.588414978686032, -33.551002844596944 ], [ -70.588462281091651, -33.551030608902309 ], [ -70.588505565110424, -33.55101519142007 ], [ -70.588527483624702, -33.550978429640928 ], [ -70.588547031748377, -33.550784465644121 ], [ -70.588553264141467, -33.550711945920945 ], [ -70.58852025684655, -33.550671836227259 ], [ -70.588475162128105, -33.550676467712087 ], [ -70.588449869111443, -33.550705161800465 ], [ -70.588430787475346, -33.550846714934373 ], [ -70.588419611513501, -33.550942727420619 ], [ -70.588414978686032, -33.551002844596944 ] ] ] ] } },
{ "type": "Feature", "properties": { "objectid": 17202, "cod_region": "13", "region": "Región Metropolitana De Santiago", "cut_provincia": "131", "provincia": "Santiago", "cut_comuna": "13110", "comuna": "La Florida", "zona": "PL", "nombre_zona": "PL Zona de Plazas", "uperm": "Espacio público y áreas verdes.", "uproh": "Todo uso no mencionado como permitido.", "srid": "EPSG: 4326" }, "geometry": { "type": "MultiPolygon", "coordinates": [ [ [ [ -70.60161387327561, -33.549552076106259 ], [ -70.602050734022825, -33.549555843317933 ], [ -70.602054494981658, -33.549223219771612 ], [ -70.601720133652663, -33.549218640330565 ], [ -70.60161196680987, -33.549200334247161 ], [ -70.60161197014402, -33.54948262814375 ], [ -70.60161387327561, -33.549552076106259 ] ] ] ] } },
{ "type": "Feature", "properties": { "objectid": 17258, "cod_region": "13", "region": "Región Metropolitana De Santiago", "cut_provincia": "131", "provincia": "Santiago", "cut_comuna": "13110", "comuna": "La Florida", "zona": "R-4", "nombre_zona": "R-4 Zona de Riesgo Geofísico Asociado A Remoción En Masa", "uperm": "Zona de riesgo, según PRMS.", "uproh": "Zona de riesgo, según PRMS.", "srid": "EPSG: 4326" }, "geometry": { "type": "MultiPolygon", "coordinates": [ [ [ [ -70.51971737062108, -33.528853096079565 ], [ -70.52036122661724, -33.53013586140289 ], [ -70.520748868979936, -33.529998541151556 ], [ -70.521307570694304, -33.530141404529431 ], [ -70.521625332161719, -33.530137500051751 ], [ -70.522380303199228, -33.530144857178279 ], [ -70.522755603663455, -33.530023788313791 ], [ -70.523228158745766, -33.529785067939152 ], [ -70.523660700045937, -33.529530201108244 ], [ -70.52372254405644, -33.529358741559669 ], [ -70.523793299861936, -33.529162568431488 ], [ -70.523727299400576, -33.528797381443553 ], [ -70.523530667110251, -33.528569665090039 ], [ -70.52325361010395, -33.52783830290074 ], [ -70.523248941922418, -33.527572178048587 ], [ -70.523145561369915, -33.527340541576493 ], [ -70.522863155565432, -33.527094469745364 ], [ -70.522645109797949, -33.526943263612949 ], [ -70.522352371177178, -33.526815853157565 ], [ -70.522037783649267, -33.52671678290848 ], [ -70.521739378276777, -33.526442830899171 ], [ -70.519712781254427, -33.526283475710834 ], [ -70.519713805851183, -33.526856861692025 ], [ -70.519714609820355, -33.527306972885214 ], [ -70.51971737062108, -33.528853096079565 ] ] ] ] } },
{ "type": "Feature", "properties": { "objectid": 17259, "cod_region": "13", "region": "Región Metropolitana De Santiago", "cut_provincia": "131", "provincia": "Santiago", "cut_comuna": "13110", "comuna": "La Florida", "zona": "R-5/AV6", "nombre_zona": "R-5/AV6 Zona de Restricción por Pendiente/ Área Verde en Zona de Pendiente", "uperm": "Zona de riesgo, según PRMS.", "uproh": "Zona de riesgo, según PRMS.", "srid": "EPSG: 4326" }, "geometry": { "type": "MultiPolygon", "coordinates": [ [ [ [ -70.534649841328033, -33.537416621754694 ], [ -70.534356327609217, -33.537669803927933 ], [ -70.53411975057179, -33.537772553147569 ], [ -70.533643658965573, -33.537811723737924 ], [ -70.533427235906814, -33.537930859008831 ], [ -70.533149172824693, -33.537934302648367 ], [ -70.53281534033637, -33.538154707391442 ], [ -70.532822681421962, -33.538570523791755 ], [ -70.532686878652854, -33.538755204077979 ], [ -70.532793235638053, -33.539153158510828 ], [ -70.532799402280745, -33.539502444055969 ], [ -70.532510279113779, -33.540005111939742 ], [ -70.532583756799468, -33.540527392478651 ], [ -70.5329766954045, -33.540278528684297 ], [ -70.533417504896647, -33.539740708890207 ], [ -70.534762640548308, -33.539413496878325 ], [ -70.53515831158073, -33.539319864507263 ], [ -70.535544413285791, -33.539387167011846 ], [ -70.535921460585172, -33.539644511001754 ], [ -70.536091281572354, -33.539979288898763 ], [ -70.536214206753712, -33.540189876365332 ], [ -70.53618926934692, -33.54046468363488 ], [ -70.536088745578127, -33.540678043621298 ], [ -70.535587331067447, -33.540971239508764 ], [ -70.535224176589779, -33.541499786273206 ], [ -70.535066487630502, -33.541851103245875 ], [ -70.534982722367261, -33.5430125218451 ], [ -70.534842573477931, -33.543513347664494 ], [ -70.534822263090206, -33.544050119057403 ], [ -70.535196893184306, -33.545854667089436 ], [ -70.535833408352346, -33.546458153990763 ], [ -70.536200006495108, -33.546965170794948 ], [ -70.536340268863555, -33.547312791377408 ], [ -70.536361350258545, -33.547661890975398 ], [ -70.536116355352846, -33.54806493671876 ], [ -70.535971377057479, -33.548166378992228 ], [ -70.536717892867884, -33.548531074437854 ], [ -70.537479738479533, -33.548848977267653 ], [ -70.539161538781428, -33.549550733989477 ], [ -70.540273907627139, -33.550014867794097 ], [ -70.540404317080828, -33.550065339248427 ], [ -70.540934768129418, -33.550270636499945 ], [ -70.541427962788489, -33.550469333139731 ], [ -70.541596892851373, -33.550537390887321 ], [ -70.541864580691865, -33.550654000214308 ], [ -70.541930209581238, -33.55054881216649 ], [ -70.542052776824846, -33.550434008318547 ], [ -70.542140005302642, -33.550311270223105 ], [ -70.542316789273983, -33.550196771857948 ], [ -70.542479906406797, -33.549942076459494 ], [ -70.542599656384539, -33.549762785783237 ], [ -70.54260185148155, -33.549257432557297 ], [ -70.542181007906294, -33.54918414583102 ], [ -70.542139505549528, -33.549084844734601 ], [ -70.541453173242914, -33.548358866075205 ], [ -70.541407902317175, -33.548310979871793 ], [ -70.540600599068341, -33.547457019445559 ], [ -70.540401960848229, -33.547459491380401 ], [ -70.540259666573419, -33.547278263423536 ], [ -70.540294672008613, -33.547011648098774 ], [ -70.540112651792185, -33.546830914233844 ], [ -70.539852948049315, -33.546750963730226 ], [ -70.539612519193639, -33.5466374999097 ], [ -70.539611509247919, -33.546580564571101 ], [ -70.539610452854703, -33.5465210713161 ], [ -70.539448003455078, -33.546323456945771 ], [ -70.539288309121687, -33.546207910758703 ], [ -70.539106881478773, -33.54606044010886 ], [ -70.539013680652914, -33.545846368785369 ], [ -70.538999024415617, -33.545650034833734 ], [ -70.539051239879086, -33.545443512123718 ], [ -70.539148813131163, -33.545273856854187 ], [ -70.539222711590355, -33.545029633088021 ], [ -70.539276253484161, -33.54489795657522 ], [ -70.539207058587181, -33.544777163540722 ], [ -70.539093337830067, -33.544666283240787 ], [ -70.538686298317302, -33.544399964091625 ], [ -70.538257245952622, -33.544152633683552 ], [ -70.538120353538218, -33.543995249755142 ], [ -70.538104869845725, -33.543752137076396 ], [ -70.537932966353225, -33.543510967676767 ], [ -70.537929982726155, -33.543342562486451 ], [ -70.538004712022854, -33.543145117842791 ], [ -70.53798972511072, -33.542930072951037 ], [ -70.538006933123242, -33.542639763448669 ], [ -70.538228858585612, -33.542305321606264 ], [ -70.538598877408205, -33.541884816917474 ], [ -70.539009799887069, -33.541530348816622 ], [ -70.539224454243765, -33.54131140840672 ], [ -70.53902888396388, -33.540365572949746 ], [ -70.539122297592556, -33.540031686316091 ], [ -70.539198503698813, -33.539847739234801 ], [ -70.539491126202208, -33.539544647680849 ], [ -70.539765948781294, -33.539358232150484 ], [ -70.540043130438406, -33.539304875373283 ], [ -70.540684745022688, -33.539166459740493 ], [ -70.540322084328764, -33.538880877436682 ], [ -70.539827350690118, -33.538709231905692 ], [ -70.539601250607888, -33.53856231717743 ], [ -70.539373492485524, -33.53832184405988 ], [ -70.539279802465416, -33.538079703721252 ], [ -70.539096900831964, -33.537848029751359 ], [ -70.539102766376388, -33.537548504444402 ], [ -70.538945692882521, -33.537513025534288 ], [ -70.538742936372884, -33.537421966135014 ], [ -70.538195502459246, -33.537428768634989 ], [ -70.53713431648481, -33.537451306517326 ], [ -70.536921549649207, -33.53742587387417 ], [ -70.536695457701214, -33.537278953574059 ], [ -70.536129404099512, -33.536864872744125 ], [ -70.53595917433519, -33.536717257939863 ], [ -70.535900170506679, -33.53654018910494 ], [ -70.535507660983399, -33.536460836403158 ], [ -70.535005747134562, -33.536513849936036 ], [ -70.534955179364943, -33.536813930432146 ], [ -70.534745556656844, -33.536966254965925 ], [ -70.534716670428622, -33.537228635126787 ], [ -70.534649841328033, -33.537416621754694 ] ] ] ] } },
{ "type": "Feature", "properties": { "objectid": 17260, "cod_region": "13", "region": "Región Metropolitana De Santiago", "cut_provincia": "131", "provincia": "Santiago", "cut_comuna": "13110", "comuna": "La Florida", "zona": "AV2", "nombre_zona": "AV2 Zona Cerros Islas", "uperm": "Equipamiento de culto, deporte, científico y turismo; espacio público y áreas verdes.", "uproh": "Residencial; equipamiento de comercio, educación, salud, seguridad, servicios, social, oficina y cementerio; actividad productiva; infraestructura.", "srid": "EPSG: 4326" }, "geometry": { "type": "MultiPolygon", "coordinates": [ [ [ [ -70.545273343597302, -33.549280260252971 ], [ -70.544894439760228, -33.549341135740839 ], [ -70.543698195180525, -33.549318628060284 ], [ -70.54260185148155, -33.549257432557297 ], [ -70.542599656384539, -33.549762785783237 ], [ -70.542479906406797, -33.549942076459494 ], [ -70.542316789273983, -33.550196771857948 ], [ -70.542140005302642, -33.550311270223105 ], [ -70.542052776824846, -33.550434008318547 ], [ -70.541930209581238, -33.55054881216649 ], [ -70.541864580691865, -33.550654000214308 ], [ -70.542348236111152, -33.550873750605028 ], [ -70.542688137524536, -33.550916208107893 ], [ -70.543225805935649, -33.551077785704152 ], [ -70.543654787316783, -33.551301425713014 ], [ -70.54418459003368, -33.551490566873063 ], [ -70.544296938203587, -33.551534692331884 ], [ -70.545864747738563, -33.552135739679365 ], [ -70.546315342973088, -33.552286592369349 ], [ -70.546597968860794, -33.552402482463506 ], [ -70.54675485408255, -33.552367578346967 ], [ -70.546883608020778, -33.552014084859849 ], [ -70.546919088065835, -33.551916671434192 ], [ -70.546992688320998, -33.551627496504238 ], [ -70.547114686841965, -33.551292418669767 ], [ -70.547165734463888, -33.55111882701592 ], [ -70.547437590504586, -33.550561496718927 ], [ -70.547779205975829, -33.550136628091003 ], [ -70.54814378732641, -33.549683191775983 ], [ -70.548181105667297, -33.549650977064381 ], [ -70.548868973090151, -33.549132501566724 ], [ -70.548990538883103, -33.549064142298818 ], [ -70.549451149351455, -33.548805131558034 ], [ -70.5501607652091, -33.548472081369844 ], [ -70.55090306638678, -33.548229108964485 ], [ -70.552298732879379, -33.548036177250033 ], [ -70.552802259094776, -33.548024381666394 ], [ -70.553600414908516, -33.548005681576171 ], [ -70.553727242428835, -33.548000696198919 ], [ -70.553717106101843, -33.547991351523073 ], [ -70.553552719519246, -33.547839797276829 ], [ -70.552894749139156, -33.547278660287454 ], [ -70.552350762567713, -33.547059538153725 ], [ -70.551791797400696, -33.546875659026071 ], [ -70.551447893032858, -33.546766630461342 ], [ -70.551305017365124, -33.546744559519361 ], [ -70.551097294000712, -33.546681545392651 ], [ -70.550912040268045, -33.546545029026348 ], [ -70.55088019803955, -33.546580580337398 ], [ -70.550704268766353, -33.546741866874768 ], [ -70.550381414159105, -33.54681141600696 ], [ -70.550136438994556, -33.546861274356353 ], [ -70.549658994613438, -33.54703569387727 ], [ -70.549168705598859, -33.54711669314004 ], [ -70.548468292817887, -33.547321970368777 ], [ -70.54817962096827, -33.547428519344471 ], [ -70.547815572072764, -33.547695091015058 ], [ -70.547562088012413, -33.547894775997712 ], [ -70.54726223913606, -33.548001460797998 ], [ -70.547141500588808, -33.548124621214988 ], [ -70.546931373347704, -33.548248900400893 ], [ -70.546789119783583, -33.54841911985028 ], [ -70.546522622282467, -33.548516028769441 ], [ -70.546356353548788, -33.548592968547268 ], [ -70.546191084606122, -33.548726043507315 ], [ -70.545992627427495, -33.548878247506892 ], [ -70.545738802391938, -33.549059216533756 ], [ -70.545584371395449, -33.549173440607163 ], [ -70.545273343597302, -33.549280260252971 ] ] ] ] } },
{ "type": "Feature", "properties": { "objectid": 17261, "cod_region": "13", "region": "Región Metropolitana De Santiago", "cut_provincia": "131", "provincia": "Santiago", "cut_comuna": "13110", "comuna": "La Florida", "zona": "PL", "nombre_zona": "PL Zona de Plazas", "uperm": "Espacio público y áreas verdes.", "uproh": "Todo uso no mencionado como permitido.", "srid": "EPSG: 4326" }, "geometry": { "type": "MultiPolygon", "coordinates": [ [ [ [ -70.59655803399616, -33.529512391971345 ], [ -70.59655346898505, -33.529541537340307 ], [ -70.596652522934136, -33.529536113510368 ], [ -70.597592894500394, -33.529503987862597 ], [ -70.597717863492107, -33.52949791497695 ], [ -70.597707544702516, -33.529344330568158 ], [ -70.597655187180152, -33.529342955398157 ], [ -70.597318280813198, -33.529342024545137 ], [ -70.596808151403309, -33.529338042108144 ], [ -70.596619218021573, -33.529336517654315 ], [ -70.59661053763692, -33.529371409302129 ], [ -70.596560954203326, -33.529504656354071 ], [ -70.59655803399616, -33.529512391971345 ] ] ] ] } },
{ "type": "Feature", "properties": { "objectid": 17262, "cod_region": "13", "region": "Región Metropolitana De Santiago", "cut_provincia": "131", "provincia": "Santiago", "cut_comuna": "13110", "comuna": "La Florida", "zona": "PL", "nombre_zona": "PL Zona de Plazas", "uperm": "Espacio público y áreas verdes.", "uproh": "Todo uso no mencionado como permitido.", "srid": "EPSG: 4326" }, "geometry": { "type": "MultiPolygon", "coordinates": [ [ [ [ -70.593860036963122, -33.541990434248397 ], [ -70.593707444772619, -33.542371914322452 ], [ -70.594638278786249, -33.542349020216903 ], [ -70.594783241172024, -33.541978984975223 ], [ -70.59462898529442, -33.541976773135062 ], [ -70.593860036963122, -33.541990434248397 ] ] ] ] } },
{ "type": "Feature", "properties": { "objectid": 17263, "cod_region": "13", "region": "Región Metropolitana De Santiago", "cut_provincia": "131", "provincia": "Santiago", "cut_comuna": "13110", "comuna": "La Florida", "zona": "PL", "nombre_zona": "PL Zona de Plazas", "uperm": "Espacio público y áreas verdes.", "uproh": "Todo uso no mencionado como permitido.", "srid": "EPSG: 4326" }, "geometry": { "type": "MultiPolygon", "coordinates": [ [ [ [ -70.592422196861591, -33.540855075614658 ], [ -70.592427883001548, -33.541471816571438 ], [ -70.592863223338298, -33.541464824526464 ], [ -70.592967345671397, -33.541425851748755 ], [ -70.593179709254471, -33.540972393629787 ], [ -70.593195684686478, -33.540935429762548 ], [ -70.592612950853351, -33.540761158099386 ], [ -70.592601110575984, -33.540788784437943 ], [ -70.592555332982627, -33.540826932426114 ], [ -70.592494294181307, -33.540853639592164 ], [ -70.592422196861591, -33.540855075614658 ] ] ] ] } },
{ "type": "Feature", "properties": { "objectid": 17264, "cod_region": "13", "region": "Región Metropolitana De Santiago", "cut_provincia": "131", "provincia": "Santiago", "cut_comuna": "13110", "comuna": "La Florida", "zona": "U-VEV4", "nombre_zona": "U-VEV4 Zona de Vivienda y Equipamiento Vecinal N°4", "uperm": "Residencial; equip. de comercio, culto, deporte, educación, esparcimiento, salud, seguridad, servicios, social, oficina y turismo; act. productiva peligrosa, contaminante y molesta; infr. de transporte; espacio público y áreas verdes.", "uproh": "Todo uso no mencionado como permitido.", "srid": "EPSG: 4326" }, "geometry": { "type": "MultiPolygon", "coordinates": [ [ [ [ -70.602425944030784, -33.540833358688602 ], [ -70.602426401976615, -33.54085816816351 ], [ -70.603445880921683, -33.540843366547946 ], [ -70.603491303604514, -33.540842706986147 ], [ -70.60348139635262, -33.540202832136082 ], [ -70.602406398546293, -33.540223004126283 ], [ -70.60242064987996, -33.540422502641746 ], [ -70.602419410878952, -33.540479418162526 ], [ -70.602425944030784, -33.540833358688602 ] ] ] ] } },
{ "type": "Feature", "properties": { "objectid": 17265, "cod_region": "13", "region": "Región Metropolitana De Santiago", "cut_provincia": "131", "provincia": "Santiago", "cut_comuna": "13110", "comuna": "La Florida", "zona": "PL", "nombre_zona": "PL Zona de Plazas", "uperm": "Espacio público y áreas verdes.", "uproh": "Todo uso no mencionado como permitido.", "srid": "EPSG: 4326" }, "geometry": { "type": "MultiPolygon", "coordinates": [ [ [ [ -70.598038856698949, -33.54061888900835 ], [ -70.597874861672267, -33.54095827892408 ], [ -70.597874512735956, -33.541035745389387 ], [ -70.597926707006152, -33.541051972749372 ], [ -70.59805641391516, -33.541093933145518 ], [ -70.598865171892811, -33.541086299017856 ], [ -70.599770685280077, -33.541066751623511 ], [ -70.599925712619523, -33.541063404513693 ], [ -70.599940972861091, -33.541063404796112 ], [ -70.60039875876717, -33.54105577244065 ], [ -70.600818399360932, -33.541048140151119 ], [ -70.601222777470042, -33.541040508149386 ], [ -70.601375373264659, -33.541040506669511 ], [ -70.601657675226292, -33.54103669058518 ], [ -70.60207731333378, -33.541029056765787 ], [ -70.602429421267743, -33.541021739210024 ], [ -70.602495393951159, -33.541017332087414 ], [ -70.602916592560561, -33.541013794740849 ], [ -70.603449194676116, -33.541003418427486 ], [ -70.603494135509564, -33.541002321408421 ], [ -70.603491908330426, -33.540881743476177 ], [ -70.603491303604514, -33.540842706986147 ], [ -70.603445880921683, -33.540843366547946 ], [ -70.602426401976615, -33.54085816816351 ], [ -70.602425944030784, -33.540833358688602 ], [ -70.598864277382589, -33.540895932470747 ], [ -70.598825702084326, -33.540896609220482 ], [ -70.598038856698949, -33.54061888900835 ] ] ] ] } },
{ "type": "Feature", "properties": { "objectid": 17266, "cod_region": "13", "region": "Región Metropolitana De Santiago", "cut_provincia": "131", "provincia": "Santiago", "cut_comuna": "13110", "comuna": "La Florida", "zona": "PL", "nombre_zona": "PL Zona de Plazas", "uperm": "Espacio público y áreas verdes.", "uproh": "Todo uso no mencionado como permitido.", "srid": "EPSG: 4326" }, "geometry": { "type": "MultiPolygon", "coordinates": [ [ [ [ -70.596503992049193, -33.540104549879331 ], [ -70.597038150061792, -33.540281660015751 ], [ -70.597018130463397, -33.539339849909098 ], [ -70.596843262533341, -33.539342954136771 ], [ -70.59681220869787, -33.539413694981036 ], [ -70.596503992049193, -33.540104549879331 ] ] ] ] } },
{ "type": "Feature", "properties": { "objectid": 17267, "cod_region": "13", "region": "Región Metropolitana De Santiago", "cut_provincia": "131", "provincia": "Santiago", "cut_comuna": "13110", "comuna": "La Florida", "zona": "PL", "nombre_zona": "PL Zona de Plazas", "uperm": "Espacio público y áreas verdes.", "uproh": "Todo uso no mencionado como permitido.", "srid": "EPSG: 4326" }, "geometry": { "type": "MultiPolygon", "coordinates": [ [ [ [ -70.598331042207235, -33.536092745786895 ], [ -70.598277038399814, -33.53620749999746 ], [ -70.598147930512255, -33.536481855981471 ], [ -70.59807163413538, -33.536668778492434 ], [ -70.598030738468381, -33.53683472216828 ], [ -70.5980808940039, -33.536880974940502 ], [ -70.598366496918899, -33.536876429575948 ], [ -70.598370502871219, -33.536479573455274 ], [ -70.598550896273736, -33.536477723303911 ], [ -70.598562559302579, -33.536090703677623 ], [ -70.598941917375527, -33.536087354334867 ], [ -70.598937701009646, -33.535628274947321 ], [ -70.598746706567283, -33.535663699383001 ], [ -70.598646110179516, -33.535683628178106 ], [ -70.598521782712126, -33.535715081956774 ], [ -70.598331042207235, -33.536092745786895 ] ] ] ] } },
{ "type": "Feature", "properties": { "objectid": 17268, "cod_region": "13", "region": "Región Metropolitana De Santiago", "cut_provincia": "131", "provincia": "Santiago", "cut_comuna": "13110", "comuna": "La Florida", "zona": "PL", "nombre_zona": "PL Zona de Plazas", "uperm": "Espacio público y áreas verdes.", "uproh": "Todo uso no mencionado como permitido.", "srid": "EPSG: 4326" }, "geometry": { "type": "MultiPolygon", "coordinates": [ [ [ [ -70.606792552853122, -33.544302116995759 ], [ -70.607151155010271, -33.544534816343941 ], [ -70.607128257592805, -33.543527712645506 ], [ -70.606357648448125, -33.543546792136731 ], [ -70.605625188313923, -33.543565869849559 ], [ -70.605197918933044, -33.543573501223605 ], [ -70.605938012833533, -33.543897754412683 ], [ -70.60611349843019, -33.543970234127933 ], [ -70.606678106022471, -33.544237266371475 ], [ -70.606792552853122, -33.544302116995759 ] ] ] ] } },
{ "type": "Feature", "properties": { "objectid": 17269, "cod_region": "13", "region": "Región Metropolitana De Santiago", "cut_provincia": "131", "provincia": "Santiago", "cut_comuna": "13110", "comuna": "La Florida", "zona": "PL", "nombre_zona": "PL Zona de Plazas", "uperm": "Espacio público y áreas verdes.", "uproh": "Todo uso no mencionado como permitido.", "srid": "EPSG: 4326" }, "geometry": { "type": "MultiPolygon", "coordinates": [ [ [ [ -70.602176534892891, -33.544981176271627 ], [ -70.602184167191595, -33.545217693480922 ], [ -70.602596175595636, -33.54521006162706 ], [ -70.603002819676291, -33.545206060054852 ], [ -70.60299710495714, -33.54511927435054 ], [ -70.602992922574416, -33.544969727372766 ], [ -70.602588544346659, -33.544973545349798 ], [ -70.602176534892891, -33.544981176271627 ] ] ] ] } },
{ "type": "Feature", "properties": { "objectid": 17275, "cod_region": "13", "region": "Región Metropolitana De Santiago", "cut_provincia": "131", "provincia": "Santiago", "cut_comuna": "13110", "comuna": "La Florida", "zona": "PL", "nombre_zona": "PL Zona de Plazas", "uperm": "Espacio público y áreas verdes.", "uproh": "Todo uso no mencionado como permitido.", "srid": "EPSG: 4326" }, "geometry": { "type": "MultiPolygon", "coordinates": [ [ [ [ -70.605762239154117, -33.560000535838967 ], [ -70.605997052993715, -33.560022859917083 ], [ -70.606061746060604, -33.559562995272557 ], [ -70.606061225508839, -33.559534877942731 ], [ -70.606052622674213, -33.559523268653884 ], [ -70.606024534794045, -33.559516596250148 ], [ -70.605831191015355, -33.5594956631328 ], [ -70.605701630046653, -33.559992342783545 ], [ -70.605762239154117, -33.560000535838967 ] ] ] ] } },
{ "type": "Feature", "properties": { "objectid": 17276, "cod_region": "13", "region": "Región Metropolitana De Santiago", "cut_provincia": "131", "provincia": "Santiago", "cut_comuna": "13110", "comuna": "La Florida", "zona": "PL", "nombre_zona": "PL Zona de Plazas", "uperm": "Espacio público y áreas verdes.", "uproh": "Todo uso no mencionado como permitido.", "srid": "EPSG: 4326" }, "geometry": { "type": "MultiPolygon", "coordinates": [ [ [ [ -70.608870362255132, -33.554853365759094 ], [ -70.608849371815538, -33.554996917604001 ], [ -70.608848873206796, -33.554996864565084 ], [ -70.608831704703817, -33.555134106307634 ], [ -70.609076969935799, -33.55516083497394 ], [ -70.609081585756499, -33.555120838872277 ], [ -70.609097164437344, -33.555023460978312 ], [ -70.60911210128863, -33.554930099103558 ], [ -70.609119952668962, -33.554879065072441 ], [ -70.60914261846672, -33.554731729924555 ], [ -70.609140943537895, -33.554683697438698 ], [ -70.609197631379658, -33.554278594380101 ], [ -70.609228761414087, -33.554056142271314 ], [ -70.608990586979246, -33.55405528230682 ], [ -70.608892022775763, -33.55470877802815 ], [ -70.608870217639634, -33.554853350504324 ], [ -70.608870362255132, -33.554853365759094 ] ] ] ] } },
{ "type": "Feature", "properties": { "objectid": 17277, "cod_region": "13", "region": "Región Metropolitana De Santiago", "cut_provincia": "131", "provincia": "Santiago", "cut_comuna": "13110", "comuna": "La Florida", "zona": "PL", "nombre_zona": "PL Zona de Plazas", "uperm": "Espacio público y áreas verdes.", "uproh": "Todo uso no mencionado como permitido.", "srid": "EPSG: 4326" }, "geometry": { "type": "MultiPolygon", "coordinates": [ [ [ [ -70.611692393976384, -33.555036078267051 ], [ -70.61213350958603, -33.555529167455866 ], [ -70.612247950917563, -33.555635813703972 ], [ -70.612407235270041, -33.555097140478566 ], [ -70.612426282033141, -33.555029048651043 ], [ -70.612326719094071, -33.555035412945394 ], [ -70.611770912522005, -33.555035055833038 ], [ -70.611692393976384, -33.555036078267051 ] ] ] ] } },
{ "type": "Feature", "properties": { "objectid": 17278, "cod_region": "13", "region": "Región Metropolitana De Santiago", "cut_provincia": "131", "provincia": "Santiago", "cut_comuna": "13110", "comuna": "La Florida", "zona": "PL", "nombre_zona": "PL Zona de Plazas", "uperm": "Espacio público y áreas verdes.", "uproh": "Todo uso no mencionado como permitido.", "srid": "EPSG: 4326" }, "geometry": { "type": "MultiPolygon", "coordinates": [ [ [ [ -70.591876451306831, -33.560457829144198 ], [ -70.591853563748046, -33.560637123961563 ], [ -70.591807788273741, -33.561030047665412 ], [ -70.591746119808221, -33.561417409504102 ], [ -70.591777351698369, -33.561419624901482 ], [ -70.591737350819983, -33.561748345869425 ], [ -70.591697620166087, -33.561942463128844 ], [ -70.591678683738508, -33.562012011517695 ], [ -70.591638707986434, -33.56227438523333 ], [ -70.591599122520535, -33.562539430511514 ], [ -70.591558277655778, -33.563031914656698 ], [ -70.591806643339382, -33.563057208908077 ], [ -70.591869829815849, -33.562514279933687 ], [ -70.591935093279744, -33.561966874601488 ], [ -70.591952616914526, -33.561901003933698 ], [ -70.592012052837958, -33.561441218545212 ], [ -70.592111731337326, -33.561452092835005 ], [ -70.592174017589414, -33.561075824296928 ], [ -70.592212165004, -33.560808788062467 ], [ -70.592250311118931, -33.560492160750719 ], [ -70.592926227486686, -33.560555949635017 ], [ -70.593021655437937, -33.560534613509567 ], [ -70.593038167019216, -33.560526429797314 ], [ -70.59306196175163, -33.560526123521456 ], [ -70.593346528430189, -33.560553437849904 ], [ -70.593492981964488, -33.560567495592615 ], [ -70.594029439045869, -33.560616172906023 ], [ -70.594023320538213, -33.560467328831685 ], [ -70.594020421381913, -33.560396782555337 ], [ -70.594016814592706, -33.560277759962432 ], [ -70.592509722195487, -33.560125938026331 ], [ -70.589930849689992, -33.559885624057564 ], [ -70.589627461943266, -33.559849933868335 ], [ -70.589560261453045, -33.560210479913081 ], [ -70.591281327022685, -33.560400611627898 ], [ -70.591876451306831, -33.560457829144198 ] ] ] ] } },
{ "type": "Feature", "properties": { "objectid": 17279, "cod_region": "13", "region": "Región Metropolitana De Santiago", "cut_provincia": "131", "provincia": "Santiago", "cut_comuna": "13110", "comuna": "La Florida", "zona": "PL", "nombre_zona": "PL Zona de Plazas", "uperm": "Espacio público y áreas verdes.", "uproh": "Todo uso no mencionado como permitido.", "srid": "EPSG: 4326" }, "geometry": { "type": "MultiPolygon", "coordinates": [ [ [ [ -70.587946955532459, -33.542944168856529 ], [ -70.587727126456954, -33.543433175619235 ], [ -70.587915784859902, -33.543430755866723 ], [ -70.588648902608838, -33.543417195393758 ], [ -70.589165664480703, -33.54343636396635 ], [ -70.589256052299348, -33.543253762309398 ], [ -70.588595489388638, -33.543043345681781 ], [ -70.587995293526177, -33.542853655099108 ], [ -70.587946955532459, -33.542944168856529 ] ] ] ] } },
{ "type": "Feature", "properties": { "objectid": 17280, "cod_region": "13", "region": "Región Metropolitana De Santiago", "cut_provincia": "131", "provincia": "Santiago", "cut_comuna": "13110", "comuna": "La Florida", "zona": "PL", "nombre_zona": "PL Zona de Plazas", "uperm": "Espacio público y áreas verdes.", "uproh": "Todo uso no mencionado como permitido.", "srid": "EPSG: 4326" }, "geometry": { "type": "MultiPolygon", "coordinates": [ [ [ [ -70.574592177507753, -33.559201303995302 ], [ -70.574884897397069, -33.55923720032321 ], [ -70.575035173033584, -33.558375572922749 ], [ -70.57475383175705, -33.558341983282233 ], [ -70.574592177507753, -33.559201303995302 ] ] ] ] } },
{ "type": "Feature", "properties": { "objectid": 17281, "cod_region": "13", "region": "Región Metropolitana De Santiago", "cut_provincia": "131", "provincia": "Santiago", "cut_comuna": "13110", "comuna": "La Florida", "zona": "U-VEV4", "nombre_zona": "U-VEV4 Zona de Vivienda y Equipamiento Vecinal N°4", "uperm": "Residencial; equip. de comercio, culto, deporte, educación, esparcimiento, salud, seguridad, servicios, social, oficina y turismo; act. productiva peligrosa, contaminante y molesta; infr. de transporte; espacio público y áreas verdes.", "uproh": "Todo uso no mencionado como permitido.", "srid": "EPSG: 4326" }, "geometry": { "type": "MultiPolygon", "coordinates": [ [ [ [ -70.575983258560512, -33.521810320842135 ], [ -70.577173511344455, -33.521894239576675 ], [ -70.577196398755106, -33.521810311680404 ], [ -70.577272693395003, -33.521520389856441 ], [ -70.575929849337058, -33.521425026307448 ], [ -70.575924679513435, -33.521424816138612 ], [ -70.575980367307395, -33.521770596947917 ], [ -70.575983258560512, -33.521810320842135 ] ] ] ] } },
{ "type": "Feature", "properties": { "objectid": 17282, "cod_region": "13", "region": "Región Metropolitana De Santiago", "cut_provincia": "131", "provincia": "Santiago", "cut_comuna": "13110", "comuna": "La Florida", "zona": "U-VEV4", "nombre_zona": "U-VEV4 Zona de Vivienda y Equipamiento Vecinal N°4", "uperm": "Residencial; equip. de comercio, culto, deporte, educación, esparcimiento, salud, seguridad, servicios, social, oficina y turismo; act. productiva peligrosa, contaminante y molesta; infr. de transporte; espacio público y áreas verdes.", "uproh": "Todo uso no mencionado como permitido.", "srid": "EPSG: 4326" }, "geometry": { "type": "MultiPolygon", "coordinates": [ [ [ [ -70.577089571406731, -33.520642989095222 ], [ -70.576891196813492, -33.520646804873337 ], [ -70.576418150140697, -33.520642993081495 ], [ -70.575861175391054, -33.520639181548901 ], [ -70.575800471531579, -33.520639181135472 ], [ -70.575868806556201, -33.52107788149187 ], [ -70.575924679513435, -33.521424816138612 ], [ -70.575929849337058, -33.521425026307448 ], [ -70.577272693395003, -33.521520389856441 ], [ -70.57729558215334, -33.521405944975399 ], [ -70.577364246324407, -33.521089317054553 ], [ -70.577478690727816, -33.520608653259117 ], [ -70.577394762355922, -33.520604838933885 ], [ -70.577089571406731, -33.520642989095222 ] ] ] ] } },
{ "type": "Feature", "properties": { "objectid": 17283, "cod_region": "13", "region": "Región Metropolitana De Santiago", "cut_provincia": "131", "provincia": "Santiago", "cut_comuna": "13110", "comuna": "La Florida", "zona": "PL", "nombre_zona": "PL Zona de Plazas", "uperm": "Espacio público y áreas verdes.", "uproh": "Todo uso no mencionado como permitido.", "srid": "EPSG: 4326" }, "geometry": { "type": "MultiPolygon", "coordinates": [ [ [ [ -70.575832299065311, -33.519549805135959 ], [ -70.575914829937901, -33.519584546680775 ], [ -70.575861161701411, -33.51911326593266 ], [ -70.575812301560262, -33.518795150883292 ], [ -70.575811977408762, -33.518777278065272 ], [ -70.575815709474711, -33.518769104201802 ], [ -70.57582842870697, -33.518735059763948 ], [ -70.575341710116177, -33.51878813634638 ], [ -70.575344003280563, -33.518935633673777 ], [ -70.57538969697832, -33.519099096791251 ], [ -70.575521319888551, -33.519288309626695 ], [ -70.575673871408156, -33.519453395453112 ], [ -70.575832299065311, -33.519549805135959 ] ] ] ] } },
{ "type": "Feature", "properties": { "objectid": 17284, "cod_region": "13", "region": "Región Metropolitana De Santiago", "cut_provincia": "131", "provincia": "Santiago", "cut_comuna": "13110", "comuna": "La Florida", "zona": "AV2", "nombre_zona": "AV2 Zona Cerros Islas", "uperm": "Equipamiento de culto, deporte, científico y turismo; espacio público y áreas verdes.", "uproh": "Residencial; equipamiento de comercio, educación, salud, seguridad, servicios, social, oficina y cementerio; actividad productiva; infraestructura.", "srid": "EPSG: 4326" }, "geometry": { "type": "MultiPolygon", "coordinates": [ [ [ [ -70.560625263032961, -33.534978591889995 ], [ -70.560441494254448, -33.535364351248596 ], [ -70.560891650924063, -33.53532238737214 ], [ -70.56120446879693, -33.53482264679306 ], [ -70.561433357823887, -33.534322908772772 ], [ -70.561502022136139, -33.534025355617139 ], [ -70.561570688539319, -33.533697282704175 ], [ -70.56181483618208, -33.533155582432634 ], [ -70.561944540089769, -33.53278173269328 ], [ -70.561982686765262, -33.53252995507242 ], [ -70.562148466783896, -33.532353495006973 ], [ -70.561785362530387, -33.532381191282205 ], [ -70.561394585349248, -33.53312518117378 ], [ -70.561167073521361, -33.533624227231542 ], [ -70.561115341814485, -33.53406158016147 ], [ -70.561033593157731, -33.534486835607474 ], [ -70.560918017176405, -33.534687926943178 ], [ -70.560625263032961, -33.534978591889995 ] ] ] ] } },
{ "type": "Feature", "properties": { "objectid": 17285, "cod_region": "13", "region": "Región Metropolitana De Santiago", "cut_provincia": "131", "provincia": "Santiago", "cut_comuna": "13110", "comuna": "La Florida", "zona": "AV2", "nombre_zona": "AV2 Zona Cerros Islas", "uperm": "Equipamiento de culto, deporte, científico y turismo; espacio público y áreas verdes.", "uproh": "Residencial; equipamiento de comercio, educación, salud, seguridad, servicios, social, oficina y cementerio; actividad productiva; infraestructura.", "srid": "EPSG: 4326" }, "geometry": { "type": "MultiPolygon", "coordinates": [ [ [ [ -70.561393731311981, -33.529035638679659 ], [ -70.561382438416416, -33.529387804757199 ], [ -70.561587645735486, -33.529428167478983 ], [ -70.561811279132584, -33.529506473680016 ], [ -70.56202530236493, -33.529050416279247 ], [ -70.562173418981217, -33.529048547704789 ], [ -70.562489457020334, -33.52951223428542 ], [ -70.562099466356003, -33.529688954245579 ], [ -70.56219258945373, -33.529797539220503 ], [ -70.562357679454976, -33.530105648490881 ], [ -70.562543724062735, -33.53062824200218 ], [ -70.562550473961281, -33.531320123836657 ], [ -70.562470857364474, -33.531645637229239 ], [ -70.562361982202617, -33.531928570161639 ], [ -70.562224192708996, -33.53218800632942 ], [ -70.562300086561436, -33.532192105295934 ], [ -70.562434912162161, -33.532048590546964 ], [ -70.562773457839612, -33.531819730209627 ], [ -70.563140670312364, -33.531528120359489 ], [ -70.563284230845014, -33.531226855673061 ], [ -70.56324837707605, -33.530890424786655 ], [ -70.563151149970381, -33.530454952457553 ], [ -70.563073082748019, -33.530256301916147 ], [ -70.562871594361994, -33.529822145406243 ], [ -70.562656337159581, -33.529450547202622 ], [ -70.56245664813126, -33.529116183450768 ], [ -70.562295125180668, -33.528898232902819 ], [ -70.561401523913503, -33.528900800793529 ], [ -70.561393731311981, -33.529035638679659 ] ] ] ] } },
{ "type": "Feature", "properties": { "objectid": 17286, "cod_region": "13", "region": "Región Metropolitana De Santiago", "cut_provincia": "131", "provincia": "Santiago", "cut_comuna": "13110", "comuna": "La Florida", "zona": "PL", "nombre_zona": "PL Zona de Plazas", "uperm": "Espacio público y áreas verdes.", "uproh": "Todo uso no mencionado como permitido.", "srid": "EPSG: 4326" }, "geometry": { "type": "MultiPolygon", "coordinates": [ [ [ [ -70.56585084759071, -33.515870757841306 ], [ -70.565942048424873, -33.516547301355793 ], [ -70.566097662582408, -33.516532756702311 ], [ -70.565927639434591, -33.515313929295232 ], [ -70.565860026678692, -33.515203902307817 ], [ -70.565817604332537, -33.514749741123268 ], [ -70.565713502334717, -33.514760656320732 ], [ -70.565782174387564, -33.515329057836013 ], [ -70.56585084759071, -33.515870757841306 ] ] ] ] } },
{ "type": "Feature", "properties": { "objectid": 17287, "cod_region": "13", "region": "Región Metropolitana De Santiago", "cut_provincia": "131", "provincia": "Santiago", "cut_comuna": "13110", "comuna": "La Florida", "zona": "PL", "nombre_zona": "PL Zona de Plazas", "uperm": "Espacio público y áreas verdes.", "uproh": "Todo uso no mencionado como permitido.", "srid": "EPSG: 4326" }, "geometry": { "type": "MultiPolygon", "coordinates": [ [ [ [ -70.599010049161862, -33.55763600878921 ], [ -70.599071867083225, -33.557646147396646 ], [ -70.599106456130471, -33.55763695827676 ], [ -70.599146482673845, -33.557471803229234 ], [ -70.599167086198193, -33.557343354258741 ], [ -70.599151180350248, -33.557328995389234 ], [ -70.598928578614363, -33.557296464046047 ], [ -70.598857425944331, -33.557610978198923 ], [ -70.599010049161862, -33.55763600878921 ] ] ] ] } },
{ "type": "Feature", "properties": { "objectid": 17288, "cod_region": "13", "region": "Región Metropolitana De Santiago", "cut_provincia": "131", "provincia": "Santiago", "cut_comuna": "13110", "comuna": "La Florida", "zona": "PL", "nombre_zona": "PL Zona de Plazas", "uperm": "Espacio público y áreas verdes.", "uproh": "Todo uso no mencionado como permitido.", "srid": "EPSG: 4326" }, "geometry": { "type": "MultiPolygon", "coordinates": [ [ [ [ -70.558705079820228, -33.535397856372526 ], [ -70.558740045725727, -33.535429212856435 ], [ -70.558859610058363, -33.535345393997112 ], [ -70.558992327592804, -33.535270957970482 ], [ -70.55907099578198, -33.535228387662208 ], [ -70.559194457135604, -33.535191489369588 ], [ -70.559320490821932, -33.535158716891743 ], [ -70.559351566092928, -33.535150855669805 ], [ -70.559193280382999, -33.534989939111007 ], [ -70.559142761606026, -33.535024514723197 ], [ -70.559004351509799, -33.535122783072239 ], [ -70.558878420309725, -33.535218792891456 ], [ -70.558814408593761, -33.535278354786612 ], [ -70.558765264082695, -33.535329334349711 ], [ -70.558705079820228, -33.535397856372526 ] ] ] ] } },
{ "type": "Feature", "properties": { "objectid": 17289, "cod_region": "13", "region": "Región Metropolitana De Santiago", "cut_provincia": "131", "provincia": "Santiago", "cut_comuna": "13110", "comuna": "La Florida", "zona": "PL", "nombre_zona": "PL Zona de Plazas", "uperm": "Espacio público y áreas verdes.", "uproh": "Todo uso no mencionado como permitido.", "srid": "EPSG: 4326" }, "geometry": { "type": "MultiPolygon", "coordinates": [ [ [ [ -70.595017508004219, -33.55473682399154 ], [ -70.595312154599682, -33.554768973258618 ], [ -70.595347955501822, -33.554579222481593 ], [ -70.59505100596968, -33.554546682717366 ], [ -70.595017508004219, -33.55473682399154 ] ] ] ] } },
{ "type": "Feature", "properties": { "objectid": 17290, "cod_region": "13", "region": "Región Metropolitana De Santiago", "cut_provincia": "131", "provincia": "Santiago", "cut_comuna": "13110", "comuna": "La Florida", "zona": "PL", "nombre_zona": "PL Zona de Plazas", "uperm": "Espacio público y áreas verdes.", "uproh": "Todo uso no mencionado como permitido.", "srid": "EPSG: 4326" }, "geometry": { "type": "MultiPolygon", "coordinates": [ [ [ [ -70.574648255283932, -33.545717597121183 ], [ -70.574610105805959, -33.545763375632148 ], [ -70.575050073517389, -33.54589543310076 ], [ -70.57507096735516, -33.545820530436202 ], [ -70.575079244318417, -33.545724691010527 ], [ -70.575549157933594, -33.545848523406001 ], [ -70.575644000236196, -33.545649311643722 ], [ -70.575083151301328, -33.545679445447668 ], [ -70.574709292716705, -33.545694707960109 ], [ -70.574648255283932, -33.545717597121183 ] ] ] ] } },
{ "type": "Feature", "properties": { "objectid": 17291, "cod_region": "13", "region": "Región Metropolitana De Santiago", "cut_provincia": "131", "provincia": "Santiago", "cut_comuna": "13110", "comuna": "La Florida", "zona": "U-VEV1", "nombre_zona": "U-VEV1 Uso Preferente Vivienda y Equipamiento  N°1", "uperm": "Residencial; equipamiento científico, comercio, culto y cultura, deporte, educación, esparcimiento, salud, seguridad, servicios, social y turismo; infraestructura de transporte; espacio público y áreas verdes. Mayor detalle en Ordenanza", "uproh": "Todo uso no mencionado como permitido.", "srid": "EPSG: 4326" }, "geometry": { "type": "MultiPolygon", "coordinates": [ [ [ [ -70.541365581440616, -33.533703269618421 ], [ -70.540348034390419, -33.533354063537658 ], [ -70.538869553042787, -33.532885682859288 ], [ -70.537727194386434, -33.532524942976522 ], [ -70.537252030231599, -33.533515998268129 ], [ -70.536586752547976, -33.534903538360133 ], [ -70.535930124588035, -33.535685273341286 ], [ -70.536501906904277, -33.536002586103862 ], [ -70.537192198430503, -33.536280993374412 ], [ -70.53825224371802, -33.536405077556687 ], [ -70.539224683033652, -33.536630058338652 ], [ -70.539826054270193, -33.536934510698643 ], [ -70.540268883887805, -33.537540385760813 ], [ -70.540664595190222, -33.538009595680556 ], [ -70.541513401936541, -33.538822524060784 ], [ -70.541654400359576, -33.538791655487586 ], [ -70.541890378768073, -33.538655626361354 ], [ -70.542063227890438, -33.538320748314234 ], [ -70.542374810230612, -33.537967506613342 ], [ -70.542728476971675, -33.537746828419714 ], [ -70.543132266401557, -33.53699316447846 ], [ -70.54324759363007, -33.536775455230206 ], [ -70.543582573916012, -33.536621553721005 ], [ -70.543756595530567, -33.536353203088481 ], [ -70.543891483496381, -33.536118614179301 ], [ -70.544142283749068, -33.535699579937749 ], [ -70.544218308616436, -33.535417465986654 ], [ -70.543792189324549, -33.535287018209715 ], [ -70.543511817204418, -33.535147614977149 ], [ -70.543200968038605, -33.534939184195139 ], [ -70.542933336093427, -33.534693467111296 ], [ -70.542733872154798, -33.534442816561182 ], [ -70.54243197975255, -33.534189360926653 ], [ -70.542047301300215, -33.533941017290118 ], [ -70.541566446614937, -33.533767360187412 ], [ -70.541408375943746, -33.533717955283699 ], [ -70.541365445646676, -33.533704537481164 ], [ -70.541365581440616, -33.533703269618421 ] ] ] ] } },
{ "type": "Feature", "properties": { "objectid": 17292, "cod_region": "13", "region": "Región Metropolitana De Santiago", "cut_provincia": "131", "provincia": "Santiago", "cut_comuna": "13110", "comuna": "La Florida", "zona": "ESP-4", "nombre_zona": "ESP-4 Precordillera", "uperm": "Equipamieno de comerrcio, culto y cultura, deporte, esparcimiento y pareas verdes. Mayor detalle en ordenanza", "uproh": "Todo uso no mencionado como permitido.", "srid": "EPSG: 4326" }, "geometry": { "type": "MultiPolygon", "coordinates": [ [ [ [ -70.535940882702022, -33.527217385132936 ], [ -70.537436233657886, -33.527034626604213 ], [ -70.537090982196531, -33.525481711784693 ], [ -70.535572557833532, -33.52569392171997 ], [ -70.535868484350871, -33.527223236003159 ], [ -70.535940882702022, -33.527217385132936 ] ] ] ] } },
{ "type": "Feature", "properties": { "objectid": 17293, "cod_region": "13", "region": "Región Metropolitana De Santiago", "cut_provincia": "131", "provincia": "Santiago", "cut_comuna": "13110", "comuna": "La Florida", "zona": "ZRM-DT", "nombre_zona": "ZRM-DT Zona Residencial Mixta - Departamental/Tobalaba", "uperm": "Residencial: Vivienda, hogares de acogida y hospedaje; Equipamiento: Científico, comercio, culto y cultura, deporte, educación, esparcimiento, salud, seguridad, servicio y social; Espacio público; Áreas verdes.", "uproh": "Todos los usos no indicados como permitidos, además de estadios, cementerios y crematorios, cárcel y centros de detención, casinos y juegos electrónicos o mecánicos.", "srid": "EPSG: 4326" }, "geometry": { "type": "MultiPolygon", "coordinates": [ [ [ [ -70.561461865438019, -33.512362769147266 ], [ -70.560919506104625, -33.512398347035202 ], [ -70.560962760596865, -33.511622611675506 ], [ -70.560656091744718, -33.51165654336436 ], [ -70.560630736130989, -33.511862727619942 ], [ -70.560560461949407, -33.512073589298637 ], [ -70.560477768464708, -33.512227341995164 ], [ -70.560393315471828, -33.512361722912495 ], [ -70.560342191822215, -33.512538701260993 ], [ -70.56017577466983, -33.513027785077711 ], [ -70.560095152298658, -33.513264728856846 ], [ -70.56153888853369, -33.512944115215952 ], [ -70.561529298172559, -33.512917570776857 ], [ -70.561471778379044, -33.512696806142472 ], [ -70.561461865438019, -33.512362769147266 ] ] ] ] } },
{ "type": "Feature", "properties": { "objectid": 17294, "cod_region": "13", "region": "Región Metropolitana De Santiago", "cut_provincia": "131", "provincia": "Santiago", "cut_comuna": "13110", "comuna": "La Florida", "zona": "RI-1", "nombre_zona": "RI-1 Zona Terminales Rodoviarios de Locomoción Colectiva Urbana", "uperm": "Equipamiento de comercio, esparcimiento y servicios; infraestructura.", "uproh": "Residencial; equipamiento; actividad productiva.", "srid": "EPSG: 4326" }, "geometry": { "type": "MultiPolygon", "coordinates": [ [ [ [ -70.560962760596865, -33.511622611675506 ], [ -70.560919506104625, -33.512398347035202 ], [ -70.561461865438019, -33.512362769147266 ], [ -70.561457338612456, -33.512210223681983 ], [ -70.56165088981092, -33.511572184161537 ], [ -70.561597663734091, -33.511575965679448 ], [ -70.561001749054952, -33.511618297426857 ], [ -70.560962760596865, -33.511622611675506 ] ] ] ] } }
]
}
