{"type": "FeatureCollection", "features": [{"type": "Feature", "properties": {"zona": "AV", "nombre": "AV Zona de Areas Verdes", "uperm": "Área verde", "uproh": "Todos los otros usos de suelo", "comuna": "Ñuñoa"}, "geometry": {"type": "Polygon", "coordinates": [[[-70.58054875664948, -33.44110475042692], [-70.58057128690199, -33.44084318000119], [-70.58044774214832, -33.440832189609054], [-70.58041856417618, -33.4410905259941], [-70.58054875664948, -33.44110475042692]]]}}, {"type": "Feature", "properties": {"zona": "AV", "nombre": "AV Zona de Areas Verdes", "uperm": "Área verde", "uproh": "Todos los otros usos de suelo", "comuna": "Ñuñoa"}, "geometry": {"type": "Polygon", "coordinates": [[[-70.58036411978098, -33.44022642312306], [-70.58047291019585, -33.44021645900101], [-70.58048299456446, -33.440157784024024], [-70.58007893633534, -33.44018925240142], [-70.58008196561205, -33.44025226490944], [-70.58036411978098, -33.44022642312306]]]}}, {"type": "Feature", "properties": {"zona": "AV", "nombre": "AV Zona de Areas Verdes", "uperm": "Área verde", "uproh": "Todos los otros usos de suelo", "comuna": "Ñuñoa"}, "geometry": {"type": "Polygon", "coordinates": [[[-70.5968821438548, -33.44905941526064], [-70.59688703989676, -33.4490280206729], [-70.59629980469443, -33.44894166311291], [-70.59629862213282, -33.44897029985221], [-70.5968821438548, -33.44905941526064]]]}}, {"type": "Feature", "properties": {"zona": "AV", "nombre": "AV Zona de Areas Verdes", "uperm": "Área verde", "uproh": "Todos los otros usos de suelo", "comuna": "Ñuñoa"}, "geometry": {"type": "Polygon", "coordinates": [[[-70.59015170516713, -33.44694901143414], [-70.59008854872181, -33.44694908200252], [-70.59009145745013, -33.44784075526531], [-70.59015962421668, -33.44784945209176], [-70.59015170516713, -33.44694901143414]]]}}, {"type": "Feature", "properties": {"zona": "AV", "nombre": "AV Zona de Areas Verdes", "uperm": "Área verde", "uproh": "Todos los otros usos de suelo", "comuna": "Ñuñoa"}, "geometry": {"type": "Polygon", "coordinates": [[[-70.5882726118242, -33.44295904525558], [-70.5879567390875, -33.44243772929858], [-70.58789954322367, -33.44246017267068], [-70.58821753739056, -33.44297696323993], [-70.5882726118242, -33.44295904525558]]]}}, {"type": "Feature", "properties": {"zona": "AV", "nombre": "AV Zona de Areas Verdes", "uperm": "Área verde", "uproh": "Todos los otros usos de suelo", "comuna": "Ñuñoa"}, "geometry": {"type": "Polygon", "coordinates": [[[-70.59704094637867, -33.469197185744605], [-70.597234457635, -33.46919031711788], [-70.59724075696698, -33.46915848064705], [-70.59704137347038, -33.46916486311456], [-70.59704094637867, -33.469197185744605]]]}}, {"type": "Feature", "properties": {"zona": "AV", "nombre": "AV Zona de Areas Verdes", "uperm": "Área verde", "uproh": "Todos los otros usos de suelo", "comuna": "Ñuñoa"}, "geometry": {"type": "Polygon", "coordinates": [[[-70.5991538813348, -33.468369812252064], [-70.59926478464897, -33.46836736750918], [-70.59926018894238, -33.46830100875858], [-70.5991486061654, -33.468305941397034], [-70.5991538813348, -33.468369812252064]]]}}, {"type": "Feature", "properties": {"zona": "AV", "nombre": "AV Zona de Areas Verdes", "uperm": "Área verde", "uproh": "Todos los otros usos de suelo", "comuna": "Ñuñoa"}, "geometry": {"type": "Polygon", "coordinates": [[[-70.60134250223693, -33.46581072521998], [-70.60141765092897, -33.46580992647856], [-70.60142459158327, -33.465657097278964], [-70.60133545717962, -33.4656582507796], [-70.60134250223693, -33.46581072521998]]]}}, {"type": "Feature", "properties": {"zona": "AV", "nombre": "AV Zona de Areas Verdes", "uperm": "Área verde", "uproh": "Todos los otros usos de suelo", "comuna": "Ñuñoa"}, "geometry": {"type": "Polygon", "coordinates": [[[-70.60088065090294, -33.46173752885085], [-70.60127439148704, -33.46172247377647], [-70.60127252129982, -33.46169274200377], [-70.60087981006977, -33.46171128288171], [-70.60088065090294, -33.46173752885085]]]}}, {"type": "Feature", "properties": {"zona": "AV", "nombre": "AV Zona de Areas Verdes", "uperm": "Área verde", "uproh": "Todos los otros usos de suelo", "comuna": "Ñuñoa"}, "geometry": {"type": "Polygon", "coordinates": [[[-70.57173319935151, -33.45649327452592], [-70.57181176982917, -33.4568482054907], [-70.57182252541267, -33.45685326098102], [-70.57191612264072, -33.45684409191035], [-70.57182014095453, -33.45647899263679], [-70.57173319935151, -33.45649327452592]]]}}, {"type": "Feature", "properties": {"zona": "AV", "nombre": "AV Zona de Areas Verdes", "uperm": "Área verde", "uproh": "Todos los otros usos de suelo", "comuna": "Ñuñoa"}, "geometry": {"type": "Polygon", "coordinates": [[[-70.572089521491, -33.45762935548654], [-70.57199616223076, -33.45732863147322], [-70.57196506842729, -33.457329283730594], [-70.57206449810943, -33.45762888825582], [-70.572089521491, -33.45762935548654]]]}}, {"type": "Feature", "properties": {"zona": "AV", "nombre": "AV Zona de Areas Verdes", "uperm": "Área verde", "uproh": "Todos los otros usos de suelo", "comuna": "Ñuñoa"}, "geometry": {"type": "Polygon", "coordinates": [[[-70.60134421866451, -33.4617201792106], [-70.60170775803851, -33.461711148497976], [-70.60170374559203, -33.461671947230144], [-70.60134261012172, -33.461686480509], [-70.60134421866451, -33.4617201792106]]]}}, {"type": "Feature", "properties": {"zona": "AV", "nombre": "AV Zona de Areas Verdes", "uperm": "Área verde", "uproh": "Todos los otros usos de suelo", "comuna": "Ñuñoa"}, "geometry": {"type": "Polygon", "coordinates": [[[-70.57196431691197, -33.45731059727311], [-70.57201716940801, -33.45730687968504], [-70.571950251456, -33.456930769374445], [-70.5718441095488, -33.45694073785441], [-70.57183760441386, -33.45695264794131], [-70.57196431691197, -33.45731059727311]]]}}, {"type": "Feature", "properties": {"zona": "AV", "nombre": "AV Zona de Areas Verdes", "uperm": "Área verde", "uproh": "Todos los otros usos de suelo", "comuna": "Ñuñoa"}, "geometry": {"type": "Polygon", "coordinates": [[[-70.57212801668828, -33.45768461341158], [-70.57243291897554, -33.45766801915419], [-70.57242904979589, -33.4576343999519], [-70.57212567774404, -33.45764075246514], [-70.57212801668828, -33.45768461341158]]]}}, {"type": "Feature", "properties": {"zona": "AV", "nombre": "AV Zona de Areas Verdes", "uperm": "Área verde", "uproh": "Todos los otros usos de suelo", "comuna": "Ñuñoa"}, "geometry": {"type": "Polygon", "coordinates": [[[-70.61811464886785, -33.46724529932797], [-70.61812013873977, -33.467178031549054], [-70.61768670672117, -33.46715253888215], [-70.61767810296425, -33.46721705162578], [-70.61781146287608, -33.467225680957], [-70.61811464886785, -33.46724529932797]]]}}, {"type": "Feature", "properties": {"zona": "AV", "nombre": "AV Zona de Areas Verdes", "uperm": "Área verde", "uproh": "Todos los otros usos de suelo", "comuna": "Ñuñoa"}, "geometry": {"type": "Polygon", "coordinates": [[[-70.60023770969761, -33.461647832135185], [-70.60177200762145, -33.46158509888802], [-70.60177807554493, -33.461556940141435], [-70.60023356928932, -33.4616091257623], [-70.60023770969761, -33.461647832135185]]]}}, {"type": "Feature", "properties": {"zona": "AV", "nombre": "AV Zona de Areas Verdes", "uperm": "Área verde", "uproh": "Todos los otros usos de suelo", "comuna": "Ñuñoa"}, "geometry": {"type": "Polygon", "coordinates": [[[-70.60280166501958, -33.46114080913643], [-70.60282499964515, -33.46128609183084], [-70.60319499530375, -33.4612544139827], [-70.60317457129828, -33.46111151152999], [-70.60280166501958, -33.46114080913643]]]}}, {"type": "Feature", "properties": {"zona": "AV", "nombre": "AV Zona de Areas Verdes", "uperm": "Área verde", "uproh": "Todos los otros usos de suelo", "comuna": "Ñuñoa"}, "geometry": {"type": "Polygon", "coordinates": [[[-70.62059406460737, -33.45414717690817], [-70.62060169736596, -33.45452484075612], [-70.62178668010503, -33.45393284309094], [-70.62059406460737, -33.45414717690817]]]}}, {"type": "Feature", "properties": {"zona": "AV", "nombre": "AV Zona de Areas Verdes", "uperm": "Área verde", "uproh": "Todos los otros usos de suelo", "comuna": "Ñuñoa"}, "geometry": {"type": "Polygon", "coordinates": [[[-70.6143245820344, -33.45215266024731], [-70.61461551736562, -33.45218466296327], [-70.61468065635103, -33.451782949905024], [-70.61438551973261, -33.451754581398106], [-70.6143245820344, -33.45215266024731]]]}}, {"type": "Feature", "properties": {"zona": "AV", "nombre": "AV Zona de Areas Verdes", "uperm": "Área verde", "uproh": "Todos los otros usos de suelo", "comuna": "Ñuñoa"}, "geometry": {"type": "Polygon", "coordinates": [[[-70.61620367094628, -33.45140757376975], [-70.61621102942037, -33.45180416595321], [-70.61636393525339, -33.45179918992527], [-70.61635663141134, -33.45140557940306], [-70.61620367094628, -33.45140757376975]]]}}, {"type": "Feature", "properties": {"zona": "AV", "nombre": "AV Zona de Areas Verdes", "uperm": "Área verde", "uproh": "Todos los otros usos de suelo", "comuna": "Ñuñoa"}, "geometry": {"type": "Polygon", "coordinates": [[[-70.6178645141441, -33.461933204050766], [-70.61787891337933, -33.46209527040274], [-70.61804953835875, -33.46208540816616], [-70.61803272078214, -33.46191573762643], [-70.6178645141441, -33.461933204050766]]]}}, {"type": "Feature", "properties": {"zona": "AV", "nombre": "AV Zona de Areas Verdes", "uperm": "Área verde", "uproh": "Todos los otros usos de suelo", "comuna": "Ñuñoa"}, "geometry": {"type": "Polygon", "coordinates": [[[-70.61687458785676, -33.461987912614056], [-70.61688721375346, -33.46216356935773], [-70.61705335646997, -33.46215758350203], [-70.61704639938465, -33.46199003421292], [-70.61687458785676, -33.461987912614056]]]}}, {"type": "Feature", "properties": {"zona": "AV", "nombre": "AV Zona de Areas Verdes", "uperm": "Área verde", "uproh": "Todos los otros usos de suelo", "comuna": "Ñuñoa"}, "geometry": {"type": "Polygon", "coordinates": [[[-70.61593559952601, -33.46206322152349], [-70.615950265072, -33.46223687228555], [-70.61611405997057, -33.462227101757], [-70.61610084340084, -33.462056116871196], [-70.61593559952601, -33.46206322152349]]]}}, {"type": "Feature", "properties": {"zona": "AV", "nombre": "AV Zona de Areas Verdes", "uperm": "Área verde", "uproh": "Todos los otros usos de suelo", "comuna": "Ñuñoa"}, "geometry": {"type": "Polygon", "coordinates": [[[-70.61973694455301, -33.46484809425427], [-70.61984235007151, -33.46486147237989], [-70.6198897774043, -33.464564500113795], [-70.61952139229248, -33.46450345841043], [-70.61946395808158, -33.46481344573339], [-70.61952017143965, -33.464820580547084], [-70.61973694455301, -33.46484809425427]]]}}, {"type": "Feature", "properties": {"zona": "AV", "nombre": "AV Zona de Areas Verdes", "uperm": "Área verde", "uproh": "Todos los otros usos de suelo", "comuna": "Ñuñoa"}, "geometry": {"type": "Polygon", "coordinates": [[[-70.61889042244901, -33.4645669793284], [-70.61925687373719, -33.4646149383018], [-70.61930483910736, -33.46431722960886], [-70.61893309297639, -33.46428963465913], [-70.61889042244901, -33.4645669793284]]]}}, {"type": "Feature", "properties": {"zona": "AV", "nombre": "AV Zona de Areas Verdes", "uperm": "Área verde", "uproh": "Todos los otros usos de suelo", "comuna": "Ñuñoa"}, "geometry": {"type": "Polygon", "coordinates": [[[-70.62082048869962, -33.46582495353049], [-70.62116253504193, -33.46584720367545], [-70.62120032533188, -33.46555274331189], [-70.62085813802008, -33.46552285931952], [-70.62082048869962, -33.46582495353049]]]}}, {"type": "Feature", "properties": {"zona": "AV", "nombre": "AV Zona de Areas Verdes", "uperm": "Área verde", "uproh": "Todos los otros usos de suelo", "comuna": "Ñuñoa"}, "geometry": {"type": "Polygon", "coordinates": [[[-70.62141289335207, -33.46608253770894], [-70.62173903597117, -33.46610690347239], [-70.62177917281588, -33.4658162297051], [-70.62143246627365, -33.46578831562763], [-70.62141289335207, -33.46608253770894]]]}}, {"type": "Feature", "properties": {"zona": "AV", "nombre": "AV Zona de Areas Verdes", "uperm": "Área verde", "uproh": "Todos los otros usos de suelo", "comuna": "Ñuñoa"}, "geometry": {"type": "Polygon", "coordinates": [[[-70.61927765268095, -33.46577449248678], [-70.61964762601568, -33.46582883331912], [-70.61969484816609, -33.46555142898751], [-70.61932694037117, -33.46548560897349], [-70.61927765268095, -33.46577449248678]]]}}, {"type": "Feature", "properties": {"zona": "AV", "nombre": "AV Zona de Areas Verdes", "uperm": "Área verde", "uproh": "Todos los otros usos de suelo", "comuna": "Ñuñoa"}, "geometry": {"type": "Polygon", "coordinates": [[[-70.61871251443519, -33.46551180992889], [-70.61906650711772, -33.46556536562561], [-70.61912472622194, -33.46526682145119], [-70.61875945215044, -33.46522005340689], [-70.61871251443519, -33.46551180992889]]]}}, {"type": "Feature", "properties": {"zona": "AV", "nombre": "AV Zona de Areas Verdes", "uperm": "Área verde", "uproh": "Todos los otros usos de suelo", "comuna": "Ñuñoa"}, "geometry": {"type": "Polygon", "coordinates": [[[-70.6200727993612, -33.4655740272807], [-70.62056135805177, -33.4656438462262], [-70.62064581550916, -33.46526784034259], [-70.62014579634253, -33.46519461199263], [-70.6200727993612, -33.4655740272807]]]}}, {"type": "Feature", "properties": {"zona": "AV", "nombre": "AV Zona de Areas Verdes", "uperm": "Área verde", "uproh": "Todos los otros usos de suelo", "comuna": "Ñuñoa"}, "geometry": {"type": "Polygon", "coordinates": [[[-70.61808609633923, -33.46709621216948], [-70.61808758969379, -33.46706418950337], [-70.61795133039266, -33.46705678963178], [-70.61769396685855, -33.46704299375817], [-70.6174540683827, -33.467030479074424], [-70.61745090454953, -33.46706405123502], [-70.61763391496505, -33.467073317872554], [-70.61789146360884, -33.467086358426684], [-70.61808609633923, -33.46709621216948]]]}}, {"type": "Feature", "properties": {"zona": "AV", "nombre": "AV Zona de Areas Verdes", "uperm": "Área verde", "uproh": "Todos los otros usos de suelo", "comuna": "Ñuñoa"}, "geometry": {"type": "Polygon", "coordinates": [[[-70.62008355598194, -33.46930234572473], [-70.62006390436801, -33.46956785437809], [-70.62015260441414, -33.469574572276976], [-70.62017589568647, -33.46930754244611], [-70.62008355598194, -33.46930234572473]]]}}, {"type": "Feature", "properties": {"zona": "AV", "nombre": "AV Zona de Areas Verdes", "uperm": "Área verde", "uproh": "Todos los otros usos de suelo", "comuna": "Ñuñoa"}, "geometry": {"type": "Polygon", "coordinates": [[[-70.62076266706661, -33.466799504037354], [-70.6202247945001, -33.46679114726261], [-70.62022391246208, -33.46692090112527], [-70.62075545886661, -33.46694364991816], [-70.62076266706661, -33.466799504037354]]]}}, {"type": "Feature", "properties": {"zona": "AV", "nombre": "AV Zona de Areas Verdes", "uperm": "Área verde", "uproh": "Todos los otros usos de suelo", "comuna": "Ñuñoa"}, "geometry": {"type": "Polygon", "coordinates": [[[-70.58292757958522, -33.470637261210726], [-70.58298982524809, -33.47087828288703], [-70.5830356380826, -33.4708702999512], [-70.58351375189204, -33.47078698393492], [-70.58362024241666, -33.47076842703149], [-70.58353631153291, -33.47047087358892], [-70.58291829988599, -33.47057769188271], [-70.58292757958522, -33.470637261210726]]]}}, {"type": "Feature", "properties": {"zona": "AV", "nombre": "AV Zona de Areas Verdes", "uperm": "Área verde", "uproh": "Todos los otros usos de suelo", "comuna": "Ñuñoa"}, "geometry": {"type": "Polygon", "coordinates": [[[-70.58241474233662, -33.47164964992499], [-70.58268481561042, -33.471756417761405], [-70.58254856382699, -33.47142710100308], [-70.58253030446535, -33.47145246827409], [-70.58241474233662, -33.47164964992499]]]}}, {"type": "Feature", "properties": {"zona": "AV", "nombre": "AV Zona de Areas Verdes", "uperm": "Área verde", "uproh": "Todos los otros usos de suelo", "comuna": "Ñuñoa"}, "geometry": {"type": "Polygon", "coordinates": [[[-70.63128433258625, -33.45017441866845], [-70.63121344569807, -33.45012410239403], [-70.63111240132667, -33.450457839423926], [-70.63119495325047, -33.45047551210174], [-70.63128433258625, -33.45017441866845]]]}}, {"type": "Feature", "properties": {"zona": "AV", "nombre": "AV Zona de Areas Verdes", "uperm": "Área verde", "uproh": "Todos los otros usos de suelo", "comuna": "Ñuñoa"}, "geometry": {"type": "Polygon", "coordinates": [[[-70.59103961657462, -33.45937075483369], [-70.59109734135858, -33.45973220378043], [-70.59189660586222, -33.45966820457698], [-70.59186794761897, -33.4593430909919], [-70.591686351969, -33.459348839222216], [-70.59126519395485, -33.459362168493655], [-70.59103961657462, -33.45937075483369]]]}}, {"type": "Feature", "properties": {"zona": "AV", "nombre": "AV Zona de Areas Verdes", "uperm": "Área verde", "uproh": "Todos los otros usos de suelo", "comuna": "Ñuñoa"}, "geometry": {"type": "Polygon", "coordinates": [[[-70.62526839836919, -33.44864190484385], [-70.6252438666341, -33.44863628431126], [-70.62513422026755, -33.44900883527873], [-70.62516468758537, -33.44901620331973], [-70.62526839836919, -33.44864190484385]]]}}, {"type": "Feature", "properties": {"zona": "AV", "nombre": "AV Zona de Areas Verdes", "uperm": "Área verde", "uproh": "Todos los otros usos de suelo", "comuna": "Ñuñoa"}, "geometry": {"type": "Polygon", "coordinates": [[[-70.60126489406665, -33.45909277290147], [-70.60127103991849, -33.45912326741209], [-70.60144493466919, -33.459120904446316], [-70.60131206619228, -33.45889713330615], [-70.60125278809589, -33.45879729794576], [-70.60119154707448, -33.45872885362853], [-70.60126489406665, -33.45909277290147]]]}}, {"type": "Feature", "properties": {"zona": "AV", "nombre": "AV Zona de Areas Verdes", "uperm": "Área verde", "uproh": "Todos los otros usos de suelo", "comuna": "Ñuñoa"}, "geometry": {"type": "Polygon", "coordinates": [[[-70.59387300774544, -33.46681380570687], [-70.59390048881967, -33.46692785330492], [-70.59407947897053, -33.466907655268315], [-70.59414162142795, -33.466803060493], [-70.59405225651645, -33.466120591343234], [-70.59373717058466, -33.466171172662854], [-70.59387300774544, -33.46681380570687]]]}}, {"type": "Feature", "properties": {"zona": "AV", "nombre": "AV Zona de Areas Verdes", "uperm": "Área verde", "uproh": "Todos los otros usos de suelo", "comuna": "Ñuñoa"}, "geometry": {"type": "Polygon", "coordinates": [[[-70.57536993560679, -33.46490455590342], [-70.57542464008948, -33.46519019336422], [-70.57560222511628, -33.465166241346736], [-70.5756197260632, -33.46516265952348], [-70.57560876554268, -33.46508897370007], [-70.57557463352406, -33.46488906843511], [-70.57536993560679, -33.46490455590342]]]}}, {"type": "Feature", "properties": {"zona": "AV", "nombre": "AV Zona de Areas Verdes", "uperm": "Área verde", "uproh": "Todos los otros usos de suelo", "comuna": "Ñuñoa"}, "geometry": {"type": "Polygon", "coordinates": [[[-70.58436604134756, -33.459826421168856], [-70.58439050314826, -33.45982330828763], [-70.58419907367067, -33.45897537623008], [-70.58406880523921, -33.45842738080243], [-70.5840562242052, -33.458392110289864], [-70.58404734175163, -33.45838958503513], [-70.58404670741061, -33.45840824218854], [-70.58414490190978, -33.45885927464526], [-70.58421625884945, -33.4591854789184], [-70.58436604134756, -33.459826421168856]]]}}, {"type": "Feature", "properties": {"zona": "AV", "nombre": "AV Zona de Areas Verdes", "uperm": "Área verde", "uproh": "Todos los otros usos de suelo", "comuna": "Ñuñoa"}, "geometry": {"type": "Polygon", "coordinates": [[[-70.57980583357421, -33.45961516303501], [-70.58001862621711, -33.459578971840045], [-70.57995249281018, -33.459295031395456], [-70.57973754500473, -33.459334978123444], [-70.57980583357421, -33.45961516303501]]]}}, {"type": "Feature", "properties": {"zona": "AV", "nombre": "AV Zona de Areas Verdes", "uperm": "Área verde", "uproh": "Todos los otros usos de suelo", "comuna": "Ñuñoa"}, "geometry": {"type": "Polygon", "coordinates": [[[-70.57505161059984, -33.46377529890045], [-70.57475899813656, -33.463834794724974], [-70.57459025632313, -33.46336333492219], [-70.57453124953464, -33.463376488394864], [-70.57471954632247, -33.46388913107405], [-70.57474062531615, -33.46389837311581], [-70.57506912067383, -33.463838733366366], [-70.57505161059984, -33.46377529890045]]]}}, {"type": "Feature", "properties": {"zona": "AV", "nombre": "AV Zona de Areas Verdes", "uperm": "Área verde", "uproh": "Todos los otros usos de suelo", "comuna": "Ñuñoa"}, "geometry": {"type": "Polygon", "coordinates": [[[-70.57578145122677, -33.46458691695566], [-70.57580728448082, -33.46471822223693], [-70.57634899912979, -33.46463810810246], [-70.57632300102925, -33.46449631489128], [-70.57578145122677, -33.46458691695566]]]}}, {"type": "Feature", "properties": {"zona": "AV", "nombre": "AV Zona de Areas Verdes", "uperm": "Área verde", "uproh": "Todos los otros usos de suelo", "comuna": "Ñuñoa"}, "geometry": {"type": "Polygon", "coordinates": [[[-70.57677541909118, -33.46694577687452], [-70.57680680459244, -33.46711390169291], [-70.57737141072107, -33.467037603104096], [-70.57734184272805, -33.46687934122868], [-70.57677541909118, -33.46694577687452]]]}}, {"type": "Feature", "properties": {"zona": "AV", "nombre": "AV Zona de Areas Verdes", "uperm": "Área verde", "uproh": "Todos los otros usos de suelo", "comuna": "Ñuñoa"}, "geometry": {"type": "Polygon", "coordinates": [[[-70.57911457388535, -33.459293835715805], [-70.57910726627904, -33.459265480404895], [-70.57883480007236, -33.459357242826506], [-70.57884623371113, -33.45937651371235], [-70.57911457388535, -33.459293835715805]]]}}, {"type": "Feature", "properties": {"zona": "AV", "nombre": "AV Zona de Areas Verdes", "uperm": "Área verde", "uproh": "Todos los otros usos de suelo", "comuna": "Ñuñoa"}, "geometry": {"type": "Polygon", "coordinates": [[[-70.5745000329284, -33.463279727459295], [-70.57455310422861, -33.463263819444826], [-70.57452379524828, -33.463183593792245], [-70.57449013796025, -33.46320283726455], [-70.57448003585392, -33.46322671274125], [-70.5745000329284, -33.463279727459295]]]}}, {"type": "Feature", "properties": {"zona": "AV", "nombre": "AV Zona de Areas Verdes", "uperm": "Área verde", "uproh": "Todos los otros usos de suelo", "comuna": "Ñuñoa"}, "geometry": {"type": "Polygon", "coordinates": [[[-70.57913964820418, -33.459313698449854], [-70.57922081065067, -33.459607534921474], [-70.5792435148019, -33.45960366626267], [-70.57916276687003, -33.459304034740356], [-70.57913964820418, -33.459313698449854]]]}}, {"type": "Feature", "properties": {"zona": "AV", "nombre": "AV Zona de Areas Verdes", "uperm": "Área verde", "uproh": "Todos los otros usos de suelo", "comuna": "Ñuñoa"}, "geometry": {"type": "Polygon", "coordinates": [[[-70.57574226774615, -33.46128792962377], [-70.57569062931789, -33.46139447788666], [-70.57633343260157, -33.46127373096389], [-70.57629236086197, -33.46120636940254], [-70.57611027035198, -33.46117289294407], [-70.57582571048482, -33.46117949437268], [-70.5757767114418, -33.46122485651157], [-70.57574226774615, -33.46128792962377]]]}}, {"type": "Feature", "properties": {"zona": "AV", "nombre": "AV Zona de Areas Verdes", "uperm": "Área verde", "uproh": "Todos los otros usos de suelo", "comuna": "Ñuñoa"}, "geometry": {"type": "Polygon", "coordinates": [[[-70.5765690170454, -33.4652380260438], [-70.5765074084111, -33.465243443353344], [-70.57657080480968, -33.46557930380287], [-70.5766306800436, -33.465572034495096], [-70.5765690170454, -33.4652380260438]]]}}, {"type": "Feature", "properties": {"zona": "AV", "nombre": "AV Zona de Areas Verdes", "uperm": "Área verde", "uproh": "Todos los otros usos de suelo", "comuna": "Ñuñoa"}, "geometry": {"type": "Polygon", "coordinates": [[[-70.58033916991549, -33.46904658474442], [-70.58042750638562, -33.46903112632475], [-70.58043587438665, -33.46900905363611], [-70.5804022179861, -33.468871030534395], [-70.58037502748212, -33.468861082830934], [-70.58009243160028, -33.46890805626719], [-70.58007608169095, -33.46892208352902], [-70.58010565465278, -33.4690695099093], [-70.58013495294642, -33.46908045257488], [-70.58033916991549, -33.46904658474442]]]}}, {"type": "Feature", "properties": {"zona": "AV", "nombre": "AV Zona de Areas Verdes", "uperm": "Área verde", "uproh": "Todos los otros usos de suelo", "comuna": "Ñuñoa"}, "geometry": {"type": "Polygon", "coordinates": [[[-70.57898365888656, -33.47049449455285], [-70.57944612700636, -33.47042121722815], [-70.57943572215726, -33.47037974461506], [-70.57897553002054, -33.47045900723258], [-70.57898365888656, -33.47049449455285]]]}}, {"type": "Feature", "properties": {"zona": "AV", "nombre": "AV Zona de Areas Verdes", "uperm": "Área verde", "uproh": "Todos los otros usos de suelo", "comuna": "Ñuñoa"}, "geometry": {"type": "Polygon", "coordinates": [[[-70.58379430899122, -33.47167350647841], [-70.58405114518474, -33.47163506856338], [-70.58404161735228, -33.471586926036586], [-70.58378636275529, -33.47162942361089], [-70.58379430899122, -33.47167350647841]]]}}, {"type": "Feature", "properties": {"zona": "AV", "nombre": "AV Zona de Areas Verdes", "uperm": "Área verde", "uproh": "Todos los otros usos de suelo", "comuna": "Ñuñoa"}, "geometry": {"type": "Polygon", "coordinates": [[[-70.574537921229, -33.46236911407789], [-70.57465115865874, -33.46234734992113], [-70.57463415089342, -33.46231177482501], [-70.5746242172027, -33.46230461599358], [-70.57459542465891, -33.46229505797399], [-70.57454953882163, -33.46230713299928], [-70.574542485976, -33.462319992595916], [-70.57453703354489, -33.462338767746644], [-70.574537921229, -33.46236911407789]]]}}, {"type": "Feature", "properties": {"zona": "AV", "nombre": "AV Zona de Areas Verdes", "uperm": "Área verde", "uproh": "Todos los otros usos de suelo", "comuna": "Ñuñoa"}, "geometry": {"type": "Polygon", "coordinates": [[[-70.58254856382699, -33.47142710100308], [-70.58268351784224, -33.4717532806237], [-70.58276672808879, -33.47173652690743], [-70.58275174286112, -33.47169707279351], [-70.5826774275978, -33.47133489322711], [-70.58257547533569, -33.47136482843171], [-70.58254856382699, -33.47142710100308]]]}}, {"type": "Feature", "properties": {"zona": "AV", "nombre": "AV Zona de Areas Verdes", "uperm": "Área verde", "uproh": "Todos los otros usos de suelo", "comuna": "Ñuñoa"}, "geometry": {"type": "Polygon", "coordinates": [[[-70.58389909974773, -33.47269822342517], [-70.58380652629563, -33.47231677950538], [-70.58356532933557, -33.472360264869245], [-70.58366366663786, -33.472740418753325], [-70.58389909974773, -33.47269822342517]]]}}, {"type": "Feature", "properties": {"zona": "AV", "nombre": "AV Zona de Areas Verdes", "uperm": "Área verde", "uproh": "Todos los otros usos de suelo", "comuna": "Ñuñoa"}, "geometry": {"type": "Polygon", "coordinates": [[[-70.57428401880364, -33.4627683481712], [-70.57431080556881, -33.46272260589518], [-70.57425170644426, -33.46255739164203], [-70.57419787675065, -33.462544245680945], [-70.57420770875619, -33.46256982403794], [-70.57428401880364, -33.4627683481712]]]}}, {"type": "Feature", "properties": {"zona": "AV", "nombre": "AV Zona de Areas Verdes", "uperm": "Área verde", "uproh": "Todos los otros usos de suelo", "comuna": "Ñuñoa"}, "geometry": {"type": "Polygon", "coordinates": [[[-70.58415768569962, -33.47196201637912], [-70.58431839471739, -33.47193469255656], [-70.58433922639205, -33.47192533665885], [-70.5843474082295, -33.47190123608078], [-70.58432340060521, -33.47179972062868], [-70.584129900614, -33.47183261939975], [-70.58415768569962, -33.47196201637912]]]}}, {"type": "Feature", "properties": {"zona": "AV", "nombre": "AV Zona de Areas Verdes", "uperm": "Área verde", "uproh": "Todos los otros usos de suelo", "comuna": "Ñuñoa"}, "geometry": {"type": "Polygon", "coordinates": [[[-70.57506539144512, -33.46217625789293], [-70.5757402592846, -33.461999652585426], [-70.57573313039758, -33.4619808894334], [-70.57509402443628, -33.462144994417585], [-70.57506539144512, -33.46217625789293]]]}}, {"type": "Feature", "properties": {"zona": "AV", "nombre": "AV Zona de Areas Verdes", "uperm": "Área verde", "uproh": "Todos los otros usos de suelo", "comuna": "Ñuñoa"}, "geometry": {"type": "Polygon", "coordinates": [[[-70.58036968033684, -33.45999002696562], [-70.58046502155658, -33.46053761602702], [-70.58065639242814, -33.46052089512818], [-70.58058221892614, -33.459959838845215], [-70.58036968033684, -33.45999002696562]]]}}, {"type": "Feature", "properties": {"zona": "AV", "nombre": "AV Zona de Areas Verdes", "uperm": "Área verde", "uproh": "Todos los otros usos de suelo", "comuna": "Ñuñoa"}, "geometry": {"type": "Polygon", "coordinates": [[[-70.58023603169349, -33.459213858117074], [-70.58036656316371, -33.459818266151665], [-70.58056129627992, -33.459801568388606], [-70.58048163041866, -33.4591989505672], [-70.58023603169349, -33.459213858117074]]]}}, {"type": "Feature", "properties": {"zona": "AV", "nombre": "AV Zona de Areas Verdes", "uperm": "Área verde", "uproh": "Todos los otros usos de suelo", "comuna": "Ñuñoa"}, "geometry": {"type": "Polygon", "coordinates": [[[-70.57924064228348, -33.45912572451142], [-70.57942405976735, -33.45989730226374], [-70.57964986611807, -33.4598560353663], [-70.57951407972229, -33.459275555133715], [-70.57978083249506, -33.45922920564394], [-70.57974623500566, -33.45905110297166], [-70.57924064228348, -33.45912572451142]]]}}, {"type": "Feature", "properties": {"zona": "AV", "nombre": "AV Zona de Areas Verdes", "uperm": "Área verde", "uproh": "Todos los otros usos de suelo", "comuna": "Ñuñoa"}, "geometry": {"type": "Polygon", "coordinates": [[[-70.58830385626645, -33.47254151769135], [-70.5883822772261, -33.47280955802835], [-70.58865475902363, -33.47276311547667], [-70.58858574831861, -33.472491984059], [-70.58845754485296, -33.47251556990498], [-70.58830385626645, -33.47254151769135]]]}}, {"type": "Feature", "properties": {"zona": "AV", "nombre": "AV Zona de Areas Verdes", "uperm": "Área verde", "uproh": "Todos los otros usos de suelo", "comuna": "Ñuñoa"}, "geometry": {"type": "Polygon", "coordinates": [[[-70.57526253913403, -33.454215132142195], [-70.57531467419672, -33.45415877394741], [-70.57524229183353, -33.454164538453924], [-70.57522646275824, -33.454173768797986], [-70.57512522968068, -33.45430493145821], [-70.57512158597507, -33.45432154450598], [-70.57513964429285, -33.45432950732961], [-70.57516268802095, -33.45432770393492], [-70.57526253913403, -33.454215132142195]]]}}, {"type": "Feature", "properties": {"zona": "AV", "nombre": "AV Zona de Areas Verdes", "uperm": "Área verde", "uproh": "Todos los otros usos de suelo", "comuna": "Ñuñoa"}, "geometry": {"type": "Polygon", "coordinates": [[[-70.57536687418416, -33.454075375124205], [-70.57541545506737, -33.45407538088273], [-70.57545550067809, -33.45402992076335], [-70.57546319520665, -33.453996548788275], [-70.57545690170967, -33.45398342137086], [-70.57543604438206, -33.45397791650024], [-70.5753932274825, -33.45399429692422], [-70.5754111473451, -33.45402292075352], [-70.57540994074103, -33.45403621383609], [-70.57536687418416, -33.454075375124205]]]}}, {"type": "Feature", "properties": {"zona": "AV", "nombre": "AV Zona de Areas Verdes", "uperm": "Área verde", "uproh": "Todos los otros usos de suelo", "comuna": "Ñuñoa"}, "geometry": {"type": "Polygon", "coordinates": [[[-70.58615112056515, -33.47288443459372], [-70.58615155135965, -33.47288634367072], [-70.58620948961763, -33.473124484041406], [-70.58638090752997, -33.4730973523236], [-70.58632106637896, -33.47284368880223], [-70.58641069708533, -33.472831196379516], [-70.58637154140503, -33.47265497268003], [-70.58602242082404, -33.47270434445881], [-70.58606802143511, -33.47288728831684], [-70.58615112056515, -33.47288443459372]]]}}, {"type": "Feature", "properties": {"zona": "AV", "nombre": "AV Zona de Areas Verdes", "uperm": "Área verde", "uproh": "Todos los otros usos de suelo", "comuna": "Ñuñoa"}, "geometry": {"type": "Polygon", "coordinates": [[[-70.5752670889164, -33.448026198076846], [-70.5753191293584, -33.44803244848488], [-70.57535287304, -33.448008493446196], [-70.5753694932454, -33.44756231074896], [-70.57534758766137, -33.44754985335676], [-70.57514899061874, -33.447541679237105], [-70.57514708505086, -33.44757402893093], [-70.57528543753844, -33.44758330226588], [-70.5752670889164, -33.448026198076846]]]}}, {"type": "Feature", "properties": {"zona": "AV", "nombre": "AV Zona de Areas Verdes", "uperm": "Área verde", "uproh": "Todos los otros usos de suelo", "comuna": "Ñuñoa"}, "geometry": {"type": "Polygon", "coordinates": [[[-70.57535310105351, -33.453901510026945], [-70.57531365498564, -33.45386096961785], [-70.57529167330132, -33.45385397113907], [-70.57524146299106, -33.45384042330712], [-70.57525150742195, -33.453855780209395], [-70.57535310105351, -33.453901510026945]]]}}, {"type": "Feature", "properties": {"zona": "AV", "nombre": "AV Zona de Areas Verdes", "uperm": "Área verde", "uproh": "Todos los otros usos de suelo", "comuna": "Ñuñoa"}, "geometry": {"type": "Polygon", "coordinates": [[[-70.60592961331315, -33.45975436395923], [-70.60598655455328, -33.45974618247332], [-70.60585832708087, -33.45894375677494], [-70.60580404920094, -33.458949251404015], [-70.60592961331315, -33.45975436395923]]]}}, {"type": "Feature", "properties": {"zona": "AV", "nombre": "AV Zona de Areas Verdes", "uperm": "Área verde", "uproh": "Todos los otros usos de suelo", "comuna": "Ñuñoa"}, "geometry": {"type": "Polygon", "coordinates": [[[-70.57466281434775, -33.44520285326667], [-70.57452969265448, -33.44500897133612], [-70.57449919742406, -33.44516567068452], [-70.57450861616334, -33.44518194919429], [-70.57466281434775, -33.44520285326667]]]}}, {"type": "Feature", "properties": {"zona": "AV", "nombre": "AV Zona de Areas Verdes", "uperm": "Área verde", "uproh": "Todos los otros usos de suelo", "comuna": "Ñuñoa"}, "geometry": {"type": "Polygon", "coordinates": [[[-70.57530330948607, -33.45109339747853], [-70.57532546379858, -33.45110563796105], [-70.5760910114029, -33.451111505320156], [-70.5760421185103, -33.45109993048676], [-70.57595006796782, -33.45109152594062], [-70.57572100616409, -33.451091982060305], [-70.57571923400776, -33.45106871283031], [-70.57530079152612, -33.4510720712578], [-70.57530330948607, -33.45109339747853]]]}}, {"type": "Feature", "properties": {"zona": "AV", "nombre": "AV Zona de Areas Verdes", "uperm": "Área verde", "uproh": "Todos los otros usos de suelo", "comuna": "Ñuñoa"}, "geometry": {"type": "Polygon", "coordinates": [[[-70.57601711831727, -33.453670148938336], [-70.57605518566811, -33.453672236987124], [-70.57610971402774, -33.45326902945871], [-70.57610558516657, -33.45325061323352], [-70.57608707935857, -33.45323241948384], [-70.57605288902779, -33.45323148970864], [-70.57590095334555, -33.45324243159723], [-70.57590193986711, -33.45329951526601], [-70.57605954123275, -33.45329048267641], [-70.57601711831727, -33.453670148938336]]]}}, {"type": "Feature", "properties": {"zona": "AV", "nombre": "AV Zona de Areas Verdes", "uperm": "Área verde", "uproh": "Todos los otros usos de suelo", "comuna": "Ñuñoa"}, "geometry": {"type": "Polygon", "coordinates": [[[-70.61897158539266, -33.469008869612004], [-70.61861603751976, -33.46898846015144], [-70.61861518087748, -33.46901889359233], [-70.61896999346378, -33.469038120442626], [-70.61897158539266, -33.469008869612004]]]}}, {"type": "Feature", "properties": {"zona": "AV", "nombre": "AV Zona de Areas Verdes", "uperm": "Área verde", "uproh": "Todos los otros usos de suelo", "comuna": "Ñuñoa"}, "geometry": {"type": "Polygon", "coordinates": [[[-70.61812499753566, -33.467767088990364], [-70.61789072530588, -33.467753683771704], [-70.61788631780102, -33.46783820921631], [-70.61811798787747, -33.46784950116209], [-70.61812499753566, -33.467767088990364]]]}}, {"type": "Feature", "properties": {"zona": "AV", "nombre": "AV Zona de Areas Verdes", "uperm": "Área verde", "uproh": "Todos los otros usos de suelo", "comuna": "Ñuñoa"}, "geometry": {"type": "Polygon", "coordinates": [[[-70.6181334696336, -33.46760462320458], [-70.61789834031997, -33.46759099019875], [-70.617891510579, -33.46764476607629], [-70.61812876990122, -33.4676580736789], [-70.6181334696336, -33.46760462320458]]]}}, {"type": "Feature", "properties": {"zona": "AV", "nombre": "AV Zona de Areas Verdes", "uperm": "Área verde", "uproh": "Todos los otros usos de suelo", "comuna": "Ñuñoa"}, "geometry": {"type": "Polygon", "coordinates": [[[-70.61755873848313, -33.46753211839098], [-70.61762574753557, -33.46714701093906], [-70.61747360144116, -33.46714069357726], [-70.61738221386014, -33.46752380411906], [-70.61755873848313, -33.46753211839098]]]}}, {"type": "Feature", "properties": {"zona": "AV", "nombre": "AV Zona de Areas Verdes", "uperm": "Área verde", "uproh": "Todos los otros usos de suelo", "comuna": "Ñuñoa"}, "geometry": {"type": "Polygon", "coordinates": [[[-70.61811464886785, -33.46724529932797], [-70.61812013873977, -33.467178031549054], [-70.61768670672117, -33.46715253888215], [-70.61767810296425, -33.46721705162578], [-70.61781146287608, -33.467225680957], [-70.61811464886785, -33.46724529932797]]]}}, {"type": "Feature", "properties": {"zona": "AV", "nombre": "AV Zona de Areas Verdes", "uperm": "Área verde", "uproh": "Todos los otros usos de suelo", "comuna": "Ñuñoa"}, "geometry": {"type": "Polygon", "coordinates": [[[-70.57539806619378, -33.45330218452977], [-70.57551825338577, -33.45329563740615], [-70.57551722743108, -33.4533208198199], [-70.57557684201421, -33.45331994036793], [-70.57557920127385, -33.45326033952616], [-70.57539048017877, -33.45327404080852], [-70.57539806619378, -33.45330218452977]]]}}, {"type": "Feature", "properties": {"zona": "AV", "nombre": "AV Zona de Areas Verdes", "uperm": "Área verde", "uproh": "Todos los otros usos de suelo", "comuna": "Ñuñoa"}, "geometry": {"type": "Polygon", "coordinates": [[[-70.61808609633923, -33.46709621216948], [-70.61808758969379, -33.46706418950337], [-70.61795133039266, -33.46705678963178], [-70.61769396685855, -33.46704299375817], [-70.6174540683827, -33.467030479074424], [-70.61745090454953, -33.46706405123502], [-70.61763391496505, -33.467073317872554], [-70.61789146360884, -33.467086358426684], [-70.61808609633923, -33.46709621216948]]]}}, {"type": "Feature", "properties": {"zona": "AV", "nombre": "AV Zona de Areas Verdes", "uperm": "Área verde", "uproh": "Todos los otros usos de suelo", "comuna": "Ñuñoa"}, "geometry": {"type": "Polygon", "coordinates": [[[-70.62076266706661, -33.466799504037354], [-70.6202247945001, -33.46679114726261], [-70.62022391246208, -33.46692090112527], [-70.62075545886661, -33.46694364991816], [-70.62076266706661, -33.466799504037354]]]}}, {"type": "Feature", "properties": {"zona": "AV", "nombre": "AV Zona de Areas Verdes", "uperm": "Área verde", "uproh": "Todos los otros usos de suelo", "comuna": "Ñuñoa"}, "geometry": {"type": "Polygon", "coordinates": [[[-70.57218487315005, -33.457812205663856], [-70.57224351185049, -33.4578447027065], [-70.57224572765521, -33.45784133329413], [-70.57225955197941, -33.45778209031525], [-70.57225878508922, -33.457773581289096], [-70.57225404341443, -33.457765827015166], [-70.57224374748326, -33.457764725701864], [-70.5721470598976, -33.45777404786248], [-70.57214218826968, -33.45778150381424], [-70.57214670041512, -33.45778977505101], [-70.57218487315005, -33.457812205663856]]]}}, {"type": "Feature", "properties": {"zona": "AV", "nombre": "AV Zona de Areas Verdes", "uperm": "Área verde", "uproh": "Todos los otros usos de suelo", "comuna": "Ñuñoa"}, "geometry": {"type": "Polygon", "coordinates": [[[-70.57226026575309, -33.458119362030956], [-70.572274729301, -33.458109349445984], [-70.57228287717798, -33.4580984411835], [-70.57227970607497, -33.45808775315352], [-70.5722462053987, -33.45795140817969], [-70.57220114822908, -33.45793728515462], [-70.57226026575309, -33.458119362030956]]]}}, {"type": "Feature", "properties": {"zona": "AV", "nombre": "AV Zona de Areas Verdes", "uperm": "Área verde", "uproh": "Todos los otros usos de suelo", "comuna": "Ñuñoa"}, "geometry": {"type": "Polygon", "coordinates": [[[-70.57540769855295, -33.451162947204935], [-70.57528680889422, -33.45116207737138], [-70.5752611152458, -33.451160435160425], [-70.57523084619054, -33.451139344338586], [-70.57522356123242, -33.45111087841981], [-70.57522328870903, -33.45090215609155], [-70.57517389740718, -33.45090738938029], [-70.57520350519307, -33.45128326970462], [-70.57550184379396, -33.45126111247027], [-70.57550120384242, -33.45121561749227], [-70.57613228541837, -33.451168157946015], [-70.57540769855295, -33.451162947204935]]]}}, {"type": "Feature", "properties": {"zona": "AV", "nombre": "AV Zona de Areas Verdes", "uperm": "Área verde", "uproh": "Todos los otros usos de suelo", "comuna": "Ñuñoa"}, "geometry": {"type": "Polygon", "coordinates": [[[-70.60608262364926, -33.446707588308946], [-70.6060866132037, -33.446683694869655], [-70.60608348281423, -33.446665084620555], [-70.60606490128866, -33.44666293819582], [-70.60604509925537, -33.44666945525464], [-70.60603851099039, -33.44668315557484], [-70.60602873284152, -33.44674598127292], [-70.60599822152787, -33.446959383129396], [-70.60600717507052, -33.44697244922908], [-70.60603107841705, -33.44697213956655], [-70.606039008633, -33.44695601216491], [-70.60604326009442, -33.44693179428207], [-70.60608262364926, -33.446707588308946]]]}}, {"type": "Feature", "properties": {"zona": "AV", "nombre": "AV Zona de Areas Verdes", "uperm": "Área verde", "uproh": "Todos los otros usos de suelo", "comuna": "Ñuñoa"}, "geometry": {"type": "Polygon", "coordinates": [[[-70.57491354074693, -33.45778786576594], [-70.57515312899936, -33.457629018276755], [-70.57486229576007, -33.457642140648446], [-70.57491354074693, -33.45778786576594]]]}}, {"type": "Feature", "properties": {"zona": "AV", "nombre": "AV Zona de Areas Verdes", "uperm": "Área verde", "uproh": "Todos los otros usos de suelo", "comuna": "Ñuñoa"}, "geometry": {"type": "Polygon", "coordinates": [[[-70.62008355598194, -33.46930234572473], [-70.62006390436801, -33.46956785437809], [-70.62015260441414, -33.469574572276976], [-70.62017589568647, -33.46930754244611], [-70.62008355598194, -33.46930234572473]]]}}, {"type": "Feature", "properties": {"zona": "AV", "nombre": "AV Zona de Areas Verdes", "uperm": "Área verde", "uproh": "Todos los otros usos de suelo", "comuna": "Ñuñoa"}, "geometry": {"type": "Polygon", "coordinates": [[[-70.57475544014929, -33.46229241538518], [-70.5747494208174, -33.46226306495039], [-70.57494568844967, -33.462215547894374], [-70.57495705057704, -33.462249628196176], [-70.57496097049737, -33.46224892365287], [-70.57496225650104, -33.462216694628665], [-70.57496570419352, -33.46217810454091], [-70.57492022292271, -33.462189578447386], [-70.57480371677981, -33.46221942244279], [-70.57469761533802, -33.46224737195217], [-70.57471390257791, -33.46226041840755], [-70.57473223911599, -33.462282841367404], [-70.57475544014929, -33.46229241538518]]]}}, {"type": "Feature", "properties": {"zona": "AV", "nombre": "AV Zona de Areas Verdes", "uperm": "Área verde", "uproh": "Todos los otros usos de suelo", "comuna": "Ñuñoa"}, "geometry": {"type": "Polygon", "coordinates": [[[-70.58399841022732, -33.462884832076696], [-70.5839698555825, -33.46276107391988], [-70.58393662422782, -33.46276764280399], [-70.58380666407916, -33.46279296860574], [-70.58376344340236, -33.46278847783497], [-70.58379613478928, -33.46291187565702], [-70.58383438454675, -33.46290495138834], [-70.58396208488428, -33.46289060360723], [-70.58399841022732, -33.462884832076696]]]}}, {"type": "Feature", "properties": {"zona": "AV", "nombre": "AV Zona de Areas Verdes", "uperm": "Área verde", "uproh": "Todos los otros usos de suelo", "comuna": "Ñuñoa"}, "geometry": {"type": "Polygon", "coordinates": [[[-70.63128433258625, -33.45017441866845], [-70.63121344569807, -33.45012410239403], [-70.63111240132667, -33.450457839423926], [-70.63119495325047, -33.45047551210174], [-70.63128433258625, -33.45017441866845]]]}}, {"type": "Feature", "properties": {"zona": "AV", "nombre": "AV Zona de Areas Verdes", "uperm": "Área verde", "uproh": "Todos los otros usos de suelo", "comuna": "Ñuñoa"}, "geometry": {"type": "Polygon", "coordinates": [[[-70.58475475782014, -33.46093097717736], [-70.58469935063634, -33.460623715384656], [-70.58458063278582, -33.459964439050964], [-70.5845501094628, -33.45997614458428], [-70.5845439032485, -33.45998996968928], [-70.58459345625349, -33.46025276752858], [-70.58471922711372, -33.460914858446564], [-70.58472861444613, -33.46093109860554], [-70.58475475782014, -33.46093097717736]]]}}, {"type": "Feature", "properties": {"zona": "AV", "nombre": "AV Zona de Areas Verdes", "uperm": "Área verde", "uproh": "Todos los otros usos de suelo", "comuna": "Ñuñoa"}, "geometry": {"type": "Polygon", "coordinates": [[[-70.57258017316308, -33.458987555098666], [-70.5725914349411, -33.459021398844335], [-70.57260237810466, -33.45905761756028], [-70.57264027918588, -33.45905054967338], [-70.57263349234022, -33.45904346617894], [-70.57261514188004, -33.459015138727715], [-70.57261036481482, -33.45899738715544], [-70.57260979994022, -33.45897879754313], [-70.57258017316308, -33.458987555098666]]]}}, {"type": "Feature", "properties": {"zona": "AV", "nombre": "AV Zona de Areas Verdes", "uperm": "Área verde", "uproh": "Todos los otros usos de suelo", "comuna": "Ñuñoa"}, "geometry": {"type": "Polygon", "coordinates": [[[-70.57266915255177, -33.459294802080294], [-70.57269515011306, -33.459383619697356], [-70.57272204050848, -33.45938014191619], [-70.5727010811032, -33.45928951442401], [-70.57266915255177, -33.459294802080294]]]}}, {"type": "Feature", "properties": {"zona": "AV", "nombre": "AV Zona de Areas Verdes", "uperm": "Área verde", "uproh": "Todos los otros usos de suelo", "comuna": "Ñuñoa"}, "geometry": {"type": "Polygon", "coordinates": [[[-70.5762267047252, -33.46020091944987], [-70.57609492059969, -33.46021325586029], [-70.57610295059668, -33.460268494026224], [-70.57623347908522, -33.460257222409226], [-70.5762267047252, -33.46020091944987]]]}}, {"type": "Feature", "properties": {"zona": "AV", "nombre": "AV Zona de Areas Verdes", "uperm": "Área verde", "uproh": "Todos los otros usos de suelo", "comuna": "Ñuñoa"}, "geometry": {"type": "Polygon", "coordinates": [[[-70.57613436421637, -33.46051265268932], [-70.57658924377702, -33.46045040539391], [-70.57658443436623, -33.460423131918006], [-70.57650663470068, -33.460438988253394], [-70.57636987442736, -33.46046686015316], [-70.57613092045895, -33.46050411190261], [-70.57613436421637, -33.46051265268932]]]}}, {"type": "Feature", "properties": {"zona": "AV", "nombre": "AV Zona de Areas Verdes", "uperm": "Área verde", "uproh": "Todos los otros usos de suelo", "comuna": "Ñuñoa"}, "geometry": {"type": "Polygon", "coordinates": [[[-70.57664421260242, -33.46049181561924], [-70.5766724909701, -33.4604881506792], [-70.57667943925797, -33.46048564537295], [-70.57669374962032, -33.46047579655642], [-70.5767056004734, -33.46046149690007], [-70.57670606814484, -33.460443649928926], [-70.57670053408725, -33.46041753732076], [-70.57663622956495, -33.460426415010474], [-70.57664421260242, -33.46049181561924]]]}}, {"type": "Feature", "properties": {"zona": "AV", "nombre": "AV Zona de Areas Verdes", "uperm": "Área verde", "uproh": "Todos los otros usos de suelo", "comuna": "Ñuñoa"}, "geometry": {"type": "Polygon", "coordinates": [[[-70.57654892137852, -33.4599416784989], [-70.57659623883363, -33.459934595145334], [-70.5765791255258, -33.45988631207489], [-70.57655392206625, -33.45978839473889], [-70.57651132890227, -33.459793563811694], [-70.57654892137852, -33.4599416784989]]]}}, {"type": "Feature", "properties": {"zona": "AV", "nombre": "AV Zona de Areas Verdes", "uperm": "Área verde", "uproh": "Todos los otros usos de suelo", "comuna": "Ñuñoa"}, "geometry": {"type": "Polygon", "coordinates": [[[-70.60609183421204, -33.44639292232397], [-70.60608339124099, -33.44644303112042], [-70.60607785445913, -33.44647589619749], [-70.60607733294349, -33.446495049766504], [-70.60609087741298, -33.446510369586555], [-70.60611278814913, -33.446501998088465], [-70.6061344563691, -33.446410912720545], [-70.60615142664065, -33.446326185712415], [-70.60614897192501, -33.44631119839099], [-70.60613217303437, -33.44630181692248], [-70.60611575250884, -33.44630479016883], [-70.60610180338395, -33.446333751978294], [-70.60609183421204, -33.44639292232397]]]}}, {"type": "Feature", "properties": {"zona": "AV", "nombre": "AV Zona de Areas Verdes", "uperm": "Área verde", "uproh": "Todos los otros usos de suelo", "comuna": "Ñuñoa"}, "geometry": {"type": "Polygon", "coordinates": [[[-70.57334441843163, -33.458770274549124], [-70.57356418487407, -33.458692988567435], [-70.57390570454977, -33.45856998069283], [-70.57400963828972, -33.45852156159584], [-70.5739414604131, -33.45843929602886], [-70.57331035883418, -33.458673613315355], [-70.57334441843163, -33.458770274549124]]]}}, {"type": "Feature", "properties": {"zona": "AV", "nombre": "AV Zona de Areas Verdes", "uperm": "Área verde", "uproh": "Todos los otros usos de suelo", "comuna": "Ñuñoa"}, "geometry": {"type": "Polygon", "coordinates": [[[-70.62526839836919, -33.44864190484385], [-70.6252438666341, -33.44863628431126], [-70.62513422026755, -33.44900883527873], [-70.62516468758537, -33.44901620331973], [-70.62526839836919, -33.44864190484385]]]}}, {"type": "Feature", "properties": {"zona": "AV", "nombre": "AV Zona de Areas Verdes", "uperm": "Área verde", "uproh": "Todos los otros usos de suelo", "comuna": "Ñuñoa"}, "geometry": {"type": "Polygon", "coordinates": [[[-70.60416110066195, -33.44622440145668], [-70.60412814883323, -33.44622118262727], [-70.60406050655595, -33.446705548661356], [-70.60409472464252, -33.44670870332397], [-70.60416110066195, -33.44622440145668]]]}}, {"type": "Feature", "properties": {"zona": "AV", "nombre": "AV Zona de Areas Verdes", "uperm": "Área verde", "uproh": "Todos los otros usos de suelo", "comuna": "Ñuñoa"}, "geometry": {"type": "Polygon", "coordinates": [[[-70.5969021688246, -33.44721913958222], [-70.59687451318247, -33.44720636961958], [-70.5963431420916, -33.448027721923594], [-70.59637003067084, -33.448040597472236], [-70.5969021688246, -33.44721913958222]]]}}, {"type": "Feature", "properties": {"zona": "AV", "nombre": "AV Zona de Areas Verdes", "uperm": "Área verde", "uproh": "Todos los otros usos de suelo", "comuna": "Ñuñoa"}, "geometry": {"type": "Polygon", "coordinates": [[[-70.59696539892751, -33.44732185475997], [-70.5966645289548, -33.44778579640226], [-70.5963792488592, -33.44822569388747], [-70.5964074167016, -33.448240276358426], [-70.59671094682506, -33.44776489466063], [-70.59672230490759, -33.44776759185371], [-70.59679881252454, -33.4476503771167], [-70.59679103071205, -33.44764247537443], [-70.59695759950827, -33.447391400078075], [-70.59702036221995, -33.447394192594466], [-70.59721791007098, -33.4476560888227], [-70.59732062035921, -33.44779525951515], [-70.59735491472026, -33.44785513320738], [-70.59739261535924, -33.44784086108947], [-70.59736394041434, -33.44779052584811], [-70.59722820569924, -33.447611337927135], [-70.59704253124563, -33.44736446211683], [-70.5970124515761, -33.447324742335454], [-70.59700126700587, -33.44731096750586], [-70.59699132563011, -33.44730644300775], [-70.5969796894384, -33.447307527204735], [-70.59697123745542, -33.44731347726268], [-70.59696539892751, -33.44732185475997]]]}}, {"type": "Feature", "properties": {"zona": "AV", "nombre": "AV Zona de Areas Verdes", "uperm": "Área verde", "uproh": "Todos los otros usos de suelo", "comuna": "Ñuñoa"}, "geometry": {"type": "Polygon", "coordinates": [[[-70.59779801500133, -33.44877687908555], [-70.59780154515849, -33.44877010049378], [-70.59780758018319, -33.44869530396202], [-70.59773585536232, -33.448422812162825], [-70.59764535883288, -33.44834345460808], [-70.5977518963505, -33.448744835216594], [-70.59779801500133, -33.44877687908555]]]}}, {"type": "Feature", "properties": {"zona": "AV", "nombre": "AV Zona de Areas Verdes", "uperm": "Área verde", "uproh": "Todos los otros usos de suelo", "comuna": "Ñuñoa"}, "geometry": {"type": "Polygon", "coordinates": [[[-70.58727185711824, -33.441534847191825], [-70.58727925215884, -33.44154338489838], [-70.5873082316126, -33.44155802135057], [-70.58732519590093, -33.441551839411765], [-70.58735151943905, -33.44153931136287], [-70.58736724753636, -33.441516702056205], [-70.58730674197798, -33.44139817091874], [-70.58725093026803, -33.4413351742858], [-70.5868951284814, -33.440919148191234], [-70.58688288474632, -33.440917075560925], [-70.58688725018742, -33.440928548769676], [-70.58711894080837, -33.44126180860765], [-70.58715563640982, -33.44132199369395], [-70.58727185711824, -33.441534847191825]]]}}, {"type": "Feature", "properties": {"zona": "AV", "nombre": "AV Zona de Areas Verdes", "uperm": "Área verde", "uproh": "Todos los otros usos de suelo", "comuna": "Ñuñoa"}, "geometry": {"type": "Polygon", "coordinates": [[[-70.58704322750015, -33.44078102827553], [-70.58698601134454, -33.44068931425561], [-70.58696707557571, -33.44066502396187], [-70.58693524853636, -33.44065531813891], [-70.58691516294715, -33.44065903196502], [-70.58689156803818, -33.44067572034059], [-70.58689090065378, -33.440704640872795], [-70.58692402114592, -33.440761982312324], [-70.58695877158077, -33.44081839021994], [-70.58713851287298, -33.441010004205026], [-70.58725766830723, -33.44116496011991], [-70.58736713787782, -33.44132218448757], [-70.58737818043609, -33.441319668571076], [-70.5872066106005, -33.44104291886395], [-70.58704322750015, -33.44078102827553]]]}}, {"type": "Feature", "properties": {"zona": "AV", "nombre": "AV Zona de Areas Verdes", "uperm": "Área verde", "uproh": "Todos los otros usos de suelo", "comuna": "Ñuñoa"}, "geometry": {"type": "Polygon", "coordinates": [[[-70.57275664836824, -33.45898799175396], [-70.57275938060319, -33.4589543573485], [-70.57296844532564, -33.45888651605742], [-70.57326736382998, -33.45878909183583], [-70.57323331804326, -33.45870045675255], [-70.5729989431598, -33.458779633816874], [-70.57299778988683, -33.45884867685066], [-70.57271278475329, -33.45894425369196], [-70.57270659096255, -33.458957080646535], [-70.57270611010118, -33.45898532416311], [-70.57271947453077, -33.45901501080453], [-70.57274546780842, -33.459020487017476], [-70.57275207987794, -33.45900645440887], [-70.57275664836824, -33.45898799175396]]]}}, {"type": "Feature", "properties": {"zona": "AV", "nombre": "AV Zona de Areas Verdes", "uperm": "Área verde", "uproh": "Todos los otros usos de suelo", "comuna": "Ñuñoa"}, "geometry": {"type": "Polygon", "coordinates": [[[-70.59805941013003, -33.44901322982315], [-70.59807555183315, -33.449009146560414], [-70.59813962679158, -33.448972746811165], [-70.59795496175141, -33.44895539877665], [-70.59797717340513, -33.44897848619589], [-70.59800910835293, -33.44899542672805], [-70.59804743147106, -33.449012663673294], [-70.59805941013003, -33.44901322982315]]]}}, {"type": "Feature", "properties": {"zona": "AV", "nombre": "AV Zona de Areas Verdes", "uperm": "Área verde", "uproh": "Todos los otros usos de suelo", "comuna": "Ñuñoa"}, "geometry": {"type": "Polygon", "coordinates": [[[-70.59793862562826, -33.4492152716763], [-70.59793356387904, -33.44920558899974], [-70.59792952414757, -33.44920968940386], [-70.59792824788649, -33.44921641459697], [-70.59793422775918, -33.44922242760097], [-70.597943145544, -33.449223918816934], [-70.59793862562826, -33.4492152716763]]]}}, {"type": "Feature", "properties": {"zona": "AV", "nombre": "AV Zona de Areas Verdes", "uperm": "Área verde", "uproh": "Todos los otros usos de suelo", "comuna": "Ñuñoa"}, "geometry": {"type": "Polygon", "coordinates": [[[-70.57439542687689, -33.462964630860405], [-70.5744307084639, -33.462967860376494], [-70.57442677601024, -33.462943298321456], [-70.57464515977804, -33.462885006113524], [-70.57463944199947, -33.46286935614558], [-70.5743885981629, -33.46294049969624], [-70.57434529806048, -33.46285864082756], [-70.57434013860342, -33.462871010113496], [-70.5743700645693, -33.46294669445064], [-70.57439542687689, -33.462964630860405]]]}}, {"type": "Feature", "properties": {"zona": "AV", "nombre": "AV Zona de Areas Verdes", "uperm": "Área verde", "uproh": "Todos los otros usos de suelo", "comuna": "Ñuñoa"}, "geometry": {"type": "Polygon", "coordinates": [[[-70.57420348225973, -33.462455969497086], [-70.5741931575888, -33.46242260102251], [-70.57421925994542, -33.46241095776712], [-70.57425807735981, -33.46239915391047], [-70.57427753034288, -33.462391922108736], [-70.57428360398505, -33.46238494772117], [-70.57426008435398, -33.46235947648575], [-70.57418099904251, -33.46237837698836], [-70.57416729014325, -33.4623885560712], [-70.57416242278875, -33.462407917184045], [-70.57418136512395, -33.46245278464649], [-70.57420348225973, -33.462455969497086]]]}}, {"type": "Feature", "properties": {"zona": "AV", "nombre": "AV Zona de Areas Verdes", "uperm": "Área verde", "uproh": "Todos los otros usos de suelo", "comuna": "Ñuñoa"}, "geometry": {"type": "Polygon", "coordinates": [[[-70.57441502087902, -33.462351984739094], [-70.5744219727124, -33.46235382906739], [-70.5744291066831, -33.462351703002604], [-70.57444026072177, -33.462331679435664], [-70.57444518414624, -33.462312864113244], [-70.57438370514372, -33.46232879680522], [-70.57441502087902, -33.462351984739094]]]}}, {"type": "Feature", "properties": {"zona": "AV", "nombre": "AV Zona de Areas Verdes", "uperm": "Área verde", "uproh": "Todos los otros usos de suelo", "comuna": "Ñuñoa"}, "geometry": {"type": "Polygon", "coordinates": [[[-70.57436157951597, -33.46220933745389], [-70.57453419938825, -33.46216573327671], [-70.5745397733951, -33.462146184609594], [-70.57434173120505, -33.46219880811673], [-70.57436157951597, -33.46220933745389]]]}}, {"type": "Feature", "properties": {"zona": "AV", "nombre": "AV Zona de Areas Verdes", "uperm": "Área verde", "uproh": "Todos los otros usos de suelo", "comuna": "Ñuñoa"}, "geometry": {"type": "Polygon", "coordinates": [[[-70.59656451460134, -33.469211031440516], [-70.59692876632062, -33.469200661329815], [-70.59692800822175, -33.46917012967738], [-70.59656470873276, -33.469180019465966], [-70.59656451460134, -33.469211031440516]]]}}, {"type": "Feature", "properties": {"zona": "AV", "nombre": "AV Zona de Areas Verdes", "uperm": "Área verde", "uproh": "Todos los otros usos de suelo", "comuna": "Ñuñoa"}, "geometry": {"type": "Polygon", "coordinates": [[[-70.59793435870242, -33.44908874707665], [-70.59796688094649, -33.44907060863066], [-70.5979378797629, -33.44905097437125], [-70.59789599080837, -33.449023203940854], [-70.59787692268542, -33.449003226996396], [-70.59786040041533, -33.448978995749954], [-70.59785125605225, -33.44895863927864], [-70.59784331639841, -33.448944783028956], [-70.59783785779132, -33.44892384336068], [-70.59783303093877, -33.44890197928606], [-70.5977741638487, -33.4488689300636], [-70.59780295273869, -33.44898785360496], [-70.59783145868322, -33.449101903665344], [-70.5978434853648, -33.44913394502382], [-70.59785034199425, -33.44914470841443], [-70.59793435870242, -33.44908874707665]]]}}, {"type": "Feature", "properties": {"zona": "AV", "nombre": "AV Zona de Areas Verdes", "uperm": "Área verde", "uproh": "Todos los otros usos de suelo", "comuna": "Ñuñoa"}, "geometry": {"type": "Polygon", "coordinates": [[[-70.5981595595823, -33.44801741434216], [-70.59823879681174, -33.447957254161004], [-70.59772610386577, -33.44790511464903], [-70.59776670830763, -33.4479792568799], [-70.5981595595823, -33.44801741434216]]]}}, {"type": "Feature", "properties": {"zona": "AV", "nombre": "AV Zona de Areas Verdes", "uperm": "Área verde", "uproh": "Todos los otros usos de suelo", "comuna": "Ñuñoa"}, "geometry": {"type": "Polygon", "coordinates": [[[-70.59761262854136, -33.447980304713234], [-70.59763694555119, -33.44796651432585], [-70.59759762304893, -33.4479176285291], [-70.59758469964487, -33.44791135236934], [-70.59756518920385, -33.44791199879996], [-70.59754968294249, -33.44791775482395], [-70.59753925792026, -33.447929276626034], [-70.59753849424175, -33.44795275038719], [-70.59755291786526, -33.44796598020026], [-70.59761262854136, -33.447980304713234]]]}}, {"type": "Feature", "properties": {"zona": "AV", "nombre": "AV Zona de Areas Verdes", "uperm": "Área verde", "uproh": "Todos los otros usos de suelo", "comuna": "Ñuñoa"}, "geometry": {"type": "Polygon", "coordinates": [[[-70.59550711164411, -33.44831790354401], [-70.59551388346024, -33.44831706516115], [-70.59522754589895, -33.447915001200826], [-70.59520910843821, -33.44792965517682], [-70.59550711164411, -33.44831790354401]]]}}, {"type": "Feature", "properties": {"zona": "AV", "nombre": "AV Zona de Areas Verdes", "uperm": "Área verde", "uproh": "Todos los otros usos de suelo", "comuna": "Ñuñoa"}, "geometry": {"type": "Polygon", "coordinates": [[[-70.59570563484618, -33.448577377229256], [-70.59558297829062, -33.44840933987661], [-70.59556385385362, -33.44838313882692], [-70.59555320084763, -33.448378588202516], [-70.59555057342152, -33.44839055238627], [-70.59569526843359, -33.44858577326999], [-70.59570563484618, -33.448577377229256]]]}}, {"type": "Feature", "properties": {"zona": "AV", "nombre": "AV Zona de Areas Verdes", "uperm": "Área verde", "uproh": "Todos los otros usos de suelo", "comuna": "Ñuñoa"}, "geometry": {"type": "Polygon", "coordinates": [[[-70.59488612319515, -33.447476252425034], [-70.59514359584365, -33.44783251203071], [-70.5951601595578, -33.44782051733503], [-70.59481396717919, -33.44735089408016], [-70.59479729868178, -33.44735751514302], [-70.59488612319515, -33.447476252425034]]]}}, {"type": "Feature", "properties": {"zona": "AV", "nombre": "AV Zona de Areas Verdes", "uperm": "Área verde", "uproh": "Todos los otros usos de suelo", "comuna": "Ñuñoa"}, "geometry": {"type": "Polygon", "coordinates": [[[-70.59458770496295, -33.44706830447348], [-70.59477554564069, -33.44732350451857], [-70.59478763836276, -33.44731485908435], [-70.59452317962673, -33.44695290685384], [-70.59450719604091, -33.44695850630736], [-70.59458770496295, -33.44706830447348]]]}}, {"type": "Feature", "properties": {"zona": "AV", "nombre": "AV Zona de Areas Verdes", "uperm": "Área verde", "uproh": "Todos los otros usos de suelo", "comuna": "Ñuñoa"}, "geometry": {"type": "Polygon", "coordinates": [[[-70.60053807817683, -33.4480575957253], [-70.5995700929431, -33.44796337356811], [-70.59956230894097, -33.447989292602884], [-70.60052153730012, -33.44808338437779], [-70.60053159593112, -33.448079051969756], [-70.60053807817683, -33.4480575957253]]]}}, {"type": "Feature", "properties": {"zona": "AV", "nombre": "AV Zona de Areas Verdes", "uperm": "Área verde", "uproh": "Todos los otros usos de suelo", "comuna": "Ñuñoa"}, "geometry": {"type": "Polygon", "coordinates": [[[-70.61755873848313, -33.46753211839098], [-70.61762574753557, -33.46714701093906], [-70.61747360144116, -33.46714069357726], [-70.61738221386014, -33.46752380411906], [-70.61755873848313, -33.46753211839098]]]}}, {"type": "Feature", "properties": {"zona": "AV", "nombre": "AV Zona de Areas Verdes", "uperm": "Área verde", "uproh": "Todos los otros usos de suelo", "comuna": "Ñuñoa"}, "geometry": {"type": "Polygon", "coordinates": [[[-70.61897158539266, -33.469008869612004], [-70.61861603751976, -33.46898846015144], [-70.61861518087748, -33.46901889359233], [-70.61896999346378, -33.469038120442626], [-70.61897158539266, -33.469008869612004]]]}}, {"type": "Feature", "properties": {"zona": "AV", "nombre": "AV Zona de Areas Verdes", "uperm": "Área verde", "uproh": "Todos los otros usos de suelo", "comuna": "Ñuñoa"}, "geometry": {"type": "Polygon", "coordinates": [[[-70.61812499753566, -33.467767088990364], [-70.61789072530588, -33.467753683771704], [-70.61788631780102, -33.46783820921631], [-70.61811798787747, -33.46784950116209], [-70.61812499753566, -33.467767088990364]]]}}, {"type": "Feature", "properties": {"zona": "AV", "nombre": "AV Zona de Areas Verdes", "uperm": "Área verde", "uproh": "Todos los otros usos de suelo", "comuna": "Ñuñoa"}, "geometry": {"type": "Polygon", "coordinates": [[[-70.6181334696336, -33.46760462320458], [-70.61789834031997, -33.46759099019875], [-70.617891510579, -33.46764476607629], [-70.61812876990122, -33.4676580736789], [-70.6181334696336, -33.46760462320458]]]}}, {"type": "Feature", "properties": {"zona": "AV", "nombre": "AV Zona de Areas Verdes", "uperm": "Área verde", "uproh": "Todos los otros usos de suelo", "comuna": "Ñuñoa"}, "geometry": {"type": "Polygon", "coordinates": [[[-70.57377176037895, -33.443671914416136], [-70.57388423842137, -33.44304775606149], [-70.57373477067875, -33.44303082482672], [-70.57368497566553, -33.44327096004107], [-70.57335602894976, -33.443233416801405], [-70.57339572140751, -33.442995058474246], [-70.57319941320625, -33.442970852476506], [-70.57315678627272, -33.443190418490005], [-70.57282838757918, -33.44315454250314], [-70.57286663726285, -33.44292646284545], [-70.57275526388895, -33.442909068777524], [-70.57264677473887, -33.44352121546368], [-70.5727735565385, -33.44353884071718], [-70.57282019804985, -33.443295252116364], [-70.57313993097205, -33.443338029822556], [-70.57310151270929, -33.44358033548412], [-70.57330933508027, -33.443600743049004], [-70.57334419156922, -33.44337181351608], [-70.57365475609355, -33.443403191556165], [-70.57361935908547, -33.443648905832056], [-70.57377176037895, -33.443671914416136]]]}}, {"type": "Feature", "properties": {"zona": "AV", "nombre": "AV Zona de Areas Verdes", "uperm": "Área verde", "uproh": "Todos los otros usos de suelo", "comuna": "Ñuñoa"}, "geometry": {"type": "Polygon", "coordinates": [[[-70.57247609801364, -33.44591116828534], [-70.57254891623518, -33.445921932476644], [-70.57252979510685, -33.44588757597479], [-70.57240571585196, -33.445879151986794], [-70.57239088842996, -33.44588266151848], [-70.57238987093453, -33.44589816981645], [-70.57247609801364, -33.44591116828534]]]}}, {"type": "Feature", "properties": {"zona": "AV", "nombre": "AV Zona de Areas Verdes", "uperm": "Área verde", "uproh": "Todos los otros usos de suelo", "comuna": "Ñuñoa"}, "geometry": {"type": "Polygon", "coordinates": [[[-70.57228193747969, -33.44586152800857], [-70.5722909379874, -33.445859000540686], [-70.57218216696637, -33.44579942648824], [-70.57216584910702, -33.44580571001135], [-70.57216215143373, -33.44582042080118], [-70.57216088497215, -33.4458707820107], [-70.57216804967915, -33.44587913416706], [-70.57219146349087, -33.445886930346475], [-70.57228193747969, -33.44586152800857]]]}}, {"type": "Feature", "properties": {"zona": "AV", "nombre": "AV Zona de Areas Verdes", "uperm": "Área verde", "uproh": "Todos los otros usos de suelo", "comuna": "Ñuñoa"}, "geometry": {"type": "Polygon", "coordinates": [[[-70.5719683650267, -33.45567134199109], [-70.57236994705434, -33.45563418651418], [-70.57236252572766, -33.4556112504302], [-70.57196872737646, -33.455652254514916], [-70.5719683650267, -33.45567134199109]]]}}, {"type": "Feature", "properties": {"zona": "AV", "nombre": "AV Zona de Areas Verdes", "uperm": "Área verde", "uproh": "Todos los otros usos de suelo", "comuna": "Ñuñoa"}, "geometry": {"type": "Polygon", "coordinates": [[[-70.57173321939955, -33.45602507634825], [-70.57173896793938, -33.456052503187784], [-70.5723997739608, -33.45598352536724], [-70.57239410382329, -33.455944839029236], [-70.57173321939955, -33.45602507634825]]]}}, {"type": "Feature", "properties": {"zona": "AV", "nombre": "AV Zona de Areas Verdes", "uperm": "Área verde", "uproh": "Todos los otros usos de suelo", "comuna": "Ñuñoa"}, "geometry": {"type": "Polygon", "coordinates": [[[-70.58593467772027, -33.47320382467629], [-70.58594664673788, -33.47338055426242], [-70.58623956799117, -33.473407385420366], [-70.58644859189347, -33.47342500004054], [-70.58663310841831, -33.47341450232209], [-70.58668843691224, -33.473403025138715], [-70.58681123893203, -33.47336402579729], [-70.58690800307336, -33.47331609343769], [-70.58708725339801, -33.473168005865745], [-70.58713898761826, -33.47313653038616], [-70.58707099608475, -33.472865991946314], [-70.58654715049171, -33.47295741324935], [-70.58657841867971, -33.47310564487157], [-70.58593467772027, -33.47320382467629]]]}}, {"type": "Feature", "properties": {"zona": "AV", "nombre": "AV Zona de Areas Verdes", "uperm": "Área verde", "uproh": "Todos los otros usos de suelo", "comuna": "Ñuñoa"}, "geometry": {"type": "Polygon", "coordinates": [[[-70.59533393693788, -33.472735193831745], [-70.59531804962558, -33.47240607305237], [-70.5951561914232, -33.472405762225335], [-70.59516526114552, -33.472601309488084], [-70.59502860650821, -33.47260732417973], [-70.59504262198129, -33.47275209331519], [-70.59533393693788, -33.472735193831745]]]}}, {"type": "Feature", "properties": {"zona": "AV", "nombre": "AV Zona de Areas Verdes", "uperm": "Área verde", "uproh": "Todos los otros usos de suelo", "comuna": "Ñuñoa"}, "geometry": {"type": "Polygon", "coordinates": [[[-70.59750680782636, -33.47246820376826], [-70.59753585326827, -33.47246706909871], [-70.59754947147725, -33.47246608820848], [-70.5975375433607, -33.47218849972242], [-70.59753226154926, -33.472179977871875], [-70.59747247251518, -33.472181997638465], [-70.59745629977793, -33.4721911901528], [-70.59747067215469, -33.472454218648174], [-70.59748823127646, -33.47246814472987], [-70.59750680782636, -33.47246820376826]]]}}, {"type": "Feature", "properties": {"zona": "AV", "nombre": "AV Zona de Areas Verdes", "uperm": "Área verde", "uproh": "Todos los otros usos de suelo", "comuna": "Ñuñoa"}, "geometry": {"type": "Polygon", "coordinates": [[[-70.6008055376404, -33.47217908027117], [-70.60080234847342, -33.47207196869659], [-70.60026243822543, -33.472091580943136], [-70.60026677263738, -33.47219745667536], [-70.6008055376404, -33.47217908027117]]]}}, {"type": "Feature", "properties": {"zona": "AV", "nombre": "AV Zona de Areas Verdes", "uperm": "Área verde", "uproh": "Todos los otros usos de suelo", "comuna": "Ñuñoa"}, "geometry": {"type": "Polygon", "coordinates": [[[-70.62403164768158, -33.47026455402108], [-70.62420426210751, -33.47002227614273], [-70.62430403948282, -33.46990701633122], [-70.62437133208056, -33.46984650014528], [-70.62440977279202, -33.46981587257471], [-70.62441285253136, -33.46979557988931], [-70.62439552338324, -33.46977393413279], [-70.624369060646, -33.46976744965464], [-70.62419403671245, -33.469916356262], [-70.62407408537888, -33.47006743487796], [-70.62403164768158, -33.47026455402108]]]}}, {"type": "Feature", "properties": {"zona": "AV", "nombre": "AV Zona de Areas Verdes", "uperm": "Área verde", "uproh": "Todos los otros usos de suelo", "comuna": "Ñuñoa"}, "geometry": {"type": "Polygon", "coordinates": [[[-70.6244892892851, -33.469755996019686], [-70.62451489349893, -33.46973861857564], [-70.62448396704987, -33.46974463242872], [-70.6244892892851, -33.469755996019686]]]}}, {"type": "Feature", "properties": {"zona": "AV", "nombre": "AV Zona de Areas Verdes", "uperm": "Área verde", "uproh": "Todos los otros usos de suelo", "comuna": "Ñuñoa"}, "geometry": {"type": "Polygon", "coordinates": [[[-70.62387342994995, -33.462942851415704], [-70.62388776149227, -33.462885373248035], [-70.62340468453965, -33.462785223732396], [-70.62338418681054, -33.46284255445264], [-70.62387342994995, -33.462942851415704]]]}}, {"type": "Feature", "properties": {"zona": "AV", "nombre": "AV Zona de Areas Verdes", "uperm": "Área verde", "uproh": "Todos los otros usos de suelo", "comuna": "Ñuñoa"}, "geometry": {"type": "Polygon", "coordinates": [[[-70.62331625248011, -33.462672708429054], [-70.62338577423326, -33.46243791697367], [-70.62336169602011, -33.4624333958444], [-70.62329669939326, -33.46266903616122], [-70.62331625248011, -33.462672708429054]]]}}, {"type": "Feature", "properties": {"zona": "AV", "nombre": "AV Zona de Areas Verdes", "uperm": "Área verde", "uproh": "Todos los otros usos de suelo", "comuna": "Ñuñoa"}, "geometry": {"type": "Polygon", "coordinates": [[[-70.6175672926613, -33.456133381881145], [-70.61757480844192, -33.456043402962436], [-70.61758644863068, -33.45601143902322], [-70.61763318432337, -33.45593841942288], [-70.61751620507107, -33.45594984535799], [-70.61754349077727, -33.45613604085146], [-70.6175672926613, -33.456133381881145]]]}}, {"type": "Feature", "properties": {"zona": "AV", "nombre": "AV Zona de Areas Verdes", "uperm": "Área verde", "uproh": "Todos los otros usos de suelo", "comuna": "Ñuñoa"}, "geometry": {"type": "Polygon", "coordinates": [[[-70.6182072142385, -33.456036271364155], [-70.61835447776221, -33.455875251630985], [-70.61820331787405, -33.45589495235117], [-70.61819046371589, -33.455909511553614], [-70.61819111573726, -33.4559323860618], [-70.6182072142385, -33.456036271364155]]]}}, {"type": "Feature", "properties": {"zona": "AV", "nombre": "AV Zona de Areas Verdes", "uperm": "Área verde", "uproh": "Todos los otros usos de suelo", "comuna": "Ñuñoa"}, "geometry": {"type": "Polygon", "coordinates": [[[-70.61838468660784, -33.45569931341671], [-70.61867805723051, -33.45567396599906], [-70.61870554694272, -33.45564803023512], [-70.61870550044314, -33.45562891476487], [-70.61868465050802, -33.45559838054697], [-70.61866463265548, -33.45558801389227], [-70.61863189259135, -33.4555826850469], [-70.61854262590452, -33.45562847229772], [-70.61849282754501, -33.45565369828443], [-70.61845067052204, -33.45566661821915], [-70.61838468660784, -33.45569931341671]]]}}, {"type": "Feature", "properties": {"zona": "AV", "nombre": "AV Zona de Areas Verdes", "uperm": "Área verde", "uproh": "Todos los otros usos de suelo", "comuna": "Ñuñoa"}, "geometry": {"type": "Polygon", "coordinates": [[[-70.61885559943002, -33.455665617784156], [-70.61893277152214, -33.45565892836353], [-70.61890148320241, -33.455614090424], [-70.6188877385884, -33.455606724327374], [-70.61886913638853, -33.455605261917015], [-70.61885546984489, -33.45560962038251], [-70.61884363740917, -33.455619347832744], [-70.61880785797628, -33.45567074501679], [-70.61885559943002, -33.455665617784156]]]}}, {"type": "Feature", "properties": {"zona": "AV", "nombre": "AV Zona de Areas Verdes", "uperm": "Área verde", "uproh": "Todos los otros usos de suelo", "comuna": "Ñuñoa"}, "geometry": {"type": "Polygon", "coordinates": [[[-70.61873127763691, -33.45552982692217], [-70.6187494822726, -33.45553450145074], [-70.61878408784064, -33.45554081144255], [-70.61880249519466, -33.45554058998962], [-70.61883848981361, -33.455534460027835], [-70.61888466049241, -33.455525806404424], [-70.61890437699238, -33.455510988865086], [-70.61891971177145, -33.455492311003624], [-70.6189369297475, -33.45544193810075], [-70.61893625654301, -33.45542528469377], [-70.61873127763691, -33.45552982692217]]]}}, {"type": "Feature", "properties": {"zona": "AV", "nombre": "AV Zona de Areas Verdes", "uperm": "Área verde", "uproh": "Todos los otros usos de suelo", "comuna": "Ñuñoa"}, "geometry": {"type": "Polygon", "coordinates": [[[-70.61609897206439, -33.45300696312989], [-70.61672846554646, -33.45300024987541], [-70.6171078271039, -33.45300785409257], [-70.61735169700013, -33.45302265675719], [-70.61762968640942, -33.45304464678557], [-70.6176311712917, -33.45303301454444], [-70.61743708148887, -33.45301350376944], [-70.61718968740543, -33.45299900517305], [-70.61692181245718, -33.45298693672399], [-70.61659045738391, -33.452985652677164], [-70.61623761280778, -33.45299233964396], [-70.61569119665299, -33.45299850419044], [-70.61527113886584, -33.45300324171578], [-70.61516539393573, -33.45300857592129], [-70.61489577755029, -33.4530261130285], [-70.61458651010999, -33.45304622850178], [-70.61458658201968, -33.453050978408], [-70.61464009739967, -33.45305089640201], [-70.61481746695114, -33.45304040093073], [-70.61512446279544, -33.453018871551045], [-70.61519967493132, -33.45301763994644], [-70.61561858804892, -33.453012667774196], [-70.61609897206439, -33.45300696312989]]]}}, {"type": "Feature", "properties": {"zona": "AV", "nombre": "AV Zona de Areas Verdes", "uperm": "Área verde", "uproh": "Todos los otros usos de suelo", "comuna": "Ñuñoa"}, "geometry": {"type": "Polygon", "coordinates": [[[-70.61588956217965, -33.45209416850415], [-70.61587836043216, -33.451890078802855], [-70.61578793210496, -33.45189098698072], [-70.61579708819204, -33.45209726504572], [-70.61588956217965, -33.45209416850415]]]}}, {"type": "Feature", "properties": {"zona": "AV", "nombre": "AV Zona de Areas Verdes", "uperm": "Área verde", "uproh": "Todos los otros usos de suelo", "comuna": "Ñuñoa"}, "geometry": {"type": "Polygon", "coordinates": [[[-70.61608644264908, -33.45188707582556], [-70.61609468306803, -33.45209435239664], [-70.61618931258788, -33.45209216092402], [-70.61617579815237, -33.451884127047514], [-70.61608644264908, -33.45188707582556]]]}}, {"type": "Feature", "properties": {"zona": "AV", "nombre": "AV Zona de Areas Verdes", "uperm": "Área verde", "uproh": "Todos los otros usos de suelo", "comuna": "Ñuñoa"}, "geometry": {"type": "Polygon", "coordinates": [[[-70.61090850047094, -33.452102457454714], [-70.61091474097327, -33.45207608256658], [-70.61042952541362, -33.451999914649164], [-70.6104245303155, -33.45202784612996], [-70.61090850047094, -33.452102457454714]]]}}, {"type": "Feature", "properties": {"zona": "AV", "nombre": "AV Zona de Areas Verdes", "uperm": "Área verde", "uproh": "Todos los otros usos de suelo", "comuna": "Ñuñoa"}, "geometry": {"type": "Polygon", "coordinates": [[[-70.61027437692164, -33.451073523557234], [-70.6102853412494, -33.45104096660241], [-70.60988332823361, -33.450975495323654], [-70.60987074073388, -33.45100638509649], [-70.61027437692164, -33.451073523557234]]]}}, {"type": "Feature", "properties": {"zona": "AV", "nombre": "AV Zona de Areas Verdes", "uperm": "Área verde", "uproh": "Todos los otros usos de suelo", "comuna": "Ñuñoa"}, "geometry": {"type": "Polygon", "coordinates": [[[-70.60373545027129, -33.45054354426209], [-70.60377008197901, -33.45026738522716], [-70.6039338381033, -33.4502842708843], [-70.60394262864091, -33.450215561948745], [-70.60377185714125, -33.45019060547463], [-70.60374503582824, -33.450205670376114], [-70.603743733522, -33.450218261477865], [-70.60373468008153, -33.450274393236604], [-70.60370553708667, -33.45054131953875], [-70.60373545027129, -33.45054354426209]]]}}, {"type": "Feature", "properties": {"zona": "AV", "nombre": "AV Zona de Areas Verdes", "uperm": "Área verde", "uproh": "Todos los otros usos de suelo", "comuna": "Ñuñoa"}, "geometry": {"type": "Polygon", "coordinates": [[[-70.60467693826386, -33.45020266881772], [-70.60376494176049, -33.450067479337115], [-70.60376387116882, -33.45008126146807], [-70.60377250376482, -33.45009267160152], [-70.60463267707766, -33.45022830367879], [-70.60467693826386, -33.45020266881772]]]}}, {"type": "Feature", "properties": {"zona": "AV", "nombre": "AV Zona de Areas Verdes", "uperm": "Área verde", "uproh": "Todos los otros usos de suelo", "comuna": "Ñuñoa"}, "geometry": {"type": "Polygon", "coordinates": [[[-70.60360847238054, -33.45007098071242], [-70.60362981742827, -33.45007424609014], [-70.60363895561608, -33.450071512562396], [-70.6036512481763, -33.45006580366441], [-70.6036870372778, -33.44981311969831], [-70.60373501296665, -33.44944683560733], [-70.60379123407169, -33.44901760239176], [-70.60385406564889, -33.44853789189021], [-70.60385256422587, -33.44851979800046], [-70.60383886977095, -33.44850970960854], [-70.60381973196787, -33.44850722645175], [-70.60369774725436, -33.44940733854958], [-70.60360847238054, -33.45007098071242]]]}}, {"type": "Feature", "properties": {"zona": "AV", "nombre": "AV Zona de Areas Verdes", "uperm": "Área verde", "uproh": "Todos los otros usos de suelo", "comuna": "Ñuñoa"}, "geometry": {"type": "Polygon", "coordinates": [[[-70.60465052708514, -33.448495514050954], [-70.60465368773426, -33.448533884903874], [-70.60533191370781, -33.448632729666166], [-70.60542973477861, -33.44864698613421], [-70.6054587134853, -33.448613013973336], [-70.60465052708514, -33.448495514050954]]]}}, {"type": "Feature", "properties": {"zona": "AV", "nombre": "AV Zona de Areas Verdes", "uperm": "Área verde", "uproh": "Todos los otros usos de suelo", "comuna": "Ñuñoa"}, "geometry": {"type": "Polygon", "coordinates": [[[-70.623149635784, -33.47330167301808], [-70.62321476539263, -33.47330461751547], [-70.62324002876014, -33.47329647587997], [-70.62328477892821, -33.47324834000695], [-70.6233782195767, -33.47286451258874], [-70.62336454680468, -33.472847609306775], [-70.62326474065857, -33.47281512888097], [-70.623149635784, -33.47330167301808]]]}}, {"type": "Feature", "properties": {"zona": "AV", "nombre": "AV Zona de Areas Verdes", "uperm": "Área verde", "uproh": "Todos los otros usos de suelo", "comuna": "Ñuñoa"}, "geometry": {"type": "Polygon", "coordinates": [[[-70.62356052582588, -33.47211650151628], [-70.62355676994761, -33.47201685382203], [-70.62352064957918, -33.47191285856947], [-70.62350074363161, -33.47188570834046], [-70.6234603077862, -33.47204810778633], [-70.62330990804799, -33.47264161564417], [-70.62340741779636, -33.472645777211525], [-70.62342833041158, -33.47264029340246], [-70.62343984019931, -33.47262569536395], [-70.62355868398438, -33.47214317551623], [-70.62356052582588, -33.47211650151628]]]}}, {"type": "Feature", "properties": {"zona": "AV", "nombre": "AV Zona de Areas Verdes", "uperm": "Área verde", "uproh": "Todos los otros usos de suelo", "comuna": "Ñuñoa"}, "geometry": {"type": "Polygon", "coordinates": [[[-70.58006194339418, -33.44603440858392], [-70.58007723831618, -33.44584160462699], [-70.57995412159879, -33.445832480626436], [-70.58003215199096, -33.445960425468776], [-70.58006194339418, -33.44603440858392]]]}}, {"type": "Feature", "properties": {"zona": "AV", "nombre": "AV Zona de Areas Verdes", "uperm": "Área verde", "uproh": "Todos los otros usos de suelo", "comuna": "Ñuñoa"}, "geometry": {"type": "Polygon", "coordinates": [[[-70.5758168978342, -33.453977152750475], [-70.57584897090078, -33.453997811033844], [-70.57588616098039, -33.45401384096118], [-70.57592725337605, -33.45400377440918], [-70.57598107261657, -33.45394194202332], [-70.5760114403537, -33.45388601089043], [-70.57603230033145, -33.453811095215336], [-70.57604108926111, -33.45375664237981], [-70.57598709432362, -33.45375137674129], [-70.5758372173795, -33.453754315642925], [-70.57577136873192, -33.45376981208598], [-70.5756672898228, -33.453808593792644], [-70.57540428953861, -33.453610754706105], [-70.57540915595348, -33.45369309462211], [-70.5758168978342, -33.453977152750475]]]}}, {"type": "Feature", "properties": {"zona": "AV", "nombre": "AV Zona de Areas Verdes", "uperm": "Área verde", "uproh": "Todos los otros usos de suelo", "comuna": "Ñuñoa"}, "geometry": {"type": "Polygon", "coordinates": [[[-70.57688183232186, -33.45731157066643], [-70.57695544272403, -33.457279133059295], [-70.57693291015384, -33.45722584161876], [-70.57651535259005, -33.45734544641183], [-70.57652943681309, -33.45737085779085], [-70.57688183232186, -33.45731157066643]]]}}, {"type": "Feature", "properties": {"zona": "AV", "nombre": "AV Zona de Areas Verdes", "uperm": "Área verde", "uproh": "Todos los otros usos de suelo", "comuna": "Ñuñoa"}, "geometry": {"type": "Polygon", "coordinates": [[[-70.57661515722167, -33.45693948418594], [-70.5767607132692, -33.45688881901928], [-70.5767277828131, -33.456830977465394], [-70.57649367091517, -33.456972605355], [-70.57650200808261, -33.4569866915209], [-70.57661515722167, -33.45693948418594]]]}}, {"type": "Feature", "properties": {"zona": "AV", "nombre": "AV Zona de Areas Verdes", "uperm": "Área verde", "uproh": "Todos los otros usos de suelo", "comuna": "Ñuñoa"}, "geometry": {"type": "Polygon", "coordinates": [[[-70.57659949715912, -33.46017357363294], [-70.57665152400072, -33.46016553212512], [-70.57665211651619, -33.46015838294833], [-70.57659630858747, -33.46016557973337], [-70.57659949715912, -33.46017357363294]]]}}, {"type": "Feature", "properties": {"zona": "AV", "nombre": "AV Zona de Areas Verdes", "uperm": "Área verde", "uproh": "Todos los otros usos de suelo", "comuna": "Ñuñoa"}, "geometry": {"type": "Polygon", "coordinates": [[[-70.57628106067551, -33.45991735647332], [-70.57628411701253, -33.45994764815908], [-70.57646920166839, -33.45993055735108], [-70.57646537329464, -33.45990201964127], [-70.57628106067551, -33.45991735647332]]]}}, {"type": "Feature", "properties": {"zona": "AV", "nombre": "AV Zona de Areas Verdes", "uperm": "Área verde", "uproh": "Todos los otros usos de suelo", "comuna": "Ñuñoa"}, "geometry": {"type": "Polygon", "coordinates": [[[-70.5762129784, -33.45992377217087], [-70.57604234361298, -33.4599408655433], [-70.57604464236357, -33.45997460286509], [-70.5762169229209, -33.459953856865454], [-70.5762129784, -33.45992377217087]]]}}, {"type": "Feature", "properties": {"zona": "AV", "nombre": "AV Zona de Areas Verdes", "uperm": "Área verde", "uproh": "Todos los otros usos de suelo", "comuna": "Ñuñoa"}, "geometry": {"type": "Polygon", "coordinates": [[[-70.5759850583975, -33.4598963938967], [-70.57598328749897, -33.459877315522164], [-70.57580382100446, -33.45989182797536], [-70.57580189356261, -33.45991136551055], [-70.5759850583975, -33.4598963938967]]]}}, {"type": "Feature", "properties": {"zona": "AV", "nombre": "AV Zona de Areas Verdes", "uperm": "Área verde", "uproh": "Todos los otros usos de suelo", "comuna": "Ñuñoa"}, "geometry": {"type": "Polygon", "coordinates": [[[-70.57863463082313, -33.46203268445348], [-70.57859930825927, -33.46189732512723], [-70.57856011038062, -33.46190400192991], [-70.57859165330572, -33.46203967364448], [-70.57863463082313, -33.46203268445348]]]}}, {"type": "Feature", "properties": {"zona": "AV", "nombre": "AV Zona de Areas Verdes", "uperm": "Área verde", "uproh": "Todos los otros usos de suelo", "comuna": "Ñuñoa"}, "geometry": {"type": "Polygon", "coordinates": [[[-70.5790682022076, -33.46311247249337], [-70.57911118567803, -33.463105132240216], [-70.57911874278426, -33.46309744791573], [-70.57911454656023, -33.46307259449246], [-70.57911011211586, -33.4630663462599], [-70.57910206938936, -33.46306523034965], [-70.57898506262597, -33.46308946080387], [-70.57897792030342, -33.46309236912762], [-70.57897600627076, -33.46310092036412], [-70.57897932319783, -33.4631153209998], [-70.57898628420112, -33.4631215785341], [-70.57899675214777, -33.46312322630037], [-70.5790682022076, -33.46311247249337]]]}}, {"type": "Feature", "properties": {"zona": "AV", "nombre": "AV Zona de Areas Verdes", "uperm": "Área verde", "uproh": "Todos los otros usos de suelo", "comuna": "Ñuñoa"}, "geometry": {"type": "Polygon", "coordinates": [[[-70.62773713770619, -33.45376093447877], [-70.62775426925904, -33.453711984649274], [-70.62773263377039, -33.45367922216666], [-70.62750185122924, -33.4536335897876], [-70.62748081945816, -33.453714085334774], [-70.62773713770619, -33.45376093447877]]]}}, {"type": "Feature", "properties": {"zona": "AV", "nombre": "AV Zona de Areas Verdes", "uperm": "Área verde", "uproh": "Todos los otros usos de suelo", "comuna": "Ñuñoa"}, "geometry": {"type": "Polygon", "coordinates": [[[-70.60520278628769, -33.4503054938973], [-70.60521066669375, -33.450300184674404], [-70.60519058010412, -33.4502785212245], [-70.60512854949373, -33.45026823188665], [-70.60516498347205, -33.45030568127978], [-70.60520278628769, -33.4503054938973]]]}}, {"type": "Feature", "properties": {"zona": "AV", "nombre": "AV Zona de Areas Verdes", "uperm": "Área verde", "uproh": "Todos los otros usos de suelo", "comuna": "Ñuñoa"}, "geometry": {"type": "Polygon", "coordinates": [[[-70.60523528505472, -33.45018555050986], [-70.60525054785604, -33.45011317110026], [-70.60522613624056, -33.45012325134848], [-70.60521595197338, -33.450171908124354], [-70.60523528505472, -33.45018555050986]]]}}, {"type": "Feature", "properties": {"zona": "AV", "nombre": "AV Zona de Areas Verdes", "uperm": "Área verde", "uproh": "Todos los otros usos de suelo", "comuna": "Ñuñoa"}, "geometry": {"type": "Polygon", "coordinates": [[[-70.6050717201077, -33.450302181301815], [-70.60502512775372, -33.45024297953788], [-70.60500959939931, -33.45024192523757], [-70.60505809373451, -33.450298263412684], [-70.6050717201077, -33.450302181301815]]]}}, {"type": "Feature", "properties": {"zona": "AV", "nombre": "AV Zona de Areas Verdes", "uperm": "Área verde", "uproh": "Todos los otros usos de suelo", "comuna": "Ñuñoa"}, "geometry": {"type": "Polygon", "coordinates": [[[-70.60495805207366, -33.45027645012129], [-70.60493185167171, -33.45024001169918], [-70.60480413144464, -33.45022093565676], [-70.6047872104353, -33.45022995388826], [-70.60480468086308, -33.45025379583121], [-70.60495805207366, -33.45027645012129]]]}}, {"type": "Feature", "properties": {"zona": "AV", "nombre": "AV Zona de Areas Verdes", "uperm": "Área verde", "uproh": "Todos los otros usos de suelo", "comuna": "Ñuñoa"}, "geometry": {"type": "Polygon", "coordinates": [[[-70.57589843212331, -33.44015292610625], [-70.57592189754787, -33.43996056502156], [-70.57587547597198, -33.439960383082884], [-70.57584512396662, -33.44015019290832], [-70.57589843212331, -33.44015292610625]]]}}, {"type": "Feature", "properties": {"zona": "AV", "nombre": "AV Zona de Areas Verdes", "uperm": "Área verde", "uproh": "Todos los otros usos de suelo", "comuna": "Ñuñoa"}, "geometry": {"type": "Polygon", "coordinates": [[[-70.57602845270436, -33.440166561396346], [-70.57604894763587, -33.439976329416226], [-70.57599719968356, -33.43996963000223], [-70.57597161821671, -33.440160367630085], [-70.57602845270436, -33.440166561396346]]]}}, {"type": "Feature", "properties": {"zona": "AV", "nombre": "AV Zona de Areas Verdes", "uperm": "Área verde", "uproh": "Todos los otros usos de suelo", "comuna": "Ñuñoa"}, "geometry": {"type": "Polygon", "coordinates": [[[-70.58050262453558, -33.45800816966753], [-70.58043704622457, -33.45801918395208], [-70.58051127742219, -33.45855507587231], [-70.5806425648584, -33.458530550131556], [-70.58050262453558, -33.45800816966753]]]}}, {"type": "Feature", "properties": {"zona": "AV", "nombre": "AV Zona de Areas Verdes", "uperm": "Área verde", "uproh": "Todos los otros usos de suelo", "comuna": "Ñuñoa"}, "geometry": {"type": "Polygon", "coordinates": [[[-70.58036463433184, -33.458818293102986], [-70.58031254076333, -33.458436971266174], [-70.5802788963988, -33.458440272556096], [-70.58034342882668, -33.45882054029425], [-70.58036463433184, -33.458818293102986]]]}}, {"type": "Feature", "properties": {"zona": "AV", "nombre": "AV Zona de Areas Verdes", "uperm": "Área verde", "uproh": "Todos los otros usos de suelo", "comuna": "Ñuñoa"}, "geometry": {"type": "Polygon", "coordinates": [[[-70.58103936183655, -33.45873953833888], [-70.5813047714748, -33.45869075876178], [-70.58123851678498, -33.45844186319455], [-70.58115569100384, -33.45845517481389], [-70.58120484971286, -33.45865498336868], [-70.58102732785936, -33.45868941450645], [-70.58103936183655, -33.45873953833888]]]}}, {"type": "Feature", "properties": {"zona": "AV", "nombre": "AV Zona de Areas Verdes", "uperm": "Área verde", "uproh": "Todos los otros usos de suelo", "comuna": "Ñuñoa"}, "geometry": {"type": "Polygon", "coordinates": [[[-70.58255834813652, -33.45863123550925], [-70.58294013151446, -33.4585662441157], [-70.58293569860486, -33.458545698301656], [-70.58255390918178, -33.45861337181557], [-70.58255834813652, -33.45863123550925]]]}}, {"type": "Feature", "properties": {"zona": "AV", "nombre": "AV Zona de Areas Verdes", "uperm": "Área verde", "uproh": "Todos los otros usos de suelo", "comuna": "Ñuñoa"}, "geometry": {"type": "Polygon", "coordinates": [[[-70.58199588346628, -33.45833435636712], [-70.58240212149362, -33.45825686441779], [-70.58241971214721, -33.458268673939656], [-70.58246754624116, -33.45845417050388], [-70.58249893791842, -33.458449350733524], [-70.58245583655646, -33.458265029275296], [-70.58246320765394, -33.45824951558973], [-70.58259649612322, -33.4582200652808], [-70.58260396691077, -33.45820986122256], [-70.58199337239144, -33.45832613030928], [-70.58199588346628, -33.45833435636712]]]}}, {"type": "Feature", "properties": {"zona": "AV", "nombre": "AV Zona de Areas Verdes", "uperm": "Área verde", "uproh": "Todos los otros usos de suelo", "comuna": "Ñuñoa"}, "geometry": {"type": "Polygon", "coordinates": [[[-70.58032746260237, -33.46281175127928], [-70.58029650183833, -33.46268668364108], [-70.58024601977782, -33.46269512545242], [-70.58027764174636, -33.46282034610237], [-70.58032746260237, -33.46281175127928]]]}}, {"type": "Feature", "properties": {"zona": "AV", "nombre": "AV Zona de Areas Verdes", "uperm": "Área verde", "uproh": "Todos los otros usos de suelo", "comuna": "Ñuñoa"}, "geometry": {"type": "Polygon", "coordinates": [[[-70.583787021499, -33.46881364843504], [-70.58375486265182, -33.46867122247387], [-70.58368504051253, -33.4686626048878], [-70.58372392796716, -33.46882787220276], [-70.583787021499, -33.46881364843504]]]}}, {"type": "Feature", "properties": {"zona": "AV", "nombre": "AV Zona de Areas Verdes", "uperm": "Área verde", "uproh": "Todos los otros usos de suelo", "comuna": "Ñuñoa"}, "geometry": {"type": "Polygon", "coordinates": [[[-70.58352258885779, -33.46798286548299], [-70.58357879185778, -33.46794538950913], [-70.58355182938581, -33.467803526548515], [-70.58353034185386, -33.467794524838], [-70.58347859249501, -33.46780129055304], [-70.58352258885779, -33.46798286548299]]]}}, {"type": "Feature", "properties": {"zona": "AV", "nombre": "AV Zona de Areas Verdes", "uperm": "Área verde", "uproh": "Todos los otros usos de suelo", "comuna": "Ñuñoa"}, "geometry": {"type": "Polygon", "coordinates": [[[-70.59394990441083, -33.47213734557797], [-70.59431409728477, -33.47212735616682], [-70.59430817790182, -33.47177011768227], [-70.59432317284067, -33.47174178672816], [-70.59466283569289, -33.47173390654196], [-70.59414260872786, -33.47143574631681], [-70.59408046353273, -33.47149347112168], [-70.59389730351909, -33.47137913899953], [-70.59369526682282, -33.47160341387002], [-70.59380947793166, -33.47162346817577], [-70.59397927181726, -33.471722434681546], [-70.59402717594546, -33.4719976716381], [-70.59394990441083, -33.47213734557797]]]}}, {"type": "Feature", "properties": {"zona": "AV", "nombre": "AV Zona de Areas Verdes", "uperm": "Área verde", "uproh": "Todos los otros usos de suelo", "comuna": "Ñuñoa"}, "geometry": {"type": "Polygon", "coordinates": [[[-70.61143278030457, -33.462067365753974], [-70.61158624954757, -33.46205689675623], [-70.6115873494987, -33.46205336802337], [-70.61115382336895, -33.462081108989096], [-70.6107149334171, -33.46211153345455], [-70.61071700100959, -33.462115176130894], [-70.61143278030457, -33.462067365753974]]]}}, {"type": "Feature", "properties": {"zona": "AV", "nombre": "AV Zona de Areas Verdes", "uperm": "Área verde", "uproh": "Todos los otros usos de suelo", "comuna": "Ñuñoa"}, "geometry": {"type": "Polygon", "coordinates": [[[-70.60917653244866, -33.462218559166146], [-70.60976687478136, -33.4621789432011], [-70.60976849847194, -33.462173999924154], [-70.60949381055113, -33.46219229955062], [-70.60889304059094, -33.46223295050631], [-70.60889425284005, -33.462237240107676], [-70.60917653244866, -33.462218559166146]]]}}, {"type": "Feature", "properties": {"zona": "AV", "nombre": "AV Zona de Areas Verdes", "uperm": "Área verde", "uproh": "Todos los otros usos de suelo", "comuna": "Ñuñoa"}, "geometry": {"type": "Polygon", "coordinates": [[[-70.61636996961302, -33.44937783350148], [-70.61680641608343, -33.449442035675325], [-70.61707877325128, -33.44818444088277], [-70.61709193881383, -33.44812364989279], [-70.61649681342362, -33.44801302456182], [-70.61647812361076, -33.448082934695826], [-70.61645846300574, -33.4481564756303], [-70.6163865817388, -33.44850961297571], [-70.6163518520859, -33.448646281023244], [-70.61620530032047, -33.4493536100482], [-70.6163626330652, -33.44937675407557], [-70.61636996961302, -33.44937783350148]]]}}, {"type": "Feature", "properties": {"zona": "AV", "nombre": "AV Zona de Areas Verdes", "uperm": "Área verde", "uproh": "Todos los otros usos de suelo", "comuna": "Ñuñoa"}, "geometry": {"type": "Polygon", "coordinates": [[[-70.623606451987, -33.45860519336406], [-70.62343340342946, -33.458785503422526], [-70.62339577367793, -33.45882471266028], [-70.62389279641276, -33.45907524282957], [-70.62394042020746, -33.458893005150216], [-70.62399024982008, -33.45874101923034], [-70.62406484480495, -33.458750866499045], [-70.62422838501156, -33.45822575800674], [-70.62405228291405, -33.45813376134434], [-70.6238730713942, -33.45832983193191], [-70.62374658837136, -33.45846046297828], [-70.62371513405476, -33.45849294764356], [-70.623606451987, -33.45860519336406]]]}}, {"type": "Feature", "properties": {"zona": "AV", "nombre": "AV Zona de Areas Verdes", "uperm": "Área verde", "uproh": "Todos los otros usos de suelo", "comuna": "Ñuñoa"}, "geometry": {"type": "Polygon", "coordinates": [[[-70.62102348105105, -33.4607402609594], [-70.6210470386935, -33.46106737874502], [-70.62111208422687, -33.46112548232636], [-70.62117752594243, -33.46118394051901], [-70.62125375623336, -33.4612446510077], [-70.62177357221059, -33.46120626394073], [-70.62175778886423, -33.461064365796894], [-70.62183274852482, -33.46093940073152], [-70.62159765518157, -33.46080074270805], [-70.62147877014874, -33.460919998348835], [-70.62139638665289, -33.46086922456781], [-70.62131849302308, -33.460821217426265], [-70.62123816352084, -33.4607717639993], [-70.62108276483393, -33.46063163775865], [-70.62103530768536, -33.460548719379204], [-70.62101746197348, -33.46065667255939], [-70.62102062977178, -33.46070066830724], [-70.62102348105105, -33.4607402609594]]]}}, {"type": "Feature", "properties": {"zona": "AV", "nombre": "AV Zona de Areas Verdes", "uperm": "Área verde", "uproh": "Todos los otros usos de suelo", "comuna": "Ñuñoa"}, "geometry": {"type": "Polygon", "coordinates": [[[-70.62448721135883, -33.461151387438285], [-70.62484514542162, -33.46142761491312], [-70.62498888176628, -33.460887878767565], [-70.62424115936294, -33.460933659800354], [-70.62448721135883, -33.461151387438285]]]}}, {"type": "Feature", "properties": {"zona": "AV", "nombre": "AV Zona de Areas Verdes", "uperm": "Área verde", "uproh": "Todos los otros usos de suelo", "comuna": "Ñuñoa"}, "geometry": {"type": "Polygon", "coordinates": [[[-70.62517285547423, -33.461503250934996], [-70.62508807319291, -33.46163557577716], [-70.62523058120688, -33.461607186257616], [-70.62532959471706, -33.461552788288635], [-70.62559673482299, -33.46139557831331], [-70.62570813772057, -33.461290715425235], [-70.62577683465608, -33.461219947072635], [-70.62581886322276, -33.4611495294054], [-70.62584771839343, -33.46108766791509], [-70.62591057523744, -33.46088283378097], [-70.62593876748775, -33.460778908913014], [-70.62597068323487, -33.46066125627321], [-70.62625386161436, -33.459678990668124], [-70.62629470671519, -33.45953051355435], [-70.6262959842558, -33.45952586951488], [-70.62642023048946, -33.45907421286554], [-70.6266543630932, -33.45823757576492], [-70.62678421335835, -33.457780324193784], [-70.62678746594496, -33.45776886977788], [-70.62681721581511, -33.45766410990357], [-70.62685612369684, -33.457527098604196], [-70.62688104136504, -33.4573477452308], [-70.62678096973804, -33.457333675269076], [-70.62672131621781, -33.45753438435842], [-70.62668715230612, -33.45764089667564], [-70.62663572481542, -33.45780123115912], [-70.62655946906084, -33.45808313946298], [-70.62652420059187, -33.458209855444345], [-70.62629108964701, -33.45905073734736], [-70.6262659445832, -33.45914321691135], [-70.6262621974296, -33.45915700091009], [-70.62616494516682, -33.45951468363891], [-70.62616465524412, -33.45951575159914], [-70.62612593053217, -33.4596581766476], [-70.62584647933257, -33.460642828931555], [-70.6257799331661, -33.4608742909929], [-70.62569583309792, -33.46110473964041], [-70.62564691048482, -33.46119006291064], [-70.62554761621581, -33.46128310450599], [-70.62517285547423, -33.461503250934996]]]}}, {"type": "Feature", "properties": {"zona": "AV", "nombre": "AV Zona de Areas Verdes", "uperm": "Área verde", "uproh": "Todos los otros usos de suelo", "comuna": "Ñuñoa"}, "geometry": {"type": "Polygon", "coordinates": [[[-70.62305685885924, -33.45318881127855], [-70.6230404224422, -33.453274222267915], [-70.62327564391111, -33.45317038987744], [-70.62322210092532, -33.45315900200795], [-70.62320000879355, -33.45315192065054], [-70.62317446868622, -33.453136589415905], [-70.62313642493501, -33.453098386483894], [-70.62310784844428, -33.45303794492698], [-70.62306929836745, -33.45315200709124], [-70.62305685885924, -33.45318881127855]]]}}, {"type": "Feature", "properties": {"zona": "AV", "nombre": "AV Zona de Areas Verdes", "uperm": "Área verde", "uproh": "Todos los otros usos de suelo", "comuna": "Ñuñoa"}, "geometry": {"type": "Polygon", "coordinates": [[[-70.60892933119464, -33.456755633442775], [-70.60846272125846, -33.456840490320154], [-70.60878854802426, -33.45683779314527], [-70.60892197167071, -33.456828757436426], [-70.60900608256027, -33.45682279755715], [-70.60916835878947, -33.45680365088508], [-70.60921243288527, -33.45683067382722], [-70.60922818727369, -33.45685140620162], [-70.60924612947467, -33.45688660619959], [-70.60929979554773, -33.45701064619123], [-70.60933373977929, -33.45721778439362], [-70.60935992807983, -33.457377592390515], [-70.60936145489453, -33.457386913730055], [-70.60944101245255, -33.457872392280926], [-70.60954735580697, -33.45850159395643], [-70.60968079074199, -33.459356417999075], [-70.60949962972526, -33.45937376889448], [-70.6095551761497, -33.459717771391134], [-70.60955729753223, -33.45973090786228], [-70.60963663095994, -33.46022221660191], [-70.60977363952945, -33.4610706648122], [-70.60985709317558, -33.46155224312108], [-70.6098830396028, -33.46170197064513], [-70.61006129826926, -33.46168270706003], [-70.61009395328551, -33.461912769883035], [-70.61010565870268, -33.46199819247582], [-70.61028761785535, -33.46198572086529], [-70.61027504310263, -33.461899262562255], [-70.61027593276361, -33.46189919599217], [-70.61025153624469, -33.461755181364765], [-70.61025109583038, -33.461731366147646], [-70.61025731493883, -33.46170606206564], [-70.61028003584862, -33.461665741856514], [-70.61046518810801, -33.46165486262776], [-70.61046348153452, -33.46164432707799], [-70.61044974377626, -33.461559508999606], [-70.61036246869782, -33.46102064514257], [-70.6102118761535, -33.46016672508025], [-70.61014505639696, -33.45974248024139], [-70.61007823736135, -33.459318234417495], [-70.60990008122279, -33.45933125956108], [-70.60976079316637, -33.458482943658495], [-70.60968329275636, -33.45800295517965], [-70.60967815361583, -33.45797236328398], [-70.60966204361924, -33.45792530754921], [-70.60964943051445, -33.45790247646753], [-70.60962162377133, -33.457854224385], [-70.6095973127929, -33.45770148859277], [-70.6095890343704, -33.45765169509509], [-70.6095884013518, -33.457647890374986], [-70.6095170299605, -33.457218601501225], [-70.6095133597405, -33.45719652003507], [-70.60950416391424, -33.45714120841234], [-70.60949128472865, -33.45706374334498], [-70.60948107824495, -33.457008292432675], [-70.60950578638027, -33.4569009513404], [-70.60952212176461, -33.45684920139909], [-70.60953865376534, -33.45680791645298], [-70.6095637211076, -33.45676088422855], [-70.6100115710335, -33.45671721903509], [-70.61016681181933, -33.456695875400996], [-70.61022807483255, -33.45668380578609], [-70.61043429058375, -33.45663141423057], [-70.61018727447681, -33.45662245127358], [-70.61007127012309, -33.45663126117265], [-70.60989451948458, -33.45665303195584], [-70.60942197742126, -33.4566981166615], [-70.60931187016095, -33.4567117182685], [-70.60892933119464, -33.456755633442775]]]}}, {"type": "Feature", "properties": {"zona": "AV", "nombre": "AV Zona de Areas Verdes", "uperm": "Área verde", "uproh": "Todos los otros usos de suelo", "comuna": "Ñuñoa"}, "geometry": {"type": "Polygon", "coordinates": [[[-70.62294245646217, -33.46689570024633], [-70.6227171428693, -33.46798133819136], [-70.62264653933404, -33.468393862786066], [-70.62252673300355, -33.469603388847844], [-70.62242336679391, -33.47087650183829], [-70.6223654355063, -33.470903911933505], [-70.62230496420963, -33.47093135525302], [-70.62226103148323, -33.47098359691566], [-70.62209083818723, -33.471017524825896], [-70.62203844350614, -33.471026480367044], [-70.6219908978913, -33.47103123754447], [-70.62196793361446, -33.47103291609766], [-70.62193678448176, -33.47103608066249], [-70.62192036339616, -33.471036295578855], [-70.62190063113178, -33.47103517583718], [-70.62186445317124, -33.47103289243025], [-70.62184146214523, -33.4710331933188], [-70.62176592342763, -33.47103418188036], [-70.6216936434718, -33.47103374976064], [-70.62164273637978, -33.47103441591688], [-70.62156319418287, -33.47108100891666], [-70.62162948427162, -33.47112808261318], [-70.6216647113089, -33.4711327494343], [-70.62200120712573, -33.47115270402836], [-70.62214216318337, -33.47117393499526], [-70.62220509964492, -33.47118977782645], [-70.62234479200862, -33.47122512696599], [-70.62244154746473, -33.47125206490882], [-70.62255662754534, -33.47126625451785], [-70.62278819539164, -33.47136291751993], [-70.62291217911735, -33.471411505809634], [-70.62304583925972, -33.47147643820072], [-70.6231566815972, -33.471535318647575], [-70.62329057892423, -33.471612948983896], [-70.62343227951469, -33.47170317827024], [-70.6235169933108, -33.471781452651214], [-70.62358633799309, -33.47184722700582], [-70.6236404297816, -33.47190685049968], [-70.62369130167909, -33.47199668224627], [-70.62373668908722, -33.47207614087816], [-70.62382062772933, -33.471729435039855], [-70.62376501874924, -33.471693061647606], [-70.62347939921426, -33.47149516797002], [-70.62319741549813, -33.471289287204726], [-70.62316721078476, -33.47121130237879], [-70.62316539528784, -33.471201714490924], [-70.62315026220338, -33.47117994240317], [-70.6231366363716, -33.47115128586845], [-70.62312986185967, -33.47113901686922], [-70.62311626163034, -33.47111173257653], [-70.62310762042577, -33.47108712939388], [-70.62309900590753, -33.47106389934277], [-70.62309384102564, -33.47105023577758], [-70.62308691293087, -33.47102972969973], [-70.62307985792395, -33.47100235967798], [-70.62307290423188, -33.470980480452475], [-70.62306766256205, -33.47096269834784], [-70.62304790727705, -33.47089195898092], [-70.62304864011037, -33.470604686048425], [-70.62304937296265, -33.47031741220167], [-70.62303822105481, -33.470260414008536], [-70.62300035794611, -33.47021806048964], [-70.62301057132949, -33.46976384255675], [-70.62302678336422, -33.46920953614727], [-70.62303042118643, -33.46912543463896], [-70.6230379853558, -33.468920131193556], [-70.62304602912891, -33.46874107093554], [-70.62305874725041, -33.46865977783176], [-70.62308071741455, -33.46846382883529], [-70.62311638409068, -33.46823907015084], [-70.62316926292961, -33.468021244723005], [-70.62323637064297, -33.46780323200261], [-70.62325697893438, -33.46773924800382], [-70.62354540863357, -33.46780206885534], [-70.62365081811157, -33.46782582363814], [-70.62368122363675, -33.467848046713506], [-70.62376021154162, -33.4679827457984], [-70.62382101951941, -33.46778589101811], [-70.62385500733268, -33.4676786206902], [-70.62385151700181, -33.46765227445974], [-70.62383931238334, -33.467641122758124], [-70.62382867771205, -33.467633721925004], [-70.62359232648588, -33.46758403456454], [-70.62332744356628, -33.467532206178504], [-70.62342964718849, -33.46717456099747], [-70.62341852836357, -33.467153136746234], [-70.62341142728626, -33.46711728113528], [-70.62341075709696, -33.467081342187235], [-70.62342043819224, -33.467025495991116], [-70.62346036992481, -33.466866802373524], [-70.62348306957264, -33.466763983517616], [-70.62353659193685, -33.46659933293388], [-70.62356709784585, -33.46651843622023], [-70.62359843750768, -33.46648224837748], [-70.62362214882617, -33.46646628563616], [-70.62364594782535, -33.46645479390213], [-70.62390224629944, -33.465560973663685], [-70.62390471240722, -33.46555237399315], [-70.62415480998, -33.46468016016372], [-70.62415681435662, -33.464673170889284], [-70.62462539362947, -33.463038959842784], [-70.62462873141156, -33.463027318591166], [-70.62481007482918, -33.46239485355453], [-70.62482053052082, -33.462358387270825], [-70.62421865921729, -33.46224400265721], [-70.62361777370943, -33.46426687835716], [-70.62355714142224, -33.46447098871162], [-70.62289603865447, -33.46669647311189], [-70.62299954853117, -33.46671301348535], [-70.62294245646217, -33.46689570024633]]]}}, {"type": "Feature", "properties": {"zona": "AV", "nombre": "AV Zona de Areas Verdes", "uperm": "Área verde", "uproh": "Todos los otros usos de suelo", "comuna": "Ñuñoa"}, "geometry": {"type": "Polygon", "coordinates": [[[-70.6239207866261, -33.46966952335863], [-70.62378687325241, -33.47020938442944], [-70.62363616055787, -33.470204470023624], [-70.62354779306916, -33.47020218546264], [-70.6234594255824, -33.470199900838495], [-70.62343086974933, -33.47021060443926], [-70.62341902586232, -33.470236005325084], [-70.62341254109636, -33.47032904604964], [-70.62364133390513, -33.47033523202721], [-70.62370280871245, -33.47032753844738], [-70.62398784189514, -33.470424401452306], [-70.62408637198388, -33.470016578586545], [-70.62408882232452, -33.47000643699948], [-70.62439732499836, -33.4687294970638], [-70.62440054138877, -33.46871618272301], [-70.6243488137744, -33.468670898226875], [-70.62440095247617, -33.468535638855606], [-70.62435436451479, -33.46848662737906], [-70.62427197466882, -33.46849158778904], [-70.62408644863365, -33.46850275880457], [-70.62412678133457, -33.468567047238224], [-70.62415730209058, -33.46862045564819], [-70.62412678407065, -33.46876541841096], [-70.62405049083767, -33.4691163801732], [-70.6239207866261, -33.46966952335863]]]}}, {"type": "Feature", "properties": {"zona": "AV", "nombre": "AV Zona de Areas Verdes", "uperm": "Área verde", "uproh": "Todos los otros usos de suelo", "comuna": "Ñuñoa"}, "geometry": {"type": "Polygon", "coordinates": [[[-70.62343430730007, -33.46976649185907], [-70.62354567721265, -33.46976503289215], [-70.62355359035435, -33.46965362127087], [-70.62343930385049, -33.469651526473555], [-70.62343430730007, -33.46976649185907]]]}}, {"type": "Feature", "properties": {"zona": "AV", "nombre": "AV Zona de Areas Verdes", "uperm": "Área verde", "uproh": "Todos los otros usos de suelo", "comuna": "Ñuñoa"}, "geometry": {"type": "Polygon", "coordinates": [[[-70.6234613116411, -33.46921882760368], [-70.62365436554394, -33.469221811342315], [-70.62365877922637, -33.46910595716474], [-70.6234701544119, -33.46910475333091], [-70.6234613116411, -33.46921882760368]]]}}, {"type": "Feature", "properties": {"zona": "AV", "nombre": "AV Zona de Areas Verdes", "uperm": "Área verde", "uproh": "Todos los otros usos de suelo", "comuna": "Ñuñoa"}, "geometry": {"type": "Polygon", "coordinates": [[[-70.62351875092497, -33.46866645838026], [-70.62375992358004, -33.46866618908812], [-70.62376468212211, -33.46856340777156], [-70.62376468430674, -33.46856335182969], [-70.62365919777928, -33.468562111375384], [-70.62364417409653, -33.4685619348483], [-70.623523664961, -33.46856051773549], [-70.62351875092497, -33.46866645838026]]]}}, {"type": "Feature", "properties": {"zona": "AV", "nombre": "AV Zona de Areas Verdes", "uperm": "Área verde", "uproh": "Todos los otros usos de suelo", "comuna": "Ñuñoa"}, "geometry": {"type": "Polygon", "coordinates": [[[-70.57686671295927, -33.442472515312815], [-70.5768574646468, -33.44293343447659], [-70.5768895119895, -33.442925307136704], [-70.57719302683991, -33.442834320685904], [-70.57747945173665, -33.44272858043317], [-70.57784931458158, -33.44262498100302], [-70.57790953554806, -33.44257684733065], [-70.57781087344387, -33.44255867467165], [-70.57749515083161, -33.44252862530556], [-70.57688289210387, -33.44247419437707], [-70.57686671295927, -33.442472515312815]]]}}, {"type": "Feature", "properties": {"zona": "AV", "nombre": "AV Zona de Areas Verdes", "uperm": "Área verde", "uproh": "Todos los otros usos de suelo", "comuna": "Ñuñoa"}, "geometry": {"type": "Polygon", "coordinates": [[[-70.61479977163849, -33.46562434469214], [-70.61478283496278, -33.46570583005143], [-70.61473898569577, -33.46582829703996], [-70.61466630983715, -33.46601305823244], [-70.61454251849096, -33.466274322768406], [-70.61437054534379, -33.466638384780246], [-70.61421906894803, -33.46696664032982], [-70.61418262407582, -33.4670532171024], [-70.6139534255456, -33.467565074241044], [-70.61391989783829, -33.46767338759946], [-70.61389558989738, -33.467841042052456], [-70.61385768490425, -33.46844765282927], [-70.6138288980599, -33.46888339441644], [-70.61382752915392, -33.46890410559827], [-70.61381049569438, -33.46916194462303], [-70.61380955203552, -33.46917622473886], [-70.61379737424797, -33.46936055742142], [-70.61377034662941, -33.46979637253307], [-70.61376066920806, -33.470031883861964], [-70.61374157371964, -33.47013805585929], [-70.61371600393473, -33.47027373520726], [-70.61368934126733, -33.47035058267978], [-70.61364907667559, -33.47045114587615], [-70.61359593656475, -33.47056927928568], [-70.61355963641641, -33.47067752761892], [-70.61354850608137, -33.470742394046816], [-70.61354213921416, -33.47078216911129], [-70.6135365447463, -33.470863612111316], [-70.61348325086888, -33.47152738871016], [-70.61349696383623, -33.471813078871165], [-70.61350403735972, -33.4719554972609], [-70.6135111119921, -33.472097915632396], [-70.61353063687449, -33.47221856229108], [-70.61354286518743, -33.47241184158491], [-70.6135345245729, -33.47273499399782], [-70.61350008771811, -33.4732403046105], [-70.61346665571405, -33.47364066811233], [-70.61344536052731, -33.474442177023], [-70.61377359974867, -33.47446327493738], [-70.61384254315742, -33.4737157592985], [-70.61386916554312, -33.47331548441156], [-70.6139040285835, -33.47274517885934], [-70.61392040918399, -33.47241417954401], [-70.61397805260157, -33.472103925959836], [-70.61450564674169, -33.47212630341927], [-70.61492528552589, -33.472141560514764], [-70.61497106432493, -33.47212248548773], [-70.61498632376636, -33.47209578190793], [-70.61498312883303, -33.47204746933941], [-70.61399328726029, -33.47202480226326], [-70.61400405198158, -33.47196889752826], [-70.61403005127288, -33.471833868189194], [-70.6140631134275, -33.471538829291745], [-70.61407648220835, -33.471476602184644], [-70.61408559522944, -33.47131376033798], [-70.61409204376412, -33.47117934634737], [-70.61409320097584, -33.47115522991889], [-70.61411536502786, -33.47069322146443], [-70.61410290668105, -33.47065018165104], [-70.61408759241115, -33.470597273351935], [-70.61405027517219, -33.470446833021285], [-70.61395453652476, -33.47023852567261], [-70.61392692072631, -33.47012472648454], [-70.61391604129298, -33.46999643880061], [-70.61391313166556, -33.46983950806408], [-70.61391075106897, -33.46971110969382], [-70.6139233852533, -33.46947549220671], [-70.61396328214661, -33.468860491103214], [-70.61396489135701, -33.46883567978418], [-70.61399611646699, -33.46835435686588], [-70.61400181435103, -33.46820922264231], [-70.61402752586393, -33.46780997655931], [-70.61403977413464, -33.467694418157585], [-70.61406997832194, -33.46762727684886], [-70.61408310289619, -33.46759810040439], [-70.6141516589648, -33.46744670946614], [-70.6143504487205, -33.46700772624389], [-70.61438294207944, -33.46692647749673], [-70.61456801581336, -33.46652410466957], [-70.6146329846083, -33.466386964905595], [-70.61466723761176, -33.46630790805119], [-70.61485514261798, -33.465874188227545], [-70.61489567146833, -33.4658289447694], [-70.61494085135476, -33.465778048453934], [-70.61499101647186, -33.465747404459464], [-70.61503213971721, -33.46572655308927], [-70.61509399497878, -33.4657044629716], [-70.6151811390742, -33.465678174408914], [-70.6155861946741, -33.46571927958335], [-70.6156817386682, -33.465688741779594], [-70.61565075638585, -33.46566717983345], [-70.6156110083255, -33.465643899632674], [-70.61556280233916, -33.46563537446596], [-70.61544010885402, -33.465615007923546], [-70.61516884246761, -33.46557481825819], [-70.61512161173304, -33.46555998814984], [-70.61508342229283, -33.46553881668201], [-70.6150487875451, -33.46550544132734], [-70.6150384464564, -33.46549130735012], [-70.61503058551621, -33.465475025362835], [-70.61502064931123, -33.465448726751326], [-70.61500198444583, -33.46539347503915], [-70.6150078210777, -33.465306026208076], [-70.6150090992597, -33.46528687905923], [-70.61503581750868, -33.46488654278387], [-70.61505642392665, -33.464475008757354], [-70.6150848043194, -33.463933319753885], [-70.61510872517506, -33.463541950660414], [-70.61512349667629, -33.4632742333083], [-70.61513268880252, -33.46306206105745], [-70.61515319464529, -33.46275197588178], [-70.61515563437881, -33.46262340999928], [-70.61514317393483, -33.462421049521026], [-70.61513071355208, -33.4622186881318], [-70.61513032221347, -33.46221418047847], [-70.6150901449929, -33.46175088878052], [-70.61507776184477, -33.46165691630802], [-70.61506637681336, -33.46157052152307], [-70.61504698661712, -33.461342345348456], [-70.6150236560493, -33.461298099888914], [-70.61497452834087, -33.46130210745397], [-70.61494829102875, -33.46131195279543], [-70.61493160389377, -33.46132800904878], [-70.61491692208907, -33.46135037632618], [-70.61491338350976, -33.461363093132974], [-70.61491370657002, -33.461380512265436], [-70.61492678214117, -33.46157674858888], [-70.61492881575565, -33.4615846419564], [-70.61493682099857, -33.46166697115753], [-70.6149461943318, -33.46176336820176], [-70.61496821947686, -33.4619383508241], [-70.61496884753994, -33.46197221354137], [-70.61496545796733, -33.46199342904917], [-70.61494689408488, -33.4620515936179], [-70.61496445771311, -33.462638067752366], [-70.61494617224304, -33.463269659403224], [-70.61493296297819, -33.46353322510921], [-70.61491725685438, -33.46381039406058], [-70.6149169529288, -33.463815762099294], [-70.61491070949333, -33.46392594954985], [-70.61488259731955, -33.464469395407455], [-70.61486123892286, -33.46488388188467], [-70.61482621942758, -33.465374647152885], [-70.61482195765794, -33.465460343946994], [-70.61479977163849, -33.46562434469214]]]}}, {"type": "Feature", "properties": {"zona": "AV", "nombre": "AV Zona de Areas Verdes", "uperm": "Área verde", "uproh": "Todos los otros usos de suelo", "comuna": "Ñuñoa"}, "geometry": {"type": "Polygon", "coordinates": [[[-70.60592977134861, -33.47321357019487], [-70.60633415086566, -33.47329749300137], [-70.60639518232146, -33.47243916508858], [-70.60642126610055, -33.47205070939705], [-70.60621956015254, -33.472044610435944], [-70.60611593438367, -33.47205078911536], [-70.60601959939521, -33.47206170973412], [-70.60590770845155, -33.472088548947035], [-70.60581764947224, -33.47212719418756], [-70.60573793958733, -33.472180213899456], [-70.60564418210508, -33.47225275981244], [-70.60559459052855, -33.47229813488427], [-70.60555678968183, -33.472357865809926], [-70.60552459484857, -33.47240906042567], [-70.60550137656516, -33.472478273626265], [-70.60547926437182, -33.47252933850649], [-70.60545671858856, -33.47259557686918], [-70.60551012921063, -33.472809204673304], [-70.60558642875021, -33.47294653692718], [-70.60566272660421, -33.47303809139048], [-70.60576954507043, -33.47312201585296], [-70.60592977134861, -33.47321357019487]]]}}, {"type": "Feature", "properties": {"zona": "AV", "nombre": "AV Zona de Areas Verdes", "uperm": "Área verde", "uproh": "Todos los otros usos de suelo", "comuna": "Ñuñoa"}, "geometry": {"type": "Polygon", "coordinates": [[[-70.5762315997307, -33.44046468897153], [-70.57647637501653, -33.44049002266229], [-70.57649971338917, -33.440487763508486], [-70.57652177634661, -33.44047963787373], [-70.57653325033343, -33.44046771847099], [-70.57654233527835, -33.440452890353015], [-70.57655002057727, -33.4404253289339], [-70.57655637284927, -33.440388954561534], [-70.57655805771304, -33.44035264224401], [-70.57655290157976, -33.44032622441117], [-70.57654716511918, -33.440303582741386], [-70.57624799862967, -33.44027811910717], [-70.5762315997307, -33.44046468897153]]]}}, {"type": "Feature", "properties": {"zona": "AV", "nombre": "AV Zona de Areas Verdes", "uperm": "Área verde", "uproh": "Todos los otros usos de suelo", "comuna": "Ñuñoa"}, "geometry": {"type": "Polygon", "coordinates": [[[-70.57564233480778, -33.44041713344471], [-70.57586241589422, -33.44043222524918], [-70.575879861003, -33.44027604401276], [-70.57588352911897, -33.44024320743002], [-70.5756708356081, -33.44022265853332], [-70.57566611291283, -33.44025488263715], [-70.57564233480778, -33.44041713344471]]]}}, {"type": "Feature", "properties": {"zona": "AV", "nombre": "AV Zona de Areas Verdes", "uperm": "Área verde", "uproh": "Todos los otros usos de suelo", "comuna": "Ñuñoa"}, "geometry": {"type": "Polygon", "coordinates": [[[-70.57460310468461, -33.44008492894674], [-70.57459898318244, -33.440116751278126], [-70.57449320579755, -33.44010865324254], [-70.57448968235565, -33.44013630869395], [-70.57445601608818, -33.44040059180048], [-70.57458239784962, -33.44041250540573], [-70.57461557328028, -33.44014870197078], [-70.5746193233493, -33.440118886439144], [-70.57472764379098, -33.44012954936401], [-70.5747318475009, -33.44009811197218], [-70.57476821956448, -33.43982610534721], [-70.57463842033097, -33.439812240451154], [-70.57460310468461, -33.44008492894674]]]}}, {"type": "Feature", "properties": {"zona": "AV", "nombre": "AV Zona de Areas Verdes", "uperm": "Área verde", "uproh": "Todos los otros usos de suelo", "comuna": "Ñuñoa"}, "geometry": {"type": "Polygon", "coordinates": [[[-70.60684513869595, -33.45756894233331], [-70.6069242479652, -33.458115420273295], [-70.60755478564289, -33.45805359792253], [-70.607467037875, -33.45750808380307], [-70.60744989758857, -33.45740152567434], [-70.6073792913491, -33.45696256954251], [-70.6071654449697, -33.456982907413895], [-70.60676603056316, -33.45702246426689], [-70.60683343442626, -33.4574880897778], [-70.60684513869595, -33.45756894233331]]]}}, {"type": "Feature", "properties": {"zona": "AV", "nombre": "AV Zona de Areas Verdes", "uperm": "Área verde", "uproh": "Todos los otros usos de suelo", "comuna": "Ñuñoa"}, "geometry": {"type": "Polygon", "coordinates": [[[-70.57698966854208, -33.43768282182783], [-70.57687522691214, -33.43828937343283], [-70.5780273250328, -33.438220700134096], [-70.57808835895389, -33.43765992651397], [-70.57753901387902, -33.43767137583692], [-70.57748808425967, -33.43767243685523], [-70.57698966854208, -33.43768282182783]]]}}, {"type": "Feature", "properties": {"zona": "AV", "nombre": "AV Zona de Areas Verdes", "uperm": "Área verde", "uproh": "Todos los otros usos de suelo", "comuna": "Ñuñoa"}, "geometry": {"type": "Polygon", "coordinates": [[[-70.57596795774606, -33.44356881233498], [-70.57619246439532, -33.44359220088614], [-70.57619430986053, -33.443591519081934], [-70.5761848678545, -33.44350735601177], [-70.57649187439671, -33.4432972923029], [-70.57656866664405, -33.443220531622416], [-70.57659922732526, -33.443189982816726], [-70.5765524461883, -33.44318869196234], [-70.57629224182531, -33.4431815094276], [-70.57615102180932, -33.44346149584036], [-70.57609462798494, -33.44349084613551], [-70.57598377987082, -33.44349941314706], [-70.57596795774606, -33.44356881233498]]]}}, {"type": "Feature", "properties": {"zona": "AV", "nombre": "AV Zona de Areas Verdes", "uperm": "Área verde", "uproh": "Todos los otros usos de suelo", "comuna": "Ñuñoa"}, "geometry": {"type": "Polygon", "coordinates": [[[-70.57840903299953, -33.46672904346689], [-70.57843933678173, -33.46688724969528], [-70.57898129541486, -33.46681252096841], [-70.57986634987624, -33.46670188682652], [-70.57980530885233, -33.46634329733741], [-70.57892025427606, -33.46646156141597], [-70.5789515154201, -33.46664130195212], [-70.57840903299953, -33.46672904346689]]]}}, {"type": "Feature", "properties": {"zona": "AV", "nombre": "AV Zona de Areas Verdes", "uperm": "Área verde", "uproh": "Todos los otros usos de suelo", "comuna": "Ñuñoa"}, "geometry": {"type": "Polygon", "coordinates": [[[-70.57963117492561, -33.46401445496956], [-70.5797641110655, -33.464722801450215], [-70.58006470710357, -33.46468004823087], [-70.57991973516434, -33.463978128697015], [-70.57963117492561, -33.46401445496956]]]}}, {"type": "Feature", "properties": {"zona": "AV", "nombre": "AV Zona de Areas Verdes", "uperm": "Área verde", "uproh": "Todos los otros usos de suelo", "comuna": "Ñuñoa"}, "geometry": {"type": "Polygon", "coordinates": [[[-70.57973405184647, -33.46152835603551], [-70.57975639200751, -33.46161915576793], [-70.57977474871883, -33.46166255439688], [-70.57996629415152, -33.46163147147379], [-70.57997797812456, -33.46167263110031], [-70.58005723333605, -33.46201713100185], [-70.58006913946777, -33.4620728993181], [-70.57961220458739, -33.462149146083405], [-70.57953372363421, -33.46216118743003], [-70.57932479023353, -33.462196358335625], [-70.57921853847002, -33.46175965916059], [-70.57913570208409, -33.46177412035692], [-70.5790880680564, -33.46178081732851], [-70.5791879862744, -33.46221800314693], [-70.57924335721042, -33.46244566309652], [-70.57878750521515, -33.46252303568682], [-70.57880684191365, -33.46260477072084], [-70.5788136195215, -33.46263385064447], [-70.57882194750304, -33.46265034464457], [-70.57927526215599, -33.46257684155815], [-70.57957449601696, -33.46253258198686], [-70.57968466141656, -33.46294428972714], [-70.57975355051492, -33.46293241472115], [-70.57981643928403, -33.462922281848876], [-70.57970876655648, -33.46251272220008], [-70.57963745307211, -33.462250676676305], [-70.58008938262445, -33.46217150042937], [-70.58015600900012, -33.462161087071316], [-70.580298862374, -33.46213627888757], [-70.58056395810927, -33.46209024271821], [-70.58057571984585, -33.462069753641856], [-70.5805787759874, -33.462055846248255], [-70.58057855787055, -33.46204383027279], [-70.58057387899373, -33.462029098039075], [-70.58056595721236, -33.46201810287973], [-70.5805570010516, -33.46201082114], [-70.58054475276809, -33.46200450576187], [-70.58052586989601, -33.461997349703154], [-70.58037413786585, -33.46202244901484], [-70.58027209219985, -33.46157743817848], [-70.58022669452315, -33.46158545621765], [-70.58020967586592, -33.46151038437761], [-70.58019707477897, -33.46145183555392], [-70.57980103003773, -33.461515593618955], [-70.57973405184647, -33.46152835603551]]]}}, {"type": "Feature", "properties": {"zona": "AV", "nombre": "AV Zona de Areas Verdes", "uperm": "Área verde", "uproh": "Todos los otros usos de suelo", "comuna": "Ñuñoa"}, "geometry": {"type": "Polygon", "coordinates": [[[-70.57913136393182, -33.46085457127242], [-70.57918743689295, -33.46109531611582], [-70.57961753990456, -33.46100109396519], [-70.57968318594398, -33.46098733763763], [-70.57959588376502, -33.46062009916761], [-70.5790959736872, -33.46069128398513], [-70.57913136393182, -33.46085457127242]]]}}, {"type": "Feature", "properties": {"zona": "AV", "nombre": "AV Zona de Areas Verdes", "uperm": "Área verde", "uproh": "Todos los otros usos de suelo", "comuna": "Ñuñoa"}, "geometry": {"type": "Polygon", "coordinates": [[[-70.57702038198777, -33.46017861840746], [-70.57708905234901, -33.460438023561], [-70.57735609381324, -33.46037698554302], [-70.57728742450456, -33.46012902483258], [-70.57702038198777, -33.46017861840746]]]}}, {"type": "Feature", "properties": {"zona": "AV", "nombre": "AV Zona de Areas Verdes", "uperm": "Área verde", "uproh": "Todos los otros usos de suelo", "comuna": "Ñuñoa"}, "geometry": {"type": "Polygon", "coordinates": [[[-70.61878064058818, -33.4632054378119], [-70.61880915178911, -33.46363647033618], [-70.62033700223398, -33.46386275037132], [-70.62040442959, -33.463569810934246], [-70.62096192875958, -33.46363672960418], [-70.62098077659795, -33.46358667875097], [-70.62100804586565, -33.46353661695282], [-70.62103667351265, -33.463501031560725], [-70.62105552150611, -33.4634029105603], [-70.62013404737878, -33.4633183708816], [-70.62005343566376, -33.46331097537208], [-70.62013562501768, -33.46334001126813], [-70.62028269066872, -33.463391968476245], [-70.62022319472396, -33.463743979425345], [-70.61978933358452, -33.46368283934807], [-70.6198577983721, -33.46332307647895], [-70.61952099008055, -33.46333702202622], [-70.61951921085229, -33.463363770052325], [-70.61912754321955, -33.463366978143284], [-70.61912434922715, -33.46319522158009], [-70.61878064058818, -33.4632054378119]]]}}, {"type": "Feature", "properties": {"zona": "AV", "nombre": "AV Zona de Areas Verdes", "uperm": "Área verde", "uproh": "Todos los otros usos de suelo", "comuna": "Ñuñoa"}, "geometry": {"type": "Polygon", "coordinates": [[[-70.59425307287762, -33.46484850075157], [-70.5942290674907, -33.46482247422542], [-70.5942096851447, -33.46484542717053], [-70.59419708798987, -33.46486737928032], [-70.59418669060948, -33.46489111848252], [-70.59415862578167, -33.465014957460696], [-70.59418537914308, -33.46563512811628], [-70.5929526762722, -33.465845077625104], [-70.59294438840307, -33.4658465233693], [-70.59298879911141, -33.46604790802196], [-70.59419450829279, -33.46580073680471], [-70.59423252937528, -33.466444941454654], [-70.5942366725933, -33.46667119482915], [-70.59422919298552, -33.46675426952168], [-70.59420385496071, -33.466845117756485], [-70.59416944903394, -33.4669323111639], [-70.59411683933759, -33.467008423421674], [-70.59408187443897, -33.46705187611775], [-70.59401563629869, -33.4671341932753], [-70.59372088136902, -33.46747183864675], [-70.59295472491549, -33.46835207844573], [-70.59273362420276, -33.46860765771213], [-70.59267847687265, -33.46867140540546], [-70.59245573385127, -33.46892888110722], [-70.59242653986598, -33.46896218843687], [-70.5919951552197, -33.469454349398], [-70.59144988412316, -33.470076404061835], [-70.59090890977734, -33.470090098254914], [-70.5909097599534, -33.47013661557391], [-70.59065295892452, -33.47015735606338], [-70.59067059421214, -33.470240426549985], [-70.59098404323109, -33.47043254333188], [-70.59108399865406, -33.470493806648115], [-70.59046721398, -33.47120661846546], [-70.58965127434894, -33.47213976737548], [-70.58888006252323, -33.473033937588575], [-70.58879726177301, -33.47310548548811], [-70.58872545952018, -33.47315126045555], [-70.58864589743175, -33.4731907273418], [-70.58834505918156, -33.473255458163116], [-70.58829042637387, -33.473233510670966], [-70.58826020634373, -33.47322136973271], [-70.58814192768642, -33.473189579113054], [-70.5881206061766, -33.47318594201107], [-70.5880161953583, -33.47316813141485], [-70.58791359542938, -33.47315791710767], [-70.5877942544069, -33.473151760823576], [-70.58765366029732, -33.473153562126086], [-70.58753149852753, -33.47316025045268], [-70.58734151514697, -33.473190226959616], [-70.58720041639181, -33.47324502589053], [-70.58710149278025, -33.47330369990189], [-70.58697722616841, -33.47341569096379], [-70.58684273531746, -33.473452141862836], [-70.58678085120737, -33.47346910954304], [-70.58669324018162, -33.473486406598084], [-70.58660991532093, -33.47350364871534], [-70.58654780184955, -33.47350803865242], [-70.58649637650257, -33.47351049437471], [-70.58642773437724, -33.47350957577583], [-70.58633323005746, -33.47350179969358], [-70.58605400873023, -33.473478414281615], [-70.58554910217562, -33.47342736279767], [-70.58547819873151, -33.47342033292622], [-70.58525484809576, -33.472513665668714], [-70.58515384188841, -33.47209214864074], [-70.58508118454179, -33.472119277139726], [-70.58446113233946, -33.47221371744079], [-70.58442351391696, -33.47205928331692], [-70.58409169362271, -33.47211734396858], [-70.58438599982365, -33.47328476877603], [-70.58418277913671, -33.473238313413574], [-70.58399150857977, -33.473175941828245], [-70.58376772603941, -33.47309777951298], [-70.58361507079061, -33.47303221102683], [-70.58351425658466, -33.472982184069615], [-70.58341532902955, -33.47293115894197], [-70.58331640266427, -33.472880133717794], [-70.58200485783878, -33.47218704961157], [-70.58145777872888, -33.471906947049355], [-70.58030888655462, -33.47132564232456], [-70.58046861655163, -33.47106683520919], [-70.58047884272946, -33.471036563699], [-70.5804782955921, -33.471006430484216], [-70.58043808723194, -33.47085887384766], [-70.58043667958512, -33.470853709861075], [-70.58042583316681, -33.470813905053795], [-70.5803301539613, -33.470462778631145], [-70.58033155924512, -33.47035543614514], [-70.58080274352909, -33.47024334042967], [-70.58080086239589, -33.47017287888242], [-70.58078719866083, -33.470116121291404], [-70.58031094278725, -33.47018046185749], [-70.58029957362545, -33.470133548227594], [-70.57967045434732, -33.47023534972416], [-70.57969224113113, -33.47033767459404], [-70.57985979102517, -33.47031406429727], [-70.57990716432484, -33.47057115947317], [-70.57998151166727, -33.470887585985366], [-70.58005267481128, -33.47119045968299], [-70.58001490538607, -33.471170531823326], [-70.579720925248, -33.471015420590106], [-70.57968560379746, -33.47099678351125], [-70.578853458396, -33.4705577143832], [-70.57741606732235, -33.469811304121464], [-70.5774496809666, -33.46974050341241], [-70.57746737155911, -33.46968813956858], [-70.57748148393273, -33.469609751032195], [-70.57748910226422, -33.469515804636394], [-70.57748133404215, -33.46942987389909], [-70.57746433628759, -33.46934927504685], [-70.57743491838215, -33.46926883427856], [-70.57738973514968, -33.46917555994455], [-70.57734798736035, -33.46910048959075], [-70.57729773144379, -33.4690479344917], [-70.57731906016522, -33.468998838604264], [-70.57733984075801, -33.4689489488602], [-70.57737848011136, -33.46890544947561], [-70.57742918113804, -33.46887502917855], [-70.57750159271541, -33.46884598648015], [-70.57839612667591, -33.46853431399087], [-70.57844373029117, -33.46875254779789], [-70.57891151272008, -33.468679437584676], [-70.57898008632124, -33.468668719506326], [-70.57895668395746, -33.46855567780602], [-70.57926687687592, -33.46849400441168], [-70.5793579293707, -33.468466708038136], [-70.57987276705715, -33.46837237772817], [-70.58029433983101, -33.46830057286991], [-70.58077430846299, -33.46822016678281], [-70.58069552173106, -33.4679378442037], [-70.58175308286877, -33.46750945966541], [-70.58179669814764, -33.468040865216885], [-70.58297168485907, -33.46784630424026], [-70.58343710135047, -33.467758561502215], [-70.58358206685497, -33.46776619025231], [-70.58407800287024, -33.46768607606129], [-70.58455104959938, -33.467598333547535], [-70.58593204019877, -33.467357993100435], [-70.58589971981603, -33.46720986929196], [-70.58573054152453, -33.46723746302116], [-70.58428262283589, -33.467459992425844], [-70.58422940724061, -33.46711707309709], [-70.58539625036333, -33.466937511614205], [-70.58537340501253, -33.466855482671534], [-70.58411677222914, -33.467029034676365], [-70.58419322344653, -33.46747545181706], [-70.58378866121801, -33.467537888923346], [-70.5837423862785, -33.46734162707356], [-70.58315022534893, -33.467420775858145], [-70.58318395105718, -33.46763151577334], [-70.58199574535631, -33.46781132931313], [-70.58193759320164, -33.46750963249933], [-70.58313002133754, -33.46732737938606], [-70.58309387959291, -33.46710116056225], [-70.58407347595107, -33.46695740799504], [-70.58401878233678, -33.46668966986971], [-70.58513691312614, -33.46653220795055], [-70.58508561126028, -33.466255478954125], [-70.58567654940417, -33.466187068527475], [-70.58570720181264, -33.466327549987675], [-70.58573442739142, -33.46645232746173], [-70.58716258238309, -33.466249087523806], [-70.58839583978995, -33.46607356972082], [-70.5882786928223, -33.46557922955798], [-70.58944612173867, -33.46542654797907], [-70.5894518678647, -33.465425796109095], [-70.59131872059282, -33.46518161739656], [-70.59399964930596, -33.46485176033417], [-70.5942290674907, -33.46482247422542], [-70.59433011146014, -33.464818853137466], [-70.59476415839917, -33.46480092729547], [-70.59516893374878, -33.46479263308767], [-70.59557370896563, -33.46478433755978], [-70.59622868577614, -33.464769733411664], [-70.59629970523048, -33.46476765084872], [-70.59660396103557, -33.46475872838127], [-70.5968101699661, -33.46476224302632], [-70.59702351492184, -33.46475332290422], [-70.59739878777373, -33.46474231640088], [-70.5982257543036, -33.46473213227886], [-70.59822258517164, -33.4644851668385], [-70.59787166642874, -33.464474711176884], [-70.59710076549935, -33.4644757338003], [-70.59651816023506, -33.46448323995911], [-70.5960935550513, -33.46450016743294], [-70.59579139857618, -33.46454110189641], [-70.59533250338494, -33.46457507009678], [-70.59487360776451, -33.46460903660799], [-70.59450231354317, -33.46464187354522], [-70.5942279982423, -33.46466106989431], [-70.59391957566072, -33.4646998817467], [-70.5938969490537, -33.4647027294291], [-70.59256133609763, -33.4648707941813], [-70.59099266236313, -33.46506816743119], [-70.5899469535754, -33.46519947884946], [-70.58988886764594, -33.46478206470456], [-70.58932949090998, -33.4648515882552], [-70.58883904991991, -33.46491254196907], [-70.58886702931318, -33.46507734774357], [-70.58820099206044, -33.465174232514116], [-70.5881977796787, -33.46523790794605], [-70.58823586164017, -33.465419758027416], [-70.5880815590098, -33.46543885298034], [-70.5855804655793, -33.465748330996036], [-70.58558020017047, -33.465748410145544], [-70.5855455722558, -33.46559468826725], [-70.5853743018675, -33.46565406630904], [-70.58488259398494, -33.465818499801046], [-70.58489517687225, -33.4658796176046], [-70.58378654671456, -33.46601319429317], [-70.58380770387798, -33.466237217265736], [-70.58285360112643, -33.46637348417266], [-70.58289761361162, -33.466601987933956], [-70.58164830666358, -33.46674687468846], [-70.58170261114724, -33.467025692568036], [-70.58052131532757, -33.46716225002311], [-70.58057959592342, -33.46745761598893], [-70.5794427200123, -33.46761721220209], [-70.57947507852536, -33.467831549171855], [-70.57842564262367, -33.46798602120313], [-70.57849794001093, -33.46820633127041], [-70.57745469992011, -33.46835836426847], [-70.57747534453814, -33.46855495580301], [-70.5772066848538, -33.46857627114918], [-70.57720804633634, -33.46865141634517], [-70.5770173412243, -33.46873258417986], [-70.57691444331749, -33.46880049489975], [-70.57678826962437, -33.468772011448976], [-70.5766406278637, -33.468756247205455], [-70.57653345634841, -33.46874731702648], [-70.57651029563591, -33.468749167314755], [-70.57644587005346, -33.4687543138416], [-70.57638690303452, -33.46876075538007], [-70.57631588227851, -33.46876851357157], [-70.57621139578033, -33.46880482288231], [-70.57648525464063, -33.46955098890282], [-70.57663652400603, -33.46961214069356], [-70.576817090764, -33.469685134889296], [-70.57710270174303, -33.46980059240812], [-70.57736451525949, -33.46990642925957], [-70.57860461932616, -33.470555579746595], [-70.58024414962111, -33.47141378068152], [-70.58193850082688, -33.47228030486614], [-70.58359006236891, -33.4731419906014], [-70.58402430647115, -33.47330108211247], [-70.58439747268262, -33.47338936999253], [-70.58486024047161, -33.47347293147586], [-70.58548047049608, -33.47352584354595], [-70.58684026203835, -33.47365049462076], [-70.58791877422134, -33.47389729284235], [-70.58865524917948, -33.4740658166651], [-70.58894710073282, -33.474079041920966], [-70.58968337266441, -33.47405468556585], [-70.59070589586209, -33.473919276860585], [-70.59139870286094, -33.47383766355063], [-70.59209852992024, -33.47375521849656], [-70.594753552501, -33.47360476594921], [-70.59495760027868, -33.47359320005543], [-70.59539427738856, -33.4735845912397], [-70.59649587628977, -33.4735628667608], [-70.5966189272676, -33.47356043912687], [-70.59694951269516, -33.473583659118844], [-70.59704067068725, -33.47358830027138], [-70.59704053158652, -33.47333048037018], [-70.59672424014293, -33.47331666018721], [-70.59663237149648, -33.47110235078819], [-70.59856366423648, -33.47103454460153], [-70.59856020577341, -33.47095960558588], [-70.59855255049956, -33.470845283640784], [-70.59659306630904, -33.470939173012404], [-70.59648818985498, -33.47094419727739], [-70.59649170237527, -33.471027754485256], [-70.5959370877204, -33.47103653396745], [-70.59603316075497, -33.47109452627532], [-70.59650696449398, -33.4713901589315], [-70.59656038026426, -33.4723171519397], [-70.5965698414653, -33.472486762758024], [-70.59658001639467, -33.47267069988033], [-70.59658160396725, -33.47269940454644], [-70.59661279238018, -33.47326320257309], [-70.5954196786405, -33.4732830724869], [-70.59541680033406, -33.47322614267716], [-70.59494851538506, -33.47324906458949], [-70.59484909022721, -33.47325153370882], [-70.5944810525324, -33.473264774838405], [-70.59436653202276, -33.47326860747165], [-70.5941028801982, -33.47327814524428], [-70.5938216090513, -33.47328943225884], [-70.59337018325091, -33.473304578543896], [-70.59327129962976, -33.47331729776784], [-70.59269520257617, -33.473359832291855], [-70.59267682382644, -33.473160243368795], [-70.5920664419407, -33.473183135398536], [-70.59206674936095, -33.47320623637637], [-70.59208989414527, -33.473660976215754], [-70.59191162990379, -33.473673050294806], [-70.59169081491416, -33.473698519953416], [-70.5914700008384, -33.4737239883067], [-70.59045553048497, -33.473849441090096], [-70.59027472116185, -33.4738729725984], [-70.58930529164455, -33.4736960913099], [-70.5892148143142, -33.47390934992265], [-70.58917768956417, -33.473902393114486], [-70.5888924788685, -33.473847884849036], [-70.58874494238948, -33.47381476549326], [-70.58873575207836, -33.47373280396428], [-70.5887256719038, -33.47368297439834], [-70.58870609490302, -33.47361533004121], [-70.58867871254304, -33.47353882062971], [-70.5886371348443, -33.47345803903921], [-70.58936323843463, -33.47263510286686], [-70.58937253817541, -33.47262456202236], [-70.58974344484652, -33.47220418340194], [-70.59055010790314, -33.47126224015331], [-70.59118497717117, -33.470541450802706], [-70.59209189926688, -33.46949855262792], [-70.5925491840002, -33.46898274435392], [-70.59305361220184, -33.46841024712525], [-70.59381317952774, -33.4675260656891], [-70.59416615178212, -33.467119389051604], [-70.59424428531864, -33.46701175317405], [-70.59429009392085, -33.46694007788918], [-70.59432169776369, -33.46686463529611], [-70.59433938396921, -33.466801219104994], [-70.5943475773753, -33.466733976808975], [-70.59435004443378, -33.46661151775023], [-70.59430281725021, -33.46577853290602], [-70.5942936256517, -33.46561639979163], [-70.5942674318971, -33.464922765919894], [-70.59426686675877, -33.46489190346636], [-70.59426213582557, -33.46487017424726], [-70.59425307287762, -33.46484850075157]]]}}, {"type": "Feature", "properties": {"zona": "AV", "nombre": "AV Zona de Areas Verdes", "uperm": "Área verde", "uproh": "Todos los otros usos de suelo", "comuna": "Ñuñoa"}, "geometry": {"type": "Polygon", "coordinates": [[[-70.59488182426684, -33.47214168143243], [-70.59489767443243, -33.47227401778902], [-70.59536534917932, -33.47225302130166], [-70.59535832273035, -33.47216474492216], [-70.59535471055622, -33.4719676709524], [-70.59535429538106, -33.47194501959026], [-70.59534581530738, -33.47192473564728], [-70.59532656149996, -33.47190685940421], [-70.59528285968989, -33.47188249897014], [-70.59508875194601, -33.471764908778965], [-70.59497398426895, -33.471698415804156], [-70.59486384182894, -33.47163274879373], [-70.59485134452547, -33.47174816638323], [-70.59485114500191, -33.47179218824235], [-70.59488182426684, -33.47214168143243]]]}}, {"type": "Feature", "properties": {"zona": "AV", "nombre": "AV Zona de Areas Verdes", "uperm": "Área verde", "uproh": "Todos los otros usos de suelo", "comuna": "Ñuñoa"}, "geometry": {"type": "Polygon", "coordinates": [[[-70.60112297076844, -33.47106133261563], [-70.60118771943289, -33.47116085444408], [-70.60117965614184, -33.47094322971669], [-70.60116876193469, -33.47087513437726], [-70.60100167926014, -33.47086727998152], [-70.60081289956773, -33.47086631604627], [-70.60088860837593, -33.47089936142586], [-70.60099103697918, -33.47095076824262], [-70.60107326540137, -33.47100754121091], [-70.60112297076844, -33.47106133261563]]]}}, {"type": "Feature", "properties": {"zona": "AV", "nombre": "AV Zona de Areas Verdes", "uperm": "Área verde", "uproh": "Todos los otros usos de suelo", "comuna": "Ñuñoa"}, "geometry": {"type": "Polygon", "coordinates": [[[-70.60312098820867, -33.46155234698576], [-70.60313133130649, -33.461633752283724], [-70.60344068270415, -33.46162080269266], [-70.60345519959148, -33.46182939874128], [-70.60347256005252, -33.46199918376083], [-70.60330923633528, -33.46201919252672], [-70.60336295445124, -33.46244198763273], [-70.603367499619, -33.462477763095826], [-70.60340643267888, -33.462475444052316], [-70.60355945002672, -33.46246633184306], [-70.6036335581771, -33.4624325635005], [-70.60372875232825, -33.46288911206536], [-70.6038187453119, -33.4629915643589], [-70.60405701419464, -33.46285532647038], [-70.60423300997469, -33.462764309347754], [-70.60427338936309, -33.46274342695972], [-70.60422602116148, -33.46268620835614], [-70.6041707814747, -33.46261948260345], [-70.60409442210543, -33.462530992116974], [-70.60399134643473, -33.46234442058521], [-70.60394328373448, -33.462246615826956], [-70.60477027445756, -33.461897955285416], [-70.60384250282469, -33.46199141486761], [-70.60383133537194, -33.461964715469286], [-70.60380724293043, -33.46181589591443], [-70.60378583022565, -33.46161931947461], [-70.60377899869995, -33.46151169946558], [-70.60369748465854, -33.461517258834824], [-70.60356131736692, -33.46152654728769], [-70.60312098820867, -33.46155234698576]]]}}, {"type": "Feature", "properties": {"zona": "AV", "nombre": "AV Zona de Areas Verdes", "uperm": "Área verde", "uproh": "Todos los otros usos de suelo", "comuna": "Ñuñoa"}, "geometry": {"type": "Polygon", "coordinates": [[[-70.60522215185544, -33.461927948827764], [-70.60533800135185, -33.46221531202222], [-70.60548369184325, -33.462179244634804], [-70.60544912493668, -33.462049372421035], [-70.60543893456942, -33.461970827791774], [-70.60543088418484, -33.46192466453734], [-70.60522215185544, -33.461927948827764]]]}}, {"type": "Feature", "properties": {"zona": "AV", "nombre": "AV Zona de Areas Verdes", "uperm": "Área verde", "uproh": "Todos los otros usos de suelo", "comuna": "Ñuñoa"}, "geometry": {"type": "Polygon", "coordinates": [[[-70.60976733991697, -33.448211434375146], [-70.60966815671517, -33.44861580235336], [-70.60976075675767, -33.448609987079394], [-70.61044828360848, -33.44847071388587], [-70.60978259898694, -33.44814658299682], [-70.60976733991697, -33.448211434375146]]]}}, {"type": "Feature", "properties": {"zona": "AV", "nombre": "AV Zona de Areas Verdes", "uperm": "Área verde", "uproh": "Todos los otros usos de suelo", "comuna": "Ñuñoa"}, "geometry": {"type": "Polygon", "coordinates": [[[-70.61719115432314, -33.45542437533029], [-70.61727522453, -33.45542554747711], [-70.61734150988467, -33.4554138814039], [-70.61741245203848, -33.45538700199032], [-70.61741781892592, -33.455306670925935], [-70.61741310545874, -33.455232222360486], [-70.61728998122908, -33.4551717775708], [-70.61709781614928, -33.4550765542748], [-70.61705510860023, -33.45506625158569], [-70.61700890683818, -33.45506685429781], [-70.61696466815278, -33.45507363687565], [-70.61687468943899, -33.45510583713805], [-70.61685605907036, -33.4551976050506], [-70.61687156315345, -33.45523618510426], [-70.61689806935814, -33.45526996729901], [-70.61706987786539, -33.45536390621842], [-70.61719115432314, -33.45542437533029]]]}}, {"type": "Feature", "properties": {"zona": "AV", "nombre": "AV Zona de Areas Verdes", "uperm": "Área verde", "uproh": "Todos los otros usos de suelo", "comuna": "Ñuñoa"}, "geometry": {"type": "Polygon", "coordinates": [[[-70.58248452651296, -33.45936657129872], [-70.58268480397744, -33.46017768224184], [-70.58260185844081, -33.46018980956281], [-70.58173630900397, -33.46036959328392], [-70.58173796129083, -33.460547925432344], [-70.58228945521502, -33.460432617478546], [-70.58264586727655, -33.46035418604976], [-70.58269643127326, -33.460343059278166], [-70.58275821106457, -33.4605210122829], [-70.58283676613921, -33.460851794214925], [-70.5828470929475, -33.460902749482116], [-70.58301312240643, -33.46155991366227], [-70.58238239150863, -33.46166939252381], [-70.58229208197784, -33.46168561962383], [-70.581691629757, -33.46178750549556], [-70.581596748238, -33.46180391218427], [-70.58101985113494, -33.46189991459332], [-70.58103296180896, -33.46201381145572], [-70.58162951675799, -33.461913800181165], [-70.58168219841733, -33.46191050357239], [-70.58231611127069, -33.461800894726615], [-70.58237755668034, -33.462066466303426], [-70.58252069967757, -33.4626746352666], [-70.58253379184208, -33.462730742590445], [-70.58259653163185, -33.46299848352013], [-70.58262830370006, -33.46312360058428], [-70.58272888888578, -33.463597763366536], [-70.58176965891413, -33.463721407202804], [-70.58168221354642, -33.46374160148334], [-70.58173731473232, -33.46398200741042], [-70.58234727051781, -33.46390306328759], [-70.58260814140368, -33.46386766145376], [-70.58265727447524, -33.46385518756411], [-70.58285588176638, -33.46485119576803], [-70.5830555007995, -33.464825084004886], [-70.58410397155026, -33.464681300460164], [-70.58404380946274, -33.464369574818534], [-70.58342491708483, -33.46445354656933], [-70.58317553161243, -33.46449146384465], [-70.58314703018696, -33.464490904432274], [-70.58296334972961, -33.463566265709844], [-70.58287824426938, -33.4635781295563], [-70.58263734065412, -33.46271555290207], [-70.58247680513679, -33.46205364216301], [-70.58311060324183, -33.46195340799465], [-70.58324608300461, -33.461930028031794], [-70.58389713272383, -33.461814439417154], [-70.58406387074074, -33.46178697241217], [-70.58429708083129, -33.46171908033343], [-70.58436621076278, -33.461703146863115], [-70.5843521631125, -33.461660279162395], [-70.58388031581069, -33.461743714205745], [-70.58323059017458, -33.4618608495928], [-70.58316185691373, -33.46158722348314], [-70.58314653979602, -33.46153681537621], [-70.58313489089623, -33.46147843238369], [-70.58306527438324, -33.46120371092507], [-70.58302713472487, -33.46104413228173], [-70.58298719318351, -33.460879710332286], [-70.58296759938924, -33.46080041783361], [-70.58289397793283, -33.46049691030696], [-70.58284512574339, -33.46031033758234], [-70.58286942018574, -33.46030499148691], [-70.58321971092641, -33.46022790547612], [-70.5837221977313, -33.46012689349919], [-70.58397112129519, -33.4600679477189], [-70.58393528235109, -33.459937136434675], [-70.58282651204573, -33.460143063940215], [-70.58264364009227, -33.45933800957871], [-70.58248452651296, -33.45936657129872]]]}}, {"type": "Feature", "properties": {"zona": "AV", "nombre": "AV Zona de Areas Verdes", "uperm": "Área verde", "uproh": "Todos los otros usos de suelo", "comuna": "Ñuñoa"}, "geometry": {"type": "Polygon", "coordinates": [[[-70.581585962984, -33.46238112408245], [-70.58168482975057, -33.46281531342607], [-70.5818889273281, -33.46278216986033], [-70.5817879575989, -33.46234717604026], [-70.581585962984, -33.46238112408245]]]}}, {"type": "Feature", "properties": {"zona": "AV", "nombre": "AV Zona de Areas Verdes", "uperm": "Área verde", "uproh": "Todos los otros usos de suelo", "comuna": "Ñuñoa"}, "geometry": {"type": "Polygon", "coordinates": [[[-70.58319985713577, -33.46234140059377], [-70.58327042241348, -33.462608571352874], [-70.58331593224767, -33.462602211941565], [-70.58369523163333, -33.462535971811505], [-70.58380517941625, -33.46251377781011], [-70.58374121158113, -33.46224637517596], [-70.58363585575152, -33.462264868836655], [-70.58360982622077, -33.46226943823262], [-70.58319985713577, -33.46234140059377]]]}}, {"type": "Feature", "properties": {"zona": "AV", "nombre": "AV Zona de Areas Verdes", "uperm": "Área verde", "uproh": "Todos los otros usos de suelo", "comuna": "Ñuñoa"}, "geometry": {"type": "Polygon", "coordinates": [[[-70.57699753526231, -33.4650996933959], [-70.57708909690764, -33.46560324496786], [-70.57653975243844, -33.46568335936683], [-70.57652063624866, -33.46557861085838], [-70.5759706884608, -33.46566304659815], [-70.57510574282928, -33.4658453917003], [-70.57512921837231, -33.46591599656491], [-70.57521180410235, -33.466164378425546], [-70.57606394315636, -33.46596131520465], [-70.57657406103579, -33.465867143551606], [-70.57713748683223, -33.46578551778614], [-70.57714363640163, -33.4658184331731], [-70.57820763506288, -33.46567760392633], [-70.57820356679524, -33.4656563606996], [-70.57874991734182, -33.46557282305697], [-70.57874671716134, -33.46555815940205], [-70.58017988266842, -33.46537580006098], [-70.58014863878957, -33.465195044149276], [-70.57985870605896, -33.46522556445966], [-70.5793246224519, -33.465294233586285], [-70.57870661042357, -33.46537434783289], [-70.57816489471575, -33.4654544624047], [-70.5773805494262, -33.46556293857584], [-70.57717319679611, -33.464530881000776], [-70.5771075320706, -33.46454009283231], [-70.57708128634792, -33.46454377441274], [-70.5768983433154, -33.464569438938426], [-70.57699753526231, -33.4650996933959]]]}}, {"type": "Feature", "properties": {"zona": "AV", "nombre": "AV Zona de Areas Verdes", "uperm": "Área verde", "uproh": "Todos los otros usos de suelo", "comuna": "Ñuñoa"}, "geometry": {"type": "Polygon", "coordinates": [[[-70.5760379045609, -33.46633149351807], [-70.57611564869191, -33.46669438639227], [-70.57633036903553, -33.46666389798955], [-70.5762571555595, -33.46630067077764], [-70.5760379045609, -33.46633149351807]]]}}, {"type": "Feature", "properties": {"zona": "AV", "nombre": "AV Zona de Areas Verdes", "uperm": "Área verde", "uproh": "Todos los otros usos de suelo", "comuna": "Ñuñoa"}, "geometry": {"type": "Polygon", "coordinates": [[[-70.57514443858672, -33.46405367117708], [-70.57521782537732, -33.46445933205269], [-70.57542138252252, -33.46442414612541], [-70.57534819041179, -33.46401121681818], [-70.57514443858672, -33.46405367117708]]]}}, {"type": "Feature", "properties": {"zona": "AV", "nombre": "AV Zona de Areas Verdes", "uperm": "Área verde", "uproh": "Todos los otros usos de suelo", "comuna": "Ñuñoa"}, "geometry": {"type": "Polygon", "coordinates": [[[-70.57731317651468, -33.46304840213866], [-70.5774651741562, -33.46347901777697], [-70.57752856982898, -33.46346843770543], [-70.57770631559923, -33.464456089271756], [-70.5777443693442, -33.46445075118068], [-70.57795888300316, -33.46442065587615], [-70.57787495095775, -33.46397814140483], [-70.57779101832637, -33.463436442078596], [-70.57761108489767, -33.463454666139725], [-70.5774553037545, -33.46300155836616], [-70.57738663581269, -33.46303207744076], [-70.57731317651468, -33.46304840213866]]]}}, {"type": "Feature", "properties": {"zona": "AV", "nombre": "AV Zona de Areas Verdes", "uperm": "Área verde", "uproh": "Todos los otros usos de suelo", "comuna": "Ñuñoa"}, "geometry": {"type": "Polygon", "coordinates": [[[-70.57833658510066, -33.46761744464659], [-70.5783474495441, -33.46767571090825], [-70.57943391573313, -33.46752426589677], [-70.57938451794459, -33.46723813004101], [-70.57934784964581, -33.46724296851559], [-70.5784511994239, -33.46736127975623], [-70.5782946195879, -33.46739237247973], [-70.57833658510066, -33.46761744464659]]]}}, {"type": "Feature", "properties": {"zona": "AV", "nombre": "AV Zona de Areas Verdes", "uperm": "Área verde", "uproh": "Todos los otros usos de suelo", "comuna": "Ñuñoa"}, "geometry": {"type": "Polygon", "coordinates": [[[-70.58158838910461, -33.46111219593246], [-70.58165436946841, -33.4613527941739], [-70.58229082293505, -33.46124117086154], [-70.58223904439303, -33.46100613006643], [-70.58158838910461, -33.46111219593246]]]}}, {"type": "Feature", "properties": {"zona": "AV", "nombre": "AV Zona de Areas Verdes", "uperm": "Área verde", "uproh": "Todos los otros usos de suelo", "comuna": "Ñuñoa"}, "geometry": {"type": "Polygon", "coordinates": [[[-70.58353585305245, -33.46096330021962], [-70.58357676301034, -33.461114058526775], [-70.58373451839809, -33.46108828315466], [-70.58393094501596, -33.46105325117676], [-70.58381054336093, -33.46091716616427], [-70.58353585305245, -33.46096330021962]]]}}, {"type": "Feature", "properties": {"zona": "AV", "nombre": "AV Zona de Areas Verdes", "uperm": "Área verde", "uproh": "Todos los otros usos de suelo", "comuna": "Ñuñoa"}, "geometry": {"type": "Polygon", "coordinates": [[[-70.58246049647366, -33.4687427820573], [-70.58253679724137, -33.469051778896784], [-70.58257494598419, -33.46904796398647], [-70.58258344107499, -33.46904652530119], [-70.58297009128651, -33.468981043541746], [-70.58304799196857, -33.468967851196886], [-70.58323110730018, -33.46893351677315], [-70.58316243601257, -33.46862833418664], [-70.58246049647366, -33.4687427820573]]]}}, {"type": "Feature", "properties": {"zona": "AV", "nombre": "AV Zona de Areas Verdes", "uperm": "Área verde", "uproh": "Todos los otros usos de suelo", "comuna": "Ñuñoa"}, "geometry": {"type": "Polygon", "coordinates": [[[-70.58476556024547, -33.468553838569946], [-70.5847928884285, -33.46866873532207], [-70.58516437179834, -33.468607523308876], [-70.58512660657766, -33.46843571736556], [-70.5850178342631, -33.46800154908751], [-70.58499629255111, -33.46792126289178], [-70.58464079655104, -33.46798466521374], [-70.58465194310573, -33.46804288485514], [-70.58476556024547, -33.468553838569946]]]}}, {"type": "Feature", "properties": {"zona": "AV", "nombre": "AV Zona de Areas Verdes", "uperm": "Área verde", "uproh": "Todos los otros usos de suelo", "comuna": "Ñuñoa"}, "geometry": {"type": "Polygon", "coordinates": [[[-70.58498121800399, -33.469470353802244], [-70.58514496263122, -33.47012161070796], [-70.58551137696244, -33.47005176151769], [-70.58539195343626, -33.46956510442415], [-70.5853595316889, -33.469432983949126], [-70.58534419840727, -33.469370499973586], [-70.58497499495654, -33.46942891388257], [-70.58498121800399, -33.469470353802244]]]}}, {"type": "Feature", "properties": {"zona": "AV", "nombre": "AV Zona de Areas Verdes", "uperm": "Área verde", "uproh": "Todos los otros usos de suelo", "comuna": "Ñuñoa"}, "geometry": {"type": "Polygon", "coordinates": [[[-70.58400808226001, -33.470388729775564], [-70.58413004694886, -33.47089995147157], [-70.58414187691824, -33.470949538165016], [-70.58415216562167, -33.47099266127872], [-70.58485062063492, -33.470869013382746], [-70.58483111818768, -33.470791843109836], [-70.58482925588956, -33.47078447640203], [-70.58478759909764, -33.47061964265423], [-70.5843298115702, -33.470688312245436], [-70.58430022170779, -33.47066365472943], [-70.58428403311811, -33.47065016463785], [-70.58423949075387, -33.47045963465902], [-70.5842153625209, -33.47035642615229], [-70.58400808226001, -33.470388729775564]]]}}, {"type": "Feature", "properties": {"zona": "AV", "nombre": "AV Zona de Areas Verdes", "uperm": "Área verde", "uproh": "Todos los otros usos de suelo", "comuna": "Ñuñoa"}, "geometry": {"type": "Polygon", "coordinates": [[[-70.58543613668625, -33.47132156004018], [-70.58551243756533, -33.47162292791145], [-70.58619266022531, -33.471509849690506], [-70.5862974875314, -33.471492422827765], [-70.58633512669589, -33.47148616569368], [-70.58626015384527, -33.471180407480134], [-70.58610094064002, -33.47120768128056], [-70.58543613668625, -33.47132156004018]]]}}, {"type": "Feature", "properties": {"zona": "AV", "nombre": "AV Zona de Areas Verdes", "uperm": "Área verde", "uproh": "Todos los otros usos de suelo", "comuna": "Ñuñoa"}, "geometry": {"type": "Polygon", "coordinates": [[[-70.58724498081442, -33.469044252833214], [-70.58726063206836, -33.4691046889286], [-70.58748976326406, -33.46906705607763], [-70.58754422142533, -33.46924662137571], [-70.58778063548068, -33.46920638759478], [-70.58778994130266, -33.469239490091994], [-70.58787511520727, -33.46959278759052], [-70.58790054554913, -33.469688816287125], [-70.58800736568543, -33.47014659049371], [-70.58811418737132, -33.470600548884214], [-70.58792544944428, -33.47063406707045], [-70.58770675863636, -33.47067069405387], [-70.58767358144964, -33.470676250526346], [-70.58770995336809, -33.47083711070745], [-70.58803733890633, -33.470835302215846], [-70.58806504542984, -33.47094947992535], [-70.58809750758509, -33.47094406778469], [-70.58819104798042, -33.47092847130152], [-70.58822863769984, -33.47108884223778], [-70.58834308881323, -33.471546614700316], [-70.5883541440545, -33.47159046529977], [-70.5884544565014, -33.471988371205306], [-70.58848462848137, -33.4721089301148], [-70.58922027793007, -33.47210088898636], [-70.58906280172988, -33.471416360499894], [-70.58847848066648, -33.47152211167633], [-70.58787079249267, -33.469001925976734], [-70.58777083126121, -33.46875800912003], [-70.58764875011121, -33.46827353199482], [-70.58753429969194, -33.46783101754313], [-70.58744020279364, -33.46784660618284], [-70.58754521482781, -33.468291894824446], [-70.5874301332499, -33.468312304723334], [-70.58741920052854, -33.46831424391487], [-70.58749772659873, -33.46865481727532], [-70.58716325206373, -33.46872770729469], [-70.58718999109534, -33.468836259396], [-70.58721199527741, -33.468916880131786], [-70.58724498081442, -33.469044252833214]]]}}, {"type": "Feature", "properties": {"zona": "AV", "nombre": "AV Zona de Areas Verdes", "uperm": "Área verde", "uproh": "Todos los otros usos de suelo", "comuna": "Ñuñoa"}, "geometry": {"type": "Polygon", "coordinates": [[[-70.59024155051819, -33.4732661307969], [-70.59028696520654, -33.47326766100033], [-70.59039148570622, -33.473264531333726], [-70.59047219434532, -33.47326211481757], [-70.59076454359716, -33.4732541354928], [-70.59087779516784, -33.473246746715375], [-70.59088302805918, -33.47320381817458], [-70.59087794662722, -33.47309042393918], [-70.59087378669088, -33.47302744380238], [-70.59086370280825, -33.47296958365875], [-70.59084751279951, -33.47290675795369], [-70.59083455910577, -33.47285649831088], [-70.59082160757987, -33.472806238638285], [-70.59080532335042, -33.472738371992264], [-70.59080773247291, -33.47270556398448], [-70.59081342608435, -33.47268784204483], [-70.59082508863098, -33.472667521057716], [-70.590872246706, -33.472613968223996], [-70.59113840947926, -33.47232651823543], [-70.59153997491333, -33.471874667212774], [-70.59176478852412, -33.47160536242701], [-70.59149680164356, -33.471470366747], [-70.59128087169202, -33.47171436341033], [-70.59133500726134, -33.47174785581848], [-70.591292792528, -33.47183567358179], [-70.59011106626056, -33.473231881581775], [-70.59016947264193, -33.47325437685394], [-70.59020492025662, -33.47326237396006], [-70.59024155051819, -33.4732661307969]]]}}, {"type": "Feature", "properties": {"zona": "AV", "nombre": "AV Zona de Areas Verdes", "uperm": "Área verde", "uproh": "Todos los otros usos de suelo", "comuna": "Ñuñoa"}, "geometry": {"type": "Polygon", "coordinates": [[[-70.62158915841783, -33.46512173948654], [-70.62192674585394, -33.465134023896994], [-70.62198416230692, -33.46485410005007], [-70.62189288362865, -33.46484455742882], [-70.62162907665129, -33.46481937638949], [-70.62158915841783, -33.46512173948654]]]}}, {"type": "Feature", "properties": {"zona": "AV", "nombre": "AV Zona de Areas Verdes", "uperm": "Área verde", "uproh": "Todos los otros usos de suelo", "comuna": "Ñuñoa"}, "geometry": {"type": "Polygon", "coordinates": [[[-70.62092701931611, -33.464879861640114], [-70.6213248863588, -33.46491880013717], [-70.6213891777939, -33.464549307244276], [-70.62099956175983, -33.464494751373834], [-70.62092701931611, -33.464879861640114]]]}}, {"type": "Feature", "properties": {"zona": "AV", "nombre": "AV Zona de Areas Verdes", "uperm": "Área verde", "uproh": "Todos los otros usos de suelo", "comuna": "Ñuñoa"}, "geometry": {"type": "Polygon", "coordinates": [[[-70.57411619334474, -33.43772011020531], [-70.57397780940885, -33.4377792176727], [-70.57394592429664, -33.4377796224329], [-70.57389230292924, -33.4377535653626], [-70.57385188470244, -33.43772288378482], [-70.57384605677396, -33.43771389066603], [-70.57364517057711, -33.437846663361654], [-70.57341078903454, -33.43817030767615], [-70.5733439521251, -33.43826259964481], [-70.57317628261767, -33.43891332026166], [-70.57307366470454, -33.439519854863526], [-70.57300219902277, -33.43994225606878], [-70.5727514465059, -33.441424304858764], [-70.57262724259813, -33.44215745775065], [-70.57245437181207, -33.44317787007157], [-70.57236354175274, -33.44371400740911], [-70.57214278795803, -33.444969731816684], [-70.57205796210705, -33.445452236108075], [-70.57204770824958, -33.44551056359444], [-70.57198649294403, -33.4459120078565], [-70.57170371465872, -33.44741907194001], [-70.57159072516828, -33.44802123619375], [-70.57126548198002, -33.450059498010866], [-70.5711135795601, -33.450930385064815], [-70.571013960179, -33.45150151465591], [-70.5709732065933, -33.45171055054375], [-70.57083418124294, -33.4524236416634], [-70.57077788144785, -33.45273144717705], [-70.5707331292399, -33.45297611565503], [-70.57077137210587, -33.45340634619889], [-70.5708167467882, -33.453587241765455], [-70.57098428934064, -33.45435449449316], [-70.57121293133032, -33.45511543422774], [-70.57132498586003, -33.455488354919694], [-70.57133543212416, -33.455521777170304], [-70.5714609315747, -33.45592329046986], [-70.5716373588668, -33.45670847230121], [-70.57169252196829, -33.45691591783577], [-70.57182334261044, -33.457407870639905], [-70.57188063596507, -33.45768011580626], [-70.5719620063659, -33.458024593055605], [-70.5720752184896, -33.458366758092396], [-70.57226836958132, -33.45883448726116], [-70.57233456147122, -33.458994775230046], [-70.57259883672147, -33.459832780449595], [-70.57295012389501, -33.46060627078784], [-70.57308895345083, -33.46089191250124], [-70.57330518187374, -33.46133679908583], [-70.57352318354904, -33.461679747085945], [-70.57359543752366, -33.46180590483946], [-70.5736941934045, -33.461825355365995], [-70.57371422328757, -33.46183093773612], [-70.57378271445432, -33.4618500275371], [-70.57384728993726, -33.46187886446674], [-70.57390326398969, -33.46192078530538], [-70.5739588681944, -33.46196396887581], [-70.57393577309391, -33.46176524131164], [-70.57393315357623, -33.461742706121946], [-70.57392761615246, -33.461695056671985], [-70.57377870388356, -33.46169694755146], [-70.57376230805288, -33.46165668582718], [-70.57354230648703, -33.46111642469844], [-70.57340162909924, -33.46077095841161], [-70.57300748805854, -33.4600476305595], [-70.57270204855726, -33.45940718734912], [-70.57269515011306, -33.459383619697356], [-70.57267651079381, -33.45931994031096], [-70.57266915255177, -33.459294802080294], [-70.57255744803753, -33.45892985529914], [-70.5724828166471, -33.4588280432125], [-70.5724165585641, -33.45869716777083], [-70.57234818242205, -33.45854443517875], [-70.57232031990132, -33.458472425213834], [-70.57231800969014, -33.45846645459693], [-70.57229245742889, -33.458400415240504], [-70.57224509296606, -33.45827334476656], [-70.57213716362043, -33.45796035495514], [-70.57209013789313, -33.45782538001605], [-70.57206413050085, -33.45777380192076], [-70.57203315912295, -33.4577279593309], [-70.57195366393695, -33.45765838250937], [-70.57190620803574, -33.45750431744069], [-70.57190484227282, -33.457499882390074], [-70.5717388158678, -33.45696086550801], [-70.57167125352436, -33.456651209651554], [-70.57167121128629, -33.456651015390236], [-70.57156652479198, -33.45617120341152], [-70.5714524265768, -33.455734620246744], [-70.57135201398994, -33.45541594555282], [-70.57134619690795, -33.45539723311397], [-70.57131290605288, -33.45529014164686], [-70.57127751493175, -33.455149342651026], [-70.57118613440807, -33.45480196683136], [-70.57109595539406, -33.45440789205264], [-70.57105679731012, -33.454196947061774], [-70.57101221399209, -33.4540037260858], [-70.57091311329985, -33.453581362586824], [-70.57128959746719, -33.453541063044206], [-70.57139986689488, -33.4535363573092], [-70.57144637284581, -33.45353437261943], [-70.57172376202628, -33.45353555893424], [-70.57191147560415, -33.453535529820336], [-70.57222464103356, -33.45350099046544], [-70.57242966732524, -33.45348511213739], [-70.5727775751674, -33.45346600933672], [-70.57311644577298, -33.453438218313444], [-70.57319104082141, -33.453432100509794], [-70.57360450608036, -33.45339818941096], [-70.57414167797378, -33.45335912488793], [-70.5743338611589, -33.453363851162436], [-70.57453936422029, -33.45339706653827], [-70.57467651746988, -33.453427569545376], [-70.57483119949353, -33.45348292890246], [-70.57497346296624, -33.453559941137435], [-70.57512465355836, -33.453658335961826], [-70.57523070615365, -33.45373939190714], [-70.57533675894575, -33.45382044775493], [-70.57554263969317, -33.454007454135215], [-70.57548002046045, -33.45406386721397], [-70.57534970746715, -33.45419022851014], [-70.57585329006858, -33.45417618187576], [-70.57591883084662, -33.45420299717849], [-70.57598851632005, -33.45423114316901], [-70.5760547800029, -33.4542524200449], [-70.57619701301965, -33.45428517176294], [-70.5762764249382, -33.45430489971762], [-70.57642637582104, -33.45431841875426], [-70.57665897648474, -33.454328805858715], [-70.57704287471559, -33.454352387959105], [-70.57763838439217, -33.45439298367915], [-70.577860427136, -33.454409865350556], [-70.57810331395625, -33.454425385529206], [-70.57990648947285, -33.454558960741984], [-70.58005032855755, -33.45457137547358], [-70.5801382865034, -33.45457718759219], [-70.5809377305773, -33.45463930434957], [-70.58141708578088, -33.454692102257674], [-70.5815861538282, -33.454710167995785], [-70.58187882367605, -33.45474144182944], [-70.5821911021107, -33.454777959572375], [-70.58276171342352, -33.45484911397525], [-70.58282900534437, -33.454889206194224], [-70.58287823422715, -33.454923662591696], [-70.58292182595514, -33.45496879654243], [-70.5829439464153, -33.45500931130773], [-70.58299029658696, -33.455107118694386], [-70.58307055920889, -33.455186492325765], [-70.58315322817708, -33.4552627581053], [-70.58332840248785, -33.45521053194334], [-70.58334240532515, -33.455073954956326], [-70.58335640920303, -33.45493737795239], [-70.5833570579328, -33.45493749502107], [-70.58336118134785, -33.4549382413774], [-70.58337664307106, -33.4549410397753], [-70.58380200492029, -33.4550180262209], [-70.58422391466168, -33.455113507766896], [-70.58449016021999, -33.45517336489819], [-70.58454115770641, -33.45519540949965], [-70.58484640076387, -33.455263346504836], [-70.5852405137445, -33.45535384017104], [-70.58570967840583, -33.45546079414612], [-70.58574296016772, -33.45546838119084], [-70.5858789988542, -33.45549939275413], [-70.58604415284685, -33.45551673858478], [-70.58629989198347, -33.4555435973022], [-70.5865353598397, -33.45556876337491], [-70.58695886981963, -33.45558395892818], [-70.5870384614023, -33.45603379964405], [-70.58703935968566, -33.456038872687884], [-70.58704464436488, -33.4560687432375], [-70.58710156574783, -33.45684117723224], [-70.58731097030558, -33.457573933876496], [-70.58731648001327, -33.45757027311669], [-70.58740523361956, -33.45751129555605], [-70.58766250584974, -33.45734033685205], [-70.58776063798251, -33.457269634109544], [-70.58784264104864, -33.457222946337886], [-70.58789194047036, -33.45720048860189], [-70.58795318379681, -33.45718383174652], [-70.58800769258393, -33.457175352399254], [-70.58807828781785, -33.45716437086036], [-70.58815343936328, -33.457158751830946], [-70.58791096361425, -33.456400039860526], [-70.58786322093455, -33.45623091805506], [-70.58784503555822, -33.45616649938196], [-70.58768436446722, -33.455597336219384], [-70.58842596855568, -33.45558918796276], [-70.58971659675814, -33.45551509653188], [-70.58992612385137, -33.455503259194415], [-70.58992816378395, -33.45550314464939], [-70.59082613516323, -33.455452409981135], [-70.59192202298651, -33.4553826525098], [-70.59323487584369, -33.45532941775751], [-70.59326533270301, -33.455887299300564], [-70.59326734417287, -33.45592415033131], [-70.59329740653442, -33.45647478613786], [-70.59329998746239, -33.456522061355], [-70.59330043718684, -33.4565302947269], [-70.593317585957, -33.456844396698436], [-70.5936432919048, -33.45683354865655], [-70.59367716741006, -33.45683242051413], [-70.59387167883497, -33.45682265795585], [-70.59416356975301, -33.456805553556876], [-70.5941913137762, -33.4566787659933], [-70.59419089945753, -33.45665613169319], [-70.59419023652222, -33.45661991537021], [-70.59417397686234, -33.45637159990328], [-70.59414245133199, -33.455890154752296], [-70.59414151522098, -33.45587586641529], [-70.59410424521215, -33.45530667362091], [-70.5942385379697, -33.4552961815946], [-70.59437899022431, -33.45528816509214], [-70.59449732376927, -33.45528457237042], [-70.59455646998934, -33.45528174182841], [-70.5946229786006, -33.45527674593579], [-70.5946649021469, -33.45527620660818], [-70.59475117558735, -33.45527302608448], [-70.59482014950764, -33.455267998369024], [-70.59485463593464, -33.45526548495472], [-70.5949506623586, -33.45525596878163], [-70.59502949972253, -33.45525081403643], [-70.59507627917627, -33.45524607176771], [-70.5951772362073, -33.455236491972364], [-70.59522405354234, -33.45523381886854], [-70.59529792122692, -33.45522665820098], [-70.59534963238309, -33.45522185235922], [-70.59540130561258, -33.45521497637437], [-70.5954825713997, -33.45520772037856], [-70.59557616809916, -33.45520030470417], [-70.59565493167469, -33.45519101019466], [-70.59570413846959, -33.45518416673562], [-70.59581744093023, -33.455188028046365], [-70.59671362137692, -33.455091607725606], [-70.59703065774282, -33.45505749606463], [-70.59704415807848, -33.45505604332909], [-70.59760980064564, -33.45499518096729], [-70.59765565104345, -33.455023092455384], [-70.5976787521316, -33.45504654809065], [-70.5976990614449, -33.45507241423164], [-70.59771963105405, -33.45511252778092], [-70.59775746227943, -33.45516667140152], [-70.59775629360048, -33.455235039101666], [-70.59776966855249, -33.455599801570614], [-70.59790712974662, -33.4555944728118], [-70.5980823838726, -33.45528567504343], [-70.59829282150383, -33.454915047333046], [-70.59897021207905, -33.454831398695454], [-70.59893372867424, -33.45473929795465], [-70.59879315861932, -33.45444683036391], [-70.59876200250164, -33.45412029878877], [-70.59860510043511, -33.45413628091758], [-70.59795066816005, -33.45419534515984], [-70.59796626354479, -33.45432187422747], [-70.59798969218981, -33.45451195910385], [-70.59801490624332, -33.45476756618294], [-70.5979402005792, -33.454850345345214], [-70.59747190811969, -33.454906552940294], [-70.59639471759151, -33.45500729854143], [-70.59618088358509, -33.45504717712001], [-70.59608394483055, -33.455060077943536], [-70.59600084527234, -33.45507046746327], [-70.59584570169935, -33.45508877547149], [-70.59561565675352, -33.45511037690256], [-70.59538565438486, -33.455134309501695], [-70.595186099146, -33.45515318828061], [-70.5949068799787, -33.45517579727401], [-70.59463992475382, -33.45518672243739], [-70.59462571015567, -33.45518730391077], [-70.59411466404646, -33.45520821630848], [-70.59409622683411, -33.45452881163732], [-70.59407779011599, -33.45384940598161], [-70.59407336067774, -33.453760104728126], [-70.59315700966454, -33.453777775179255], [-70.59316206456629, -33.45386256107559], [-70.59318403341015, -33.4544389005828], [-70.59318526641812, -33.454471253361135], [-70.59321421242137, -33.4552306042695], [-70.59267242108282, -33.45525521201422], [-70.59266082737084, -33.45525573884548], [-70.5919144925993, -33.45528963304536], [-70.59036335851727, -33.45538574881678], [-70.59029249943904, -33.455390139000656], [-70.59029050807774, -33.45539026194681], [-70.5897021085264, -33.455426716785205], [-70.58893546394482, -33.455465768540606], [-70.58891850337315, -33.45546663256412], [-70.58841770888779, -33.455492140058084], [-70.58806538327423, -33.455515973480104], [-70.58786895409455, -33.45552057852573], [-70.58756294975507, -33.45551823389225], [-70.58737605159308, -33.45550942935542], [-70.58694914089347, -33.45549918384155], [-70.5868134031964, -33.45549492795191], [-70.58661803219854, -33.45548344586643], [-70.58637727055732, -33.45546255565864], [-70.5858625506731, -33.45540130316009], [-70.584569448905, -33.45510664002553], [-70.58456549696916, -33.45510574000935], [-70.58419360386597, -33.455020992567604], [-70.58404571693309, -33.454984901695084], [-70.58383586435959, -33.45493433794149], [-70.58362985615607, -33.45488998886389], [-70.58332268652482, -33.454835560379614], [-70.58323810768646, -33.45452867822897], [-70.58275634838722, -33.4544698694547], [-70.5827607341286, -33.4545451456022], [-70.58275763071357, -33.45475741964971], [-70.58176221220471, -33.45464513481388], [-70.58149969966941, -33.4546180221], [-70.58148428901755, -33.45461643037251], [-70.58138280206802, -33.454605948046236], [-70.58117521346291, -33.454582711662525], [-70.5804111635778, -33.45450000807728], [-70.58019577499671, -33.45448475604667], [-70.58005235249807, -33.454475489893134], [-70.57957101255703, -33.45444093175863], [-70.5794461828168, -33.454431694018595], [-70.57944165699952, -33.454431358484584], [-70.57820828475725, -33.4543400755022], [-70.57781703380122, -33.454318450195224], [-70.57771026869999, -33.45431161412459], [-70.57770121337384, -33.45431103496341], [-70.57744617214317, -33.454294704598276], [-70.5770725855127, -33.45426442447868], [-70.57669386372517, -33.454238586962376], [-70.5764282634503, -33.45421882293627], [-70.57632348750114, -33.45421125513315], [-70.57623703098903, -33.45419890543099], [-70.57617662482812, -33.454185384822864], [-70.57610206020432, -33.45416532101151], [-70.576091381556, -33.45412931386617], [-70.57608474433066, -33.45409493726082], [-70.57608796031325, -33.453995716848056], [-70.5760755450265, -33.453931396061805], [-70.57593076922885, -33.45409242808738], [-70.57582090459435, -33.454038594475584], [-70.57571379283905, -33.45397587784701], [-70.57563082890368, -33.453925286912224], [-70.57540940325966, -33.453762978447145], [-70.57539164555727, -33.45323437762661], [-70.57539018218931, -33.45311801593377], [-70.57481045301694, -33.453125382204995], [-70.57466220297641, -33.453127265494025], [-70.57451080246443, -33.45312918862193], [-70.57451369229551, -33.45328905579894], [-70.57450587069752, -33.45328744255711], [-70.57442287623698, -33.453276633023876], [-70.57433994305345, -33.45326921266321], [-70.5742591238718, -33.453266848155366], [-70.5741420549256, -33.45327002938592], [-70.57373562735779, -33.45330094359231], [-70.5726749636633, -33.45339085610904], [-70.57242609281758, -33.4534127949247], [-70.57221972893613, -33.45343085281605], [-70.57202786880545, -33.45343985956518], [-70.57163699312486, -33.45345025578796], [-70.57148990873345, -33.45344117400362], [-70.57156142057703, -33.45319928821124], [-70.57157915572728, -33.45311853194913], [-70.57159689083139, -33.453037774782814], [-70.57167946263985, -33.45253000411576], [-70.57141793553903, -33.45249857093842], [-70.57093892355655, -33.452440997721226], [-70.57094793880195, -33.45228528213223], [-70.57104550211568, -33.4517112792869], [-70.57109914714815, -33.45139474862449], [-70.57109943102189, -33.45139307031319], [-70.5711313572313, -33.4512046865272], [-70.57114426619223, -33.45112851869834], [-70.57123709206533, -33.45058079393045], [-70.57124229208988, -33.45055010790599], [-70.5712783531271, -33.45033732473175], [-70.57132684304452, -33.450076832773036], [-70.57143763914506, -33.44948161918621], [-70.57145909341155, -33.44936636192833], [-70.57147354471785, -33.449280718726385], [-70.57149282055805, -33.449166484704996], [-70.57155301718124, -33.44880973350413], [-70.5715531153216, -33.448809150574185], [-70.57168520495347, -33.44802632784836], [-70.57170614526899, -33.44791296820522], [-70.57170700871335, -33.44790829385124], [-70.57183820378597, -33.44719808025422], [-70.57188303743474, -33.446921734051934], [-70.5719124683851, -33.44676025552273], [-70.57203812322187, -33.44607083705128], [-70.57204066034758, -33.44605691115168], [-70.57206611571229, -33.44591724796351], [-70.57212297875283, -33.445544396646774], [-70.57240868237801, -33.443959213985806], [-70.5725199442616, -33.443293931158166], [-70.57252130938458, -33.4432857657275], [-70.57254791457679, -33.443126681149664], [-70.57256434090775, -33.44303249665792], [-70.57256479225475, -33.44302990806589], [-70.57265412182035, -33.44251771899103], [-70.57284010862796, -33.44143073302966], [-70.57294966001837, -33.44081063638622], [-70.57295137195713, -33.440800949655404], [-70.57297498887898, -33.44066726980016], [-70.57304014653207, -33.440310857803105], [-70.57309332026895, -33.439969867755615], [-70.57323189318387, -33.43916728691098], [-70.573273438999, -33.4389569900725], [-70.57327663827829, -33.43894079392393], [-70.57331498463407, -33.438746693219095], [-70.57331763296402, -33.43873328713713], [-70.57334104713857, -33.43861476788107], [-70.57347308495828, -33.43820334783574], [-70.57356781774469, -33.43815506235652], [-70.573773204668, -33.43818273032805], [-70.57431855490368, -33.43821256964296], [-70.57432488911329, -33.4380036520604], [-70.57433379030171, -33.43788187819042], [-70.5743426914723, -33.43776010431822], [-70.57422596994417, -33.43781959895274], [-70.57415094139361, -33.43770526757897], [-70.57411619334474, -33.43772011020531]]]}}, {"type": "Feature", "properties": {"zona": "AV", "nombre": "AV Zona de Areas Verdes", "uperm": "Área verde", "uproh": "Todos los otros usos de suelo", "comuna": "Ñuñoa"}, "geometry": {"type": "Polygon", "coordinates": [[[-70.57779855884439, -33.45297629684009], [-70.57779855872899, -33.453041147928516], [-70.5778748569584, -33.45303733327719], [-70.57831738509901, -33.45301444029272], [-70.578721762913, -33.45297247617772], [-70.57878044757317, -33.452431742325246], [-70.57880121390039, -33.45224039577043], [-70.57880986765129, -33.45216066148456], [-70.57837078570371, -33.45211415110416], [-70.57811336919843, -33.45209747978789], [-70.57801736676223, -33.452091262659536], [-70.57801179058819, -33.452090901662835], [-70.57797572983358, -33.45208937936465], [-70.57795159457974, -33.45208968658994], [-70.57794175288691, -33.45209165251582], [-70.57792975134383, -33.45209548387744], [-70.57791889691687, -33.45210206206102], [-70.5779102377435, -33.452108610496886], [-70.57790162642826, -33.45211791974769], [-70.577897388996, -33.452126251646405], [-70.57789326711848, -33.452141022091695], [-70.57788137576742, -33.452249289272075], [-70.57787485020236, -33.452308708694055], [-70.57780102350446, -33.45295473050753], [-70.57779855884439, -33.45297629684009]]]}}, {"type": "Feature", "properties": {"zona": "AV", "nombre": "AV Zona de Areas Verdes", "uperm": "Área verde", "uproh": "Todos los otros usos de suelo", "comuna": "Ñuñoa"}, "geometry": {"type": "Polygon", "coordinates": [[[-70.57480764579732, -33.44908141841878], [-70.57495220761149, -33.44909322583013], [-70.57495992713807, -33.44904880873994], [-70.57501429179717, -33.44859972065206], [-70.57501781444499, -33.448569994608015], [-70.57489796356472, -33.44856086743699], [-70.57477811376407, -33.44855173923404], [-70.57471413837844, -33.449069246407866], [-70.57480764579732, -33.44908141841878]]]}}, {"type": "Feature", "properties": {"zona": "AV", "nombre": "AV Zona de Areas Verdes", "uperm": "Área verde", "uproh": "Todos los otros usos de suelo", "comuna": "Ñuñoa"}, "geometry": {"type": "Polygon", "coordinates": [[[-70.60169757412055, -33.4644651826786], [-70.60172424385661, -33.464522104295284], [-70.60221370227494, -33.464433457786924], [-70.60213901649273, -33.46431988980483], [-70.60169757412055, -33.4644651826786]]]}}, {"type": "Feature", "properties": {"zona": "AV", "nombre": "AV Zona de Areas Verdes", "uperm": "Área verde", "uproh": "Todos los otros usos de suelo", "comuna": "Ñuñoa"}, "geometry": {"type": "Polygon", "coordinates": [[[-70.60232918619711, -33.460589042403804], [-70.602351224943, -33.460741194985815], [-70.60273543247617, -33.46070020557481], [-70.60284285778151, -33.460688099959064], [-70.6028794682703, -33.460683974097996], [-70.60298632017586, -33.46067193349091], [-70.60294761675611, -33.46046872833868], [-70.60232223108547, -33.46054102501227], [-70.60232837894235, -33.460583471404], [-70.60232918619711, -33.460589042403804]]]}}, {"type": "Feature", "properties": {"zona": "AV", "nombre": "AV Zona de Areas Verdes", "uperm": "Área verde", "uproh": "Todos los otros usos de suelo", "comuna": "Ñuñoa"}, "geometry": {"type": "Polygon", "coordinates": [[[-70.59010646898847, -33.46607088473724], [-70.59017655097558, -33.46632309039156], [-70.59128315273318, -33.466119908051084], [-70.59123269673232, -33.465902400717205], [-70.59010646898847, -33.46607088473724]]]}}, {"type": "Feature", "properties": {"zona": "AV", "nombre": "AV Zona de Areas Verdes", "uperm": "Área verde", "uproh": "Todos los otros usos de suelo", "comuna": "Ñuñoa"}, "geometry": {"type": "Polygon", "coordinates": [[[-70.58929942112121, -33.46619161276452], [-70.58935455059998, -33.46640220077796], [-70.58989429712739, -33.4663009416751], [-70.58986391942378, -33.466107168527245], [-70.58929942112121, -33.46619161276452]]]}}, {"type": "Feature", "properties": {"zona": "AV", "nombre": "AV Zona de Areas Verdes", "uperm": "Área verde", "uproh": "Todos los otros usos de suelo", "comuna": "Ñuñoa"}, "geometry": {"type": "Polygon", "coordinates": [[[-70.59126793999545, -33.46749525028575], [-70.59127302124902, -33.467614469535526], [-70.59131077247805, -33.46761398481601], [-70.59154970107312, -33.46757561902134], [-70.59164746451889, -33.467564768015876], [-70.59167661385835, -33.46775766717852], [-70.5919238529655, -33.46773301721449], [-70.59191402126434, -33.46742891483458], [-70.59181335386337, -33.467061554950995], [-70.5917264522604, -33.46707551768407], [-70.59129651268586, -33.467151634212584], [-70.59120925773065, -33.467224571957516], [-70.59126793999545, -33.46749525028575]]]}}, {"type": "Feature", "properties": {"zona": "AV", "nombre": "AV Zona de Areas Verdes", "uperm": "Área verde", "uproh": "Todos los otros usos de suelo", "comuna": "Ñuñoa"}, "geometry": {"type": "Polygon", "coordinates": [[[-70.5861367066769, -33.46500399332271], [-70.58619143336921, -33.465111082811774], [-70.58649087623785, -33.46507543433293], [-70.58647576005691, -33.464992854823045], [-70.58645345964297, -33.464871016656154], [-70.58604846592776, -33.464909008731574], [-70.58606531481045, -33.46496257036747], [-70.5861367066769, -33.46500399332271]]]}}, {"type": "Feature", "properties": {"zona": "AV", "nombre": "AV Zona de Areas Verdes", "uperm": "Área verde", "uproh": "Todos los otros usos de suelo", "comuna": "Ñuñoa"}, "geometry": {"type": "Polygon", "coordinates": [[[-70.61660972533107, -33.45208464891513], [-70.61688843803127, -33.45206973375162], [-70.61693375566712, -33.45182755045179], [-70.6166018200642, -33.451831905862676], [-70.61660419201655, -33.45187768700518], [-70.61660419879532, -33.45187782038765], [-70.61660483231135, -33.451890043649655], [-70.61660848756378, -33.45196056780538], [-70.61661129489391, -33.4520147357011], [-70.61660972533107, -33.45208464891513]]]}}, {"type": "Feature", "properties": {"zona": "AV", "nombre": "AV Zona de Areas Verdes", "uperm": "Área verde", "uproh": "Todos los otros usos de suelo", "comuna": "Ñuñoa"}, "geometry": {"type": "Polygon", "coordinates": [[[-70.58168269724597, -33.47051272032416], [-70.58178071969999, -33.470893246142055], [-70.58207040843548, -33.47085375633671], [-70.58197816365019, -33.47047792951755], [-70.58168269724597, -33.47051272032416]]]}}, {"type": "Feature", "properties": {"zona": "AV", "nombre": "AV Zona de Areas Verdes", "uperm": "Área verde", "uproh": "Todos los otros usos de suelo", "comuna": "Ñuñoa"}, "geometry": {"type": "Polygon", "coordinates": [[[-70.58081760647849, -33.47103212117174], [-70.58083010220834, -33.47106763111055], [-70.58111948873015, -33.47101144540638], [-70.5810303977438, -33.470652279551764], [-70.5807407968102, -33.47069653740548], [-70.58075263163407, -33.4707466176979], [-70.58078511846037, -33.47088936944908], [-70.58081760647849, -33.47103212117174]]]}}, {"type": "Feature", "properties": {"zona": "AV", "nombre": "AV Zona de Areas Verdes", "uperm": "Área verde", "uproh": "Todos los otros usos de suelo", "comuna": "Ñuñoa"}, "geometry": {"type": "Polygon", "coordinates": [[[-70.59228598653449, -33.47056544073334], [-70.59198576975638, -33.470900843593974], [-70.5919126638063, -33.47085590289427], [-70.5917065677669, -33.471108564112136], [-70.59201230938908, -33.47131659259529], [-70.59224190778048, -33.47105829819479], [-70.59272275811098, -33.47048840485561], [-70.59250131467056, -33.47035637625205], [-70.59228598653449, -33.47056544073334]]]}}, {"type": "Feature", "properties": {"zona": "AV", "nombre": "AV Zona de Areas Verdes", "uperm": "Área verde", "uproh": "Todos los otros usos de suelo", "comuna": "Ñuñoa"}, "geometry": {"type": "Polygon", "coordinates": [[[-70.60182664598045, -33.45988815655456], [-70.60187611165493, -33.4601833884321], [-70.60218496443812, -33.46014360458097], [-70.60217733717055, -33.46003290864275], [-70.60215539620319, -33.45988533965415], [-70.6021086147364, -33.45985511162078], [-70.6020315965841, -33.45986413792021], [-70.60185798600223, -33.45988448419426], [-70.60182664598045, -33.45988815655456]]]}}, {"type": "Feature", "properties": {"zona": "AV", "nombre": "AV Zona de Areas Verdes", "uperm": "Área verde", "uproh": "Todos los otros usos de suelo", "comuna": "Ñuñoa"}, "geometry": {"type": "Polygon", "coordinates": [[[-70.59309891250493, -33.451873880423214], [-70.59310171476368, -33.45204204192625], [-70.59316627986243, -33.45204014528178], [-70.59388733798974, -33.45202316184841], [-70.59400954630411, -33.45202002306707], [-70.59400687382868, -33.4518596373626], [-70.59374402143374, -33.45186376105298], [-70.59371595018568, -33.451864202214956], [-70.59309891250493, -33.451873880423214]]]}}, {"type": "Feature", "properties": {"zona": "AV", "nombre": "AV Zona de Areas Verdes", "uperm": "Área verde", "uproh": "Todos los otros usos de suelo", "comuna": "Ñuñoa"}, "geometry": {"type": "Polygon", "coordinates": [[[-70.59841263967537, -33.4493438198486], [-70.59872735982874, -33.44938773724776], [-70.59855231525604, -33.4488640514196], [-70.59853222203974, -33.44880252047133], [-70.5985054234667, -33.44883890420969], [-70.59832443596684, -33.44898082546622], [-70.59814501734134, -33.44908503229029], [-70.59801624225568, -33.44917091460962], [-70.59788396723835, -33.4492703405603], [-70.59795254016127, -33.44927961582505], [-70.59835381904414, -33.449335612226974], [-70.59841263967537, -33.4493438198486]]]}}, {"type": "Feature", "properties": {"zona": "AV", "nombre": "AV Zona de Areas Verdes", "uperm": "Área verde", "uproh": "Todos los otros usos de suelo", "comuna": "Ñuñoa"}, "geometry": {"type": "Polygon", "coordinates": [[[-70.59914379021944, -33.4449173077916], [-70.59957464339764, -33.445030493114025], [-70.59962977776291, -33.44468396440708], [-70.59956661677575, -33.44467794885074], [-70.59951833140464, -33.44467335021185], [-70.59917716035153, -33.444640859251585], [-70.59815476707134, -33.44452642080052], [-70.59812424825716, -33.44479727075529], [-70.59826444975626, -33.44482913517941], [-70.59862747363282, -33.44486565041526], [-70.59869666546754, -33.44487261045807], [-70.59895714392752, -33.444898809762016], [-70.59914379021944, -33.4449173077916]]]}}, {"type": "Feature", "properties": {"zona": "AV", "nombre": "AV Zona de Areas Verdes", "uperm": "Área verde", "uproh": "Todos los otros usos de suelo", "comuna": "Ñuñoa"}, "geometry": {"type": "Polygon", "coordinates": [[[-70.60098548013937, -33.45161427734961], [-70.6014203790312, -33.45164479359116], [-70.60144708130943, -33.451436887270305], [-70.60145391570181, -33.45138367560561], [-70.6010089635446, -33.45135966345508], [-70.60100219881583, -33.451433011230314], [-70.60100065051839, -33.45144980081221], [-70.60098548013937, -33.45161427734961]]]}}, {"type": "Feature", "properties": {"zona": "AV", "nombre": "AV Zona de Areas Verdes", "uperm": "Área verde", "uproh": "Todos los otros usos de suelo", "comuna": "Ñuñoa"}, "geometry": {"type": "Polygon", "coordinates": [[[-70.60022250665877, -33.452255166712625], [-70.60020166671931, -33.45246307016983], [-70.6002444866927, -33.45243439644693], [-70.6002888155883, -33.45241108536965], [-70.60036579289267, -33.4523930379395], [-70.60048893457511, -33.45237780516663], [-70.60054450856134, -33.45237595041721], [-70.60073737830842, -33.45239108272324], [-70.60093024809339, -33.45240621382543], [-70.6012265167356, -33.45243876807752], [-70.60126604697055, -33.45244962686048], [-70.60132192132588, -33.45247575536244], [-70.60133024996739, -33.452367170808564], [-70.60037347153678, -33.45227126169013], [-70.60022250665877, -33.452255166712625]]]}}, {"type": "Feature", "properties": {"zona": "AV", "nombre": "AV Zona de Areas Verdes", "uperm": "Área verde", "uproh": "Todos los otros usos de suelo", "comuna": "Ñuñoa"}, "geometry": {"type": "Polygon", "coordinates": [[[-70.58607369264307, -33.45123480793111], [-70.586582941312, -33.45123512265004], [-70.58648368207102, -33.45088554287722], [-70.58603971636006, -33.451117905702894], [-70.58577260903512, -33.45123192760986], [-70.58607369264307, -33.45123480793111]]]}}, {"type": "Feature", "properties": {"zona": "AV", "nombre": "AV Zona de Areas Verdes", "uperm": "Área verde", "uproh": "Todos los otros usos de suelo", "comuna": "Ñuñoa"}, "geometry": {"type": "Polygon", "coordinates": [[[-70.58909569472362, -33.446250348934804], [-70.58909801683527, -33.44626937405847], [-70.58920239768595, -33.446261303848225], [-70.59010499597734, -33.44617018922395], [-70.59021216898702, -33.44615538351843], [-70.59021216800124, -33.4460714578056], [-70.59018927877128, -33.445991347345746], [-70.59016638803635, -33.445903607369594], [-70.59011297872709, -33.44579297884152], [-70.59003389353164, -33.44581021900531], [-70.58959259189865, -33.4459708135389], [-70.5891512896439, -33.44613140562975], [-70.58906792377323, -33.44616205173529], [-70.58907772964041, -33.44618554061597], [-70.58908344479205, -33.44620120800186], [-70.58908867495713, -33.44621729825214], [-70.5890934481278, -33.44623546407306], [-70.58909569472362, -33.446250348934804]]]}}, {"type": "Feature", "properties": {"zona": "AV", "nombre": "AV Zona de Areas Verdes", "uperm": "Área verde", "uproh": "Todos los otros usos de suelo", "comuna": "Ñuñoa"}, "geometry": {"type": "Polygon", "coordinates": [[[-70.58555460390933, -33.44423208422901], [-70.5857515607781, -33.44481058423174], [-70.5858550776873, -33.44479017095027], [-70.58624237128521, -33.44648168859813], [-70.5862704613886, -33.446473629302], [-70.58662858983625, -33.44636239617577], [-70.58689669868689, -33.44625231433914], [-70.58705939066593, -33.4461702442679], [-70.58721021105838, -33.44609241490244], [-70.58726320105283, -33.446065070077275], [-70.58638254609376, -33.44460565714987], [-70.58647299712631, -33.4445710947939], [-70.58637454304622, -33.444398237054685], [-70.58614126154059, -33.44401579492538], [-70.58555460390933, -33.44423208422901]]]}}, {"type": "Feature", "properties": {"zona": "AV", "nombre": "AV Zona de Areas Verdes", "uperm": "Área verde", "uproh": "Todos los otros usos de suelo", "comuna": "Ñuñoa"}, "geometry": {"type": "Polygon", "coordinates": [[[-70.5821846541891, -33.44258376809772], [-70.58218132702098, -33.442664343743], [-70.58290451566052, -33.44260313971692], [-70.58287990870627, -33.4424856026753], [-70.58279788710418, -33.442493187252275], [-70.58263283695396, -33.44250936202088], [-70.58245996911559, -33.44252563635421], [-70.58232389173486, -33.44253768926311], [-70.58226701331988, -33.44254310472747], [-70.58224472680551, -33.44254620288444], [-70.58223267793689, -33.442547997094735], [-70.58222027244737, -33.44255053085257], [-70.58220788313695, -33.4425540149394], [-70.58220002264717, -33.4425574412296], [-70.58219387541843, -33.44256179529013], [-70.58218944469357, -33.44256707798172], [-70.58218671860241, -33.44257281328582], [-70.5821846541891, -33.44258376809772]]]}}, {"type": "Feature", "properties": {"zona": "AV", "nombre": "AV Zona de Areas Verdes", "uperm": "Área verde", "uproh": "Todos los otros usos de suelo", "comuna": "Ñuñoa"}, "geometry": {"type": "Polygon", "coordinates": [[[-70.58404362846935, -33.440732501601694], [-70.5840527785825, -33.44083773103044], [-70.58452027144982, -33.44065027606662], [-70.58445925760056, -33.440555309544], [-70.58425144271396, -33.44064390574834], [-70.58404362846935, -33.440732501601694]]]}}, {"type": "Feature", "properties": {"zona": "AV", "nombre": "AV Zona de Areas Verdes", "uperm": "Área verde", "uproh": "Todos los otros usos de suelo", "comuna": "Ñuñoa"}, "geometry": {"type": "Polygon", "coordinates": [[[-70.5927582212095, -33.461048603093396], [-70.59278308403046, -33.46105106123924], [-70.59286316767425, -33.46104239446324], [-70.5928562471315, -33.46098069159576], [-70.59285201121502, -33.46088776252228], [-70.59284777531175, -33.46079483344703], [-70.59275102937755, -33.460836242548694], [-70.59273492009464, -33.460860055041536], [-70.59272710615899, -33.4608851506612], [-70.59271201256891, -33.460964494006376], [-70.59268918525568, -33.461027967064574], [-70.5927582212095, -33.461048603093396]]]}}, {"type": "Feature", "properties": {"zona": "AV", "nombre": "AV Zona de Areas Verdes", "uperm": "Área verde", "uproh": "Todos los otros usos de suelo", "comuna": "Ñuñoa"}, "geometry": {"type": "Polygon", "coordinates": [[[-70.58954837079297, -33.46263929310688], [-70.58960707621682, -33.46271116395712], [-70.58960666090402, -33.46264002814748], [-70.58959974096928, -33.462551189799704], [-70.58959344322868, -33.46249643187619], [-70.58957903645472, -33.462429266813864], [-70.58921280654664, -33.46239875108694], [-70.58925474006931, -33.46241925769272], [-70.5892922754604, -33.46244397181999], [-70.58934939525061, -33.46247732958732], [-70.58941721473852, -33.462516476066135], [-70.589460236406, -33.462551495380964], [-70.58950882545052, -33.46260126491558], [-70.58954837079297, -33.46263929310688]]]}}, {"type": "Feature", "properties": {"zona": "AV", "nombre": "AV Zona de Areas Verdes", "uperm": "Área verde", "uproh": "Todos los otros usos de suelo", "comuna": "Ñuñoa"}, "geometry": {"type": "Polygon", "coordinates": [[[-70.5887939876733, -33.4646471193776], [-70.58883904991991, -33.46491254196907], [-70.58932949090998, -33.4648515882552], [-70.58918776573347, -33.46402681850978], [-70.58914033456333, -33.464024252217555], [-70.58905716634239, -33.46384539466859], [-70.58880003511418, -33.463210407598545], [-70.58878729409906, -33.46309723118424], [-70.5887823219628, -33.463019746249756], [-70.58876936335082, -33.46289464136005], [-70.58898210710151, -33.46246241494495], [-70.58899475628422, -33.462386834235], [-70.58899339919053, -33.462301208098296], [-70.5886023314659, -33.46076121738993], [-70.58826668776885, -33.45948998363739], [-70.58797685447821, -33.458356951294114], [-70.58786630694131, -33.45791455224232], [-70.58793692328705, -33.45780627248829], [-70.58802350628211, -33.45763694226962], [-70.58802845610406, -33.457440024622926], [-70.58800769258393, -33.457175352399254], [-70.58795318379681, -33.45718383174652], [-70.58789194047036, -33.45720048860189], [-70.58784264104864, -33.457222946337886], [-70.58776063798251, -33.457269634109544], [-70.58766250584974, -33.45734033685205], [-70.58740523361956, -33.45751129555605], [-70.5879052596621, -33.459499121772225], [-70.58811146208883, -33.46035699655288], [-70.58811201510436, -33.46035929635879], [-70.58823650551558, -33.46087721263375], [-70.58860737708059, -33.46226854092086], [-70.58867090479278, -33.46243475347833], [-70.58868644229405, -33.462506137371754], [-70.58850558788595, -33.4626443689562], [-70.58838695153486, -33.46286490962597], [-70.58838492525044, -33.4630659651426], [-70.5885622960336, -33.46357441110896], [-70.58882370113119, -33.463981889741326], [-70.58887853744241, -33.464288119467376], [-70.58867938795647, -33.46429544485092], [-70.58872567796372, -33.46464799502825], [-70.5887939876733, -33.4646471193776]]]}}, {"type": "Feature", "properties": {"zona": "AV", "nombre": "AV Zona de Areas Verdes", "uperm": "Área verde", "uproh": "Todos los otros usos de suelo", "comuna": "Ñuñoa"}, "geometry": {"type": "Polygon", "coordinates": [[[-70.5882786928223, -33.46557922955798], [-70.58839583978995, -33.46607356972082], [-70.58841405953359, -33.4661504528753], [-70.58841599474916, -33.466158621227954], [-70.58859221134522, -33.46690220843673], [-70.58877893528162, -33.4676270377122], [-70.58888477482996, -33.468075155288176], [-70.58901182617424, -33.46854376816447], [-70.58911966571762, -33.46902090512364], [-70.58914419646864, -33.4691204054202], [-70.58922049695727, -33.46947899491724], [-70.58932731841996, -33.469921509765946], [-70.58944939852253, -33.47037928348031], [-70.5895028080509, -33.47049372640028], [-70.5896172567731, -33.470665391325774], [-70.58977748340014, -33.47078746332142], [-70.58980800050695, -33.47080653788975], [-70.58984123646769, -33.47084768418772], [-70.58994192479749, -33.47090307801686], [-70.59004272223598, -33.47096443778606], [-70.59022991876914, -33.471078391143486], [-70.59046721398, -33.47120661846546], [-70.59108399865406, -33.470493806648115], [-70.59098404323109, -33.47043254333188], [-70.59067059421214, -33.470240426549985], [-70.59026216148526, -33.469957658144374], [-70.59020554494232, -33.46989753890085], [-70.58997799999699, -33.46898143877729], [-70.58989458680578, -33.46864561218341], [-70.58994330999555, -33.46863388285091], [-70.58991479953127, -33.468548182212686], [-70.58975457106872, -33.4679301897825], [-70.58937156415311, -33.46646718782997], [-70.58935455059998, -33.46640220077796], [-70.58929942112121, -33.46619161276452], [-70.58986391942378, -33.466107168527245], [-70.5899213228423, -33.46609858168552], [-70.59003013539584, -33.46608230369009], [-70.59010646898847, -33.46607088473724], [-70.59123269673232, -33.465902400717205], [-70.59127404663371, -33.46589621442421], [-70.59148777317878, -33.465864239021975], [-70.59165913594254, -33.46655617722765], [-70.59279816649843, -33.46636532401686], [-70.59269967060995, -33.46588340329604], [-70.59279103005031, -33.46587327491886], [-70.59294438840307, -33.4658465233693], [-70.5929526762722, -33.465845077625104], [-70.59418537914308, -33.46563512811628], [-70.59415862578167, -33.465014957460696], [-70.59418669060948, -33.46489111848252], [-70.59419708798987, -33.46486737928032], [-70.5942096851447, -33.46484542717053], [-70.5942290674907, -33.46482247422542], [-70.59399964930596, -33.46485176033417], [-70.59131872059282, -33.46518161739656], [-70.5894518678647, -33.465425796109095], [-70.58944612173867, -33.46542654797907], [-70.5882786928223, -33.46557922955798]]]}}, {"type": "Feature", "properties": {"zona": "AV", "nombre": "AV Zona de Areas Verdes", "uperm": "Área verde", "uproh": "Todos los otros usos de suelo", "comuna": "Ñuñoa"}, "geometry": {"type": "Polygon", "coordinates": [[[-70.5948583187499, -33.45365289487858], [-70.59483038848107, -33.45365472060731], [-70.5948041759985, -33.45365505784773], [-70.5947902511106, -33.45365816885986], [-70.59477632622162, -33.45366127987046], [-70.59476592071181, -33.45366581468923], [-70.59476076085923, -33.453670278413554], [-70.59475589094092, -33.45369087131292], [-70.59475457255657, -33.45371435038287], [-70.59477580585745, -33.45391936975685], [-70.59484903779996, -33.45390962838791], [-70.59490998316673, -33.45389711319939], [-70.59492549486211, -33.45388518256453], [-70.59493571253745, -33.453870389084365], [-70.59494071122063, -33.4538571237253], [-70.59494203064736, -33.453833645543085], [-70.59492818893607, -33.453650526823694], [-70.5948583187499, -33.45365289487858]]]}}, {"type": "Feature", "properties": {"zona": "AV", "nombre": "AV Zona de Areas Verdes", "uperm": "Área verde", "uproh": "Todos los otros usos de suelo", "comuna": "Ñuñoa"}, "geometry": {"type": "Polygon", "coordinates": [[[-70.62467972492355, -33.45733541739257], [-70.62474163937827, -33.4573832143744], [-70.62499752246484, -33.45710812660003], [-70.62490367969033, -33.45709272802657], [-70.62453326332972, -33.45704774107747], [-70.62451395999297, -33.45704262638713], [-70.62449919627089, -33.457035919090295], [-70.62448531930538, -33.4570276661603], [-70.62447311899608, -33.45701095645601], [-70.62444029003576, -33.456958627943735], [-70.62441653277918, -33.45700913143969], [-70.62440169687007, -33.457024740815754], [-70.62437815064291, -33.45703683808706], [-70.62432168552748, -33.45706152338629], [-70.62446435681534, -33.457170665116806], [-70.62450070495326, -33.45719847097949], [-70.62467972492355, -33.45733541739257]]]}}, {"type": "Feature", "properties": {"zona": "AV", "nombre": "AV Zona de Areas Verdes", "uperm": "Área verde", "uproh": "Todos los otros usos de suelo", "comuna": "Ñuñoa"}, "geometry": {"type": "Polygon", "coordinates": [[[-70.57412027696185, -33.43753264798875], [-70.57384605677396, -33.43771389066603], [-70.57385188470244, -33.43772288378482], [-70.57389230292924, -33.4377535653626], [-70.57394592429664, -33.4377796224329], [-70.57397780940885, -33.4377792176727], [-70.57411619334474, -33.43772011020531], [-70.57415094139361, -33.43770526757897], [-70.57422596994417, -33.43781959895274], [-70.5743426914723, -33.43776010431822], [-70.57493364037508, -33.43747680518169], [-70.5755245853561, -33.43719350332778], [-70.57560322213905, -33.43715730979803], [-70.57608754368148, -33.43696328139345], [-70.57610362013112, -33.43695684082065], [-70.5762026887628, -33.43691715139714], [-70.5762700724428, -33.436882079900556], [-70.5763053355514, -33.43685739377097], [-70.57635500813419, -33.4368140944509], [-70.57708884684484, -33.43658034809152], [-70.57750312981844, -33.43646882331015], [-70.57817227449449, -33.43628660138395], [-70.57838988063293, -33.43620870830835], [-70.57853787358246, -33.436142677399666], [-70.57902485146056, -33.43590738531906], [-70.57905272832649, -33.435893758847044], [-70.57959141038714, -33.43563044973257], [-70.57995847458307, -33.43541495467671], [-70.58027168135801, -33.43524325827422], [-70.58065242929415, -33.4350372942011], [-70.58085551385824, -33.4349248539796], [-70.5811356832453, -33.43476755243565], [-70.58155225733422, -33.43453177846488], [-70.5816721159337, -33.434457958227], [-70.58228555692786, -33.43405935963167], [-70.58238389820204, -33.433990075386404], [-70.58226505197379, -33.43380744015125], [-70.58226229021741, -33.43380319707025], [-70.58223028637192, -33.43375401424677], [-70.58140411395124, -33.43428551168494], [-70.57981482276841, -33.43517284754864], [-70.578981127835, -33.4356383012954], [-70.57807219409177, -33.43605074109857], [-70.57648080180351, -33.43649571415206], [-70.57545308084113, -33.4369000677598], [-70.57492655318165, -33.43710722400046], [-70.5743243312554, -33.437424981208125], [-70.57412027696185, -33.43753264798875]]]}}, {"type": "Feature", "properties": {"zona": "AV", "nombre": "AV Zona de Areas Verdes", "uperm": "Área verde", "uproh": "Todos los otros usos de suelo", "comuna": "Ñuñoa"}, "geometry": {"type": "Polygon", "coordinates": [[[-70.59264606806562, -33.47240074810006], [-70.5932188419577, -33.4724075173738], [-70.59321090081106, -33.47220654258708], [-70.5928144398544, -33.47221447519352], [-70.59280561055708, -33.47221465180437], [-70.59278868020348, -33.472214990253235], [-70.59263866712871, -33.472217991428664], [-70.59264606806562, -33.47240074810006]]]}}, {"type": "Feature", "properties": {"zona": "AV", "nombre": "AV Zona de Areas Verdes", "uperm": "Área verde", "uproh": "Todos los otros usos de suelo", "comuna": "Ñuñoa"}, "geometry": {"type": "Polygon", "coordinates": [[[-70.59591799343904, -33.44895937782993], [-70.5962966722412, -33.449017532372835], [-70.59630334408146, -33.448855945993664], [-70.59629678036761, -33.448730759427214], [-70.59619190906223, -33.44859968082485], [-70.59610519446653, -33.4485322651216], [-70.5960022560197, -33.44850190627321], [-70.59585292256361, -33.448507408116384], [-70.59573522764539, -33.44855757530916], [-70.59566371544385, -33.448608038069644], [-70.59560428861063, -33.44868598736385], [-70.59556757526157, -33.44877951747883], [-70.59552188523894, -33.448892541733095], [-70.59591799343904, -33.44895937782993]]]}}, {"type": "Feature", "properties": {"zona": "AV", "nombre": "AV Zona de Areas Verdes", "uperm": "Área verde", "uproh": "Todos los otros usos de suelo", "comuna": "Ñuñoa"}, "geometry": {"type": "Polygon", "coordinates": [[[-70.5795694874991, -33.44099357846088], [-70.57938900293063, -33.44108559530395], [-70.57896105015426, -33.44107725974671], [-70.57892313323384, -33.44138773779157], [-70.57871366533598, -33.4413718056859], [-70.57867431317896, -33.441614098614345], [-70.5786531206773, -33.44177413090162], [-70.57900063460343, -33.44176819947096], [-70.57899543633256, -33.44198397092614], [-70.5786242359442, -33.44199225202682], [-70.57861969002806, -33.442026577053966], [-70.57856868820524, -33.44241054192217], [-70.5790129442817, -33.44230273619777], [-70.57924647942468, -33.442233196120306], [-70.5793152898402, -33.441744944674824], [-70.57934633267386, -33.4415246793055], [-70.57935535449646, -33.44148947385962], [-70.57937387673333, -33.441381666660185], [-70.57944606372972, -33.441344478750025], [-70.57966962859722, -33.441242367884534], [-70.5795694874991, -33.44099357846088]]]}}, {"type": "Feature", "properties": {"zona": "AV", "nombre": "AV Zona de Areas Verdes", "uperm": "Área verde", "uproh": "Todos los otros usos de suelo", "comuna": "Ñuñoa"}, "geometry": {"type": "Polygon", "coordinates": [[[-70.58706272139825, -33.439548964131156], [-70.58749501588865, -33.4402371579847], [-70.587671397709, -33.44016236833458], [-70.58715175691061, -33.439415418498655], [-70.58713237103453, -33.43944513328128], [-70.58702391539404, -33.439492044498145], [-70.58706272139825, -33.439548964131156]]]}}, {"type": "Feature", "properties": {"zona": "AV", "nombre": "AV Zona de Areas Verdes", "uperm": "Área verde", "uproh": "Todos los otros usos de suelo", "comuna": "Ñuñoa"}, "geometry": {"type": "Polygon", "coordinates": [[[-70.58542777684998, -33.4469703444291], [-70.58574719697009, -33.44809966248093], [-70.585931515981, -33.44806151347914], [-70.58567290481538, -33.44691562701405], [-70.58542777684998, -33.4469703444291]]]}}, {"type": "Feature", "properties": {"zona": "AV", "nombre": "AV Zona de Areas Verdes", "uperm": "Área verde", "uproh": "Todos los otros usos de suelo", "comuna": "Ñuñoa"}, "geometry": {"type": "Polygon", "coordinates": [[[-70.58878149082302, -33.45056997034211], [-70.58880710007055, -33.450581258662744], [-70.58888185141987, -33.45057913902199], [-70.58891221818678, -33.45051989783758], [-70.58891570696267, -33.45045790244888], [-70.58891297189551, -33.450434704425064], [-70.58890338191651, -33.45041546944887], [-70.58854524332438, -33.44989928634705], [-70.58828096590334, -33.449507206917545], [-70.58825934525454, -33.44947515852949], [-70.58824328195273, -33.4494592034377], [-70.58816204724761, -33.449411436833564], [-70.58795446938797, -33.44942696696235], [-70.58834382457587, -33.44999866482977], [-70.58867614141263, -33.450491946359186], [-70.58873950402496, -33.45054727897883], [-70.58878149082302, -33.45056997034211]]]}}, {"type": "Feature", "properties": {"zona": "AV", "nombre": "AV Zona de Areas Verdes", "uperm": "Área verde", "uproh": "Todos los otros usos de suelo", "comuna": "Ñuñoa"}, "geometry": {"type": "Polygon", "coordinates": [[[-70.60297262888534, -33.46390466783488], [-70.60315261160619, -33.46417077621435], [-70.60327334672694, -33.46411280042077], [-70.60326387629694, -33.464068004532876], [-70.60323861778814, -33.463977095736354], [-70.60321941843236, -33.46391956558272], [-70.6031669796607, -33.463830527937986], [-70.60297262888534, -33.46390466783488]]]}}, {"type": "Feature", "properties": {"zona": "AV", "nombre": "AV Zona de Areas Verdes", "uperm": "Área verde", "uproh": "Todos los otros usos de suelo", "comuna": "Ñuñoa"}, "geometry": {"type": "Polygon", "coordinates": [[[-70.60231110882646, -33.461179347186146], [-70.6023245254511, -33.461328305106306], [-70.60263094870338, -33.4613024595376], [-70.6026165252019, -33.46115535351208], [-70.60231110882646, -33.461179347186146]]]}}, {"type": "Feature", "properties": {"zona": "AV", "nombre": "AV Zona de Areas Verdes", "uperm": "Área verde", "uproh": "Todos los otros usos de suelo", "comuna": "Ñuñoa"}, "geometry": {"type": "Polygon", "coordinates": [[[-70.62854378377959, -33.45253122947196], [-70.62850386911593, -33.452532551066334], [-70.62820947153729, -33.45250514742321], [-70.62807956035377, -33.45302284460907], [-70.6280720288429, -33.45305285716518], [-70.6280792202012, -33.45317858486474], [-70.62799671227438, -33.45329737329427], [-70.62790340014072, -33.45362832152925], [-70.62788041061705, -33.45371215165558], [-70.62759058769778, -33.45476894442862], [-70.62750731344133, -33.45510407849584], [-70.62746757229483, -33.455273256528834], [-70.62743730780255, -33.45535736335097], [-70.62741072042654, -33.45544215236918], [-70.62739725798, -33.45549080326801], [-70.62825572627658, -33.45565490702545], [-70.62828417655115, -33.45550182411063], [-70.62832245301118, -33.455258355383734], [-70.62834990861857, -33.45519076525869], [-70.62838092909017, -33.455114400407666], [-70.62845448512054, -33.45483163997351], [-70.62859540866772, -33.45433539751906], [-70.62859767673484, -33.454327408187915], [-70.62868099909812, -33.45403399857182], [-70.62875334760201, -33.45376028381512], [-70.62887012451534, -33.45334087929937], [-70.62900438142007, -33.452830913359946], [-70.6290626765822, -33.45244727259668], [-70.62912635035724, -33.45232195647445], [-70.62919988361638, -33.452034302542394], [-70.6292021101718, -33.452025594988086], [-70.62926317419051, -33.45178671883703], [-70.62932423788423, -33.451547841755556], [-70.62940866804483, -33.451226084322485], [-70.62955198522285, -33.450691577141995], [-70.62971058332747, -33.45010196108309], [-70.62979693857416, -33.44980083894075], [-70.62988137849406, -33.44950639470428], [-70.62964929074639, -33.44945618125962], [-70.62956518412736, -33.449758821295625], [-70.62931851482917, -33.45064640179004], [-70.62908271861752, -33.45150263561812], [-70.62907068094258, -33.45154904316694], [-70.6290676243093, -33.4515608242364], [-70.62884402670248, -33.4524228096499], [-70.62876751900885, -33.45251845006978], [-70.62854378377959, -33.45253122947196]]]}}, {"type": "Feature", "properties": {"zona": "AV", "nombre": "AV Zona de Areas Verdes", "uperm": "Área verde", "uproh": "Todos los otros usos de suelo", "comuna": "Ñuñoa"}, "geometry": {"type": "Polygon", "coordinates": [[[-70.57533052033541, -33.44356740366333], [-70.57544852547933, -33.44358156370294], [-70.57548145256219, -33.44327425864894], [-70.57538509624771, -33.443262141271916], [-70.57533052033541, -33.44356740366333]]]}}, {"type": "Feature", "properties": {"zona": "AV", "nombre": "AV Zona de Areas Verdes", "uperm": "Área verde", "uproh": "Todos los otros usos de suelo", "comuna": "Ñuñoa"}, "geometry": {"type": "Polygon", "coordinates": [[[-70.58214839747518, -33.456697166459236], [-70.58218503233046, -33.45684234980303], [-70.5822573886753, -33.45682949492051], [-70.58233759623002, -33.457092137101405], [-70.58225816863616, -33.45710746765282], [-70.58231115856118, -33.45742164815191], [-70.58239564586873, -33.45740421482186], [-70.5823855673456, -33.45735089440246], [-70.58273298333934, -33.45729491890958], [-70.58272304336437, -33.457249232591415], [-70.58258902442842, -33.45726812373224], [-70.58244719051164, -33.4567316280203], [-70.58233576612335, -33.45674068629791], [-70.58231844127961, -33.456664551744936], [-70.58214839747518, -33.456697166459236]]]}}, {"type": "Feature", "properties": {"zona": "AV", "nombre": "AV Zona de Areas Verdes", "uperm": "Área verde", "uproh": "Todos los otros usos de suelo", "comuna": "Ñuñoa"}, "geometry": {"type": "Polygon", "coordinates": [[[-70.57999705450185, -33.455802408866894], [-70.58005700401856, -33.45615781493794], [-70.58045375293801, -33.456100591153366], [-70.58052735576086, -33.45608375602062], [-70.58057329284486, -33.45626212879866], [-70.58085235815777, -33.45621353419627], [-70.58092445391385, -33.456200980124066], [-70.58109474042452, -33.456171211096176], [-70.58146796815653, -33.45610596465664], [-70.58149828554355, -33.45622368497181], [-70.58139183202942, -33.45623995678493], [-70.58161813185292, -33.45714080895927], [-70.5815222957347, -33.45715396215224], [-70.58153000579381, -33.45718667346171], [-70.58125678114746, -33.45722893367576], [-70.58128374217098, -33.457341929735406], [-70.58156052434998, -33.45729962406524], [-70.5816432299044, -33.457543145678684], [-70.58160425986406, -33.457552590042674], [-70.58167009933351, -33.45784703162985], [-70.5817161308364, -33.45783451386268], [-70.5817738273952, -33.458072388842744], [-70.58188033721093, -33.45805909832113], [-70.58189160472568, -33.458091764199594], [-70.5817425131991, -33.45811156195989], [-70.58173474774945, -33.45807586990958], [-70.58154625162895, -33.45808125751308], [-70.5815467931697, -33.458111077009164], [-70.58123411649063, -33.45813232279617], [-70.58135548447412, -33.458599833539374], [-70.58147984328978, -33.458578416457364], [-70.58152297103436, -33.45873716008535], [-70.58177509491053, -33.458694602140234], [-70.58171157357305, -33.4584847872756], [-70.58141938257103, -33.458541009553315], [-70.58134613912702, -33.45826992786929], [-70.58170076842464, -33.458203364013286], [-70.58185382840396, -33.45868131257004], [-70.58208965113951, -33.45864150610033], [-70.58199336096321, -33.458326093479876], [-70.5824832255881, -33.458233201041544], [-70.58265095068967, -33.45820077956729], [-70.58250708570806, -33.45764665292782], [-70.58233613748055, -33.4576777923459], [-70.58242237205003, -33.45800341922296], [-70.5820533102425, -33.458053312226205], [-70.58204696883661, -33.458017601119636], [-70.58212928684779, -33.45800462005451], [-70.58207420127144, -33.45779295894683], [-70.58229817039258, -33.45774237767394], [-70.58226728338511, -33.45760915060396], [-70.58199199956884, -33.45765561423714], [-70.5819520977855, -33.45749625330788], [-70.58227052433422, -33.4574300326669], [-70.58221737258891, -33.45711824858735], [-70.58218879721973, -33.457121421652985], [-70.5820992819485, -33.457136458806694], [-70.58203755137707, -33.45687238841311], [-70.58211894677879, -33.456857658762864], [-70.58214880263056, -33.4568537884847], [-70.58211788587224, -33.45670301832263], [-70.58207992274565, -33.45671030000234], [-70.58194672547145, -33.45673038029422], [-70.58191872890256, -33.456599501568874], [-70.58204480777623, -33.45657769947341], [-70.58189988806086, -33.45603045553207], [-70.5815861538282, -33.454710167995785], [-70.58141708578088, -33.454692102257674], [-70.5809377305773, -33.45463930434957], [-70.5801382865034, -33.45457718759219], [-70.58005032855755, -33.45457137547358], [-70.57990648947285, -33.454558960741984], [-70.57991644312578, -33.45459773278119], [-70.5799278357478, -33.454642108525825], [-70.57993400224225, -33.45477167880975], [-70.5799408555881, -33.45483401475874], [-70.57995880391563, -33.45489371120473], [-70.57992723210768, -33.45510863880219], [-70.57992655187361, -33.455281511430854], [-70.57992788717927, -33.45535512211923], [-70.57994963311819, -33.45550210036096], [-70.57999705450185, -33.455802408866894]]]}}, {"type": "Feature", "properties": {"zona": "AV", "nombre": "AV Zona de Areas Verdes", "uperm": "Área verde", "uproh": "Todos los otros usos de suelo", "comuna": "Ñuñoa"}, "geometry": {"type": "Polygon", "coordinates": [[[-70.58788188805474, -33.46392993649898], [-70.58789286706126, -33.46399333993908], [-70.58806227450403, -33.463971379587996], [-70.5867812080601, -33.45860916535362], [-70.58620958145919, -33.45621084292048], [-70.58604415284685, -33.45551673858478], [-70.5858789988542, -33.45549939275413], [-70.58574296016772, -33.45546838119084], [-70.58570967840583, -33.45546079414612], [-70.58583541704013, -33.45600559933887], [-70.58594112053905, -33.45646358760768], [-70.58734219746819, -33.462295996328976], [-70.58772566833734, -33.46392607500571], [-70.58788188805474, -33.46392993649898]]]}}, {"type": "Feature", "properties": {"zona": "AV", "nombre": "AV Zona de Areas Verdes", "uperm": "Área verde", "uproh": "Todos los otros usos de suelo", "comuna": "Ñuñoa"}, "geometry": {"type": "Polygon", "coordinates": [[[-70.60050459969776, -33.471245800447285], [-70.60046148311409, -33.47124858570928], [-70.60037582856461, -33.47124969186987], [-70.60033330084772, -33.471248569967706], [-70.60033723698666, -33.471524987897155], [-70.60037864415784, -33.47152368391313], [-70.60051708206335, -33.47151932223344], [-70.60064712476692, -33.47151468826034], [-70.60069404543614, -33.471513016255756], [-70.60068331787868, -33.47123611611974], [-70.60050459969776, -33.471245800447285]]]}}, {"type": "Feature", "properties": {"zona": "AV", "nombre": "AV Zona de Areas Verdes", "uperm": "Área verde", "uproh": "Todos los otros usos de suelo", "comuna": "Ñuñoa"}, "geometry": {"type": "Polygon", "coordinates": [[[-70.60245825738653, -33.45997403086868], [-70.60248386345899, -33.46015170604944], [-70.60293257263127, -33.46010643803067], [-70.60291313573545, -33.459980177758325], [-70.60290569104681, -33.45993182223144], [-70.60245825738653, -33.45997403086868]]]}}, {"type": "Feature", "properties": {"zona": "AV", "nombre": "AV Zona de Areas Verdes", "uperm": "Área verde", "uproh": "Todos los otros usos de suelo", "comuna": "Ñuñoa"}, "geometry": {"type": "Polygon", "coordinates": [[[-70.60342146784042, -33.46062289624581], [-70.60346277062747, -33.46088977747383], [-70.60371862504232, -33.46086856772311], [-70.60368916360024, -33.460621390807326], [-70.6038455337262, -33.46061042043246], [-70.6038286079798, -33.46037686402352], [-70.60339099485557, -33.460411478212364], [-70.60342146784042, -33.46062289624581]]]}}, {"type": "Feature", "properties": {"zona": "AV", "nombre": "AV Zona de Areas Verdes", "uperm": "Área verde", "uproh": "Todos los otros usos de suelo", "comuna": "Ñuñoa"}, "geometry": {"type": "Polygon", "coordinates": [[[-70.60289087584523, -33.46250516426822], [-70.60296287243898, -33.462704665136286], [-70.6032384088735, -33.462578932924615], [-70.6032299968353, -33.46249314231821], [-70.60289087584523, -33.46250516426822]]]}}, {"type": "Feature", "properties": {"zona": "AV", "nombre": "AV Zona de Areas Verdes", "uperm": "Área verde", "uproh": "Todos los otros usos de suelo", "comuna": "Ñuñoa"}, "geometry": {"type": "Polygon", "coordinates": [[[-70.60199218268684, -33.46343638616602], [-70.60202196032674, -33.46396198351052], [-70.60206804769086, -33.4639422049367], [-70.60239672770598, -33.46378063149922], [-70.60258671435962, -33.46368116959912], [-70.6028942172132, -33.46352018343057], [-70.60271872957303, -33.46330128326146], [-70.60270087556316, -33.463275135573696], [-70.60199660252252, -33.463367131524855], [-70.60198841026889, -33.46336772891115], [-70.60199218268684, -33.46343638616602]]]}}, {"type": "Feature", "properties": {"zona": "AV", "nombre": "AV Zona de Areas Verdes", "uperm": "Área verde", "uproh": "Todos los otros usos de suelo", "comuna": "Ñuñoa"}, "geometry": {"type": "Polygon", "coordinates": [[[-70.60609854048892, -33.46479202625271], [-70.60613493646099, -33.46479654442554], [-70.60613936150727, -33.464720459174025], [-70.6061445604171, -33.46463108804805], [-70.60549696726324, -33.46455382096149], [-70.60548945751374, -33.46458303203601], [-70.60547191068635, -33.46471422766724], [-70.60586648222456, -33.46476321576027], [-70.60609854048892, -33.46479202625271]]]}}, {"type": "Feature", "properties": {"zona": "AV", "nombre": "AV Zona de Areas Verdes", "uperm": "Área verde", "uproh": "Todos los otros usos de suelo", "comuna": "Ñuñoa"}, "geometry": {"type": "Polygon", "coordinates": [[[-70.60368759684195, -33.46331196212491], [-70.60415681876763, -33.463836851874966], [-70.60430550841077, -33.463718762473114], [-70.60385464005047, -33.46321413169267], [-70.60368759684195, -33.46331196212491]]]}}, {"type": "Feature", "properties": {"zona": "AV", "nombre": "AV Zona de Areas Verdes", "uperm": "Área verde", "uproh": "Todos los otros usos de suelo", "comuna": "Ñuñoa"}, "geometry": {"type": "Polygon", "coordinates": [[[-70.60361641390527, -33.46395863108197], [-70.60376460623401, -33.46434289469445], [-70.60406179393017, -33.464245057248526], [-70.60397950719083, -33.46404317238828], [-70.60388491180761, -33.464067050556736], [-70.60382219800174, -33.4639079936493], [-70.60361641390527, -33.46395863108197]]]}}, {"type": "Feature", "properties": {"zona": "AV", "nombre": "AV Zona de Areas Verdes", "uperm": "Área verde", "uproh": "Todos los otros usos de suelo", "comuna": "Ñuñoa"}, "geometry": {"type": "Polygon", "coordinates": [[[-70.60337425336378, -33.465175919710155], [-70.60339661226851, -33.46534749595022], [-70.60394908185107, -33.46529132473838], [-70.60386396900498, -33.46506825363698], [-70.60337425336378, -33.465175919710155]]]}}, {"type": "Feature", "properties": {"zona": "AV", "nombre": "AV Zona de Areas Verdes", "uperm": "Área verde", "uproh": "Todos los otros usos de suelo", "comuna": "Ñuñoa"}, "geometry": {"type": "Polygon", "coordinates": [[[-70.6033115727471, -33.464694907627226], [-70.60332187556854, -33.464773972230056], [-70.60371262770113, -33.46467143689233], [-70.60363784645622, -33.46447539956229], [-70.60345994845736, -33.46451803382135], [-70.60337751268166, -33.46453779074963], [-70.60329371526932, -33.464557872762256], [-70.60330120241034, -33.464615330753915], [-70.6033115727471, -33.464694907627226]]]}}, {"type": "Feature", "properties": {"zona": "AV", "nombre": "AV Zona de Areas Verdes", "uperm": "Área verde", "uproh": "Todos los otros usos de suelo", "comuna": "Ñuñoa"}, "geometry": {"type": "Polygon", "coordinates": [[[-70.60246171834652, -33.46473940622551], [-70.60247750228893, -33.464845228612845], [-70.60271618996187, -33.46482066694472], [-70.60268635772836, -33.46459198674976], [-70.60247781920661, -33.46461311666303], [-70.60244340107319, -33.46461660354582], [-70.60246171834652, -33.46473940622551]]]}}, {"type": "Feature", "properties": {"zona": "AV", "nombre": "AV Zona de Areas Verdes", "uperm": "Área verde", "uproh": "Todos los otros usos de suelo", "comuna": "Ñuñoa"}, "geometry": {"type": "Polygon", "coordinates": [[[-70.62019219627159, -33.46289610079894], [-70.620205007807, -33.46301926192834], [-70.62021133337215, -33.46310656999071], [-70.620432123432, -33.46309986609219], [-70.62043020550902, -33.462996812217], [-70.62068276508991, -33.46298396590395], [-70.62068692505487, -33.46308508128289], [-70.62110812590892, -33.4631290507205], [-70.62116637305935, -33.46282581304666], [-70.62019219627159, -33.46289610079894]]]}}, {"type": "Feature", "properties": {"zona": "AV", "nombre": "AV Zona de Areas Verdes", "uperm": "Área verde", "uproh": "Todos los otros usos de suelo", "comuna": "Ñuñoa"}, "geometry": {"type": "Polygon", "coordinates": [[[-70.62325754743829, -33.46442102424658], [-70.62345980094496, -33.46445475482688], [-70.62352301665152, -33.464248785376085], [-70.62307838284097, -33.4641638833629], [-70.62304480672799, -33.46427169734811], [-70.62328423091292, -33.46432523166263], [-70.62325754743829, -33.46442102424658]]]}}, {"type": "Feature", "properties": {"zona": "AV", "nombre": "AV Zona de Areas Verdes", "uperm": "Área verde", "uproh": "Todos los otros usos de suelo", "comuna": "Ñuñoa"}, "geometry": {"type": "Polygon", "coordinates": [[[-70.61455858590678, -33.46775474193942], [-70.61486596332992, -33.467805687348736], [-70.61501394061438, -33.4670074544834], [-70.61491276314293, -33.46699936503356], [-70.61488197157357, -33.46703363532876], [-70.61455858590678, -33.46775474193942]]]}}, {"type": "Feature", "properties": {"zona": "AV", "nombre": "AV Zona de Areas Verdes", "uperm": "Área verde", "uproh": "Todos los otros usos de suelo", "comuna": "Ñuñoa"}, "geometry": {"type": "Polygon", "coordinates": [[[-70.61501394061438, -33.4670074544834], [-70.61540690144237, -33.46705105257593], [-70.61542524967146, -33.4668594598499], [-70.61509112068622, -33.46677826625503], [-70.61501394061438, -33.4670074544834]]]}}, {"type": "Feature", "properties": {"zona": "AV", "nombre": "AV Zona de Areas Verdes", "uperm": "Área verde", "uproh": "Todos los otros usos de suelo", "comuna": "Ñuñoa"}, "geometry": {"type": "Polygon", "coordinates": [[[-70.61754192506963, -33.46661952641672], [-70.61754444879203, -33.46678066188445], [-70.61791331977197, -33.46678239695107], [-70.61791786504583, -33.4666271817074], [-70.61754192506963, -33.46661952641672]]]}}, {"type": "Feature", "properties": {"zona": "AV", "nombre": "AV Zona de Areas Verdes", "uperm": "Área verde", "uproh": "Todos los otros usos de suelo", "comuna": "Ñuñoa"}, "geometry": {"type": "Polygon", "coordinates": [[[-70.61630827098749, -33.469795609982704], [-70.61641419841824, -33.46928327705736], [-70.61644321120598, -33.46914451584579], [-70.61647420377074, -33.46901096662006], [-70.61624857854406, -33.468972749904104], [-70.61616162417077, -33.46948089701315], [-70.61611401153809, -33.46975239547567], [-70.61611176003362, -33.46976918170177], [-70.61630827098749, -33.469795609982704]]]}}, {"type": "Feature", "properties": {"zona": "AV", "nombre": "AV Zona de Areas Verdes", "uperm": "Área verde", "uproh": "Todos los otros usos de suelo", "comuna": "Ñuñoa"}, "geometry": {"type": "Polygon", "coordinates": [[[-70.58139837164019, -33.465417661365116], [-70.5814991195758, -33.46598088273476], [-70.5820426640464, -33.465913541695805], [-70.58207616450721, -33.46590939129081], [-70.58248098900589, -33.4658592358962], [-70.58238268884705, -33.465291432607906], [-70.58202587476785, -33.46533719162254], [-70.5819957855253, -33.465341049562376], [-70.58139837164019, -33.465417661365116]]]}}, {"type": "Feature", "properties": {"zona": "AV", "nombre": "AV Zona de Areas Verdes", "uperm": "Área verde", "uproh": "Todos los otros usos de suelo", "comuna": "Ñuñoa"}, "geometry": {"type": "Polygon", "coordinates": [[[-70.59214490082788, -33.468766939431575], [-70.59242653986598, -33.46896218843687], [-70.59245573385127, -33.46892888110722], [-70.59267847687265, -33.46867140540546], [-70.59273362420276, -33.46860765771213], [-70.59218856994806, -33.46826774993345], [-70.59216972009088, -33.46825599412275], [-70.59205985003716, -33.46825740557926], [-70.59203878721652, -33.46825767615374], [-70.59214490082788, -33.468766939431575]]]}}, {"type": "Feature", "properties": {"zona": "AV", "nombre": "AV Zona de Areas Verdes", "uperm": "Área verde", "uproh": "Todos los otros usos de suelo", "comuna": "Ñuñoa"}, "geometry": {"type": "Polygon", "coordinates": [[[-70.5913545876411, -33.46806412925219], [-70.59140328658339, -33.468260119636426], [-70.5914313680164, -33.46835853584826], [-70.591797697761, -33.468307302090345], [-70.59178299195285, -33.468203695475616], [-70.59201729201831, -33.468172052747995], [-70.59220587200953, -33.468209000536035], [-70.592385606741, -33.46799680335552], [-70.59219839638705, -33.46788199026518], [-70.59216276998805, -33.467861988088735], [-70.59213273288432, -33.467851007273865], [-70.59209743905427, -33.46784918805931], [-70.59204866918226, -33.46785208718372], [-70.59143209837997, -33.467953208694986], [-70.59141655369308, -33.4679986343009], [-70.59140979632969, -33.46801300429423], [-70.59139986755743, -33.4680181739332], [-70.59137793789118, -33.468025175980976], [-70.59136401397089, -33.468031238326894], [-70.59135514595891, -33.468039751864], [-70.59135332713232, -33.468049858607486], [-70.5913545876411, -33.46806412925219]]]}}, {"type": "Feature", "properties": {"zona": "Z-7A", "nombre": "Zona Z-7A", "uperm": "Residencial: De todo tipo; Equipamientos: Clases de Equipamiento de acuerdo a lo definido en el artículo. 2.1.33 de la OGUC, excepto los expresamente prohibidos.", "uproh": "Clínicas Psiquiátricas, Cementerios y Crematorios. Locales de Educación Superior, Técnica y Centros de Capacitación. Cuarteles de Bomberos, Cárceles y Centros de detención.  Estadios, Saunas, baños turcos. Parques zoológicos, casinos, Jueg*", "comuna": "Ñuñoa"}, "geometry": {"type": "Polygon", "coordinates": [[[-70.60892197167071, -33.456828757436426], [-70.60878854802426, -33.45683779314527], [-70.60846272125846, -33.456840490320154], [-70.6073792913491, -33.45696256954251], [-70.60744989758857, -33.45740152567434], [-70.607467037875, -33.45750808380307], [-70.60755478564289, -33.45805359792253], [-70.6069242479652, -33.458115420273295], [-70.60684513869595, -33.45756894233331], [-70.60683343442626, -33.4574880897778], [-70.60676603056316, -33.45702246426689], [-70.60628431592978, -33.45708272285746], [-70.60635389930775, -33.45755500299339], [-70.60636131539128, -33.457605334584386], [-70.60644341627072, -33.45816256271532], [-70.60650833723822, -33.45879748790381], [-70.60654757322689, -33.45879377966363], [-70.6067343234327, -33.45978537785679], [-70.60678419169687, -33.459781700350575], [-70.60688480040164, -33.46047639035122], [-70.60679727699961, -33.46049020925484], [-70.60597920294062, -33.460565626368215], [-70.60593955754526, -33.46057214985105], [-70.60607060024545, -33.461357715986], [-70.60612237147377, -33.4616598005478], [-70.60614381703797, -33.46191270261245], [-70.60615147615111, -33.462003021811746], [-70.60617886943858, -33.46217220017861], [-70.606193875109, -33.46226624251772], [-70.6070495697616, -33.462207617735054], [-70.60702863331045, -33.46209525597017], [-70.607010332939, -33.461995074413885], [-70.6069867903091, -33.46182882597568], [-70.60697921984216, -33.461775362606176], [-70.60827007506614, -33.46169357496107], [-70.60985709317558, -33.46155224312108], [-70.60977363952945, -33.4610706648122], [-70.60963663095994, -33.46022221660191], [-70.60955729753223, -33.45973090786228], [-70.6095551761497, -33.459717771391134], [-70.60949962972526, -33.45937376889448], [-70.60968079074199, -33.459356417999075], [-70.60954735580697, -33.45850159395643], [-70.60944101245255, -33.457872392280926], [-70.60936145489453, -33.457386913730055], [-70.60935992807983, -33.457377592390515], [-70.60933373977929, -33.45721778439362], [-70.60929979554773, -33.45701064619123], [-70.60924612947467, -33.45688660619959], [-70.60922818727369, -33.45685140620162], [-70.60921243288527, -33.45683067382722], [-70.60916835878947, -33.45680365088508], [-70.60900608256027, -33.45682279755715], [-70.60892197167071, -33.456828757436426]]]}}, {"type": "Feature", "properties": {"zona": "Z-2", "nombre": "Zona Z-2", "uperm": "Residencial de todo tipo; Equipamientos de acuerdo a lo definido en el artículo 2.1.33. de la OGUC, excepto los expresamente prohibidos.", "uproh": "Parques zoológicos y casinos de juegos. Cementerios y crematorio. Cárceles y centro de detención. Actividades productivas todas en general.", "comuna": "Ñuñoa"}, "geometry": {"type": "Polygon", "coordinates": [[[-70.61358205317882, -33.44821643296084], [-70.61340675691072, -33.448928592784625], [-70.61280655403814, -33.448834264127356], [-70.61280130178959, -33.448833438743705], [-70.61277912754578, -33.448829953963475], [-70.61271988113472, -33.44882064225242], [-70.61249036622382, -33.44983840813161], [-70.61237626629988, -33.450200757308984], [-70.6122180293808, -33.450703270350616], [-70.61195717509254, -33.45180311255044], [-70.61171975457958, -33.452852854852736], [-70.61180453480642, -33.45285020497646], [-70.61253699440998, -33.45282730929112], [-70.61262091850435, -33.45243057171333], [-70.61267364207148, -33.45220034009387], [-70.61283024138127, -33.45222309044136], [-70.61339770775864, -33.45230552741761], [-70.61348217741444, -33.452317797627224], [-70.61369981521999, -33.45118957001797], [-70.61416354043028, -33.449055458696286], [-70.61420578480924, -33.44906254082511], [-70.6145303267047, -33.44768144654301], [-70.61444420048409, -33.44766778536992], [-70.61429948728174, -33.4476448325382], [-70.6142961123127, -33.44764429660864], [-70.61403298010164, -33.44760255995137], [-70.61373482543624, -33.447555267020775], [-70.61363635919385, -33.44795136868611], [-70.61358205317882, -33.44821643296084]]]}}, {"type": "Feature", "properties": {"zona": "Z-2", "nombre": "Zona Z-2", "uperm": "Residencial de todo tipo; Equipamientos de acuerdo a lo definido en el artículo 2.1.33. de la OGUC, excepto los expresamente prohibidos.", "uproh": "Parques zoológicos y casinos de juegos. Cementerios y crematorio. Cárceles y centro de detención. Actividades productivas todas en general.", "comuna": "Ñuñoa"}, "geometry": {"type": "Polygon", "coordinates": [[[-70.61315301372022, -33.44669902620178], [-70.61309267479389, -33.44709469270545], [-70.6131149302496, -33.44709032774133], [-70.61316525930953, -33.447080456127985], [-70.613198134936, -33.447074007703335], [-70.61326700332758, -33.44706538642946], [-70.6133269567244, -33.44707233131243], [-70.61364088350204, -33.44712618279989], [-70.61381112021579, -33.44714708437319], [-70.61387693333734, -33.44681800879022], [-70.61387978469669, -33.44680375339661], [-70.61364415509586, -33.44676979955927], [-70.61363171181334, -33.446768006353246], [-70.61353100928395, -33.44675349534271], [-70.61343158174351, -33.44673916786289], [-70.61339024691739, -33.44673321172171], [-70.61318451665463, -33.44670356552369], [-70.61315301372022, -33.44669902620178]]]}}, {"type": "Feature", "properties": {"zona": "Z-7A", "nombre": "Zona Z-7A", "uperm": "Residencial: De todo tipo; Equipamientos: Clases de Equipamiento de acuerdo a lo definido en el artículo. 2.1.33 de la OGUC, excepto los expresamente prohibidos.", "uproh": "Clínicas Psiquiátricas, Cementerios y Crematorios. Locales de Educación Superior, Técnica y Centros de Capacitación. Cuarteles de Bomberos, Cárceles y Centros de detención.  Estadios, Saunas, baños turcos. Parques zoológicos, casinos, Jueg*", "comuna": "Ñuñoa"}, "geometry": {"type": "Polygon", "coordinates": [[[-70.61970649875474, -33.455652400809264], [-70.61839281464795, -33.455806760373655], [-70.61810130454826, -33.45580684874655], [-70.61759728894239, -33.455862032143564], [-70.61652740191215, -33.4559782993594], [-70.61606961335522, -33.456027893796566], [-70.61323367472026, -33.45636256643117], [-70.61043429058375, -33.45663141423057], [-70.61022807483255, -33.45668380578609], [-70.61016681181933, -33.456695875400996], [-70.6100115710335, -33.45671721903509], [-70.6095637211076, -33.45676088422855], [-70.60953865376534, -33.45680791645298], [-70.60952212176461, -33.45684920139909], [-70.60950578638027, -33.4569009513404], [-70.60948107824495, -33.457008292432675], [-70.60949128472865, -33.45706374334498], [-70.60950416391424, -33.45714120841234], [-70.6095133597405, -33.45719652003507], [-70.6095170299605, -33.457218601501225], [-70.6095884013518, -33.457647890374986], [-70.6095890343704, -33.45765169509509], [-70.6095973127929, -33.45770148859277], [-70.60962162377133, -33.457854224385], [-70.60964943051445, -33.45790247646753], [-70.60966204361924, -33.45792530754921], [-70.60967815361583, -33.45797236328398], [-70.60968329275636, -33.45800295517965], [-70.60976079316637, -33.458482943658495], [-70.60990008122279, -33.45933125956108], [-70.61007823736135, -33.459318234417495], [-70.61014505639696, -33.45974248024139], [-70.6102118761535, -33.46016672508025], [-70.61036246869782, -33.46102064514257], [-70.61044974377626, -33.461559508999606], [-70.61219762352536, -33.46139485952661], [-70.61220027437989, -33.461414079111044], [-70.61308551883228, -33.46131650499808], [-70.613088561993, -33.461337956894006], [-70.61393506840567, -33.4612627980516], [-70.61393889316108, -33.46128989421656], [-70.61394202170294, -33.461312052010555], [-70.61406391706136, -33.46129928561501], [-70.61507478759168, -33.46119341212654], [-70.6150510032035, -33.46124210879722], [-70.61660682751454, -33.46113918959349], [-70.61661063980272, -33.461168409632364], [-70.6173723281381, -33.46108599080417], [-70.6173782669366, -33.46113219336261], [-70.61813723941324, -33.461041084602535], [-70.6181395431341, -33.461056087110336], [-70.61889772365002, -33.46097032558351], [-70.61888642322033, -33.46089226660264], [-70.61896636951546, -33.46088286332377], [-70.61924428542382, -33.460850174166154], [-70.61995604040922, -33.460781302436544], [-70.62102062977178, -33.46070066830724], [-70.62101746197348, -33.46065667255939], [-70.62103530768536, -33.460548719379204], [-70.62096034192942, -33.45969387458329], [-70.6209145584891, -33.459094953071336], [-70.62150586632953, -33.45903200718857], [-70.62209717427169, -33.45896905849511], [-70.62217518252682, -33.458973904882654], [-70.62254153573782, -33.458944797309236], [-70.6226270458766, -33.45883251675939], [-70.62248314652378, -33.45874850133262], [-70.62274158605435, -33.458460178248394], [-70.62281336763061, -33.458380097622545], [-70.62248143768952, -33.45835123946298], [-70.62246856851004, -33.457889698836766], [-70.6231915982937, -33.45795812703899], [-70.62321406404266, -33.45793306322119], [-70.62396840191428, -33.457091475806465], [-70.62424672272458, -33.45706314420399], [-70.62432168552748, -33.45706152338629], [-70.62437815064291, -33.45703683808706], [-70.62440169687007, -33.457024740815754], [-70.62441653277918, -33.45700913143969], [-70.62444029003576, -33.456958627943735], [-70.62453105595776, -33.45646654353012], [-70.62468364559965, -33.455833287255665], [-70.62472641983894, -33.455641094397286], [-70.62473013537112, -33.45562439794524], [-70.62483722407646, -33.4551432260699], [-70.62198011146907, -33.455455644924186], [-70.61970649875474, -33.455652400809264]], [[-70.61835447776221, -33.455875251630985], [-70.6182072142385, -33.456036271364155], [-70.61819111573726, -33.4559323860618], [-70.61819046371589, -33.455909511553614], [-70.61820331787405, -33.45589495235117], [-70.61835447776221, -33.455875251630985]], [[-70.61757480844192, -33.456043402962436], [-70.6175672926613, -33.456133381881145], [-70.61754349077727, -33.45613604085146], [-70.61751620507107, -33.45594984535799], [-70.61763318432337, -33.45593841942288], [-70.61758644863068, -33.45601143902322], [-70.61757480844192, -33.456043402962436]]]}}, {"type": "Feature", "properties": {"zona": "Z-7A", "nombre": "Zona Z-7A", "uperm": "Residencial: De todo tipo; Equipamientos: Clases de Equipamiento de acuerdo a lo definido en el artículo. 2.1.33 de la OGUC, excepto los expresamente prohibidos.", "uproh": "Clínicas Psiquiátricas, Cementerios y Crematorios. Locales de Educación Superior, Técnica y Centros de Capacitación. Cuarteles de Bomberos, Cárceles y Centros de detención.  Estadios, Saunas, baños turcos. Parques zoológicos, casinos, Jueg*", "comuna": "Ñuñoa"}, "geometry": {"type": "Polygon", "coordinates": [[[-70.591988458444, -33.45593721813009], [-70.59088921186999, -33.45601048425352], [-70.59088696483528, -33.45599060329953], [-70.58978578328272, -33.456070011552605], [-70.58978884108184, -33.45609453740099], [-70.58851506785173, -33.45616007355468], [-70.58866024936505, -33.45715607835408], [-70.58851083498183, -33.45715799324983], [-70.58821966326109, -33.45719155076293], [-70.58801338505289, -33.457247920437524], [-70.58802845610406, -33.457440024622926], [-70.58802350628211, -33.45763694226962], [-70.58793692328705, -33.45780627248829], [-70.58786630694131, -33.45791455224232], [-70.58797685447821, -33.458356951294114], [-70.58826668776885, -33.45948998363739], [-70.5886023314659, -33.46076121738993], [-70.58899339919053, -33.462301208098296], [-70.58899475628422, -33.462386834235], [-70.58898210710151, -33.46246241494495], [-70.58876936335082, -33.46289464136005], [-70.5887823219628, -33.463019746249756], [-70.58878729409906, -33.46309723118424], [-70.58880003511418, -33.463210407598545], [-70.58905716634239, -33.46384539466859], [-70.58914033456333, -33.464024252217555], [-70.58918776573347, -33.46402681850978], [-70.58979009381008, -33.464059410351126], [-70.58980753141465, -33.46415818001429], [-70.58988228978058, -33.464734792021176], [-70.58988886764594, -33.46478206470456], [-70.5899469535754, -33.46519947884946], [-70.59099266236313, -33.46506816743119], [-70.59256133609763, -33.4648707941813], [-70.5938969490537, -33.4647027294291], [-70.59391957566072, -33.4646998817467], [-70.5942279982423, -33.46466106989431], [-70.59422372474785, -33.46441316873511], [-70.59421377485238, -33.46424086274004], [-70.59417738442845, -33.4636802728343], [-70.5952904239085, -33.46364302421193], [-70.59528821302347, -33.46359406152582], [-70.59521148797842, -33.46189455003233], [-70.59528696452526, -33.46188979991801], [-70.59556045070671, -33.46187258705182], [-70.59563464690638, -33.46186273350487], [-70.5955619848993, -33.460389224785246], [-70.59605758483912, -33.460359228578056], [-70.59604955621302, -33.46020572459924], [-70.59604639049589, -33.46014518565186], [-70.59713849121157, -33.46012460504539], [-70.59711355667754, -33.45913425509231], [-70.5970704454049, -33.458054892902624], [-70.59706731196366, -33.457976432334284], [-70.59594563179922, -33.458030156319374], [-70.59592389748401, -33.457532709977606], [-70.59591851343113, -33.4574094626387], [-70.59591813192658, -33.45740073870785], [-70.59591530745232, -33.45733608477957], [-70.59380259101792, -33.45739408858729], [-70.59216254355768, -33.45744446811471], [-70.59210445012155, -33.45690544061614], [-70.59199492719364, -33.455991219838644], [-70.591988458444, -33.45593721813009]], [[-70.59189660586222, -33.45966820457698], [-70.59109734135858, -33.45973220378043], [-70.59103961657462, -33.45937075483369], [-70.59126519395485, -33.459362168493655], [-70.591686351969, -33.459348839222216], [-70.59186794761897, -33.4593430909919], [-70.59189660586222, -33.45966820457698]], [[-70.59286316767425, -33.46104239446324], [-70.59278308403046, -33.46105106123924], [-70.5927582212095, -33.461048603093396], [-70.59268918525568, -33.461027967064574], [-70.59271201256891, -33.460964494006376], [-70.59272710615899, -33.4608851506612], [-70.59273492009464, -33.460860055041536], [-70.59275102937755, -33.460836242548694], [-70.59284777531175, -33.46079483344703], [-70.59285201121502, -33.46088776252228], [-70.5928562471315, -33.46098069159576], [-70.59286316767425, -33.46104239446324]], [[-70.58960666090402, -33.46264002814748], [-70.58960707621682, -33.46271116395712], [-70.58954837079297, -33.46263929310688], [-70.58950882545052, -33.46260126491558], [-70.589460236406, -33.462551495380964], [-70.58941721473852, -33.462516476066135], [-70.58934939525061, -33.46247732958732], [-70.5892922754604, -33.46244397181999], [-70.58925474006931, -33.46241925769272], [-70.58921280654664, -33.46239875108694], [-70.58957903645472, -33.462429266813864], [-70.58959344322868, -33.46249643187619], [-70.58959974096928, -33.462551189799704], [-70.58960666090402, -33.46264002814748]]]}}, {"type": "Feature", "properties": {"zona": "Z-4C", "nombre": "Zona Z-4C", "uperm": "Residencial: Equipamiento: Clases de Equipamiento de acuerdo a lo definido en el artículo. 2.1.33 de la OGUC, excepto los expresamente prohibidos.", "uproh": "Clínicas Psiquiátricas, Cementerios y Crematorios. Locales de Educación superior, Técnica y centros de Capacitación. Cuarteles de Bomberos; Cárceles y Centros de detención. Estadios, Saunas, baños turcos. Juegos electrónicos s. Parques zoo*", "comuna": "Ñuñoa"}, "geometry": {"type": "Polygon", "coordinates": [[[-70.5972428129823, -33.44524942948816], [-70.5960794763019, -33.44597986722689], [-70.59526309695276, -33.446422389822565], [-70.59444671025187, -33.44686490724205], [-70.59367196158895, -33.44728994226271], [-70.59362270005745, -33.44731696771693], [-70.59279868223655, -33.44776902201896], [-70.59271724771081, -33.447811053073934], [-70.59137955066643, -33.4485014700055], [-70.5913944616315, -33.449014974671215], [-70.59149687774844, -33.45016067129354], [-70.5924575029133, -33.45014505131267], [-70.59234676208196, -33.450393435854025], [-70.59152058405863, -33.45041527056344], [-70.591568128409, -33.45073074423741], [-70.59177536011728, -33.45356324564511], [-70.59273866179632, -33.453547449613964], [-70.59274303026253, -33.453786344369256], [-70.59279926862726, -33.45379569524142], [-70.59315700966454, -33.453777775179255], [-70.59407336067774, -33.453760104728126], [-70.59407779011599, -33.45384940598161], [-70.59409622683411, -33.45452881163732], [-70.59483369877923, -33.45449904783167], [-70.59481530649226, -33.45431488652396], [-70.59480333800506, -33.454195049724134], [-70.59624473104685, -33.4540620479239], [-70.59623689047604, -33.45401263552275], [-70.59617109960351, -33.45359799535687], [-70.5968501501529, -33.453536955044434], [-70.59730664187991, -33.4534990919465], [-70.59746600205746, -33.453482558538994], [-70.59771123578663, -33.45345253235691], [-70.59772908071369, -33.45345034717837], [-70.5974785251427, -33.45197039125367], [-70.59727672868443, -33.45068510453011], [-70.59737230794691, -33.450675255037794], [-70.59718679087725, -33.44915498182669], [-70.59702008233845, -33.449128625303864], [-70.59764066255451, -33.44857790269659], [-70.5975352261988, -33.448155571701946], [-70.59745285448821, -33.44783766254778], [-70.59758980406535, -33.447835253856745], [-70.59786226875838, -33.44786378900252], [-70.59810628679652, -33.44788934355146], [-70.59825052355659, -33.44711608320868], [-70.59826379306173, -33.44704494049756], [-70.59827338871665, -33.44699349791798], [-70.59825241180503, -33.44699042796259], [-70.59821246074328, -33.44699001682554], [-70.59824787901086, -33.44674368956826], [-70.59830386426214, -33.4467474390866], [-70.59838632030548, -33.446234960273095], [-70.59844195354943, -33.446240063417086], [-70.59862747363282, -33.44486565041526], [-70.59826444975626, -33.44482913517941], [-70.59812424825716, -33.44479727075529], [-70.598032692493, -33.44480108609467], [-70.5972428129823, -33.44524942948816]], [[-70.59452317962673, -33.44695290685384], [-70.59478763836276, -33.44731485908435], [-70.59477554564069, -33.44732350451857], [-70.59458770496295, -33.44706830447348], [-70.59450719604091, -33.44695850630736], [-70.59452317962673, -33.44695290685384]], [[-70.59522754589895, -33.447915001200826], [-70.59551388346024, -33.44831706516115], [-70.59550711164411, -33.44831790354401], [-70.59520910843821, -33.44792965517682], [-70.59522754589895, -33.447915001200826]], [[-70.5951601595578, -33.44782051733503], [-70.59514359584365, -33.44783251203071], [-70.59488612319515, -33.447476252425034], [-70.59479729868178, -33.44735751514302], [-70.59481396717919, -33.44735089408016], [-70.5951601595578, -33.44782051733503]], [[-70.59637003067084, -33.448040597472236], [-70.5963431420916, -33.448027721923594], [-70.59687451318247, -33.44720636961958], [-70.5969021688246, -33.44721913958222], [-70.59637003067084, -33.448040597472236]], [[-70.59490998316673, -33.45389711319939], [-70.59484903779996, -33.45390962838791], [-70.59477580585745, -33.45391936975685], [-70.59475457255657, -33.45371435038287], [-70.59475589094092, -33.45369087131292], [-70.59476076085923, -33.453670278413554], [-70.59476592071181, -33.45366581468923], [-70.59477632622162, -33.45366127987046], [-70.5947902511106, -33.45365816885986], [-70.5948041759985, -33.45365505784773], [-70.59483038848107, -33.45365472060731], [-70.5948583187499, -33.45365289487858], [-70.59492818893607, -33.453650526823694], [-70.59494203064736, -33.453833645543085], [-70.59494071122063, -33.4538571237253], [-70.59493571253745, -33.453870389084365], [-70.59492549486211, -33.45388518256453], [-70.59490998316673, -33.45389711319939]], [[-70.5969796894384, -33.447307527204735], [-70.59699132563011, -33.44730644300775], [-70.59700126700587, -33.44731096750586], [-70.5970124515761, -33.447324742335454], [-70.59704253124563, -33.44736446211683], [-70.59722820569924, -33.447611337927135], [-70.59736394041434, -33.44779052584811], [-70.59739261535924, -33.44784086108947], [-70.59735491472026, -33.44785513320738], [-70.59732062035921, -33.44779525951515], [-70.59721791007098, -33.4476560888227], [-70.59702036221995, -33.447394192594466], [-70.59695759950827, -33.447391400078075], [-70.59679103071205, -33.44764247537443], [-70.59679881252454, -33.4476503771167], [-70.59672230490759, -33.44776759185371], [-70.59671094682506, -33.44776489466063], [-70.5964074167016, -33.448240276358426], [-70.5963792488592, -33.44822569388747], [-70.5966645289548, -33.44778579640226], [-70.59696539892751, -33.44732185475997], [-70.59697123745542, -33.44731347726268], [-70.5969796894384, -33.447307527204735]], [[-70.59388733798974, -33.45202316184841], [-70.59316627986243, -33.45204014528178], [-70.59310171476368, -33.45204204192625], [-70.59309891250493, -33.451873880423214], [-70.59371595018568, -33.451864202214956], [-70.59374402143374, -33.45186376105298], [-70.59400687382868, -33.4518596373626], [-70.59400954630411, -33.45202002306707], [-70.59388733798974, -33.45202316184841]], [[-70.59570563484618, -33.448577377229256], [-70.59569526843359, -33.44858577326999], [-70.59573522764539, -33.44855757530916], [-70.59585292256361, -33.448507408116384], [-70.5960022560197, -33.44850190627321], [-70.59610519446653, -33.4485322651216], [-70.59619190906223, -33.44859968082485], [-70.59629678036761, -33.448730759427214], [-70.59630334408146, -33.448855945993664], [-70.59629980469443, -33.44894166311291], [-70.59688703989676, -33.4490280206729], [-70.5968821438548, -33.44905941526064], [-70.59629862213282, -33.44897029985221], [-70.5962966722412, -33.449017532372835], [-70.59591799343904, -33.44895937782993], [-70.59552188523894, -33.448892541733095], [-70.59556757526157, -33.44877951747883], [-70.59560428861063, -33.44868598736385], [-70.59566371544385, -33.448608038069644], [-70.59569526843359, -33.44858577326999], [-70.59555057342152, -33.44839055238627], [-70.59555320084763, -33.448378588202516], [-70.59556385385362, -33.44838313882692], [-70.59558297829062, -33.44840933987661], [-70.59570563484618, -33.448577377229256]]]}}, {"type": "Feature", "properties": {"zona": "Z-4m", "nombre": "Zona Z-4m", "uperm": "Residencial: Equipamiento: Clases de Equipamiento de acuerdo a lo definido en el artículo. 2.1.33 de la OGUC, excepto los expresamente prohibidos.", "uproh": "Clínicas Psiquiátricas, Cementerios y Crematorios. Locales de Educación superior, Técnica y centros de Capacitación. Cuarteles de Bomberos; Cárceles y Centros de detención. Estadios, Saunas, baños turcos. Juegos electrónicos s. Parques zoo*", "comuna": "Ñuñoa"}, "geometry": {"type": "Polygon", "coordinates": [[[-70.60087626946307, -33.457672540930766], [-70.60104965075624, -33.4587656758524], [-70.60119154707448, -33.45872885362853], [-70.60123465414871, -33.45877703086183], [-70.60125278809589, -33.45879729794576], [-70.6012642342266, -33.458816575539075], [-70.60131206619228, -33.45889713330615], [-70.60144493466919, -33.459120904446316], [-70.60135805720648, -33.45912208460557], [-70.60127103991849, -33.45912326741209], [-70.60133923403077, -33.45956044495268], [-70.60136031575351, -33.459695597073704], [-70.60138073013042, -33.459756484741376], [-70.60140978363727, -33.45984313885192], [-70.60152261859186, -33.460179683920956], [-70.60155358068518, -33.460596898689225], [-70.60156993249235, -33.46081724477238], [-70.60178468663497, -33.46081887238006], [-70.60182252250868, -33.46081409069336], [-70.60180918344139, -33.46120676004089], [-70.60180457688402, -33.461342374780756], [-70.6017949647972, -33.46162531428009], [-70.60169554500906, -33.46162996833284], [-70.60157543946576, -33.4616355894244], [-70.60157476620684, -33.461677138289886], [-70.60170374559203, -33.461671947230144], [-70.60170775803851, -33.461711148497976], [-70.60157416058925, -33.461714467513026], [-70.60154683603851, -33.46339990709329], [-70.6015448511216, -33.46352235273828], [-70.60153434183927, -33.464170588687416], [-70.60153215713362, -33.46427363219791], [-70.60125261952284, -33.46439893533789], [-70.60104447544903, -33.464458890595324], [-70.60083179830934, -33.46450458748536], [-70.60063586932905, -33.464532172678105], [-70.60027762411517, -33.46455111896373], [-70.60027910811866, -33.46463753583327], [-70.60030162645299, -33.46505977561814], [-70.60030501286275, -33.465126815517806], [-70.60148996581471, -33.46508299730075], [-70.6014841561244, -33.46521640449502], [-70.60147303373596, -33.465375582521375], [-70.60147403299581, -33.46542990583407], [-70.6014879939354, -33.4654840616595], [-70.60150949484347, -33.46552507777114], [-70.60154100413757, -33.465546406538586], [-70.601572196845, -33.46555034938067], [-70.60162400684293, -33.46554750644577], [-70.60284490596554, -33.46540975031224], [-70.6028509040413, -33.46540907302338], [-70.60287733598827, -33.465406090622636], [-70.60339661226851, -33.46534749595022], [-70.60337425336378, -33.465175919710155], [-70.60349466499909, -33.4651494470186], [-70.60386396900498, -33.46506825363698], [-70.60394908185107, -33.46529132473838], [-70.60416793217658, -33.46526694483843], [-70.60427320277276, -33.46525521750189], [-70.60440374402215, -33.46524067479376], [-70.60536509876755, -33.46535511274194], [-70.6058762958674, -33.4654047021292], [-70.60587911936744, -33.46538323895807], [-70.60591444213976, -33.465114778036764], [-70.60596326515034, -33.46502918487229], [-70.60586648222456, -33.46476321576027], [-70.60547191068635, -33.46471422766724], [-70.6054801574189, -33.46465256910652], [-70.60548945751374, -33.46458303203601], [-70.60549696726324, -33.46455382096149], [-70.60579295864149, -33.46458913752236], [-70.6061445604171, -33.46463108804805], [-70.60616803426495, -33.464633888846215], [-70.60618722650212, -33.4645057957495], [-70.6061987591805, -33.464428819360485], [-70.60505572230018, -33.46430287143687], [-70.60505984064476, -33.46406301502676], [-70.60457721222147, -33.464058527075316], [-70.60457404684158, -33.46388676929988], [-70.60466440896309, -33.4635378255104], [-70.60587750568436, -33.46367908441844], [-70.6058673636681, -33.46361591363416], [-70.60566115426727, -33.462331465457844], [-70.60566112628388, -33.46233128996336], [-70.6055750928213, -33.46225867260046], [-70.60548160324713, -33.46217976138327], [-70.6054521048511, -33.462187064132536], [-70.60533821896988, -33.46221585210575], [-70.60533800135185, -33.46221531202222], [-70.60522215185544, -33.461927948827764], [-70.60522212931087, -33.46192789320622], [-70.60521839608005, -33.46191863195562], [-70.60510112649995, -33.46029024440028], [-70.60507296318933, -33.46027917749798], [-70.60502042767105, -33.46025853310581], [-70.60493697705323, -33.459607867495016], [-70.60492372117407, -33.45950451431865], [-70.60441082538334, -33.45957139313102], [-70.60431330301485, -33.45891349513438], [-70.60484174481545, -33.45886533051288], [-70.60483454907103, -33.45880922515549], [-70.60477313478238, -33.458330362316495], [-70.60470600832879, -33.4577441282408], [-70.60469582973856, -33.45765523120328], [-70.6046489946325, -33.4572462039711], [-70.60087626946307, -33.457672540930766]], [[-70.60215539620319, -33.45988533965415], [-70.60217733717055, -33.46003290864275], [-70.60218496443812, -33.46014360458097], [-70.60187611165493, -33.4601833884321], [-70.60182664598045, -33.45988815655456], [-70.60185798600223, -33.45988448419426], [-70.6020315965841, -33.45986413792021], [-70.6021086147364, -33.45985511162078], [-70.60215539620319, -33.45988533965415]], [[-70.60245825738653, -33.45997403086868], [-70.60290569104681, -33.45993182223144], [-70.60291313573545, -33.459980177758325], [-70.60293257263127, -33.46010643803067], [-70.60248386345899, -33.46015170604944], [-70.60248251658972, -33.46014236245061], [-70.60245825738653, -33.45997403086868]], [[-70.60371862504232, -33.46086856772311], [-70.60346277062747, -33.46088977747383], [-70.60342146784042, -33.46062289624581], [-70.60339099485557, -33.460411478212364], [-70.6036180972447, -33.46039351476438], [-70.6038286079798, -33.46037686402352], [-70.6038455337262, -33.46061042043246], [-70.60368916360024, -33.460621390807326], [-70.60371862504232, -33.46086856772311]], [[-70.60273543247617, -33.46070020557481], [-70.602351224943, -33.460741194985815], [-70.60232918619711, -33.460589042403804], [-70.60232837894235, -33.460583471404], [-70.60232772822533, -33.46057898148025], [-70.60232223108547, -33.46054102501227], [-70.60294761675611, -33.46046872833868], [-70.60298632017586, -33.46067193349091], [-70.6028794682703, -33.460683974097996], [-70.60284285778151, -33.460688099959064], [-70.60273543247617, -33.46070020557481]], [[-70.60319499530375, -33.4612544139827], [-70.60282499964515, -33.46128609183084], [-70.60280166501958, -33.46114080913643], [-70.60317457129828, -33.46111151152999], [-70.60319147413828, -33.46122977550216], [-70.60319499530375, -33.4612544139827]], [[-70.6026165252019, -33.46115535351208], [-70.60263094870338, -33.4613024595376], [-70.6023245254511, -33.461328305106306], [-70.60231110882646, -33.461179347186146], [-70.6026165252019, -33.46115535351208]], [[-70.60380724293043, -33.46181589591443], [-70.60383133537194, -33.461964715469286], [-70.60384250282469, -33.46199141486761], [-70.60477027445756, -33.461897955285416], [-70.60394328373448, -33.462246615826956], [-70.60399134643473, -33.46234442058521], [-70.60409442210543, -33.462530992116974], [-70.6041707814747, -33.46261948260345], [-70.60422602116148, -33.46268620835614], [-70.60427338936309, -33.46274342695972], [-70.60423300997469, -33.462764309347754], [-70.60405701419464, -33.46285532647038], [-70.6038187453119, -33.4629915643589], [-70.60372875232825, -33.46288911206536], [-70.6036335581771, -33.4624325635005], [-70.60355945002672, -33.46246633184306], [-70.60340643267888, -33.462475444052316], [-70.603367499619, -33.462477763095826], [-70.60336295445124, -33.46244198763273], [-70.60330923633528, -33.46201919252672], [-70.60347256005252, -33.46199918376083], [-70.60345519959148, -33.46182939874128], [-70.60344068270415, -33.46162080269266], [-70.60313133130649, -33.461633752283724], [-70.60312098820867, -33.46155234698576], [-70.60356131736692, -33.46152654728769], [-70.60369748465854, -33.461517258834824], [-70.60377899869995, -33.46151169946558], [-70.60378583022565, -33.46161931947461], [-70.60380724293043, -33.46181589591443]], [[-70.60301579051321, -33.46268051778749], [-70.60296287243898, -33.462704665136286], [-70.60290396561868, -33.46254143708199], [-70.60289087584523, -33.46250516426822], [-70.6032299968353, -33.46249314231821], [-70.6032384088735, -33.462578932924615], [-70.60301579051321, -33.46268051778749]], [[-70.60385464005047, -33.46321413169267], [-70.60423363890892, -33.4636383241527], [-70.60430550841077, -33.463718762473114], [-70.60415681876763, -33.463836851874966], [-70.60387904900625, -33.463526128901265], [-70.60368759684195, -33.46331196212491], [-70.60385464005047, -33.46321413169267]], [[-70.60239672770598, -33.46378063149922], [-70.60206804769086, -33.4639422049367], [-70.60202196032674, -33.46396198351052], [-70.60199218268684, -33.46343638616602], [-70.60198841026889, -33.46336772891115], [-70.60199660252252, -33.463367131524855], [-70.60270087556316, -33.463275135573696], [-70.60271872957303, -33.46330128326146], [-70.6028942172132, -33.46352018343057], [-70.60258671435962, -33.46368116959912], [-70.60239672770598, -33.46378063149922]], [[-70.60297262888534, -33.46390466783488], [-70.6031669796607, -33.463830527937986], [-70.60321941843236, -33.46391956558272], [-70.60323861778814, -33.463977095736354], [-70.60326387629694, -33.464068004532876], [-70.60327152457856, -33.46410418354956], [-70.60327334672694, -33.46411280042077], [-70.60321297864091, -33.46414178788787], [-70.60315261160619, -33.46417077621435], [-70.60297262888534, -33.46390466783488]], [[-70.60361641390527, -33.46395863108197], [-70.60382219800174, -33.4639079936493], [-70.60383428088164, -33.46393863752264], [-70.60388491180761, -33.464067050556736], [-70.60391875768897, -33.464058506903044], [-70.60397950719083, -33.46404317238828], [-70.60406179393017, -33.464245057248526], [-70.60376460623401, -33.46434289469445], [-70.60369918286129, -33.46417325193022], [-70.60361641390527, -33.46395863108197]], [[-70.60213901649273, -33.46431988980483], [-70.60221370227494, -33.464433457786924], [-70.60172424385661, -33.464522104295284], [-70.6017048482651, -33.464480706585086], [-70.60169757412055, -33.4644651826786], [-70.60213901649273, -33.46431988980483]], [[-70.60354889747151, -33.464496716272336], [-70.60363784645622, -33.46447539956229], [-70.60371262770113, -33.46467143689233], [-70.60332187556854, -33.464773972230056], [-70.6033115727471, -33.464694907627226], [-70.60330638757596, -33.464655119190866], [-70.60330120241034, -33.464615330753915], [-70.60329371526932, -33.464557872762256], [-70.60337751268166, -33.46453779074963], [-70.60341873058276, -33.46452791274302], [-70.60345994845736, -33.46451803382135], [-70.60354889747151, -33.464496716272336]], [[-70.60268635772836, -33.46459198674976], [-70.60271363302104, -33.46480106534643], [-70.60271618996187, -33.46482066694472], [-70.60247750228893, -33.464845228612845], [-70.60246171834652, -33.46473940622551], [-70.60244340107319, -33.46461660354582], [-70.60247781920661, -33.46461311666303], [-70.60268635772836, -33.46459198674976]]]}}, {"type": "Feature", "properties": {"zona": "Z-7A", "nombre": "Zona Z-7A", "uperm": "Residencial: De todo tipo; Equipamientos: Clases de Equipamiento de acuerdo a lo definido en el artículo. 2.1.33 de la OGUC, excepto los expresamente prohibidos.", "uproh": "Clínicas Psiquiátricas, Cementerios y Crematorios. Locales de Educación Superior, Técnica y Centros de Capacitación. Cuarteles de Bomberos, Cárceles y Centros de detención.  Estadios, Saunas, baños turcos. Parques zoológicos, casinos, Jueg*", "comuna": "Ñuñoa"}, "geometry": {"type": "Polygon", "coordinates": [[[-70.5780273250328, -33.438220700134096], [-70.57687522691214, -33.43828937343283], [-70.57698966854208, -33.43768282182783], [-70.57580483677845, -33.4375767831581], [-70.57575364165317, -33.43757220132342], [-70.5757478187339, -33.43760508243409], [-70.57562393937525, -33.438304641509134], [-70.57551713012724, -33.438873044585485], [-70.5754819383711, -33.43906524801456], [-70.57547427857726, -33.43910708606746], [-70.57541794759076, -33.439414744580446], [-70.57528825226137, -33.440185332006564], [-70.57515854661656, -33.44089106814073], [-70.57508988244209, -33.44132214017378], [-70.57502121793709, -33.44168454524587], [-70.57493729376024, -33.44216520834025], [-70.57525011643506, -33.44227583530676], [-70.57567738480304, -33.44235212869518], [-70.5764785129362, -33.44243223480735], [-70.57668070248626, -33.4424532152094], [-70.57686671295927, -33.442472515312815], [-70.57688289210387, -33.44247419437707], [-70.57749515083161, -33.44252862530556], [-70.57781087344387, -33.44255867467165], [-70.57790953554806, -33.44257684733065], [-70.57856868820524, -33.44241054192217], [-70.57861969002806, -33.442026577053966], [-70.5786242359442, -33.44199225202682], [-70.57899543633256, -33.44198397092614], [-70.57900063460343, -33.44176819947096], [-70.5786531206773, -33.44177413090162], [-70.57867431317896, -33.441614098614345], [-70.57871366533598, -33.4413718056859], [-70.57892313323384, -33.44138773779157], [-70.57896105015426, -33.44107725974671], [-70.57938900293063, -33.44108559530395], [-70.5795694874991, -33.44099357846088], [-70.57966962859722, -33.441242367884534], [-70.57944606372972, -33.441344478750025], [-70.57937387673333, -33.441381666660185], [-70.57935535449646, -33.44148947385962], [-70.57934633267386, -33.4415246793055], [-70.5793152898402, -33.441744944674824], [-70.57924647942468, -33.442233196120306], [-70.58157520722901, -33.441650172600625], [-70.58152910630028, -33.44200240703892], [-70.58146076861375, -33.44260386925544], [-70.58139210477287, -33.44305783010459], [-70.58134632939735, -33.44350797457555], [-70.58128980590297, -33.44391644691134], [-70.581284813088, -33.44396159885835], [-70.58125738202752, -33.44422113320131], [-70.58120900370797, -33.444637152771826], [-70.58045326419362, -33.444608223069956], [-70.58034462141593, -33.444605098812914], [-70.57987260774384, -33.444584824360646], [-70.57975001578784, -33.4445793278442], [-70.57946564534697, -33.44456606504833], [-70.57931890303827, -33.444560043381806], [-70.57929865745292, -33.44455921276726], [-70.5788742860358, -33.444541797866364], [-70.5777769162136, -33.44449898315263], [-70.57725805086147, -33.44448051965769], [-70.57709425828152, -33.4444730177127], [-70.57626192678102, -33.44443594886201], [-70.57607516968388, -33.4444281125648], [-70.57581104303698, -33.44440423541322], [-70.57526238328903, -33.4443499397405], [-70.57469326101298, -33.444285686406424], [-70.57458634348303, -33.44427097270359], [-70.57450524787404, -33.44478725817043], [-70.57442318339673, -33.44513537110737], [-70.5744092544239, -33.44523449049901], [-70.57439734533953, -33.44532787469783], [-70.57442000869123, -33.44532991723843], [-70.57426523757569, -33.44617419702734], [-70.57413785123249, -33.44688077076467], [-70.57417569041341, -33.44688528197226], [-70.57415909674694, -33.446990918470156], [-70.5739531017776, -33.44805524555852], [-70.57380468340101, -33.44892928935549], [-70.57380198123185, -33.44894520322465], [-70.57367844329605, -33.44967271684692], [-70.57357162990134, -33.450099972920945], [-70.57336562936482, -33.45056156361503], [-70.57332748212032, -33.450771376977336], [-70.5733580027857, -33.45098500476416], [-70.57343430437602, -33.45141989003836], [-70.57349534648591, -33.45181281251269], [-70.57354278190034, -33.45214415250561], [-70.57358744816183, -33.452405677579584], [-70.57361579215845, -33.45257163467049], [-70.57361873976738, -33.452588892694266], [-70.57455487482856, -33.45259366067336], [-70.57461378620279, -33.452593960308114], [-70.5747167651853, -33.45259448472134], [-70.57539651404304, -33.452523793343936], [-70.57627271255375, -33.45245655704165], [-70.57626961322175, -33.45248474729922], [-70.57619825885814, -33.452999329315745], [-70.57619718737071, -33.45300706176382], [-70.57617341571058, -33.453178491221564], [-70.57610588115895, -33.453698029776284], [-70.5768946837419, -33.45370758493248], [-70.57689357810524, -33.45364651397656], [-70.57824385221558, -33.45378410483258], [-70.57824553788238, -33.45376645877704], [-70.57883401953923, -33.45381090616214], [-70.57901186650939, -33.45382433732175], [-70.58008975291804, -33.45390573982537], [-70.58009349800237, -33.45387424866209], [-70.58089281655221, -33.45404539490765], [-70.58104534987162, -33.45395656751391], [-70.5813841410576, -33.453981714320776], [-70.58265130124805, -33.45407576199869], [-70.58273374303545, -33.45408187989041], [-70.58273801303416, -33.454155170777206], [-70.5829177878242, -33.45416681311133], [-70.58329484524765, -33.454191229733304], [-70.58333848752441, -33.45419405598172], [-70.58340720110881, -33.454200217105296], [-70.5841205697734, -33.45432178050979], [-70.58408551488722, -33.4539986210133], [-70.58569540184425, -33.45417409396746], [-70.58575765724443, -33.454615952600534], [-70.58577305504551, -33.45473123652486], [-70.58578868098891, -33.45484823462026], [-70.58579295248352, -33.45488021767096], [-70.58651356141108, -33.45486467223087], [-70.58672421903887, -33.454830436901084], [-70.58717350107423, -33.454757418964846], [-70.58720527544546, -33.45486431154066], [-70.58832580462101, -33.45486800715479], [-70.58962351837174, -33.45486174593805], [-70.58927879704376, -33.45278009881152], [-70.58903474362918, -33.451494728031385], [-70.58898172190831, -33.45131883557845], [-70.59019873976456, -33.4513270913983], [-70.5902197188082, -33.451696669281404], [-70.59034464731292, -33.45171460667108], [-70.59034192337721, -33.45166393414841], [-70.59031717553823, -33.451363909960456], [-70.59031140041618, -33.45129389975229], [-70.59063424811086, -33.45129966423081], [-70.59110527726635, -33.451308073062684], [-70.59118292692119, -33.451309459034135], [-70.59112647402668, -33.450471871354004], [-70.59110819669273, -33.45020068159681], [-70.59104725079231, -33.44929640476938], [-70.59074219309483, -33.44883772779632], [-70.59137955066643, -33.4485014700055], [-70.59271724771081, -33.447811053073934], [-70.59279868223655, -33.44776902201896], [-70.59263568350116, -33.44756735014617], [-70.59262082543157, -33.447548965929215], [-70.59260787378136, -33.44753294257288], [-70.59253265795728, -33.44743987989223], [-70.59226052872071, -33.44711822322905], [-70.59201952708409, -33.44683637451317], [-70.59172279684643, -33.44648934822314], [-70.5916072919282, -33.44630917898699], [-70.5913884246827, -33.44597787940422], [-70.59137611914626, -33.44595868577872], [-70.59124625843215, -33.4457561256973], [-70.59113536976713, -33.44558316010116], [-70.59099040079109, -33.445346643816876], [-70.59069283471027, -33.444877426817875], [-70.59038763921963, -33.44441202425634], [-70.59038348759815, -33.4444055824922], [-70.59021271906131, -33.444140604132315], [-70.59021081596016, -33.44413765068063], [-70.58983756759008, -33.443558479900176], [-70.58949007692783, -33.44302074978479], [-70.58859461513227, -33.44160435384083], [-70.58819008212352, -33.440974682310156], [-70.587671397709, -33.44016236833458], [-70.58749501588865, -33.4402371579847], [-70.58706272139825, -33.439548964131156], [-70.58702391539404, -33.439492044498145], [-70.58713237103453, -33.43944513328128], [-70.58715175691061, -33.439415418498655], [-70.58699996754505, -33.43919723205539], [-70.58642772738948, -33.438556350754055], [-70.58617863013053, -33.43827488358], [-70.58616660533221, -33.43826129611654], [-70.58604623455098, -33.43812528229708], [-70.58537480564326, -33.437377589237705], [-70.58506307739006, -33.43702323671078], [-70.58497024237973, -33.43691933410642], [-70.58460418897545, -33.43651163664277], [-70.58421506699592, -33.43609201195246], [-70.58383357426362, -33.43565712859963], [-70.58345971115388, -33.435218429169424], [-70.58310110679855, -33.43481025031942], [-70.58300212118924, -33.43486332199044], [-70.58234130717922, -33.43527507506049], [-70.58226183381214, -33.435325252053936], [-70.5812089281921, -33.435981401361495], [-70.58057565898518, -33.436347625371134], [-70.57992712933758, -33.43664518257776], [-70.57882081243642, -33.43698470496113], [-70.57815702255964, -33.43711059655167], [-70.57808835895389, -33.43765992651397], [-70.5780273250328, -33.438220700134096]], [[-70.57592189754787, -33.43996056502156], [-70.57589843212331, -33.44015292610625], [-70.57584512396662, -33.44015019290832], [-70.57587547597198, -33.439960383082884], [-70.57592189754787, -33.43996056502156]], [[-70.57597161821671, -33.440160367630085], [-70.57599719968356, -33.43996963000223], [-70.57604894763587, -33.439976329416226], [-70.57602845270436, -33.440166561396346], [-70.57597161821671, -33.440160367630085]], [[-70.58036411978098, -33.44022642312306], [-70.58008196561205, -33.44025226490944], [-70.58007893633534, -33.44018925240142], [-70.58048299456446, -33.440157784024024], [-70.58047291019585, -33.44021645900101], [-70.58036411978098, -33.44022642312306]], [[-70.575879861003, -33.44027604401276], [-70.57586241589422, -33.44043222524918], [-70.57564233480778, -33.44041713344471], [-70.57566611291283, -33.44025488263715], [-70.5756708356081, -33.44022265853332], [-70.57588352911897, -33.44024320743002], [-70.575879861003, -33.44027604401276]], [[-70.5762315997307, -33.44046468897153], [-70.57624799862967, -33.44027811910717], [-70.57654716511918, -33.440303582741386], [-70.57655290157976, -33.44032622441117], [-70.57655805771304, -33.44035264224401], [-70.57655637284927, -33.440388954561534], [-70.57655002057727, -33.4404253289339], [-70.57654233527835, -33.440452890353015], [-70.57653325033343, -33.44046771847099], [-70.57652177634661, -33.44047963787373], [-70.57649971338917, -33.440487763508486], [-70.57647637501653, -33.44049002266229], [-70.5762315997307, -33.44046468897153]], [[-70.58452027144982, -33.44065027606662], [-70.5840527785825, -33.44083773103044], [-70.58404362846935, -33.440732501601694], [-70.58425144271396, -33.44064390574834], [-70.58445925760056, -33.440555309544], [-70.58452027144982, -33.44065027606662]], [[-70.58057128690199, -33.44084318000119], [-70.58054875664948, -33.44110475042692], [-70.58041856417618, -33.4410905259941], [-70.58044774214832, -33.440832189609054], [-70.58057128690199, -33.44084318000119]], [[-70.58688725018742, -33.440928548769676], [-70.58688288474632, -33.440917075560925], [-70.5868951284814, -33.440919148191234], [-70.58725093026803, -33.4413351742858], [-70.58730674197798, -33.44139817091874], [-70.58736724753636, -33.441516702056205], [-70.58735151943905, -33.44153931136287], [-70.58732519590093, -33.441551839411765], [-70.5873082316126, -33.44155802135057], [-70.58727925215884, -33.44154338489838], [-70.58727185711824, -33.441534847191825], [-70.58715563640982, -33.44132199369395], [-70.58711894080837, -33.44126180860765], [-70.58688725018742, -33.440928548769676]], [[-70.58713851287298, -33.441010004205026], [-70.58695877158077, -33.44081839021994], [-70.58692402114592, -33.440761982312324], [-70.58689090065378, -33.440704640872795], [-70.58689156803818, -33.44067572034059], [-70.58691516294715, -33.44065903196502], [-70.58693524853636, -33.44065531813891], [-70.58696707557571, -33.44066502396187], [-70.58698601134454, -33.44068931425561], [-70.58704322750015, -33.44078102827553], [-70.5872066106005, -33.44104291886395], [-70.58737818043609, -33.441319668571076], [-70.58736713787782, -33.44132218448757], [-70.58725766830723, -33.44116496011991], [-70.58713851287298, -33.441010004205026]], [[-70.58287990870627, -33.4424856026753], [-70.58290451566052, -33.44260313971692], [-70.58218132702098, -33.442664343743], [-70.5821846541891, -33.44258376809772], [-70.58218671860241, -33.44257281328582], [-70.58218944469357, -33.44256707798172], [-70.58219387541843, -33.44256179529013], [-70.58220002264717, -33.4425574412296], [-70.58220788313695, -33.4425540149394], [-70.58222027244737, -33.44255053085257], [-70.58223267793689, -33.442547997094735], [-70.58224472680551, -33.44254620288444], [-70.58226701331988, -33.44254310472747], [-70.58232389173486, -33.44253768926311], [-70.58245996911559, -33.44252563635421], [-70.58263283695396, -33.44250936202088], [-70.58279788710418, -33.442493187252275], [-70.58287990870627, -33.4424856026753]], [[-70.58789954322367, -33.44246017267068], [-70.5879567390875, -33.44243772929858], [-70.5882726118242, -33.44295904525558], [-70.58821753739056, -33.44297696323993], [-70.58789954322367, -33.44246017267068]], [[-70.58638254609376, -33.44460565714987], [-70.58726320105283, -33.446065070077275], [-70.58721021105838, -33.44609241490244], [-70.58705939066593, -33.4461702442679], [-70.58689669868689, -33.44625231433914], [-70.58662858983625, -33.44636239617577], [-70.5862704613886, -33.446473629302], [-70.58624237128521, -33.44648168859813], [-70.5858550776873, -33.44479017095027], [-70.5857515607781, -33.44481058423174], [-70.58555460390933, -33.44423208422901], [-70.58614126154059, -33.44401579492538], [-70.58637454304622, -33.444398237054685], [-70.58647299712631, -33.4445710947939], [-70.58638254609376, -33.44460565714987]], [[-70.57452969265448, -33.44500897133612], [-70.57466281434775, -33.44520285326667], [-70.57450861616334, -33.44518194919429], [-70.57449919742406, -33.44516567068452], [-70.57452969265448, -33.44500897133612]], [[-70.58007723831618, -33.44584160462699], [-70.58006194339418, -33.44603440858392], [-70.58003215199096, -33.445960425468776], [-70.57995412159879, -33.445832480626436], [-70.58007723831618, -33.44584160462699]], [[-70.59003389353164, -33.44581021900531], [-70.59011297872709, -33.44579297884152], [-70.59016638803635, -33.445903607369594], [-70.59018927877128, -33.445991347345746], [-70.59021216800124, -33.4460714578056], [-70.59021216898702, -33.44615538351843], [-70.59010499597734, -33.44617018922395], [-70.58920239768595, -33.446261303848225], [-70.58909801683527, -33.44626937405847], [-70.58909569472362, -33.446250348934804], [-70.5890934481278, -33.44623546407306], [-70.58908867495713, -33.44621729825214], [-70.58908344479205, -33.44620120800186], [-70.58907772964041, -33.44618554061597], [-70.58906792377323, -33.44616205173529], [-70.5891512896439, -33.44613140562975], [-70.58959259189865, -33.4459708135389], [-70.59003389353164, -33.44581021900531]], [[-70.58567290481538, -33.44691562701405], [-70.585931515981, -33.44806151347914], [-70.58574719697009, -33.44809966248093], [-70.58542777684998, -33.4469703444291], [-70.58567290481538, -33.44691562701405]], [[-70.57535287304, -33.448008493446196], [-70.5753191293584, -33.44803244848488], [-70.5752670889164, -33.448026198076846], [-70.57528543753844, -33.44758330226588], [-70.57514708505086, -33.44757402893093], [-70.57514899061874, -33.447541679237105], [-70.57534758766137, -33.44754985335676], [-70.5753694932454, -33.44756231074896], [-70.57535287304, -33.448008493446196]], [[-70.59009145745013, -33.44784075526531], [-70.59008854872181, -33.44694908200252], [-70.59015170516713, -33.44694901143414], [-70.59015962421668, -33.44784945209176], [-70.59009145745013, -33.44784075526531]], [[-70.58359335016617, -33.44912904995194], [-70.5836658410614, -33.449863395564655], [-70.58242981409491, -33.44985195851449], [-70.58237258310504, -33.449098539077184], [-70.58231535443574, -33.44834511858083], [-70.58352086180969, -33.44839470326179], [-70.58359335016617, -33.44912904995194]], [[-70.57495992713807, -33.44904880873994], [-70.57495220761149, -33.44909322583013], [-70.57480764579732, -33.44908141841878], [-70.57471413837844, -33.449069246407866], [-70.57477811376407, -33.44855173923404], [-70.57489796356472, -33.44856086743699], [-70.57501781444499, -33.448569994608015], [-70.57501429179717, -33.44859972065206], [-70.57495992713807, -33.44904880873994]], [[-70.58795446938797, -33.44942696696235], [-70.58816204724761, -33.449411436833564], [-70.58824328195273, -33.4494592034377], [-70.58825934525454, -33.44947515852949], [-70.58828096590334, -33.449507206917545], [-70.58854524332438, -33.44989928634705], [-70.58890338191651, -33.45041546944887], [-70.58891297189551, -33.450434704425064], [-70.58891570696267, -33.45045790244888], [-70.58891221818678, -33.45051989783758], [-70.58888185141987, -33.45057913902199], [-70.58880710007055, -33.450581258662744], [-70.58878149082302, -33.45056997034211], [-70.58873950402496, -33.45054727897883], [-70.58867614141263, -33.450491946359186], [-70.58834382457587, -33.44999866482977], [-70.58795446938797, -33.44942696696235]], [[-70.57522328870903, -33.45090215609155], [-70.57522356123242, -33.45111087841981], [-70.57523084619054, -33.451139344338586], [-70.5752611152458, -33.451160435160425], [-70.57528680889422, -33.45116207737138], [-70.57540769855295, -33.451162947204935], [-70.57613228541837, -33.451168157946015], [-70.57550120384242, -33.45121561749227], [-70.57550184379396, -33.45126111247027], [-70.57520350519307, -33.45128326970462], [-70.57517389740718, -33.45090738938029], [-70.57522328870903, -33.45090215609155]], [[-70.58603971636006, -33.451117905702894], [-70.58648368207102, -33.45088554287722], [-70.586582941312, -33.45123512265004], [-70.58607369264307, -33.45123480793111], [-70.58577260903512, -33.45123192760986], [-70.58603971636006, -33.451117905702894]], [[-70.5760421185103, -33.45109993048676], [-70.5760910114029, -33.451111505320156], [-70.57532546379858, -33.45110563796105], [-70.57530330948607, -33.45109339747853], [-70.57530079152612, -33.4510720712578], [-70.57571923400776, -33.45106871283031], [-70.57572100616409, -33.451091982060305], [-70.57595006796782, -33.45109152594062], [-70.5760421185103, -33.45109993048676]], [[-70.5778748569584, -33.45303733327719], [-70.57779855872899, -33.453041147928516], [-70.57779855884439, -33.45297629684009], [-70.57780102350446, -33.45295473050753], [-70.57787485020236, -33.452308708694055], [-70.57788137576742, -33.452249289272075], [-70.57789326711848, -33.452141022091695], [-70.577897388996, -33.452126251646405], [-70.57790162642826, -33.45211791974769], [-70.5779102377435, -33.452108610496886], [-70.57791889691687, -33.45210206206102], [-70.57792975134383, -33.45209548387744], [-70.57794175288691, -33.45209165251582], [-70.57795159457974, -33.45208968658994], [-70.57797572983358, -33.45208937936465], [-70.57801179058819, -33.452090901662835], [-70.57801736676223, -33.452091262659536], [-70.57811336919843, -33.45209747978789], [-70.57837078570371, -33.45211415110416], [-70.57880986765129, -33.45216066148456], [-70.57880121390039, -33.45224039577043], [-70.57878044757317, -33.452431742325246], [-70.578721762913, -33.45297247617772], [-70.57831738509901, -33.45301444029272], [-70.5778748569584, -33.45303733327719]]]}}, {"type": "Feature", "properties": {"zona": "Z-4m", "nombre": "Zona Z-4m", "uperm": "Residencial: Equipamiento: Clases de Equipamiento de acuerdo a lo definido en el artículo. 2.1.33 de la OGUC, excepto los expresamente prohibidos.", "uproh": "Clínicas Psiquiátricas, Cementerios y Crematorios. Locales de Educación superior, Técnica y centros de Capacitación. Cuarteles de Bomberos; Cárceles y Centros de detención. Estadios, Saunas, baños turcos. Juegos electrónicos s. Parques zoo*", "comuna": "Ñuñoa"}, "geometry": {"type": "Polygon", "coordinates": [[[-70.59592389748401, -33.457532709977606], [-70.59594563179922, -33.458030156319374], [-70.59706731196366, -33.457976432334284], [-70.59703522931477, -33.45749210872309], [-70.59703506249075, -33.45748893732245], [-70.59592389748401, -33.457532709977606]]]}}, {"type": "Feature", "properties": {"zona": "Z-7A", "nombre": "Zona Z-7A", "uperm": "Residencial: De todo tipo; Equipamientos: Clases de Equipamiento de acuerdo a lo definido en el artículo. 2.1.33 de la OGUC, excepto los expresamente prohibidos.", "uproh": "Clínicas Psiquiátricas, Cementerios y Crematorios. Locales de Educación Superior, Técnica y Centros de Capacitación. Cuarteles de Bomberos, Cárceles y Centros de detención.  Estadios, Saunas, baños turcos. Parques zoológicos, casinos, Jueg*", "comuna": "Ñuñoa"}, "geometry": {"type": "Polygon", "coordinates": [[[-70.57942405976735, -33.45989730226374], [-70.57924064228348, -33.45912572451142], [-70.57853282055004, -33.45936579476737], [-70.57803513884713, -33.459530099268726], [-70.5775773516601, -33.45966361940728], [-70.57740877798928, -33.459710820561575], [-70.57738660778406, -33.45971702776619], [-70.57726071664992, -33.4597322881112], [-70.57713482545009, -33.45974754742794], [-70.57662529022201, -33.45978869992883], [-70.57655477505064, -33.459791709861115], [-70.5765791255258, -33.45988631207489], [-70.57659623883363, -33.459934595145334], [-70.57654892137852, -33.4599416784989], [-70.57651132890227, -33.459793563811694], [-70.57647650619202, -33.45979505014277], [-70.57596499570819, -33.459842668679244], [-70.57575383398367, -33.45985436990404], [-70.57565671980159, -33.45986144747001], [-70.57539209772015, -33.459881826952724], [-70.57438645525029, -33.45994979159532], [-70.57413631937399, -33.45996882283497], [-70.57373956907978, -33.459991713647966], [-70.57381587493944, -33.46076611497752], [-70.57390743909562, -33.46152144244971], [-70.57434636399924, -33.46149413650214], [-70.57442775588699, -33.461489072338615], [-70.57452189587943, -33.46175529257419], [-70.57454503068534, -33.46182071548718], [-70.5746749909636, -33.462188232897795], [-70.57565519419913, -33.46193161008293], [-70.57579615977215, -33.46189470408744], [-70.57636526735973, -33.46366258134084], [-70.57627887496888, -33.46367699931103], [-70.5761658752444, -33.463695857138], [-70.57562415921987, -33.46378741560384], [-70.575748133465, -33.4644175636828], [-70.57578145122677, -33.46458691695566], [-70.57632300102925, -33.46449631489128], [-70.57634899912979, -33.46463810810246], [-70.57580728448082, -33.46471822223693], [-70.57582558019361, -33.46482401031258], [-70.57582832392323, -33.46483987929802], [-70.57596392715463, -33.46562395233215], [-70.5759706884608, -33.46566304659815], [-70.57652063624866, -33.46557861085838], [-70.57653975243844, -33.46568335936683], [-70.57708909690764, -33.46560324496786], [-70.57699753526231, -33.4650996933959], [-70.5768983433154, -33.464569438938426], [-70.57708128634792, -33.46454377441274], [-70.5771075320706, -33.46454009283231], [-70.57717319679611, -33.464530881000776], [-70.5773805494262, -33.46556293857584], [-70.57816489471575, -33.4654544624047], [-70.57870661042357, -33.46537434783289], [-70.5793246224519, -33.465294233586285], [-70.57985870605896, -33.46522556445966], [-70.58014863878957, -33.465195044149276], [-70.5811481403615, -33.46506533541431], [-70.58133125501236, -33.46504244548786], [-70.58139300270037, -33.46538764557142], [-70.58139837164019, -33.465417661365116], [-70.5819957855253, -33.465341049562376], [-70.5819187490296, -33.46497377595855], [-70.58199363285158, -33.46496398126371], [-70.58285588176638, -33.46485119576803], [-70.58265727447524, -33.46385518756411], [-70.58260814140368, -33.46386766145376], [-70.58234727051781, -33.46390306328759], [-70.58173731473232, -33.46398200741042], [-70.58168221354642, -33.46374160148334], [-70.58176965891413, -33.463721407202804], [-70.58272888888578, -33.463597763366536], [-70.58262830370006, -33.46312360058428], [-70.58259653163185, -33.46299848352013], [-70.58253379184208, -33.462730742590445], [-70.58252069967757, -33.4626746352666], [-70.58237755668034, -33.462066466303426], [-70.58231611127069, -33.461800894726615], [-70.58168219841733, -33.46191050357239], [-70.58162951675799, -33.461913800181165], [-70.58103296180896, -33.46201381145572], [-70.58101985113494, -33.46189991459332], [-70.581596748238, -33.46180391218427], [-70.581691629757, -33.46178750549556], [-70.58229208197784, -33.46168561962383], [-70.58238239150863, -33.46166939252381], [-70.58301312240643, -33.46155991366227], [-70.5828470929475, -33.460902749482116], [-70.58283676613921, -33.460851794214925], [-70.58275821106457, -33.4605210122829], [-70.58269643127326, -33.460343059278166], [-70.58264586727655, -33.46035418604976], [-70.58228945521502, -33.460432617478546], [-70.58173796129083, -33.460547925432344], [-70.58146092213084, -33.46060584839969], [-70.58069031865719, -33.4607775180048], [-70.58065639242814, -33.46052089512818], [-70.58046502155658, -33.46053761602702], [-70.58036968033684, -33.45999002696562], [-70.58058221892614, -33.459959838845215], [-70.58056129627992, -33.459801568388606], [-70.58036656316371, -33.459818266151665], [-70.58023603169349, -33.459213858117074], [-70.58048163041866, -33.4591989505672], [-70.5804443808477, -33.45891718256123], [-70.58014093775968, -33.45685210562863], [-70.5787865900023, -33.45693200289978], [-70.57884414409887, -33.457274961371276], [-70.57886676743256, -33.457401442499624], [-70.57886558113208, -33.45740277158538], [-70.5788670267194, -33.45740304446511], [-70.57889741728145, -33.4575910752576], [-70.57892780906704, -33.457779106019565], [-70.57898885022246, -33.458156769485484], [-70.57907278176349, -33.45854206300805], [-70.57924064228348, -33.45912572451142], [-70.57974623500566, -33.45905110297166], [-70.57978083249506, -33.45922920564394], [-70.57951407972229, -33.459275555133715], [-70.57964986611807, -33.4598560353663], [-70.57942405976735, -33.45989730226374]], [[-70.57665211651619, -33.46015838294833], [-70.57665152400072, -33.46016553212512], [-70.57659949715912, -33.46017357363294], [-70.57659630858747, -33.46016557973337], [-70.57665211651619, -33.46015838294833]], [[-70.5759850583975, -33.4598963938967], [-70.57580189356261, -33.45991136551055], [-70.57580382100446, -33.45989182797536], [-70.57598328749897, -33.459877315522164], [-70.5759850583975, -33.4598963938967]], [[-70.57670053408725, -33.46041753732076], [-70.57670606814484, -33.460443649928926], [-70.5767056004734, -33.46046149690007], [-70.57669374962032, -33.46047579655642], [-70.57667943925797, -33.46048564537295], [-70.5766724909701, -33.4604881506792], [-70.57664421260242, -33.46049181561924], [-70.57663622956495, -33.460426415010474], [-70.57670053408725, -33.46041753732076]], [[-70.57898506262597, -33.46308946080387], [-70.57910206938936, -33.46306523034965], [-70.57911011211586, -33.4630663462599], [-70.57911454656023, -33.46307259449246], [-70.57911874278426, -33.46309744791573], [-70.57911118567803, -33.463105132240216], [-70.5790682022076, -33.46311247249337], [-70.57899675214777, -33.46312322630037], [-70.57898628420112, -33.4631215785341], [-70.57897932319783, -33.4631153209998], [-70.57897600627076, -33.46310092036412], [-70.57897792030342, -33.46309236912762], [-70.57898506262597, -33.46308946080387]], [[-70.57646920166839, -33.45993055735108], [-70.57628411701253, -33.45994764815908], [-70.57628106067551, -33.45991735647332], [-70.57646537329464, -33.45990201964127], [-70.57646920166839, -33.45993055735108]], [[-70.5762129784, -33.45992377217087], [-70.5762169229209, -33.459953856865454], [-70.57604464236357, -33.45997460286509], [-70.57604234361298, -33.4599408655433], [-70.5762129784, -33.45992377217087]], [[-70.57863463082313, -33.46203268445348], [-70.57859165330572, -33.46203967364448], [-70.57856011038062, -33.46190400192991], [-70.57859930825927, -33.46189732512723], [-70.57863463082313, -33.46203268445348]], [[-70.58032746260237, -33.46281175127928], [-70.58027764174636, -33.46282034610237], [-70.58024601977782, -33.46269512545242], [-70.58029650183833, -33.46268668364108], [-70.58032746260237, -33.46281175127928]], [[-70.57658924377702, -33.46045040539391], [-70.57613436421637, -33.46051265268932], [-70.57613092045895, -33.46050411190261], [-70.57636987442736, -33.46046686015316], [-70.57650663470068, -33.460438988253394], [-70.57658443436623, -33.460423131918006], [-70.57658924377702, -33.46045040539391]], [[-70.57911457388535, -33.459293835715805], [-70.57884623371113, -33.45937651371235], [-70.57883480007236, -33.459357242826506], [-70.57910726627904, -33.459265480404895], [-70.57911457388535, -33.459293835715805]], [[-70.5792435148019, -33.45960366626267], [-70.57922081065067, -33.459607534921474], [-70.57913964820418, -33.459313698449854], [-70.57916276687003, -33.459304034740356], [-70.5792435148019, -33.45960366626267]], [[-70.57623347908522, -33.460257222409226], [-70.57610295059668, -33.460268494026224], [-70.57609492059969, -33.46021325586029], [-70.5762267047252, -33.46020091944987], [-70.57623347908522, -33.460257222409226]], [[-70.58034342882668, -33.45882054029425], [-70.5802788963988, -33.458440272556096], [-70.58031254076333, -33.458436971266174], [-70.58036463433184, -33.458818293102986], [-70.58034342882668, -33.45882054029425]], [[-70.5766306800436, -33.465572034495096], [-70.57657080480968, -33.46557930380287], [-70.5765074084111, -33.465243443353344], [-70.5765690170454, -33.4652380260438], [-70.5766306800436, -33.465572034495096]], [[-70.58001862621711, -33.459578971840045], [-70.57980583357421, -33.45961516303501], [-70.57973754500473, -33.459334978123444], [-70.57995249281018, -33.459295031395456], [-70.58001862621711, -33.459578971840045]], [[-70.57735609381324, -33.46037698554302], [-70.57708905234901, -33.460438023561], [-70.57702038198777, -33.46017861840746], [-70.57728742450456, -33.46012902483258], [-70.57735609381324, -33.46037698554302]], [[-70.57633343260157, -33.46127373096389], [-70.57569062931789, -33.46139447788666], [-70.57574226774615, -33.46128792962377], [-70.5757767114418, -33.46122485651157], [-70.57582571048482, -33.46117949437268], [-70.57611027035198, -33.46117289294407], [-70.57629236086197, -33.46120636940254], [-70.57633343260157, -33.46127373096389]], [[-70.5818889273281, -33.46278216986033], [-70.58168482975057, -33.46281531342607], [-70.581585962984, -33.46238112408245], [-70.5817879575989, -33.46234717604026], [-70.5818889273281, -33.46278216986033]], [[-70.58165436946841, -33.4613527941739], [-70.58158838910461, -33.46111219593246], [-70.58223904439303, -33.46100613006643], [-70.58229082293505, -33.46124117086154], [-70.58165436946841, -33.4613527941739]], [[-70.57959588376502, -33.46062009916761], [-70.57968318594398, -33.46098733763763], [-70.57961753990456, -33.46100109396519], [-70.57918743689295, -33.46109531611582], [-70.57913136393182, -33.46085457127242], [-70.5790959736872, -33.46069128398513], [-70.57959588376502, -33.46062009916761]], [[-70.5797641110655, -33.464722801450215], [-70.57963117492561, -33.46401445496956], [-70.57991973516434, -33.463978128697015], [-70.58006470710357, -33.46468004823087], [-70.5797641110655, -33.464722801450215]], [[-70.5774553037545, -33.46300155836616], [-70.57761108489767, -33.463454666139725], [-70.57779101832637, -33.463436442078596], [-70.57787495095775, -33.46397814140483], [-70.57795888300316, -33.46442065587615], [-70.5777443693442, -33.46445075118068], [-70.57770631559923, -33.464456089271756], [-70.57752856982898, -33.46346843770543], [-70.5774651741562, -33.46347901777697], [-70.57731317651468, -33.46304840213866], [-70.57738663581269, -33.46303207744076], [-70.5774553037545, -33.46300155836616]], [[-70.58020967586592, -33.46151038437761], [-70.58022669452315, -33.46158545621765], [-70.58027209219985, -33.46157743817848], [-70.58037413786585, -33.46202244901484], [-70.58052586989601, -33.461997349703154], [-70.58054475276809, -33.46200450576187], [-70.5805570010516, -33.46201082114], [-70.58056595721236, -33.46201810287973], [-70.58057387899373, -33.462029098039075], [-70.58057855787055, -33.46204383027279], [-70.5805787759874, -33.462055846248255], [-70.58057571984585, -33.462069753641856], [-70.58056395810927, -33.46209024271821], [-70.580298862374, -33.46213627888757], [-70.58015600900012, -33.462161087071316], [-70.58008938262445, -33.46217150042937], [-70.57963745307211, -33.462250676676305], [-70.57970876655648, -33.46251272220008], [-70.57981643928403, -33.462922281848876], [-70.57975355051492, -33.46293241472115], [-70.57968466141656, -33.46294428972714], [-70.57957449601696, -33.46253258198686], [-70.57927526215599, -33.46257684155815], [-70.57882194750304, -33.46265034464457], [-70.5788136195215, -33.46263385064447], [-70.57880684191365, -33.46260477072084], [-70.57878750521515, -33.46252303568682], [-70.57924335721042, -33.46244566309652], [-70.5791879862744, -33.46221800314693], [-70.5790880680564, -33.46178081732851], [-70.57913570208409, -33.46177412035692], [-70.57921853847002, -33.46175965916059], [-70.57932479023353, -33.462196358335625], [-70.57953372363421, -33.46216118743003], [-70.57961220458739, -33.462149146083405], [-70.58006913946777, -33.4620728993181], [-70.58005723333605, -33.46201713100185], [-70.57997797812456, -33.46167263110031], [-70.57996629415152, -33.46163147147379], [-70.57977474871883, -33.46166255439688], [-70.57975639200751, -33.46161915576793], [-70.57973405184647, -33.46152835603551], [-70.57980103003773, -33.461515593618955], [-70.58019707477897, -33.46145183555392], [-70.58020967586592, -33.46151038437761]]]}}, {"type": "Feature", "properties": {"zona": "Z-6", "nombre": "Zona Z-6", "uperm": "Residencial de todo tipo; Equipamiento exclusivamente de las clases detalladas a continuación: Comercio, locales comerciales relacionados con el destino cultural. Servicios, en establecimientos destinados principalmente a actividades que i*", "uproh": "Equipamiento: Todo tipo de equipamiento, con excepción de los expresamente permitidos.Actividades Productivas: Todas en general.", "comuna": "Ñuñoa"}, "geometry": {"type": "Polygon", "coordinates": [[[-70.61585418968458, -33.454527599728166], [-70.61593227051193, -33.455165752967766], [-70.6159933126234, -33.45555867627909], [-70.61606961335522, -33.456027893796566], [-70.61652740191215, -33.4559782993594], [-70.61759728894239, -33.455862032143564], [-70.61810130454826, -33.45580684874655], [-70.61809419108997, -33.45576586327289], [-70.61806522578516, -33.45558012000609], [-70.61788549089975, -33.45440659929636], [-70.61729799677332, -33.45443330619865], [-70.61670287395683, -33.45446764280228], [-70.616008562803, -33.45451342430312], [-70.61585418968458, -33.454527599728166]], [[-70.61734150988467, -33.4554138814039], [-70.61727522453, -33.45542554747711], [-70.61719115432314, -33.45542437533029], [-70.61706987786539, -33.45536390621842], [-70.61689806935814, -33.45526996729901], [-70.61687156315345, -33.45523618510426], [-70.61685605907036, -33.4551976050506], [-70.61687468943899, -33.45510583713805], [-70.61696466815278, -33.45507363687565], [-70.61700890683818, -33.45506685429781], [-70.61705510860023, -33.45506625158569], [-70.61709781614928, -33.4550765542748], [-70.61728998122908, -33.4551717775708], [-70.61741310545874, -33.455232222360486], [-70.61741781892592, -33.455306670925935], [-70.61741245203848, -33.45538700199032], [-70.61734150988467, -33.4554138814039]]]}}, {"type": "Feature", "properties": {"zona": "Z-3B", "nombre": "Zona Z-3B", "uperm": "Residencial; Equipamiento: Clases de Equipamiento de acuerdo a lo definido en el artículo. 2.1.33 de la OGUC, excepto los expresamente prohibidos a continuación.", "uproh": "Comercio: Mercados y Discotecas. Deportes: Estadios. Esparcimiento: Parques zoológicos, Casinos de juegos y Juegos electrónicos o mecánicos, (salvo que estos últimos se emplacen en locales destinados exclusivamente al uso de equipamiento c*", "comuna": "Ñuñoa"}, "geometry": {"type": "Polygon", "coordinates": [[[-70.59210445012155, -33.45690544061614], [-70.59216254355768, -33.45744446811471], [-70.59380259101792, -33.45739408858729], [-70.59591530745232, -33.45733608477957], [-70.59590334377317, -33.45706227001806], [-70.59633876367815, -33.45704894801516], [-70.59632902330227, -33.45671512284772], [-70.59620695336503, -33.456720880264015], [-70.59588882423787, -33.45672993752963], [-70.59504024136018, -33.45677204722496], [-70.59488932263383, -33.45677953543577], [-70.59416356975301, -33.456805553556876], [-70.59387167883497, -33.45682265795585], [-70.59367716741006, -33.45683242051413], [-70.5936432919048, -33.45683354865655], [-70.593317585957, -33.456844396698436], [-70.59210445012155, -33.45690544061614]]]}}, {"type": "Feature", "properties": {"zona": "EI", "nombre": "EI Zona de Equipamiento Intercomunal", "uperm": "", "uproh": "Todos los otros usos de suelo", "comuna": "Ñuñoa"}, "geometry": {"type": "Polygon", "coordinates": [[[-70.60162400684293, -33.46554750644577], [-70.601572196845, -33.46555034938067], [-70.60154100413757, -33.465546406538586], [-70.60150949484347, -33.46552507777114], [-70.6014879939354, -33.4654840616595], [-70.60147403299581, -33.46542990583407], [-70.60130662538441, -33.46897427839634], [-70.60139763890339, -33.46897155484112], [-70.60169520115439, -33.46895629320741], [-70.60198513281192, -33.46893721825785], [-70.60232847245146, -33.46891432727898], [-70.60456399936389, -33.468792240925104], [-70.60494425808194, -33.468772231241175], [-70.60524305223613, -33.46875027341161], [-70.6055526579105, -33.468729636665174], [-70.60587476312956, -33.46870593058373], [-70.60615268097163, -33.468690239145594], [-70.60663426886904, -33.46865981426021], [-70.60670309592932, -33.46742117226817], [-70.60677536652688, -33.46625776205487], [-70.60678142750143, -33.46602169168406], [-70.6067902280196, -33.465934174020745], [-70.60677771819829, -33.465820711023866], [-70.60674308964258, -33.46563761137778], [-70.60670794403835, -33.46550006625181], [-70.6058762958674, -33.4654047021292], [-70.60536509876755, -33.46535511274194], [-70.60440374402215, -33.46524067479376], [-70.60427320277276, -33.46525521750189], [-70.60416793217658, -33.46526694483843], [-70.60394908185107, -33.46529132473838], [-70.60339661226851, -33.46534749595022], [-70.60287733598827, -33.465406090622636], [-70.6028509040413, -33.46540907302338], [-70.60284490596554, -33.46540975031224], [-70.60162400684293, -33.46554750644577]]]}}, {"type": "Feature", "properties": {"zona": "Z-4m", "nombre": "Zona Z-4m", "uperm": "Residencial: Equipamiento: Clases de Equipamiento de acuerdo a lo definido en el artículo. 2.1.33 de la OGUC, excepto los expresamente prohibidos.", "uproh": "Clínicas Psiquiátricas, Cementerios y Crematorios. Locales de Educación superior, Técnica y centros de Capacitación. Cuarteles de Bomberos; Cárceles y Centros de detención. Estadios, Saunas, baños turcos. Juegos electrónicos s. Parques zoo*", "comuna": "Ñuñoa"}, "geometry": {"type": "Polygon", "coordinates": [[[-70.58407800287024, -33.46768607606129], [-70.58358206685497, -33.46776619025231], [-70.58343710135047, -33.467758561502215], [-70.58297168485907, -33.46784630424026], [-70.58179669814764, -33.468040865216885], [-70.58175308286877, -33.46750945966541], [-70.58069552173106, -33.4679378442037], [-70.58077430846299, -33.46822016678281], [-70.58029433983101, -33.46830057286991], [-70.57987276705715, -33.46837237772817], [-70.5793579293707, -33.468466708038136], [-70.57926687687592, -33.46849400441168], [-70.57895668395746, -33.46855567780602], [-70.57898008632124, -33.468668719506326], [-70.57891151272008, -33.468679437584676], [-70.57844373029117, -33.46875254779789], [-70.57839612667591, -33.46853431399087], [-70.57750159271541, -33.46884598648015], [-70.57742918113804, -33.46887502917855], [-70.57737848011136, -33.46890544947561], [-70.57733984075801, -33.4689489488602], [-70.57731906016522, -33.468998838604264], [-70.57729773144379, -33.4690479344917], [-70.57734798736035, -33.46910048959075], [-70.57738973514968, -33.46917555994455], [-70.57743491838215, -33.46926883427856], [-70.57746433628759, -33.46934927504685], [-70.57748133404215, -33.46942987389909], [-70.57748910226422, -33.469515804636394], [-70.57748148393273, -33.469609751032195], [-70.57746737155911, -33.46968813956858], [-70.5774496809666, -33.46974050341241], [-70.57741606732235, -33.469811304121464], [-70.578853458396, -33.4705577143832], [-70.57968560379746, -33.47099678351125], [-70.579720925248, -33.471015420590106], [-70.58001490538607, -33.471170531823326], [-70.58005267481128, -33.47119045968299], [-70.57998151166727, -33.470887585985366], [-70.57990716432484, -33.47057115947317], [-70.57985979102517, -33.47031406429727], [-70.57969224113113, -33.47033767459404], [-70.57967045434732, -33.47023534972416], [-70.58029957362545, -33.470133548227594], [-70.58031094278725, -33.47018046185749], [-70.58078719866083, -33.470116121291404], [-70.58080086239589, -33.47017287888242], [-70.58080274352909, -33.47024334042967], [-70.58033155924512, -33.47035543614514], [-70.5803301539613, -33.470462778631145], [-70.58042583316681, -33.470813905053795], [-70.58043667958512, -33.470853709861075], [-70.58043808723194, -33.47085887384766], [-70.5804782955921, -33.471006430484216], [-70.58047884272946, -33.471036563699], [-70.58046861655163, -33.47106683520919], [-70.58030888655462, -33.47132564232456], [-70.58145777872888, -33.471906947049355], [-70.58200485783878, -33.47218704961157], [-70.58331640266427, -33.472880133717794], [-70.58341532902955, -33.47293115894197], [-70.58351425658466, -33.472982184069615], [-70.58361507079061, -33.47303221102683], [-70.58376772603941, -33.47309777951298], [-70.58399150857977, -33.473175941828245], [-70.58418277913671, -33.473238313413574], [-70.58438599982365, -33.47328476877603], [-70.58409169362271, -33.47211734396858], [-70.58442351391696, -33.47205928331692], [-70.5843963115647, -33.47194998171881], [-70.5843017683274, -33.47156993502144], [-70.5842756734296, -33.47151034540887], [-70.58415216562167, -33.47099266127872], [-70.58414187691824, -33.470949538165016], [-70.58413004694886, -33.47089995147157], [-70.58400808226001, -33.470388729775564], [-70.5842153625209, -33.47035642615229], [-70.58423949075387, -33.47045963465902], [-70.58428403311811, -33.47065016463785], [-70.58430022170779, -33.47066365472943], [-70.5843298115702, -33.470688312245436], [-70.58478759909764, -33.47061964265423], [-70.58482925588956, -33.47078447640203], [-70.58483111818768, -33.470791843109836], [-70.58485062063492, -33.470869013382746], [-70.5850546505479, -33.4716763376206], [-70.585069910485, -33.47171067002238], [-70.58515384188841, -33.47209214864074], [-70.58525484809576, -33.472513665668714], [-70.58547819873151, -33.47342033292622], [-70.58554910217562, -33.47342736279767], [-70.58605400873023, -33.473478414281615], [-70.58633323005746, -33.47350179969358], [-70.58642773437724, -33.47350957577583], [-70.58649637650257, -33.47351049437471], [-70.58654780184955, -33.47350803865242], [-70.58660991532093, -33.47350364871534], [-70.58669324018162, -33.473486406598084], [-70.58678085120737, -33.47346910954304], [-70.58684273531746, -33.473452141862836], [-70.58697722616841, -33.47341569096379], [-70.58710149278025, -33.47330369990189], [-70.58720041639181, -33.47324502589053], [-70.58734151514697, -33.473190226959616], [-70.58753149852753, -33.47316025045268], [-70.58765366029732, -33.473153562126086], [-70.5877942544069, -33.473151760823576], [-70.58791359542938, -33.47315791710767], [-70.5880161953583, -33.47316813141485], [-70.5881206061766, -33.47318594201107], [-70.58814192768642, -33.473189579113054], [-70.58826020634373, -33.47322136973271], [-70.58829042637387, -33.473233510670966], [-70.58834505918156, -33.473255458163116], [-70.58864589743175, -33.4731907273418], [-70.58872545952018, -33.47315126045555], [-70.58879726177301, -33.47310548548811], [-70.58888006252323, -33.473033937588575], [-70.58965127434894, -33.47213976737548], [-70.59046721398, -33.47120661846546], [-70.59022991876914, -33.471078391143486], [-70.59004272223598, -33.47096443778606], [-70.58994192479749, -33.47090307801686], [-70.58984123646769, -33.47084768418772], [-70.58980800050695, -33.47080653788975], [-70.58977748340014, -33.47078746332142], [-70.5896172567731, -33.470665391325774], [-70.5895028080509, -33.47049372640028], [-70.58944939852253, -33.47037928348031], [-70.58932731841996, -33.469921509765946], [-70.58922049695727, -33.46947899491724], [-70.58914419646864, -33.4691204054202], [-70.58911966571762, -33.46902090512364], [-70.58901182617424, -33.46854376816447], [-70.58888477482996, -33.468075155288176], [-70.58877893528162, -33.4676270377122], [-70.58859221134522, -33.46690220843673], [-70.58841599474916, -33.466158621227954], [-70.58841405953359, -33.4661504528753], [-70.58839583978995, -33.46607356972082], [-70.58716258238309, -33.466249087523806], [-70.58573442739142, -33.46645232746173], [-70.58589971981603, -33.46720986929196], [-70.58593204019877, -33.467357993100435], [-70.58455104959938, -33.467598333547535], [-70.58407800287024, -33.46768607606129]], [[-70.58355182938581, -33.467803526548515], [-70.58357879185778, -33.46794538950913], [-70.58352258885779, -33.46798286548299], [-70.58347859249501, -33.46780129055304], [-70.58353034185386, -33.467794524838], [-70.58355182938581, -33.467803526548515]], [[-70.58464079655104, -33.46798466521374], [-70.58499629255111, -33.46792126289178], [-70.5850178342631, -33.46800154908751], [-70.58512660657766, -33.46843571736556], [-70.58516437179834, -33.468607523308876], [-70.5847928884285, -33.46866873532207], [-70.58476556024547, -33.468553838569946], [-70.58465194310573, -33.46804288485514], [-70.58464079655104, -33.46798466521374]], [[-70.58316243601257, -33.46862833418664], [-70.58323110730018, -33.46893351677315], [-70.58304799196857, -33.468967851196886], [-70.58297009128651, -33.468981043541746], [-70.58258344107499, -33.46904652530119], [-70.58257494598419, -33.46904796398647], [-70.58253679724137, -33.469051778896784], [-70.58246049647366, -33.4687427820573], [-70.58316243601257, -33.46862833418664]], [[-70.58033916991549, -33.46904658474442], [-70.58013495294642, -33.46908045257488], [-70.58010565465278, -33.4690695099093], [-70.58007608169095, -33.46892208352902], [-70.58009243160028, -33.46890805626719], [-70.58037502748212, -33.468861082830934], [-70.5804022179861, -33.468871030534395], [-70.58043587438665, -33.46900905363611], [-70.58042750638562, -33.46903112632475], [-70.58033916991549, -33.46904658474442]], [[-70.58718999109534, -33.468836259396], [-70.58716325206373, -33.46872770729469], [-70.58749772659873, -33.46865481727532], [-70.58741920052854, -33.46831424391487], [-70.5874301332499, -33.468312304723334], [-70.58754521482781, -33.468291894824446], [-70.58744020279364, -33.46784660618284], [-70.58753429969194, -33.46783101754313], [-70.58764875011121, -33.46827353199482], [-70.58777083126121, -33.46875800912003], [-70.58787079249267, -33.469001925976734], [-70.58847848066648, -33.47152211167633], [-70.58906280172988, -33.471416360499894], [-70.58922027793007, -33.47210088898636], [-70.58848462848137, -33.4721089301148], [-70.5884544565014, -33.471988371205306], [-70.5883541440545, -33.47159046529977], [-70.58834308881323, -33.471546614700316], [-70.58822863769984, -33.47108884223778], [-70.58819104798042, -33.47092847130152], [-70.58809750758509, -33.47094406778469], [-70.58806504542984, -33.47094947992535], [-70.58803733890633, -33.470835302215846], [-70.58770995336809, -33.47083711070745], [-70.58767358144964, -33.470676250526346], [-70.58770675863636, -33.47067069405387], [-70.58792544944428, -33.47063406707045], [-70.58811418737132, -33.470600548884214], [-70.58800736568543, -33.47014659049371], [-70.58790054554913, -33.469688816287125], [-70.58787511520727, -33.46959278759052], [-70.58778994130266, -33.469239490091994], [-70.58778063548068, -33.46920638759478], [-70.58754422142533, -33.46924662137571], [-70.58748976326406, -33.46906705607763], [-70.58726063206836, -33.4691046889286], [-70.58724498081442, -33.469044252833214], [-70.58721199527741, -33.468916880131786], [-70.58718999109534, -33.468836259396]], [[-70.58551137696244, -33.47005176151769], [-70.58514496263122, -33.47012161070796], [-70.58498121800399, -33.469470353802244], [-70.58497499495654, -33.46942891388257], [-70.58534419840727, -33.469370499973586], [-70.5853595316889, -33.469432983949126], [-70.58539195343626, -33.46956510442415], [-70.58551137696244, -33.47005176151769]], [[-70.58619266022531, -33.471509849690506], [-70.58551243756533, -33.47162292791145], [-70.58543613668625, -33.47132156004018], [-70.58610094064002, -33.47120768128056], [-70.58626015384527, -33.471180407480134], [-70.58633512669589, -33.47148616569368], [-70.5862974875314, -33.471492422827765], [-70.58619266022531, -33.471509849690506]], [[-70.583787021499, -33.46881364843504], [-70.58372392796716, -33.46882787220276], [-70.58368504051253, -33.4686626048878], [-70.58375486265182, -33.46867122247387], [-70.583787021499, -33.46881364843504]], [[-70.58865475902363, -33.47276311547667], [-70.5883822772261, -33.47280955802835], [-70.58830385626645, -33.47254151769135], [-70.58845754485296, -33.47251556990498], [-70.58858574831861, -33.472491984059], [-70.58865475902363, -33.47276311547667]], [[-70.58641069708533, -33.472831196379516], [-70.58632106637896, -33.47284368880223], [-70.58638090752997, -33.4730973523236], [-70.58620948961763, -33.473124484041406], [-70.58615155135965, -33.47288634367072], [-70.58615112056515, -33.47288443459372], [-70.58606802143511, -33.47288728831684], [-70.58602242082404, -33.47270434445881], [-70.58637154140503, -33.47265497268003], [-70.58641069708533, -33.472831196379516]], [[-70.58654715049171, -33.47295741324935], [-70.58707099608475, -33.472865991946314], [-70.58713898761826, -33.47313653038616], [-70.58708725339801, -33.473168005865745], [-70.58690800307336, -33.47331609343769], [-70.58681123893203, -33.47336402579729], [-70.58668843691224, -33.473403025138715], [-70.58663310841831, -33.47341450232209], [-70.58644859189347, -33.47342500004054], [-70.58623956799117, -33.473407385420366], [-70.58594664673788, -33.47338055426242], [-70.58593467772027, -33.47320382467629], [-70.58657841867971, -33.47310564487157], [-70.58654715049171, -33.47295741324935]], [[-70.58197816365019, -33.47047792951755], [-70.58207040843548, -33.47085375633671], [-70.58178071969999, -33.470893246142055], [-70.58168269724597, -33.47051272032416], [-70.58197816365019, -33.47047792951755]], [[-70.5810303977438, -33.470652279551764], [-70.58111948873015, -33.47101144540638], [-70.58083010220834, -33.47106763111055], [-70.58081760647849, -33.47103212117174], [-70.58078511846037, -33.47088936944908], [-70.58075263163407, -33.4707466176979], [-70.5807407968102, -33.47069653740548], [-70.5810303977438, -33.470652279551764]], [[-70.58298982524809, -33.47087828288703], [-70.58292757958522, -33.470637261210726], [-70.58291829988599, -33.47057769188271], [-70.58353631153291, -33.47047087358892], [-70.58362024241666, -33.47076842703149], [-70.58351375189204, -33.47078698393492], [-70.5830356380826, -33.4708702999512], [-70.58298982524809, -33.47087828288703]], [[-70.5826774275978, -33.47133489322711], [-70.58275174286112, -33.47169707279351], [-70.58276672808879, -33.47173652690743], [-70.58268351784224, -33.4717532806237], [-70.58268481561042, -33.471756417761405], [-70.58241474233662, -33.47164964992499], [-70.58253030446535, -33.47145246827409], [-70.58254856382699, -33.47142710100308], [-70.58257547533569, -33.47136482843171], [-70.5826774275978, -33.47133489322711]], [[-70.58378636275529, -33.47162942361089], [-70.58404161735228, -33.471586926036586], [-70.58405114518474, -33.47163506856338], [-70.58379430899122, -33.47167350647841], [-70.58378636275529, -33.47162942361089]], [[-70.58431839471739, -33.47193469255656], [-70.58415768569962, -33.47196201637912], [-70.584129900614, -33.47183261939975], [-70.58432340060521, -33.47179972062868], [-70.5843474082295, -33.47190123608078], [-70.58433922639205, -33.47192533665885], [-70.58431839471739, -33.47193469255656]], [[-70.58389909974773, -33.47269822342517], [-70.58366366663786, -33.472740418753325], [-70.58356532933557, -33.472360264869245], [-70.58380652629563, -33.47231677950538], [-70.58389909974773, -33.47269822342517]], [[-70.57944612700636, -33.47042121722815], [-70.57898365888656, -33.47049449455285], [-70.57897553002054, -33.47045900723258], [-70.57943572215726, -33.47037974461506], [-70.57944612700636, -33.47042121722815]]]}}, {"type": "Feature", "properties": {"zona": "Z-4C", "nombre": "Zona Z-4C", "uperm": "Residencial: Equipamiento: Clases de Equipamiento de acuerdo a lo definido en el artículo. 2.1.33 de la OGUC, excepto los expresamente prohibidos.", "uproh": "Clínicas Psiquiátricas, Cementerios y Crematorios. Locales de Educación superior, Técnica y centros de Capacitación. Cuarteles de Bomberos; Cárceles y Centros de detención. Estadios, Saunas, baños turcos. Juegos electrónicos s. Parques zoo*", "comuna": "Ñuñoa"}, "geometry": {"type": "Polygon", "coordinates": [[[-70.59953931446064, -33.446257967245735], [-70.59945654736929, -33.446434592426144], [-70.59928569448559, -33.44788512383567], [-70.59928215561112, -33.4479178492413], [-70.59931223916969, -33.44801672508701], [-70.59905231368502, -33.44943308020586], [-70.59872735982874, -33.44938773724776], [-70.59841263967537, -33.4493438198486], [-70.59908948514706, -33.453298523266255], [-70.59958870207754, -33.45324285938466], [-70.60010672445864, -33.45329203954801], [-70.60011489304381, -33.45321852219757], [-70.60013760396373, -33.453014119885495], [-70.60019045561387, -33.452620147367874], [-70.60020166671931, -33.45246307016983], [-70.60022250665877, -33.452255166712625], [-70.6002885537787, -33.4522622078373], [-70.60037347153678, -33.45227126169013], [-70.60133024996739, -33.452367170808564], [-70.60132192132588, -33.45247575536244], [-70.60131553460688, -33.45256081667241], [-70.60143690024576, -33.45257449791691], [-70.60186116837747, -33.45259443067623], [-70.60225203407819, -33.45260992923951], [-70.6033202049211, -33.452659515065584], [-70.60337361360158, -33.45266714366629], [-70.6034870611521, -33.452707983890726], [-70.6042562065051, -33.45282402365483], [-70.60443931587987, -33.451643573962], [-70.6044563519079, -33.451455805687814], [-70.60462077329508, -33.45036847809124], [-70.60462827928912, -33.450227610279924], [-70.60377250376482, -33.45009267160152], [-70.60376387116882, -33.45008126146807], [-70.60376494176049, -33.450067479337115], [-70.60462997990368, -33.450195708485275], [-70.60463092628356, -33.45017793554434], [-70.60473789102282, -33.44940202190582], [-70.60476824868563, -33.44928852738464], [-70.6048771362741, -33.44861709936327], [-70.60488577839696, -33.448567710439875], [-70.60465368773426, -33.448533884903874], [-70.60465052708514, -33.448495514050954], [-70.60489226061985, -33.44853065949484], [-70.60516761893011, -33.44695690517584], [-70.60512138722706, -33.44695034592283], [-70.6053795526687, -33.44529772726135], [-70.6043501621862, -33.44515963776317], [-70.60330638543336, -33.44504977813709], [-70.6032836301328, -33.445047383150786], [-70.60290050004822, -33.445007055358516], [-70.6025987875704, -33.44497633541072], [-70.60254529257637, -33.44497088813621], [-70.60219008535705, -33.4449347198869], [-70.60191266658327, -33.444906436694254], [-70.60174840131648, -33.44489066040121], [-70.60142413441845, -33.44485730883913], [-70.60139645257524, -33.44485446129286], [-70.60109986879232, -33.444823955505605], [-70.60088700936136, -33.44480368682317], [-70.60088455989745, -33.44480345331377], [-70.59977489253359, -33.4446977838534], [-70.5997687586527, -33.44469719925457], [-70.5997465174364, -33.444695081059265], [-70.59961206726155, -33.44570899573391], [-70.59953931446064, -33.446257967245735]], [[-70.60416110066195, -33.44622440145668], [-70.60409472464252, -33.44670870332397], [-70.60406050655595, -33.446705548661356], [-70.60412814883323, -33.44622118262727], [-70.60416110066195, -33.44622440145668]], [[-70.60053159593112, -33.448079051969756], [-70.60052153730012, -33.44808338437779], [-70.59956230894097, -33.447989292602884], [-70.5995700929431, -33.44796337356811], [-70.60053807817683, -33.4480575957253], [-70.60053159593112, -33.448079051969756]], [[-70.6036512481763, -33.45006580366441], [-70.60363895561608, -33.450071512562396], [-70.60362981742827, -33.45007424609014], [-70.60360847238054, -33.45007098071242], [-70.60369774725436, -33.44940733854958], [-70.60381973196787, -33.44850722645175], [-70.60383886977095, -33.44850970960854], [-70.60385256422587, -33.44851979800046], [-70.60385406564889, -33.44853789189021], [-70.60379123407169, -33.44901760239176], [-70.60373501296665, -33.44944683560733], [-70.6036870372778, -33.44981311969831], [-70.6036512481763, -33.45006580366441]], [[-70.60394262864091, -33.450215561948745], [-70.6039338381033, -33.4502842708843], [-70.60377008197901, -33.45026738522716], [-70.60373545027129, -33.45054354426209], [-70.60370553708667, -33.45054131953875], [-70.60373468008153, -33.450274393236604], [-70.603743733522, -33.450218261477865], [-70.60374503582824, -33.450205670376114], [-70.60377185714125, -33.45019060547463], [-70.60394262864091, -33.450215561948745]], [[-70.60144708130943, -33.451436887270305], [-70.6014203790312, -33.45164479359116], [-70.60098548013937, -33.45161427734961], [-70.60100065051839, -33.45144980081221], [-70.60100219881583, -33.451433011230314], [-70.6010089635446, -33.45135966345508], [-70.60145391570181, -33.45138367560561], [-70.60144708130943, -33.451436887270305]]]}}, {"type": "Feature", "properties": {"zona": "Z-4m", "nombre": "Zona Z-4m", "uperm": "Residencial: Equipamiento: Clases de Equipamiento de acuerdo a lo definido en el artículo. 2.1.33 de la OGUC, excepto los expresamente prohibidos.", "uproh": "Clínicas Psiquiátricas, Cementerios y Crematorios. Locales de Educación superior, Técnica y centros de Capacitación. Cuarteles de Bomberos; Cárceles y Centros de detención. Estadios, Saunas, baños turcos. Juegos electrónicos s. Parques zoo*", "comuna": "Ñuñoa"}, "geometry": {"type": "Polygon", "coordinates": [[[-70.58056129627992, -33.459801568388606], [-70.58058221892614, -33.459959838845215], [-70.58065639242814, -33.46052089512818], [-70.58069031865719, -33.4607775180048], [-70.58146092213084, -33.46060584839969], [-70.58173796129083, -33.460547925432344], [-70.58173630900397, -33.46036959328392], [-70.58260185844081, -33.46018980956281], [-70.58246435149654, -33.45967621515059], [-70.58160581750106, -33.45984515123545], [-70.58133915318831, -33.45876793660021], [-70.5804443808477, -33.45891718256123], [-70.58048163041866, -33.4591989505672], [-70.58056129627992, -33.459801568388606]]]}}, {"type": "Feature", "properties": {"zona": "Z-3B", "nombre": "Zona Z-3B", "uperm": "Residencial; Equipamiento: Clases de Equipamiento de acuerdo a lo definido en el artículo. 2.1.33 de la OGUC, excepto los expresamente prohibidos a continuación.", "uproh": "Comercio: Mercados y Discotecas. Deportes: Estadios. Esparcimiento: Parques zoológicos, Casinos de juegos y Juegos electrónicos o mecánicos, (salvo que estos últimos se emplacen en locales destinados exclusivamente al uso de equipamiento c*", "comuna": "Ñuñoa"}, "geometry": {"type": "Polygon", "coordinates": [[[-70.62254153573782, -33.458944797309236], [-70.62217518252682, -33.458973904882654], [-70.62209717427169, -33.45896905849511], [-70.62150586632953, -33.45903200718857], [-70.6209145584891, -33.459094953071336], [-70.62096034192942, -33.45969387458329], [-70.62103530768536, -33.460548719379204], [-70.62108276483393, -33.46063163775865], [-70.62123816352084, -33.4607717639993], [-70.62131849302308, -33.460821217426265], [-70.62139638665289, -33.46086922456781], [-70.62147877014874, -33.460919998348835], [-70.62159765518157, -33.46080074270805], [-70.62183274852482, -33.46093940073152], [-70.62175778886423, -33.461064365796894], [-70.62181539762992, -33.46107964740586], [-70.62189929557897, -33.46108595087665], [-70.62197437724801, -33.46109236966299], [-70.62204043479535, -33.4610878040956], [-70.62276301001405, -33.46103383516427], [-70.62284483750788, -33.461029381945195], [-70.62338735725913, -33.46099129960162], [-70.62339787232163, -33.4608709644589], [-70.6236114677501, -33.46009556621279], [-70.62378798209842, -33.459460367260036], [-70.62381387754778, -33.4593772293809], [-70.62389279641276, -33.45907524282957], [-70.62339577367793, -33.45882471266028], [-70.62343340342946, -33.458785503422526], [-70.623606451987, -33.45860519336406], [-70.62371513405476, -33.45849294764356], [-70.62374658837136, -33.45846046297828], [-70.6238730713942, -33.45832983193191], [-70.62405228291405, -33.45813376134434], [-70.62429899450903, -33.45786383816047], [-70.62454888355596, -33.45759043689046], [-70.62474163937827, -33.4573832143744], [-70.62467972492355, -33.45733541739257], [-70.62450070495326, -33.45719847097949], [-70.62446435681534, -33.457170665116806], [-70.62432168552748, -33.45706152338629], [-70.62424672272458, -33.45706314420399], [-70.62396840191428, -33.457091475806465], [-70.62321406404266, -33.45793306322119], [-70.6231915982937, -33.45795812703899], [-70.62281336763061, -33.458380097622545], [-70.62274158605435, -33.458460178248394], [-70.62248314652378, -33.45874850133262], [-70.6226270458766, -33.45883251675939], [-70.62254153573782, -33.458944797309236]]]}}, {"type": "Feature", "properties": {"zona": "CD", "nombre": "CD Zona de Centro Deportivo", "uperm": "", "uproh": "Todos los otros usos de suelo", "comuna": "Ñuñoa"}, "geometry": {"type": "Polygon", "coordinates": [[[-70.58050725563737, -33.467090991406835], [-70.58052131532757, -33.46716225002311], [-70.58170261114724, -33.467025692568036], [-70.58164830666358, -33.46674687468846], [-70.5814991195758, -33.46598088273476], [-70.58139837164019, -33.465417661365116], [-70.58139300270037, -33.46538764557142], [-70.58133125501236, -33.46504244548786], [-70.5811481403615, -33.46506533541431], [-70.58014863878957, -33.465195044149276], [-70.58017988266842, -33.46537580006098], [-70.58018613429543, -33.46541196509344], [-70.580255462065, -33.46581303881588], [-70.5803546531267, -33.46627462805599], [-70.58050725563737, -33.467090991406835]]]}}, {"type": "Feature", "properties": {"zona": "Z-4m", "nombre": "Zona Z-4m", "uperm": "Residencial: Equipamiento: Clases de Equipamiento de acuerdo a lo definido en el artículo. 2.1.33 de la OGUC, excepto los expresamente prohibidos.", "uproh": "Clínicas Psiquiátricas, Cementerios y Crematorios. Locales de Educación superior, Técnica y centros de Capacitación. Cuarteles de Bomberos; Cárceles y Centros de detención. Estadios, Saunas, baños turcos. Juegos electrónicos s. Parques zoo*", "comuna": "Ñuñoa"}, "geometry": {"type": "Polygon", "coordinates": [[[-70.62338735725913, -33.46099129960162], [-70.62284483750788, -33.461029381945195], [-70.62276301001405, -33.46103383516427], [-70.62204043479535, -33.4610878040956], [-70.62197437724801, -33.46109236966299], [-70.62189929557897, -33.46108595087665], [-70.62181539762992, -33.46107964740586], [-70.62175778886423, -33.461064365796894], [-70.62177357221059, -33.46120626394073], [-70.62125375623336, -33.4612446510077], [-70.62125299829324, -33.461244047678754], [-70.62117752594243, -33.46118394051901], [-70.62111208422687, -33.46112548232636], [-70.6210543412881, -33.461171013323245], [-70.62092168483369, -33.461232400579604], [-70.62071783258921, -33.46129233244781], [-70.62003834155878, -33.4613384044242], [-70.6183978598123, -33.461453882104905], [-70.61754740889786, -33.461493616993515], [-70.61605742348434, -33.461587022187764], [-70.61507776184477, -33.46165691630802], [-70.6150901449929, -33.46175088878052], [-70.61513032221347, -33.46221418047847], [-70.61513071355208, -33.4622186881318], [-70.61514317393483, -33.462421049521026], [-70.61515563437881, -33.46262340999928], [-70.61535517978481, -33.46261681164891], [-70.61744571894941, -33.46247506779276], [-70.6174908084495, -33.462472010160255], [-70.61759014705889, -33.46476001080395], [-70.61746918698618, -33.46592937685307], [-70.61739458610955, -33.4659215377693], [-70.6171857358506, -33.465899591822705], [-70.61716459736459, -33.46589737048492], [-70.61667510941182, -33.465822074338284], [-70.61615177382095, -33.4657607721072], [-70.6156817386682, -33.465688741779594], [-70.6155861946741, -33.46571927958335], [-70.6151811390742, -33.465678174408914], [-70.61509399497878, -33.4657044629716], [-70.61503213971721, -33.46572655308927], [-70.61499101647186, -33.465747404459464], [-70.61494085135476, -33.465778048453934], [-70.61489567146833, -33.4658289447694], [-70.61485514261798, -33.465874188227545], [-70.61466723761176, -33.46630790805119], [-70.6146329846083, -33.466386964905595], [-70.61456801581336, -33.46652410466957], [-70.61438294207944, -33.46692647749673], [-70.6143504487205, -33.46700772624389], [-70.6141516589648, -33.46744670946614], [-70.61408310289619, -33.46759810040439], [-70.61406997832194, -33.46762727684886], [-70.61403977413464, -33.467694418157585], [-70.61402752586393, -33.46780997655931], [-70.61400181435103, -33.46820922264231], [-70.61399611646699, -33.46835435686588], [-70.61396489135701, -33.46883567978418], [-70.61396328214661, -33.468860491103214], [-70.6139233852533, -33.46947549220671], [-70.61391075106897, -33.46971110969382], [-70.61391313166556, -33.46983950806408], [-70.61391604129298, -33.46999643880061], [-70.61392692072631, -33.47012472648454], [-70.61394072807785, -33.47018162608688], [-70.61395453652476, -33.47023852567261], [-70.61400972112065, -33.47035859514435], [-70.61405027517219, -33.470446833021285], [-70.61408759241115, -33.470597273351935], [-70.61410290668105, -33.47065018165104], [-70.61475194530854, -33.47068126444628], [-70.61516992490279, -33.470710123981334], [-70.61561071588119, -33.47073513782698], [-70.61583440888572, -33.470746302532774], [-70.61596028953983, -33.47075258552627], [-70.61605410387371, -33.47075726735907], [-70.61658856759637, -33.4707834856783], [-70.61711502371791, -33.470814001477954], [-70.61753466258824, -33.470836887408716], [-70.6179466713729, -33.47085595849998], [-70.61834342052575, -33.470878844721156], [-70.6187783185578, -33.47090173097094], [-70.61945737070684, -33.470936060211194], [-70.6198541194245, -33.47095894609339], [-70.6200589768865, -33.47097826648709], [-70.6202508693833, -33.47098946194503], [-70.62046068843286, -33.471000905176425], [-70.62052918832467, -33.47100464123844], [-70.62067050752243, -33.47101234805078], [-70.62108251659886, -33.4710428645848], [-70.62156319418287, -33.47108100891666], [-70.62164273637978, -33.47103441591688], [-70.6216936434718, -33.47103374976064], [-70.62176592342763, -33.47103418188036], [-70.62184146214523, -33.4710331933188], [-70.62186445317124, -33.47103289243025], [-70.62189761244251, -33.47103498537872], [-70.62190063113178, -33.47103517583718], [-70.62192036339616, -33.471036295578855], [-70.62193678448176, -33.47103608066249], [-70.62196793361446, -33.47103291609766], [-70.6219785313569, -33.47103214160456], [-70.6219908978913, -33.47103123754447], [-70.62203844350614, -33.471026480367044], [-70.62209083818723, -33.471017524825896], [-70.62226103148323, -33.47098359691566], [-70.62230496420963, -33.47093135525302], [-70.62231532729847, -33.470926651838745], [-70.6223654355063, -33.470903911933505], [-70.62242336679391, -33.47087650183829], [-70.62252673300355, -33.469603388847844], [-70.62264653933404, -33.468393862786066], [-70.6227171428693, -33.46798133819136], [-70.62294245646217, -33.46689570024633], [-70.62299954853117, -33.46671301348535], [-70.62289603865447, -33.46669647311189], [-70.62355714142224, -33.46447098871162], [-70.62361777370943, -33.46426687835716], [-70.62421865921729, -33.46224400265721], [-70.62482053052082, -33.462358387270825], [-70.62490193511147, -33.46207447092098], [-70.62499975787507, -33.46181503760824], [-70.62508807319291, -33.46163557577716], [-70.62484514542162, -33.46142761491312], [-70.62448721135883, -33.461151387438285], [-70.62424115936294, -33.460933659800354], [-70.62338735725913, -33.46099129960162]], [[-70.62338577423326, -33.46243791697367], [-70.62331625248011, -33.462672708429054], [-70.62329669939326, -33.46266903616122], [-70.62336169602011, -33.4624333958444], [-70.62338577423326, -33.46243791697367]], [[-70.61897158539266, -33.469008869612004], [-70.61896999346378, -33.469038120442626], [-70.61861518087748, -33.46901889359233], [-70.61861603751976, -33.46898846015144], [-70.61897158539266, -33.469008869612004]], [[-70.6181334696336, -33.46760462320458], [-70.61812876990122, -33.4676580736789], [-70.617891510579, -33.46764476607629], [-70.61789834031997, -33.46759099019875], [-70.6181334696336, -33.46760462320458]], [[-70.61812499753566, -33.467767088990364], [-70.61811798787747, -33.46784950116209], [-70.61788631780102, -33.46783820921631], [-70.61789072530588, -33.467753683771704], [-70.61812499753566, -33.467767088990364]], [[-70.61808758969379, -33.46706418950337], [-70.61808609633923, -33.46709621216948], [-70.61789146360884, -33.467086358426684], [-70.61763391496505, -33.467073317872554], [-70.61745090454953, -33.46706405123502], [-70.6174540683827, -33.467030479074424], [-70.61769396685855, -33.46704299375817], [-70.61795133039266, -33.46705678963178], [-70.61808758969379, -33.46706418950337]], [[-70.62008355598194, -33.46930234572473], [-70.62017589568647, -33.46930754244611], [-70.62015260441414, -33.469574572276976], [-70.62006390436801, -33.46956785437809], [-70.62008355598194, -33.46930234572473]], [[-70.61804953835875, -33.46208540816616], [-70.61787891337933, -33.46209527040274], [-70.61786611407632, -33.46195121252555], [-70.6178645141441, -33.461933204050766], [-70.61803272078214, -33.46191573762643], [-70.61804840478116, -33.46207396974108], [-70.61804953835875, -33.46208540816616]], [[-70.61611405997057, -33.462227101757], [-70.615950265072, -33.46223687228555], [-70.61593559952601, -33.46206322152349], [-70.61610084340084, -33.462056116871196], [-70.61611405997057, -33.462227101757]], [[-70.61812013873977, -33.467178031549054], [-70.61811464886785, -33.46724529932797], [-70.61781146287608, -33.467225680957], [-70.61767810296425, -33.46721705162578], [-70.61768670672117, -33.46715253888215], [-70.61812013873977, -33.467178031549054]], [[-70.61704639938465, -33.46199003421292], [-70.61704987791386, -33.462073808407354], [-70.61705335646997, -33.46215758350203], [-70.61688721375346, -33.46216356935773], [-70.61687566713381, -33.46200292480693], [-70.61687458785676, -33.461987912614056], [-70.61704639938465, -33.46199003421292]], [[-70.62388776149227, -33.462885373248035], [-70.62387342994995, -33.462942851415704], [-70.62338418681054, -33.46284255445264], [-70.62340468453965, -33.462785223732396], [-70.62388776149227, -33.462885373248035]], [[-70.61791786504583, -33.4666271817074], [-70.61791559294733, -33.46670478932264], [-70.61791332044223, -33.466782433015446], [-70.61754449271008, -33.46678070910812], [-70.61754449183897, -33.46678066222444], [-70.61754444879203, -33.46678066188445], [-70.61754193061094, -33.46661988256651], [-70.61754192439955, -33.46661949035234], [-70.61791786439234, -33.46662714654463], [-70.61791786397008, -33.46662718172145], [-70.61791786504583, -33.4666271817074]], [[-70.61762574753557, -33.46714701093906], [-70.61755873848313, -33.46753211839098], [-70.61738221386014, -33.46752380411906], [-70.61747360144116, -33.46714069357726], [-70.61762574753557, -33.46714701093906]], [[-70.62352301665152, -33.464248785376085], [-70.62345980094496, -33.46445475482688], [-70.62325754743829, -33.46442102424658], [-70.62328423091292, -33.46432523166263], [-70.62304480672799, -33.46427169734811], [-70.62307838284097, -33.4641638833629], [-70.62352301665152, -33.464248785376085]], [[-70.62076266706661, -33.466799504037354], [-70.62075545886661, -33.46694364991816], [-70.62022391246208, -33.46692090112527], [-70.6202247945001, -33.46679114726261], [-70.62076266706661, -33.466799504037354]], [[-70.62142267927783, -33.46593542622608], [-70.62143246627365, -33.46578831562763], [-70.62146415472212, -33.46579086716039], [-70.62177917281588, -33.4658162297051], [-70.62176755381714, -33.465900371644665], [-70.62173903597117, -33.46610690347239], [-70.62141289335207, -33.46608253770894], [-70.62142267927783, -33.46593542622608]], [[-70.62198416230692, -33.46485410005007], [-70.62192674585394, -33.465134023896994], [-70.62158915841783, -33.46512173948654], [-70.62162907665129, -33.46481937638949], [-70.62189288362865, -33.46484455742882], [-70.62198416230692, -33.46485410005007]], [[-70.62120032533188, -33.46555274331189], [-70.62116253504193, -33.46584720367545], [-70.6208357390642, -33.465825945401484], [-70.62082048869962, -33.46582495353049], [-70.62085813802008, -33.46552285931952], [-70.62120032533188, -33.46555274331189]], [[-70.61967297194631, -33.46567993947321], [-70.61964762601568, -33.46582883331912], [-70.6193484501623, -33.4657848908196], [-70.61927765268095, -33.46577449248678], [-70.61932694037117, -33.46548560897349], [-70.61969484816609, -33.46555142898751], [-70.61967297194631, -33.46567993947321]], [[-70.61930483910736, -33.46431722960886], [-70.61925687373719, -33.4646149383018], [-70.61889042244901, -33.4645669793284], [-70.61893309297639, -33.46428963465913], [-70.61930483910736, -33.46431722960886]], [[-70.61912472622194, -33.46526682145119], [-70.61906650711772, -33.46556536562561], [-70.61871251443519, -33.46551180992889], [-70.61875945215044, -33.46522005340689], [-70.61912472622194, -33.46526682145119]], [[-70.61952139229248, -33.46450345841043], [-70.6198897774043, -33.464564500113795], [-70.61984235007151, -33.46486147237989], [-70.6197364698705, -33.464849415323044], [-70.61973694455301, -33.46484809425427], [-70.61952017143965, -33.464820580547084], [-70.61946395808158, -33.46481344573339], [-70.61952139229248, -33.46450345841043]], [[-70.6213891777939, -33.464549307244276], [-70.6213248863588, -33.46491880013717], [-70.62092701931611, -33.464879861640114], [-70.62099956175983, -33.464494751373834], [-70.6213891777939, -33.464549307244276]], [[-70.62064581550916, -33.46526784034259], [-70.62056135805177, -33.4656438462262], [-70.62016396596775, -33.46558705555693], [-70.6200727993612, -33.4655740272807], [-70.62014579634253, -33.46519461199263], [-70.62064581550916, -33.46526784034259]], [[-70.62116637305935, -33.46282581304666], [-70.62110812590892, -33.4631290507205], [-70.62104897896374, -33.4631228766467], [-70.62068692505487, -33.46308508128289], [-70.62068276508991, -33.46298396590395], [-70.62043020550902, -33.462996812217], [-70.620432123432, -33.46309986609219], [-70.62021133337215, -33.46310656999071], [-70.620205007807, -33.46301926192834], [-70.62019219627159, -33.46289610079894], [-70.62116637305935, -33.46282581304666]], [[-70.61644321120598, -33.46914451584579], [-70.61641419841824, -33.46928327705736], [-70.61630827098749, -33.469795609982704], [-70.61630780497276, -33.469795547521656], [-70.61624986859034, -33.47007450080043], [-70.61614654061191, -33.470061711285545], [-70.61605987095078, -33.47005047925366], [-70.6160922865791, -33.46990578391421], [-70.61609503179733, -33.469864528265866], [-70.61611401153809, -33.46975239547567], [-70.61616162417077, -33.46948089701315], [-70.61624785529412, -33.46897216232625], [-70.61647348161151, -33.469010379931184], [-70.61647338016923, -33.46901082765919], [-70.61647420377074, -33.46901096662006], [-70.61644321120598, -33.46914451584579]], [[-70.61525109376431, -33.46703376617323], [-70.61501394061438, -33.4670074544834], [-70.61486596332992, -33.467805687348736], [-70.6146127615245, -33.46776372088018], [-70.61455858590678, -33.46775474193942], [-70.61488197157357, -33.46703363532876], [-70.61491276314293, -33.46699936503356], [-70.61501394061438, -33.4670074544834], [-70.61509112068622, -33.46677826625503], [-70.61542524967146, -33.4668594598499], [-70.61540690144237, -33.46705105257593], [-70.61525109376431, -33.46703376617323]], [[-70.61912434922715, -33.46319522158009], [-70.61912754321955, -33.463366978143284], [-70.61951921085229, -33.463363770052325], [-70.61952099008055, -33.46333702202622], [-70.6198577983721, -33.46332307647895], [-70.61978933358452, -33.46368283934807], [-70.62022319472396, -33.463743979425345], [-70.62028269066872, -33.463391968476245], [-70.62013562501768, -33.46334001126813], [-70.62005343566376, -33.46331097537208], [-70.62013404737878, -33.4633183708816], [-70.62105552150611, -33.4634029105603], [-70.62103667351265, -33.463501031560725], [-70.62100804586565, -33.46353661695282], [-70.62098077659795, -33.46358667875097], [-70.62096192875958, -33.46363672960418], [-70.62040442959, -33.463569810934246], [-70.62033700223398, -33.46386275037132], [-70.61880915178911, -33.46363647033618], [-70.61878064058818, -33.4632054378119], [-70.61912434922715, -33.46319522158009]]]}}, {"type": "Feature", "properties": {"zona": "Z-1B", "nombre": "Zona Z-1B", "uperm": "Residencial de todo tipo; Equipamiento: clase de equipamiento de acurdo a lo definido en el artículo 2.1.33. de la OGUC, excepto los expresamente prohibidos.", "uproh": "Equipamiento: Esparcimiento: Parques zoológicos y casinos de juegos; Salud: cementerios y crematorio; Seguridad: cárceles y centro de detención. Actividad productiva de todo tipo.", "comuna": "Ñuñoa"}, "geometry": {"type": "Polygon", "coordinates": [[[-70.58843180555952, -33.455588852534596], [-70.58851506785173, -33.45616007355468], [-70.58978884108184, -33.45609453740099], [-70.58978578328272, -33.456070011552605], [-70.59088696483528, -33.45599060329953], [-70.59088921186999, -33.45601048425352], [-70.591988458444, -33.45593721813009], [-70.59198180712491, -33.45588170368427], [-70.59198088530482, -33.45587400484258], [-70.59192202298651, -33.4553826525098], [-70.59082613516323, -33.455452409981135], [-70.58992816378395, -33.45550314464939], [-70.58992612385137, -33.455503259194415], [-70.58971659675814, -33.45551509653188], [-70.58843180555952, -33.455588852534596]]]}}, {"type": "Feature", "properties": {"zona": "Z-3B", "nombre": "Zona Z-3B", "uperm": "Residencial; Equipamiento: Clases de Equipamiento de acuerdo a lo definido en el artículo. 2.1.33 de la OGUC, excepto los expresamente prohibidos a continuación.", "uproh": "Comercio: Mercados y Discotecas. Deportes: Estadios. Esparcimiento: Parques zoológicos, Casinos de juegos y Juegos electrónicos o mecánicos, (salvo que estos últimos se emplacen en locales destinados exclusivamente al uso de equipamiento c*", "comuna": "Ñuñoa"}, "geometry": {"type": "Polygon", "coordinates": [[[-70.60675524360028, -33.44715127687901], [-70.60647701694343, -33.44882697303483], [-70.60616435260654, -33.45048183669845], [-70.60610633220972, -33.45047451342693], [-70.60596827803755, -33.45154080853954], [-70.60573427929663, -33.45276810489269], [-70.60582807682374, -33.45277627520855], [-70.60638290272038, -33.45283221208874], [-70.60663970560397, -33.45285470881384], [-70.60679034712365, -33.45286710261168], [-70.6070332148246, -33.45287543280594], [-70.60713510269731, -33.452869305116806], [-70.60824905128574, -33.4528120767758], [-70.6084779452528, -33.45281588959345], [-70.60865343050344, -33.45283114762997], [-70.6090501805604, -33.45290744089976], [-70.60912647739391, -33.452915070219284], [-70.60972347497966, -33.45289824763685], [-70.6102633155424, -33.45289217499974], [-70.61062207718064, -33.452883712888344], [-70.61069597055412, -33.45288196907389], [-70.61107207463375, -33.45287309634398], [-70.61171975457958, -33.452852854852736], [-70.61195717509254, -33.45180311255044], [-70.6122180293808, -33.450703270350616], [-70.61237626629988, -33.450200757308984], [-70.61249036622382, -33.44983840813161], [-70.61271988113472, -33.44882064225242], [-70.61277912754578, -33.448829953963475], [-70.61298038207579, -33.44783813384611], [-70.61300867811683, -33.44784276813848], [-70.61316525930953, -33.447080456127985], [-70.6131149302496, -33.44709032774133], [-70.61309267479389, -33.44709469270545], [-70.61315301372022, -33.44669902620178], [-70.61160184864957, -33.44647548878138], [-70.6112856526967, -33.44642991962778], [-70.61116845775382, -33.44641438733014], [-70.61078259838885, -33.44629838280375], [-70.61071072516775, -33.4462767744446], [-70.61033192661881, -33.44616289075144], [-70.60999970979495, -33.446066954339656], [-70.60944686926305, -33.445907305445026], [-70.60907941888532, -33.445796278146396], [-70.60875255613509, -33.445724199871876], [-70.6084092153927, -33.4456746106737], [-70.60806587498541, -33.445625019610695], [-70.60715792914502, -33.44552965555323], [-70.60701824398994, -33.4455125963605], [-70.60675524360028, -33.44715127687901]], [[-70.60976075675767, -33.448609987079394], [-70.60966815671517, -33.44861580235336], [-70.60976733991697, -33.448211434375146], [-70.60978259898694, -33.44814658299682], [-70.61044828360848, -33.44847071388587], [-70.60976075675767, -33.448609987079394]], [[-70.60998099281049, -33.45033626947603], [-70.60978205671358, -33.45095121288096], [-70.60755858495614, -33.45066012831726], [-70.60784308840744, -33.44930921061979], [-70.6085790927012, -33.44946704792846], [-70.60851399626792, -33.44921735193953], [-70.60906016561236, -33.44931465555656], [-70.60933412071826, -33.449314081737555], [-70.60948063231226, -33.44896321309107], [-70.60964481145825, -33.44899090771405], [-70.60953037022679, -33.44934434341896], [-70.6102647967469, -33.44950669127881], [-70.61008435203463, -33.45003414637731], [-70.60998099281049, -33.45033626947603]], [[-70.6102853412494, -33.45104096660241], [-70.61027437692164, -33.451073523557234], [-70.60987074073388, -33.45100638509649], [-70.60988332823361, -33.450975495323654], [-70.6102853412494, -33.45104096660241]], [[-70.61091474097327, -33.45207608256658], [-70.61090850047094, -33.452102457454714], [-70.6104245303155, -33.45202784612996], [-70.61042952541362, -33.451999914649164], [-70.61091474097327, -33.45207608256658]]]}}, {"type": "Feature", "properties": {"zona": "Z-2", "nombre": "Zona Z-2", "uperm": "Residencial de todo tipo; Equipamientos de acuerdo a lo definido en el artículo 2.1.33. de la OGUC, excepto los expresamente prohibidos.", "uproh": "Parques zoológicos y casinos de juegos. Cementerios y crematorio. Cárceles y centro de detención. Actividades productivas todas en general.", "comuna": "Ñuñoa"}, "geometry": {"type": "Polygon", "coordinates": [[[-70.6061987591805, -33.464428819360485], [-70.60654643367354, -33.46446712665441], [-70.606462390454, -33.463943521192085], [-70.60645996013402, -33.46392837669068], [-70.6064302779966, -33.463743448787945], [-70.60587750568436, -33.46367908441844], [-70.6058783579296, -33.46368439688178], [-70.60620770423854, -33.46436911499261], [-70.6061987591805, -33.464428819360485]]]}}, {"type": "Feature", "properties": {"zona": "Z-3B", "nombre": "Zona Z-3B", "uperm": "Residencial; Equipamiento: Clases de Equipamiento de acuerdo a lo definido en el artículo. 2.1.33 de la OGUC, excepto los expresamente prohibidos a continuación.", "uproh": "Comercio: Mercados y Discotecas. Deportes: Estadios. Esparcimiento: Parques zoológicos, Casinos de juegos y Juegos electrónicos o mecánicos, (salvo que estos últimos se emplacen en locales destinados exclusivamente al uso de equipamiento c*", "comuna": "Ñuñoa"}, "geometry": {"type": "Polygon", "coordinates": [[[-70.60027762411517, -33.46455111896373], [-70.60022771485677, -33.46327584765351], [-70.60012382647713, -33.461340628826704], [-70.6000192257092, -33.45936628707476], [-70.59980748747819, -33.457757922923335], [-70.5996884569205, -33.45631410119739], [-70.59959688237883, -33.45633031742752], [-70.59881888544653, -33.45646274796033], [-70.59867031188028, -33.45648950973668], [-70.59862724000739, -33.45649726817765], [-70.59865311877992, -33.45787969372251], [-70.59863006854823, -33.45788233396968], [-70.59870129735822, -33.45907613232537], [-70.59873880664293, -33.459074924352585], [-70.59889099669105, -33.459069623580476], [-70.59897139318976, -33.459066823393094], [-70.59909736579075, -33.46173930198907], [-70.59917065236404, -33.461736719618855], [-70.59932464110744, -33.46467583512592], [-70.59930927865548, -33.46673568105382], [-70.59949782098622, -33.46904023193017], [-70.59952071552603, -33.4695361544679], [-70.59954792922616, -33.4709135201779], [-70.59956484714617, -33.471325577303645], [-70.59956905856903, -33.47142814856369], [-70.59958790637161, -33.47188717513114], [-70.59959919465324, -33.4729994562427], [-70.60122851892017, -33.47297481783639], [-70.6012298190632, -33.4730381185289], [-70.60266421987635, -33.473110590665634], [-70.60297717722149, -33.473125803268275], [-70.60431225566474, -33.473190691328384], [-70.60519869912682, -33.473237520027936], [-70.60527524768014, -33.471225707480876], [-70.60531652361516, -33.47122692867209], [-70.60534958857545, -33.470207829599204], [-70.60548591345356, -33.47021231417849], [-70.6054859343211, -33.47021152029798], [-70.60550015010257, -33.47021227583944], [-70.60552067037409, -33.46977745250272], [-70.60553626249629, -33.469479570010655], [-70.60556247288397, -33.46902165370145], [-70.60556425853824, -33.4689813088515], [-70.60556371067784, -33.46895160516328], [-70.60556063365864, -33.46892193514274], [-70.6055526579105, -33.468729636665174], [-70.60524305223613, -33.46875027341161], [-70.60494425808194, -33.468772231241175], [-70.60456399936389, -33.468792240925104], [-70.60232847245146, -33.46891432727898], [-70.60198513281192, -33.46893721825785], [-70.60169520115439, -33.46895629320741], [-70.60139763890339, -33.46897155484112], [-70.60130662538441, -33.46897427839634], [-70.60147403299581, -33.46542990583407], [-70.60147303373596, -33.465375582521375], [-70.6014841561244, -33.46521640449502], [-70.60148996581471, -33.46508299730075], [-70.60030501286275, -33.465126815517806], [-70.60030162645299, -33.46505977561814], [-70.60027910811866, -33.46463753583327], [-70.60027762411517, -33.46455111896373]], [[-70.60142459158327, -33.465657097278964], [-70.60141765092897, -33.46580992647856], [-70.60134250223693, -33.46581072521998], [-70.60133545717962, -33.4656582507796], [-70.60142459158327, -33.465657097278964]], [[-70.60117965614184, -33.47094322971669], [-70.60118771943289, -33.47116085444408], [-70.60112297076844, -33.47106133261563], [-70.60107326540137, -33.47100754121091], [-70.60099103697918, -33.47095076824262], [-70.60088860837593, -33.47089936142586], [-70.60081289956773, -33.47086631604627], [-70.60100167926014, -33.47086727998152], [-70.60116876193469, -33.47087513437726], [-70.60117965614184, -33.47094322971669]], [[-70.60068331787868, -33.47123611611974], [-70.60069404543614, -33.471513016255756], [-70.60064712476692, -33.47151468826034], [-70.60051708206335, -33.47151932223344], [-70.60037864415784, -33.47152368391313], [-70.60033723698666, -33.471524987897155], [-70.60033330084772, -33.471248569967706], [-70.60037582856461, -33.47124969186987], [-70.60046148311409, -33.47124858570928], [-70.60050459969776, -33.471245800447285], [-70.60068331787868, -33.47123611611974]], [[-70.6008055376404, -33.47217908027117], [-70.60026677263738, -33.47219745667536], [-70.60026243822543, -33.472091580943136], [-70.60080234847342, -33.47207196869659], [-70.6008055376404, -33.47217908027117]]]}}, {"type": "Feature", "properties": {"zona": "Z-4C", "nombre": "Zona Z-4C", "uperm": "Residencial: Equipamiento: Clases de Equipamiento de acuerdo a lo definido en el artículo. 2.1.33 de la OGUC, excepto los expresamente prohibidos.", "uproh": "Clínicas Psiquiátricas, Cementerios y Crematorios. Locales de Educación superior, Técnica y centros de Capacitación. Cuarteles de Bomberos; Cárceles y Centros de detención. Estadios, Saunas, baños turcos. Juegos electrónicos s. Parques zoo*", "comuna": "Ñuñoa"}, "geometry": {"type": "MultiPolygon", "coordinates": [[[[-70.62178668010503, -33.45393284309094], [-70.62060169736596, -33.45452484075612], [-70.62059406460737, -33.45414717690817], [-70.62005069547622, -33.45423687545693], [-70.62004622823686, -33.4542376129186], [-70.61899944064695, -33.45441040726898], [-70.61788549089975, -33.45440659929636], [-70.61806522578516, -33.45558012000609], [-70.61809419108997, -33.45576586327289], [-70.61810130454826, -33.45580684874655], [-70.61839281464795, -33.455806760373655], [-70.61970649875474, -33.455652400809264], [-70.62198011146907, -33.455455644924186], [-70.62483722407646, -33.4551432260699], [-70.62485437399994, -33.45506615286039], [-70.6249538735552, -33.454611515644636], [-70.62495536059505, -33.4546047216158], [-70.6249811971729, -33.45448666635284], [-70.62482734007573, -33.4544784068764], [-70.62470643832967, -33.45445553040499], [-70.62393546084897, -33.454271577759414], [-70.6229248301527, -33.45400416365987], [-70.62182098871243, -33.45455890114932], [-70.62181926441468, -33.45452742913602], [-70.62178668010503, -33.45393284309094]], [[-70.61885546984489, -33.45560962038251], [-70.61886913638853, -33.455605261917015], [-70.6188877385884, -33.455606724327374], [-70.61890148320241, -33.455614090424], [-70.61893277152214, -33.45565892836353], [-70.61885559943002, -33.455665617784156], [-70.61880785797628, -33.45567074501679], [-70.61884363740917, -33.455619347832744], [-70.61885546984489, -33.45560962038251]], [[-70.61883848981361, -33.455534460027835], [-70.61880249519466, -33.45554058998962], [-70.61878408784064, -33.45554081144255], [-70.6187494822726, -33.45553450145074], [-70.61873127763691, -33.45552982692217], [-70.61893625654301, -33.45542528469377], [-70.6189369297475, -33.45544193810075], [-70.61891971177145, -33.455492311003624], [-70.61890437699238, -33.455510988865086], [-70.61888466049241, -33.455525806404424], [-70.61883848981361, -33.455534460027835]], [[-70.61868465050802, -33.45559838054697], [-70.61870550044314, -33.45562891476487], [-70.61870554694272, -33.45564803023512], [-70.61867805723051, -33.45567396599906], [-70.61838468660784, -33.45569931341671], [-70.61845067052204, -33.45566661821915], [-70.61849282754501, -33.45565369828443], [-70.61854262590452, -33.45562847229772], [-70.61863189259135, -33.4555826850469], [-70.61866463265548, -33.45558801389227], [-70.61868465050802, -33.45559838054697]]], [[[-70.6059917234791, -33.455536539046484], [-70.60628249327432, -33.45707035170666], [-70.60628431592978, -33.45708272285746], [-70.60676603056316, -33.45702246426689], [-70.6071654449697, -33.456982907413895], [-70.6073792913491, -33.45696256954251], [-70.60846272125846, -33.456840490320154], [-70.60892933119464, -33.456755633442775], [-70.60931187016095, -33.4567117182685], [-70.60942197742126, -33.4566981166615], [-70.60989451948458, -33.45665303195584], [-70.61007127012309, -33.45663126117265], [-70.61018727447681, -33.45662245127358], [-70.61043429058375, -33.45663141423057], [-70.61323367472026, -33.45636256643117], [-70.61606961335522, -33.456027893796566], [-70.6159933126234, -33.45555867627909], [-70.61593227051193, -33.455165752967766], [-70.61585418968458, -33.454527599728166], [-70.61378066754774, -33.45468891709495], [-70.61343052295935, -33.4547296601431], [-70.61342761469906, -33.45472999830677], [-70.61256752989925, -33.454830072856524], [-70.61239818356731, -33.45484859621898], [-70.6123073704512, -33.45485852972836], [-70.6113467652463, -33.454963597175364], [-70.60912649674177, -33.45520775684021], [-70.60805450526883, -33.455315614664336], [-70.60803287623607, -33.45531779090104], [-70.60787521329591, -33.45533365306138], [-70.6071503838593, -33.455413767372384], [-70.6066266941225, -33.45546788700212], [-70.6059917234791, -33.455536539046484]]]]}}, {"type": "Feature", "properties": {"zona": "Z-4A", "nombre": "Zona Z-4A", "uperm": "Residencial: Equipamiento: Clases de Equipamiento de acuerdo a lo definido en el artículo. 2.1.33 de la OGUC, excepto los expresamente prohibidos.", "uproh": "Clínicas Psiquiátricas, Cementerios y Crematorios. Locales de Educación superior, Técnica y centros de Capacitación. Cuarteles de Bomberos; Cárceles y Centros de detención. Estadios, Saunas, baños turcos. Juegos electrónicos s. Parques zoo*", "comuna": "Ñuñoa"}, "geometry": {"type": "Polygon", "coordinates": [[[-70.57214380373546, -33.45251447356334], [-70.5721188558421, -33.45266301603211], [-70.57361579215845, -33.45257163467049], [-70.57358744816183, -33.452405677579584], [-70.57354278190034, -33.45214415250561], [-70.57349534648591, -33.45181281251269], [-70.57270947700425, -33.451824261529296], [-70.57241701602837, -33.451837054907394], [-70.5722567558025, -33.45184195005868], [-70.57214380373546, -33.45251447356334]]]}}, {"type": "Feature", "properties": {"zona": "Z-2", "nombre": "Zona Z-2", "uperm": "Residencial de todo tipo; Equipamientos de acuerdo a lo definido en el artículo 2.1.33. de la OGUC, excepto los expresamente prohibidos.", "uproh": "Parques zoológicos y casinos de juegos. Cementerios y crematorio. Cárceles y centro de detención. Actividades productivas todas en general.", "comuna": "Ñuñoa"}, "geometry": {"type": "Polygon", "coordinates": [[[-70.5977533089972, -33.453593455252864], [-70.59779007140082, -33.453810592877495], [-70.59779759571593, -33.45385503473146], [-70.5985463529826, -33.45376738614625], [-70.59860241427042, -33.454119413403205], [-70.59860510043511, -33.45413628091758], [-70.59876200250164, -33.45412029878877], [-70.59921209029959, -33.454074450645535], [-70.59920201823161, -33.454010706460494], [-70.59908948514706, -33.453298523266255], [-70.59841263967537, -33.4493438198486], [-70.59835381904414, -33.449335612226974], [-70.59795254016127, -33.44927961582505], [-70.59788396723835, -33.4492703405603], [-70.59783233722167, -33.44926335668269], [-70.59778734083636, -33.44917737591609], [-70.5977287356558, -33.448941230298644], [-70.59764066255451, -33.44857790269659], [-70.59702008233845, -33.449128625303864], [-70.59718679087725, -33.44915498182669], [-70.59737230794691, -33.450675255037794], [-70.59727672868443, -33.45068510453011], [-70.5974785251427, -33.45197039125367], [-70.59772908071369, -33.45345034717837], [-70.5977533089972, -33.453593455252864]]]}}, {"type": "Feature", "properties": {"zona": "Z-4C", "nombre": "Zona Z-4C", "uperm": "Residencial: Equipamiento: Clases de Equipamiento de acuerdo a lo definido en el artículo. 2.1.33 de la OGUC, excepto los expresamente prohibidos.", "uproh": "Clínicas Psiquiátricas, Cementerios y Crematorios. Locales de Educación superior, Técnica y centros de Capacitación. Cuarteles de Bomberos; Cárceles y Centros de detención. Estadios, Saunas, baños turcos. Juegos electrónicos s. Parques zoo*", "comuna": "Ñuñoa"}, "geometry": {"type": "Polygon", "coordinates": [[[-70.57665722919936, -33.45673616750262], [-70.57632836342825, -33.45695177759029], [-70.5749612922007, -33.457879916443076], [-70.57404474859106, -33.45840094599253], [-70.5739414604131, -33.45843929602886], [-70.57400963828972, -33.45852156159584], [-70.57390570454977, -33.45856998069283], [-70.57356418487407, -33.458692988567435], [-70.57334441843163, -33.458770274549124], [-70.57331035883418, -33.458673613315355], [-70.57327414297826, -33.45868705944833], [-70.57323331804326, -33.45870045675255], [-70.57326736382998, -33.45878909183583], [-70.57300576900319, -33.45887435189276], [-70.57308989303658, -33.460041717533734], [-70.57337247752733, -33.46002256149059], [-70.57360213936815, -33.4600071447489], [-70.57373956907978, -33.459991713647966], [-70.57413631937399, -33.45996882283497], [-70.57438645525029, -33.45994979159532], [-70.57539209772015, -33.459881826952724], [-70.57565671980159, -33.45986144747001], [-70.57575383398367, -33.45985436990404], [-70.57596499570819, -33.459842668679244], [-70.57647650619202, -33.45979505014277], [-70.57651132890227, -33.459793563811694], [-70.57655392206625, -33.45978839473889], [-70.57655477505064, -33.459791709861115], [-70.57662529022201, -33.45978869992883], [-70.57713482545009, -33.45974754742794], [-70.57726071664992, -33.4597322881112], [-70.57738660778406, -33.45971702776619], [-70.57740877798928, -33.459710820561575], [-70.5775773516601, -33.45966361940728], [-70.57803513884713, -33.459530099268726], [-70.57853282055004, -33.45936579476737], [-70.57924064228348, -33.45912572451142], [-70.57907278176349, -33.45854206300805], [-70.57898885022246, -33.458156769485484], [-70.57892780906704, -33.457779106019565], [-70.57889741728145, -33.4575910752576], [-70.5788670267194, -33.45740304446511], [-70.57886558113208, -33.45740277158538], [-70.57886676743256, -33.457401442499624], [-70.57884414409887, -33.457274961371276], [-70.5787865900023, -33.45693200289978], [-70.57878283803458, -33.456932223840596], [-70.57861147600585, -33.456936857523566], [-70.57838625135454, -33.45693972565794], [-70.57822104235044, -33.45693931223493], [-70.5780107414621, -33.45693695291634], [-70.57789649177612, -33.45693085535464], [-70.5777761422723, -33.45691979857443], [-70.57767986418064, -33.456910952324996], [-70.5775955078372, -33.456896920219364], [-70.57748944235577, -33.456876612495485], [-70.57745987194944, -33.45687095102194], [-70.57728496846137, -33.4568328935179], [-70.57718832584244, -33.45680391080937], [-70.57711570794648, -33.45677462054783], [-70.57706415503016, -33.45674758196734], [-70.57701542304842, -33.45671043666746], [-70.57690590158913, -33.4565698304413], [-70.57665722919936, -33.45673616750262]], [[-70.57661515722167, -33.45693948418594], [-70.57650200808261, -33.4569866915209], [-70.57649367091517, -33.456972605355], [-70.5767277828131, -33.456830977465394], [-70.5767607132692, -33.45688881901928], [-70.57661515722167, -33.45693948418594]], [[-70.5768818312462, -33.45731157068011], [-70.57652943681309, -33.45737085779085], [-70.57651535259005, -33.45734544641183], [-70.57693291015384, -33.45722584161876], [-70.57695544272403, -33.457279133059295], [-70.5768818312462, -33.45731157068011]]]}}, {"type": "Feature", "properties": {"zona": "EN", "nombre": "EN Estadio Nacional - Equipamiento Intercomunal PRMS", "uperm": "", "uproh": "Todos los otros usos de suelo", "comuna": "Ñuñoa"}, "geometry": {"type": "Polygon", "coordinates": [[[-70.60657827036323, -33.46951703763501], [-70.60653249974115, -33.47025710690405], [-70.60659308076593, -33.47025138674328], [-70.60662843848084, -33.47024762496395], [-70.60668740684469, -33.47024355707363], [-70.60694544469322, -33.470255076296155], [-70.60708885315451, -33.47026321976939], [-70.60743263087778, -33.47028273996923], [-70.60794601421607, -33.47030895707919], [-70.60834776091254, -33.47032866048479], [-70.60871941063881, -33.470351350545734], [-70.609250363114, -33.470378885312975], [-70.60971776748514, -33.4704034853268], [-70.6101084653956, -33.47042450070021], [-70.61048627383721, -33.47045479171433], [-70.61098829887227, -33.47047833729094], [-70.61149169306414, -33.47049468536946], [-70.6118809853269, -33.47052029470314], [-70.61226247538801, -33.47054318068838], [-70.61272926873727, -33.47057363553136], [-70.61276328093562, -33.47059616879275], [-70.61279084780425, -33.47060727588791], [-70.61284170852669, -33.47062037317344], [-70.61317335983418, -33.470651599350575], [-70.61325014295176, -33.47066091855543], [-70.61340495342064, -33.47067266237839], [-70.61355963641641, -33.47067752761892], [-70.61359593656475, -33.47056927928568], [-70.61364907667559, -33.47045114587615], [-70.61368934126733, -33.47035058267978], [-70.61371600393473, -33.47027373520726], [-70.61374157371964, -33.47013805585929], [-70.61376066920806, -33.470031883861964], [-70.61377034662941, -33.46979637253307], [-70.61379737424797, -33.46936055742142], [-70.61380955203552, -33.46917622473886], [-70.61381049569438, -33.46916194462303], [-70.61382752915392, -33.46890410559827], [-70.6138288980599, -33.46888339441644], [-70.61385768490425, -33.46844765282927], [-70.61389558989738, -33.467841042052456], [-70.61391989783829, -33.46767338759946], [-70.6139534255456, -33.467565074241044], [-70.61418262407582, -33.4670532171024], [-70.61421906894803, -33.46696664032982], [-70.61437054534379, -33.466638384780246], [-70.61454251849096, -33.466274322768406], [-70.61466630983715, -33.46601305823244], [-70.61473898569577, -33.46582829703996], [-70.61478283496278, -33.46570583005143], [-70.61479977163849, -33.46562434469214], [-70.61482195765794, -33.465460343946994], [-70.61482621942758, -33.465374647152885], [-70.61486123892286, -33.46488388188467], [-70.61488259731955, -33.464469395407455], [-70.61491070949333, -33.46392594954985], [-70.6149169529288, -33.463815762099294], [-70.61491725685438, -33.46381039406058], [-70.61493296297819, -33.46353322510921], [-70.61494617224304, -33.463269659403224], [-70.61496445771311, -33.462638067752366], [-70.61494689408488, -33.4620515936179], [-70.61496545796733, -33.46199342904917], [-70.61496884753994, -33.46197221354137], [-70.61496821947686, -33.4619383508241], [-70.6149461943318, -33.46176336820176], [-70.61493682099857, -33.46166697115753], [-70.61028761785535, -33.46198572086529], [-70.61010565870268, -33.46199819247582], [-70.6070495697616, -33.462207617735054], [-70.606193875109, -33.46226624251772], [-70.60631117282801, -33.46300138362785], [-70.6064155081038, -33.46365142806018], [-70.6064302779966, -33.463743448787945], [-70.60645996013402, -33.46392837669068], [-70.606462390454, -33.463943521192085], [-70.60654643367354, -33.46446712665441], [-70.60655804770657, -33.46453948056071], [-70.60660875100359, -33.46485536844549], [-70.60670794403835, -33.46550006625181], [-70.60674308964258, -33.46563761137778], [-70.60677771819829, -33.465820711023866], [-70.6067902280196, -33.465934174020745], [-70.60678142750143, -33.46602169168406], [-70.60677536652688, -33.46625776205487], [-70.60670309592932, -33.46742117226817], [-70.60663426886904, -33.46865981426021], [-70.60663046046695, -33.468771971890924], [-70.60657827036323, -33.46951703763501]], [[-70.60917653244866, -33.462218559166146], [-70.60889425284005, -33.462237240107676], [-70.60889304059094, -33.46223295050631], [-70.60949381055113, -33.46219229955062], [-70.60976849847194, -33.462173999924154], [-70.60976687478136, -33.4621789432011], [-70.60917653244866, -33.462218559166146]], [[-70.61143278030457, -33.462067365753974], [-70.61071700100959, -33.462115176130894], [-70.6107149334171, -33.46211153345455], [-70.61115382336895, -33.462081108989096], [-70.6115873494987, -33.46205336802337], [-70.61158624954757, -33.46205689675623], [-70.61143278030457, -33.462067365753974]]]}}, {"type": "Feature", "properties": {"zona": "Z-2", "nombre": "Zona Z-2", "uperm": "Residencial de todo tipo; Equipamientos de acuerdo a lo definido en el artículo 2.1.33. de la OGUC, excepto los expresamente prohibidos.", "uproh": "Parques zoológicos y casinos de juegos. Cementerios y crematorio. Cárceles y centro de detención. Actividades productivas todas en general.", "comuna": "Ñuñoa"}, "geometry": {"type": "Polygon", "coordinates": [[[-70.61834342052575, -33.470878844721156], [-70.61834424378249, -33.47139753441155], [-70.61654664618155, -33.47131392934234], [-70.61506239788982, -33.471199352963076], [-70.61409320097584, -33.47115522991889], [-70.61409204376412, -33.47117934634737], [-70.61408559522944, -33.47131376033798], [-70.61407648220835, -33.471476602184644], [-70.6140631134275, -33.471538829291745], [-70.61403005127288, -33.471833868189194], [-70.61400405198158, -33.47196889752826], [-70.61399328726029, -33.47202480226326], [-70.61498312883303, -33.47204746933941], [-70.61498632376636, -33.47209578190793], [-70.61497106432493, -33.47212248548773], [-70.61492528552589, -33.472141560514764], [-70.61450564674169, -33.47212630341927], [-70.61397805260157, -33.472103925959836], [-70.61392040918399, -33.47241417954401], [-70.6139040285835, -33.47274517885934], [-70.61386916554312, -33.47331548441156], [-70.61384254315742, -33.4737157592985], [-70.61377359974867, -33.47446327493738], [-70.61503212328866, -33.47451817140777], [-70.61541707288396, -33.474543663555366], [-70.61558911337352, -33.474553245488735], [-70.6155932973039, -33.47455347772252], [-70.61632918711568, -33.47459445955986], [-70.61685564383586, -33.47462115951632], [-70.617481286401, -33.474640230003985], [-70.61864864562783, -33.474701259417586], [-70.61941925426021, -33.47472414313578], [-70.61982363375705, -33.474754658644926], [-70.62040042687799, -33.47478410523479], [-70.62114925329132, -33.47482233160925], [-70.62156770440727, -33.47484369045525], [-70.62242225493102, -33.47488730462568], [-70.62294242082297, -33.47491384997398], [-70.62302695003528, -33.47491444733733], [-70.62313311326498, -33.47448672847912], [-70.62327521564006, -33.473962735054464], [-70.62342615052408, -33.47340616812031], [-70.62352652428599, -33.472967901224244], [-70.62360931874804, -33.4726063863164], [-70.62362689605199, -33.47252963426158], [-70.62373668908722, -33.47207614087816], [-70.62369130167909, -33.47199668224627], [-70.6236404297816, -33.47190685049968], [-70.62358633799309, -33.47184722700582], [-70.6235169933108, -33.471781452651214], [-70.62343227951469, -33.47170317827024], [-70.62329057892423, -33.471612948983896], [-70.6231566815972, -33.471535318647575], [-70.62304583925972, -33.47147643820072], [-70.62291217911735, -33.471411505809634], [-70.62278819539164, -33.47136291751993], [-70.62255662754534, -33.47126625451785], [-70.62244154746473, -33.47125206490882], [-70.62234479200862, -33.47122512696599], [-70.62220509964492, -33.47118977782645], [-70.62214216318337, -33.47117393499526], [-70.62200120712573, -33.47115270402836], [-70.6216647113089, -33.4711327494343], [-70.62162948427162, -33.47112808261318], [-70.62156319418287, -33.47108100891666], [-70.62108251659886, -33.4710428645848], [-70.62067050752243, -33.47101234805078], [-70.62052918832467, -33.47100464123844], [-70.62046068843286, -33.471000905176425], [-70.6202508693833, -33.47098946194503], [-70.6200589768865, -33.47097826648709], [-70.6198541194245, -33.47095894609339], [-70.61945737070684, -33.470936060211194], [-70.6187783185578, -33.47090173097094], [-70.61834342052575, -33.470878844721156]], [[-70.62356052582588, -33.47211650151628], [-70.62355868398438, -33.47214317551623], [-70.62343984019931, -33.47262569536395], [-70.62342833041158, -33.47264029340246], [-70.62340741779636, -33.472645777211525], [-70.62330990804799, -33.47264161564417], [-70.6234603077862, -33.47204810778633], [-70.62350074363161, -33.47188570834046], [-70.62352064957918, -33.47191285856947], [-70.62355676994761, -33.47201685382203], [-70.62356052582588, -33.47211650151628]], [[-70.623149635784, -33.47330167301808], [-70.62326474065857, -33.47281512888097], [-70.62336454680468, -33.472847609306775], [-70.6233782195767, -33.47286451258874], [-70.62328477892821, -33.47324834000695], [-70.62324002876014, -33.47329647587997], [-70.62321476539263, -33.47330461751547], [-70.623149635784, -33.47330167301808]]]}}, {"type": "Feature", "properties": {"zona": "Z-2", "nombre": "Zona Z-2", "uperm": "Residencial de todo tipo; Equipamientos de acuerdo a lo definido en el artículo 2.1.33. de la OGUC, excepto los expresamente prohibidos.", "uproh": "Parques zoológicos y casinos de juegos. Cementerios y crematorio. Cárceles y centro de detención. Actividades productivas todas en general.", "comuna": "Ñuñoa"}, "geometry": {"type": "Polygon", "coordinates": [[[-70.59962977776291, -33.44468396440708], [-70.59962155868281, -33.44473562470888], [-70.59957464339764, -33.445030493114025], [-70.59914379021944, -33.4449173077916], [-70.59895714392752, -33.444898809762016], [-70.59869666546754, -33.44487261045807], [-70.59862747363282, -33.44486565041526], [-70.59844195354943, -33.446240063417086], [-70.59838632030548, -33.446234960273095], [-70.59830386426214, -33.4467474390866], [-70.59824787901086, -33.44674368956826], [-70.59821246074328, -33.44699001682554], [-70.59825241180503, -33.44699042796259], [-70.59827338871665, -33.44699349791798], [-70.59826379306173, -33.44704494049756], [-70.59825052355659, -33.44711608320868], [-70.59810628679652, -33.44788934355146], [-70.59813473468057, -33.44789232353], [-70.59867966589384, -33.44794938988391], [-70.59872623074892, -33.44795527988602], [-70.59864286033796, -33.44854217187189], [-70.59860123735572, -33.448708819194316], [-70.59853222203974, -33.44880252047133], [-70.59855231525604, -33.4488640514196], [-70.59872735982874, -33.44938773724776], [-70.59905231260947, -33.449433080219734], [-70.59931218928303, -33.44801699628073], [-70.59928190881791, -33.447917825370055], [-70.5994563313684, -33.446436421426746], [-70.59953935325966, -33.44625767815827], [-70.59961206726155, -33.44570899573391], [-70.5997465174364, -33.444695081059265], [-70.59962977776291, -33.44468396440708]]]}}, {"type": "Feature", "properties": {"zona": "Z-2", "nombre": "Zona Z-2", "uperm": "Residencial de todo tipo; Equipamientos de acuerdo a lo definido en el artículo 2.1.33. de la OGUC, excepto los expresamente prohibidos.", "uproh": "Parques zoológicos y casinos de juegos. Cementerios y crematorio. Cárceles y centro de detención. Actividades productivas todas en general.", "comuna": "Ñuñoa"}, "geometry": {"type": "Polygon", "coordinates": [[[-70.59422372474785, -33.46441316873511], [-70.5942279982423, -33.46466106989431], [-70.59450231354317, -33.46464187354522], [-70.59487360776451, -33.46460903660799], [-70.59533250338494, -33.46457507009678], [-70.5952904239085, -33.46364302421193], [-70.59417738442845, -33.4636802728343], [-70.59421377485238, -33.46424086274004], [-70.59422372474785, -33.46441316873511]]]}}, {"type": "Feature", "properties": {"zona": "Z-3A", "nombre": "Zona Z-3A", "uperm": "Residencial; Equipamiento: Clases de Equipamiento de acuerdo a lo definido en el artículo. 2.1.33 de la OGUC, excepto los expresamente prohibidos a continuación.", "uproh": "Comercio: Mercados y Discotecas. Deportes: Estadios. Esparcimiento: Parques zoológicos, Casinos de juegos y Juegos electrónicos o mecánicos, (salvo que estos últimos se emplacen en locales destinados exclusivamente al uso de equipamiento c*", "comuna": "Ñuñoa"}, "geometry": {"type": "Polygon", "coordinates": [[[-70.6058616447885, -33.4547375600829], [-70.6059917234791, -33.455536539046484], [-70.6066266941225, -33.45546788700212], [-70.6071503838593, -33.455413767372384], [-70.60787521329591, -33.45533365306138], [-70.60803287623607, -33.45531779090104], [-70.60805450526883, -33.455315614664336], [-70.60912649674177, -33.45520775684021], [-70.6113467652463, -33.454963597175364], [-70.61133702944076, -33.454886879635424], [-70.61126008437357, -33.454304679366615], [-70.61125736514747, -33.45428371467872], [-70.6112376912752, -33.454132003786334], [-70.61122436733918, -33.454029269950915], [-70.60899468039926, -33.45434174398924], [-70.6058573435105, -33.454701501051304], [-70.60585580410888, -33.45470168512754], [-70.6058616447885, -33.4547375600829]]]}}, {"type": "Feature", "properties": {"zona": "Z-2", "nombre": "Zona Z-2", "uperm": "Residencial de todo tipo; Equipamientos de acuerdo a lo definido en el artículo 2.1.33. de la OGUC, excepto los expresamente prohibidos.", "uproh": "Parques zoológicos y casinos de juegos. Cementerios y crematorio. Cárceles y centro de detención. Actividades productivas todas en general.", "comuna": "Ñuñoa"}, "geometry": {"type": "Polygon", "coordinates": [[[-70.5970704454049, -33.458054892902624], [-70.59711355667754, -33.45913425509231], [-70.59713849121157, -33.46012460504539], [-70.597998144246, -33.46010839799359], [-70.59800305566432, -33.460195568920234], [-70.59800369552316, -33.46020692556253], [-70.59803939528442, -33.46084047416955], [-70.59807755255899, -33.46177532110101], [-70.59808954508489, -33.462015032181135], [-70.59813181048779, -33.46272674066256], [-70.59814609078778, -33.463006013525664], [-70.59819974972514, -33.46404104309855], [-70.59822258517164, -33.4644851668385], [-70.5982257543036, -33.46473213227886], [-70.59739878777373, -33.46474231640088], [-70.59702351492184, -33.46475332290422], [-70.5968101699661, -33.46476224302632], [-70.59660396103557, -33.46475872838127], [-70.59629970523048, -33.46476765084872], [-70.59659306630904, -33.470939173012404], [-70.59855255049956, -33.470845283640784], [-70.59856020577341, -33.47095960558588], [-70.59856366423648, -33.47103454460153], [-70.59663237149648, -33.47110235078819], [-70.59672424014293, -33.47331666018721], [-70.59704053158652, -33.47333048037018], [-70.59704067068725, -33.47358830027138], [-70.59870102233569, -33.47367282868672], [-70.59881641923963, -33.47367849684683], [-70.59944445344443, -33.47371334580149], [-70.60003436846783, -33.47373984310521], [-70.6012450847255, -33.473804888054104], [-70.60196333496904, -33.47383729047975], [-70.60229408467956, -33.47385575672414], [-70.60273289496678, -33.47388117728695], [-70.60280446707301, -33.473884756235506], [-70.60425885318068, -33.473957463381986], [-70.60527380506583, -33.47401225202721], [-70.6063112678676, -33.47406807975534], [-70.60725167780332, -33.47412526038259], [-70.60726810260334, -33.47412625941115], [-70.60744047782885, -33.47413673936192], [-70.60809664032114, -33.47415962341336], [-70.60987438171745, -33.474262612455696], [-70.60990489460912, -33.47347676583452], [-70.60813478269868, -33.473381406615026], [-70.60700632662244, -33.4733288212094], [-70.60703598488145, -33.472466431364204], [-70.60697499488363, -33.47246383679252], [-70.60698383020262, -33.47128891375677], [-70.60705228536703, -33.471291985095505], [-70.60708885315451, -33.47026321976939], [-70.60694544469322, -33.470255076296155], [-70.60668740684469, -33.47024355707363], [-70.60662843848084, -33.47024762496395], [-70.60659308076593, -33.47025138674328], [-70.60653249974115, -33.47025710690405], [-70.60657827036323, -33.46951703763501], [-70.60663046046695, -33.468771971890924], [-70.60663426886904, -33.46865981426021], [-70.60615268097163, -33.468690239145594], [-70.60587476312956, -33.46870593058373], [-70.6055526579105, -33.468729636665174], [-70.60556063365864, -33.46892193514274], [-70.60556371067784, -33.46895160516328], [-70.60556425853824, -33.4689813088515], [-70.60556247288397, -33.46902165370145], [-70.60553626249629, -33.469479570010655], [-70.60552067037409, -33.46977745250272], [-70.60550015010257, -33.47021227583944], [-70.6054859343211, -33.47021152029798], [-70.60548591345356, -33.47021231417849], [-70.60534958857545, -33.470207829599204], [-70.60531652361516, -33.47122692867209], [-70.60527524768014, -33.471225707480876], [-70.60519869912682, -33.473237520027936], [-70.60431225566474, -33.473190691328384], [-70.60297717722149, -33.473125803268275], [-70.60266421987635, -33.473110590665634], [-70.6012298190632, -33.4730381185289], [-70.60122851892017, -33.47297481783639], [-70.59959919465324, -33.4729994562427], [-70.59958790637161, -33.47188717513114], [-70.59956905856903, -33.47142814856369], [-70.59956484714617, -33.471325577303645], [-70.59954792922616, -33.4709135201779], [-70.59952071552603, -33.4695361544679], [-70.59949782098622, -33.46904023193017], [-70.59930927865548, -33.46673568105382], [-70.59932464110744, -33.46467583512592], [-70.59917065236404, -33.461736719618855], [-70.59909736579075, -33.46173930198907], [-70.59897139318976, -33.459066823393094], [-70.59889099669105, -33.459069623580476], [-70.59873880664293, -33.459074924352585], [-70.59870129735822, -33.45907613232537], [-70.59863006854823, -33.45788233396968], [-70.59865311877992, -33.45787969372251], [-70.59862724000739, -33.45649726817765], [-70.59867031188028, -33.45648950973668], [-70.59868417906526, -33.45559356739421], [-70.59790712974662, -33.4555944728118], [-70.59776966855249, -33.455599801570614], [-70.59698118493075, -33.455621263363554], [-70.59698150694967, -33.45565097101068], [-70.59699266949859, -33.45668370567007], [-70.59703506249075, -33.45748893732245], [-70.59703522931477, -33.45749210872309], [-70.59706731196366, -33.457976432334284], [-70.5970704454049, -33.458054892902624]], [[-70.60611593438367, -33.47205078911536], [-70.60621956015254, -33.472044610435944], [-70.60642126610055, -33.47205070939705], [-70.60639518232146, -33.47243916508858], [-70.60633415086566, -33.47329749300137], [-70.60592977134861, -33.47321357019487], [-70.60576954507043, -33.47312201585296], [-70.60566272660421, -33.47303809139048], [-70.60558642875021, -33.47294653692718], [-70.60551012921063, -33.472809204673304], [-70.60545671858856, -33.47259557686918], [-70.60547926437182, -33.47252933850649], [-70.60550137656516, -33.472478273626265], [-70.60552459484857, -33.47240906042567], [-70.60555678968183, -33.472357865809926], [-70.60559459052855, -33.47229813488427], [-70.60564418210508, -33.47225275981244], [-70.60573793958733, -33.472180213899456], [-70.60581764947224, -33.47212719418756], [-70.60590770845155, -33.472088548947035], [-70.60601959939521, -33.47206170973412], [-70.60611593438367, -33.47205078911536]], [[-70.59750680782636, -33.47246820376826], [-70.59748823127646, -33.47246814472987], [-70.59747067215469, -33.472454218648174], [-70.59745629977793, -33.4721911901528], [-70.59747247251518, -33.472181997638465], [-70.59753226154926, -33.472179977871875], [-70.5975375433607, -33.47218849972242], [-70.59754947147725, -33.47246608820848], [-70.59753585326827, -33.47246706909871], [-70.59750680782636, -33.47246820376826]], [[-70.59656451460134, -33.469211031440516], [-70.59656470873276, -33.469180019465966], [-70.59692800822175, -33.46917012967738], [-70.59692876632062, -33.469200661329815], [-70.59656451460134, -33.469211031440516]], [[-70.5991538813348, -33.468369812252064], [-70.5991486061654, -33.468305941397034], [-70.59926018894238, -33.46830100875858], [-70.59926478464897, -33.46836736750918], [-70.5991538813348, -33.468369812252064]], [[-70.59704094637867, -33.469197185744605], [-70.59704137347038, -33.46916486311456], [-70.59724075696698, -33.46915848064705], [-70.597234457635, -33.46919031711788], [-70.59704094637867, -33.469197185744605]]]}}, {"type": "Feature", "properties": {"zona": "Z-2", "nombre": "Zona Z-2", "uperm": "Residencial de todo tipo; Equipamientos de acuerdo a lo definido en el artículo 2.1.33. de la OGUC, excepto los expresamente prohibidos.", "uproh": "Parques zoológicos y casinos de juegos. Cementerios y crematorio. Cárceles y centro de detención. Actividades productivas todas en general.", "comuna": "Ñuñoa"}, "geometry": {"type": "Polygon", "coordinates": [[[-70.60587750568436, -33.46367908441844], [-70.6064302779966, -33.463743448787945], [-70.6064155081038, -33.46365142806018], [-70.60631117282801, -33.46300138362785], [-70.606193875109, -33.46226624251772], [-70.60591190394254, -33.46229656523224], [-70.60566112628388, -33.46233128996336], [-70.6058673636681, -33.46361591363416], [-70.60587750568436, -33.46367908441844]]]}}, {"type": "Feature", "properties": {"zona": "Z-2", "nombre": "Zona Z-2", "uperm": "Residencial de todo tipo; Equipamientos de acuerdo a lo definido en el artículo 2.1.33. de la OGUC, excepto los expresamente prohibidos.", "uproh": "Parques zoológicos y casinos de juegos. Cementerios y crematorio. Cárceles y centro de detención. Actividades productivas todas en general.", "comuna": "Ñuñoa"}, "geometry": {"type": "Polygon", "coordinates": [[[-70.60618722650212, -33.4645057957495], [-70.60616803426495, -33.464633888846215], [-70.6061445604171, -33.46463108804805], [-70.60613936150727, -33.464720459174025], [-70.60613493646099, -33.46479654442554], [-70.60609854048892, -33.46479202625271], [-70.60586648222456, -33.46476321576027], [-70.60596326515034, -33.46502918487229], [-70.60591444213976, -33.465114778036764], [-70.60587911936744, -33.46538323895807], [-70.6058762958674, -33.4654047021292], [-70.60670794403835, -33.46550006625181], [-70.60660875100359, -33.46485536844549], [-70.60655804770657, -33.46453948056071], [-70.60654643367354, -33.46446712665441], [-70.6061987591805, -33.464428819360485], [-70.60618722650212, -33.4645057957495]]]}}, {"type": "Feature", "properties": {"zona": "Z-2", "nombre": "Zona Z-2", "uperm": "Residencial de todo tipo; Equipamientos de acuerdo a lo definido en el artículo 2.1.33. de la OGUC, excepto los expresamente prohibidos.", "uproh": "Parques zoológicos y casinos de juegos. Cementerios y crematorio. Cárceles y centro de detención. Actividades productivas todas en general.", "comuna": "Ñuñoa"}, "geometry": {"type": "Polygon", "coordinates": [[[-70.60477313478238, -33.458330362316495], [-70.60483454907103, -33.45880922515549], [-70.60484174481545, -33.45886533051288], [-70.60562520325097, -33.45879391916489], [-70.60563937721238, -33.45888027167528], [-70.60590647162844, -33.460577594516], [-70.60584082795648, -33.460576225603035], [-70.60580601438019, -33.46056995980367], [-70.60575757015114, -33.460548197663165], [-70.60518459881324, -33.46032304610985], [-70.60515987323747, -33.4603133289379], [-70.60507110479003, -33.45948529610961], [-70.60492372117407, -33.45950451431865], [-70.60493697705323, -33.459607867495016], [-70.60502042767105, -33.46025853310581], [-70.60507296318933, -33.46027917749798], [-70.60510112649995, -33.46029024440028], [-70.60521839608005, -33.46191863195562], [-70.60522212931087, -33.46192789320622], [-70.60524039589292, -33.461927662041596], [-70.60543088418484, -33.46192466453734], [-70.60543893456942, -33.461970827791774], [-70.60543943119863, -33.46197465414008], [-70.60544926487161, -33.462049900884985], [-70.6054835727335, -33.46217879526226], [-70.6055750928213, -33.46225867260046], [-70.60565886298869, -33.46233178553044], [-70.60566115426727, -33.462331465457844], [-70.60583823693457, -33.46230676617295], [-70.6060203449158, -33.46228490361119], [-70.60619565894962, -33.46226612019933], [-70.60614967899292, -33.46198183133635], [-70.60614381703797, -33.46191270261245], [-70.60612237147377, -33.4616598005478], [-70.60607060024545, -33.461357715986], [-70.60593955754526, -33.46057214985105], [-70.60597920294062, -33.460565626368215], [-70.60679727699961, -33.46049020925484], [-70.60688480040164, -33.46047639035122], [-70.60678419169687, -33.459781700350575], [-70.6067343234327, -33.45978537785679], [-70.60654757322689, -33.45879377966363], [-70.60650833723822, -33.45879748790381], [-70.60644341627072, -33.45816256271532], [-70.60636131539128, -33.457605334584386], [-70.60635389930775, -33.45755500299339], [-70.60628249327432, -33.45707035170666], [-70.6059917234791, -33.455536539046484], [-70.6058616447885, -33.4547375600829], [-70.60585580410888, -33.45470168512754], [-70.60498297558308, -33.45480642829787], [-70.60426568469441, -33.45491304386305], [-70.6042739699865, -33.45497186233642], [-70.6043969547244, -33.455717722408956], [-70.6046489946325, -33.4572462039711], [-70.60469582973856, -33.45765523120328], [-70.60470600832879, -33.4577441282408], [-70.60477313478238, -33.458330362316495]], [[-70.60598655455328, -33.45974618247332], [-70.60592961331315, -33.45975436395923], [-70.60580404920094, -33.458949251404015], [-70.60585832708087, -33.45894375677494], [-70.60598655455328, -33.45974618247332]]]}}, {"type": "Feature", "properties": {"zona": "Z-2", "nombre": "Zona Z-2", "uperm": "Residencial de todo tipo; Equipamientos de acuerdo a lo definido en el artículo 2.1.33. de la OGUC, excepto los expresamente prohibidos.", "uproh": "Parques zoológicos y casinos de juegos. Cementerios y crematorio. Cárceles y centro de detención. Actividades productivas todas en general.", "comuna": "Ñuñoa"}, "geometry": {"type": "Polygon", "coordinates": [[[-70.60463088068806, -33.45017878926816], [-70.60462997990368, -33.450195708485275], [-70.60467693826386, -33.45020266881772], [-70.60463267707766, -33.45022830367879], [-70.60462827928912, -33.450227610279924], [-70.60462088922564, -33.450366303174164], [-70.60448174555728, -33.451287873258096], [-70.60445592521657, -33.451460500739174], [-70.60443718065095, -33.45165013176661], [-70.60433245722308, -33.45233221278106], [-70.60428788564339, -33.45261945236482], [-70.6042562075807, -33.452824023640915], [-70.6042425602251, -33.452942706433], [-70.60423574672609, -33.453001870937065], [-70.60420947539254, -33.45322991004387], [-70.60419915486055, -33.453321159323814], [-70.60483311884377, -33.453298738704156], [-70.60566333749502, -33.453274359984206], [-70.60566726032017, -33.45324636139811], [-70.60573427929663, -33.45276810489269], [-70.60596827803755, -33.45154080853954], [-70.60610633220972, -33.45047451342693], [-70.60616435260654, -33.45048183669845], [-70.60647701694343, -33.44882697303483], [-70.60675524360028, -33.44715127687901], [-70.60701824398994, -33.4455125963605], [-70.60696851818422, -33.445506524073636], [-70.60671920671159, -33.44547607649011], [-70.6067132475903, -33.44547534838427], [-70.60615842492535, -33.445407588162716], [-70.6056222667427, -33.445334072611836], [-70.60559977939894, -33.44533098918992], [-70.60547491432851, -33.44531386797651], [-70.60543578824021, -33.44530850282055], [-70.6053795344604, -33.44529784834276], [-70.60537206639698, -33.44534565472539], [-70.60533778883047, -33.44556507899502], [-70.60533074599516, -33.44561015993918], [-70.60531816834505, -33.44569067883798], [-70.60524482825087, -33.44616015780972], [-70.60520305889975, -33.446427541113124], [-70.60512195396593, -33.44695021864118], [-70.60516776530034, -33.44695714226636], [-70.60509346206952, -33.44738073658188], [-70.60500145528518, -33.447906587997736], [-70.60489226061985, -33.44853065949484], [-70.6054587134853, -33.448613013973336], [-70.60542973477861, -33.44864698613421], [-70.60533191370781, -33.448632729666166], [-70.60488577839696, -33.448567710439875], [-70.60487811053814, -33.44861152965718], [-70.60479970473622, -33.449094562534675], [-70.60476908439475, -33.44928337792367], [-70.60473778378609, -33.4494027997719], [-70.60465976093447, -33.44996877542963], [-70.60463088068806, -33.45017878926816]], [[-70.60608262364926, -33.446707588308946], [-70.60604326009442, -33.44693179428207], [-70.606039008633, -33.44695601216491], [-70.60603107841705, -33.44697213956655], [-70.60600717507052, -33.44697244922908], [-70.60599822152787, -33.446959383129396], [-70.60602873284152, -33.44674598127292], [-70.60603851099039, -33.44668315557484], [-70.60604509925537, -33.44666945525464], [-70.60606490128866, -33.44666293819582], [-70.60608348281423, -33.446665084620555], [-70.6060866132037, -33.446683694869655], [-70.60608262364926, -33.446707588308946]], [[-70.60609183421204, -33.44639292232397], [-70.60610180338395, -33.446333751978294], [-70.60611575250884, -33.44630479016883], [-70.60613217303437, -33.44630181692248], [-70.60614897192501, -33.44631119839099], [-70.60615142664065, -33.446326185712415], [-70.6061344563691, -33.446410912720545], [-70.60611278814913, -33.446501998088465], [-70.60609087741298, -33.446510369586555], [-70.60607733294349, -33.446495049766504], [-70.60607785445913, -33.44647589619749], [-70.60608339124099, -33.44644303112042], [-70.60609183421204, -33.44639292232397]], [[-70.60495805207366, -33.45027645012129], [-70.60480468086308, -33.45025379583121], [-70.6047872104353, -33.45022995388826], [-70.60480413144464, -33.45022093565676], [-70.60493185167171, -33.45024001169918], [-70.60495805207366, -33.45027645012129]], [[-70.60520278628769, -33.4503054938973], [-70.60516498347205, -33.45030568127978], [-70.60512854949373, -33.45026823188665], [-70.60519058010412, -33.4502785212245], [-70.60521066669375, -33.450300184674404], [-70.60520278628769, -33.4503054938973]], [[-70.60523528505472, -33.45018555050986], [-70.60521595197338, -33.450171908124354], [-70.60522613624056, -33.45012325134848], [-70.60525054785604, -33.45011317110026], [-70.60523528505472, -33.45018555050986]], [[-70.6050717201077, -33.450302181301815], [-70.60505809373451, -33.450298263412684], [-70.60500959939931, -33.45024192523757], [-70.60502512775372, -33.45024297953788], [-70.6050717201077, -33.450302181301815]]]}}, {"type": "Feature", "properties": {"zona": "Z-4B", "nombre": "Zona Z-4B", "uperm": "Residencial: Equipamiento: Clases de Equipamiento de acuerdo a lo definido en el artículo. 2.1.33 de la OGUC, excepto los expresamente prohibidos.", "uproh": "Clínicas Psiquiátricas, Cementerios y Crematorios. Locales de Educación superior, Técnica y centros de Capacitación. Cuarteles de Bomberos; Cárceles y Centros de detención. Estadios, Saunas, baños turcos. Juegos electrónicos s. Parques zoo*", "comuna": "Ñuñoa"}, "geometry": {"type": "Polygon", "coordinates": [[[-70.57431855490368, -33.43821256964296], [-70.57562393937525, -33.438304641509134], [-70.5757478187339, -33.43760508243409], [-70.57575364165317, -33.43757220132342], [-70.57580483677845, -33.4375767831581], [-70.57698966854208, -33.43768282182783], [-70.57748808425967, -33.43767243685523], [-70.57753901387902, -33.43767137583692], [-70.57808835895389, -33.43765992651397], [-70.57815702255964, -33.43711059655167], [-70.57882081243642, -33.43698470496113], [-70.57992712933758, -33.43664518257776], [-70.58057565898518, -33.436347625371134], [-70.5812089281921, -33.435981401361495], [-70.58226183381214, -33.435325252053936], [-70.58234130717922, -33.43527507506049], [-70.58300212118924, -33.43486332199044], [-70.58310110679855, -33.43481025031942], [-70.5825998439424, -33.43423702495888], [-70.58254576184106, -33.43417517902594], [-70.58254277850462, -33.43417176666766], [-70.58238389820204, -33.433990075386404], [-70.58228555692786, -33.43405935963167], [-70.5816721159337, -33.434457958227], [-70.58155225733422, -33.43453177846488], [-70.5811356832453, -33.43476755243565], [-70.58085551385824, -33.4349248539796], [-70.58065242929415, -33.4350372942011], [-70.58027168135801, -33.43524325827422], [-70.57995847458307, -33.43541495467671], [-70.57959141038714, -33.43563044973257], [-70.57905272832649, -33.435893758847044], [-70.57902485146056, -33.43590738531906], [-70.57853787358246, -33.436142677399666], [-70.57838988063293, -33.43620870830835], [-70.57817227449449, -33.43628660138395], [-70.57750312981844, -33.43646882331015], [-70.57708884684484, -33.43658034809152], [-70.57635500813419, -33.4368140944509], [-70.5763053355514, -33.43685739377097], [-70.5762700724428, -33.436882079900556], [-70.5762026887628, -33.43691715139714], [-70.57610362013112, -33.43695684082065], [-70.57608754368148, -33.43696328139345], [-70.57560322213905, -33.43715730979803], [-70.5755245853561, -33.43719350332778], [-70.57493364037508, -33.43747680518169], [-70.5743426914723, -33.43776010431822], [-70.57433379030171, -33.43788187819042], [-70.57432488911329, -33.4380036520604], [-70.57431855490368, -33.43821256964296]]]}}, {"type": "Feature", "properties": {"zona": "Z-3A", "nombre": "Zona Z-3A", "uperm": "Residencial; Equipamiento: Clases de Equipamiento de acuerdo a lo definido en el artículo. 2.1.33 de la OGUC, excepto los expresamente prohibidos a continuación.", "uproh": "Comercio: Mercados y Discotecas. Deportes: Estadios. Esparcimiento: Parques zoológicos, Casinos de juegos y Juegos electrónicos o mecánicos, (salvo que estos últimos se emplacen en locales destinados exclusivamente al uso de equipamiento c*", "comuna": "Ñuñoa"}, "geometry": {"type": "Polygon", "coordinates": [[[-70.60573427929663, -33.45276810489269], [-70.60566726032017, -33.45324636139811], [-70.60566333749502, -33.453274359984206], [-70.60622485561774, -33.45325786768106], [-70.60717188367988, -33.453230047939144], [-70.60903744522678, -33.45318253312644], [-70.60906258785856, -33.45310700033754], [-70.61172341285955, -33.45303654813372], [-70.61171975457958, -33.452852854852736], [-70.61107207463375, -33.45287309634398], [-70.6102633155424, -33.45289217499974], [-70.60972347497966, -33.45289824763685], [-70.60912647739391, -33.452915070219284], [-70.6090501805604, -33.45290744089976], [-70.60865343050344, -33.45283114762997], [-70.6084779452528, -33.45281588959345], [-70.60824905128574, -33.4528120767758], [-70.60713510269731, -33.452869305116806], [-70.6070332148246, -33.45287543280594], [-70.60679034712365, -33.45286710261168], [-70.60663970560397, -33.45285470881384], [-70.60638290272038, -33.45283221208874], [-70.60582807682374, -33.45277627520855], [-70.60573427929663, -33.45276810489269]]]}}, {"type": "Feature", "properties": {"zona": "EI", "nombre": "EI Zona de Equipamiento Intercomunal", "uperm": "", "uproh": "Todos los otros usos de suelo", "comuna": "Ñuñoa"}, "geometry": {"type": "Polygon", "coordinates": [[[-70.5952904239085, -33.46364302421193], [-70.59533250338494, -33.46457507009678], [-70.59579139857618, -33.46454110189641], [-70.5960935550513, -33.46450016743294], [-70.59651816023506, -33.46448323995911], [-70.59710076549935, -33.4644757338003], [-70.59787166642874, -33.464474711176884], [-70.59822258517164, -33.4644851668385], [-70.59819974972514, -33.46404104309855], [-70.59814609078778, -33.463006013525664], [-70.59813181048779, -33.46272674066256], [-70.59808954508489, -33.462015032181135], [-70.59807755255899, -33.46177532110101], [-70.59803939528442, -33.46084047416955], [-70.59800369552316, -33.46020692556253], [-70.59800305566432, -33.460195568920234], [-70.597998144246, -33.46010839799359], [-70.59713849121157, -33.46012460504539], [-70.59604639049589, -33.46014518565186], [-70.59604955621302, -33.46020572459924], [-70.59605758483912, -33.460359228578056], [-70.5955619848993, -33.460389224785246], [-70.59563464690638, -33.46186273350487], [-70.59556045070671, -33.46187258705182], [-70.59528696452526, -33.46188979991801], [-70.59521148797842, -33.46189455003233], [-70.59528821302347, -33.46359406152582], [-70.5952904239085, -33.46364302421193]]]}}, {"type": "Feature", "properties": {"zona": "EI", "nombre": "EI Zona de Equipamiento Intercomunal", "uperm": "", "uproh": "Todos los otros usos de suelo", "comuna": "Ñuñoa"}, "geometry": {"type": "Polygon", "coordinates": [[[-70.5955532358362, -33.470821761631505], [-70.5959370877204, -33.47103653396745], [-70.59649170237527, -33.471027754485256], [-70.59648818985498, -33.47094419727739], [-70.59659306630904, -33.470939173012404], [-70.59629970523048, -33.46476765084872], [-70.59622868577614, -33.464769733411664], [-70.59557370896563, -33.46478433755978], [-70.59516893374878, -33.46479263308767], [-70.59476415839917, -33.46480092729547], [-70.59433011146014, -33.464818853137466], [-70.5942290674907, -33.46482247422542], [-70.59425307287762, -33.46484850075157], [-70.59426213582557, -33.46487017424726], [-70.59426686675877, -33.46489190346636], [-70.5942674318971, -33.464922765919894], [-70.5942936256517, -33.46561639979163], [-70.59430281725021, -33.46577853290602], [-70.59435004443378, -33.46661151775023], [-70.5943475773753, -33.466733976808975], [-70.59433938396921, -33.466801219104994], [-70.59432169776369, -33.46686463529611], [-70.59429009392085, -33.46694007788918], [-70.59424428531864, -33.46701175317405], [-70.59416615178212, -33.467119389051604], [-70.59381317952774, -33.4675260656891], [-70.59305361220184, -33.46841024712525], [-70.5925491840002, -33.46898274435392], [-70.59329480542536, -33.46943700715647], [-70.59374648157193, -33.469709392011325], [-70.59417986600394, -33.46998251638664], [-70.59463765601316, -33.470276252158705], [-70.59511070471615, -33.470550914443564], [-70.5955532358362, -33.470821761631505]]]}}, {"type": "Feature", "properties": {"zona": "ZI-1", "nombre": "Zona ZI-1", "uperm": "Equipamiento: Clases de Equipamiento de acuerdo a lo definido en el artículo. 2.1.33 de la OGUC, excepto los expresamente prohibidos. Actividades Productivas: Industrias, talleres y Almacenamiento de tipo inofensivo.", "uproh": "Residencial: Excepto viviendas de cuidador.Equipamiento: Todos los expresamente indicados a continuación:- Esparcimiento, parques zoológicos, casinos de juegos. Salud, cementerios, y crematorios.", "comuna": "Ñuñoa"}, "geometry": {"type": "Polygon", "coordinates": [[[-70.61739458610955, -33.4659215377693], [-70.61746918698618, -33.46592937685307], [-70.61759014705889, -33.46476001080395], [-70.6174908084495, -33.462472010160255], [-70.61744571894941, -33.46247506779276], [-70.61535517978481, -33.46261681164891], [-70.61515563437881, -33.46262340999928], [-70.61515319464529, -33.46275197588178], [-70.61513268880252, -33.46306206105745], [-70.61512349667629, -33.4632742333083], [-70.61510872517506, -33.463541950660414], [-70.6150848043194, -33.463933319753885], [-70.61505642392665, -33.464475008757354], [-70.61503581750868, -33.46488654278387], [-70.6150090992597, -33.46528687905923], [-70.6150078210777, -33.465306026208076], [-70.61500198444583, -33.46539347503915], [-70.61502064931123, -33.465448726751326], [-70.61503058551621, -33.465475025362835], [-70.6150384464564, -33.46549130735012], [-70.6150487875451, -33.46550544132734], [-70.61508342229283, -33.46553881668201], [-70.61512161173304, -33.46555998814984], [-70.61516884246761, -33.46557481825819], [-70.61544010885402, -33.465615007923546], [-70.61556280233916, -33.46563537446596], [-70.6156110083255, -33.465643899632674], [-70.61565075638585, -33.46566717983345], [-70.6156817386682, -33.465688741779594], [-70.61615177382095, -33.4657607721072], [-70.61667510941182, -33.465822074338284], [-70.61716459736459, -33.46589737048492], [-70.6171857358506, -33.465899591822705], [-70.61739458610955, -33.4659215377693]]]}}, {"type": "Feature", "properties": {"zona": "Z-1", "nombre": "Zona Z-1", "uperm": "Residencial de todo tipo; Equipamiento: clase de equipamiento de acurdo a lo definido en el artículo 2.1.33. de la OGUC, excepto los expresamente prohibidos.", "uproh": "Equipamiento: Esparcimiento: Parques zoológicos y casinos de juegos; Salud: cementerios y crematorio; Seguridad: cárceles y centro de detención. Actividad productiva de todo tipo.", "comuna": "Ñuñoa"}, "geometry": {"type": "Polygon", "coordinates": [[[-70.62499713710145, -33.46910350670619], [-70.62523949685456, -33.469453137512275], [-70.62534494406796, -33.46938790078984], [-70.62571068106625, -33.46915344268], [-70.62589629829468, -33.4689929291843], [-70.62602748592454, -33.4687387678768], [-70.62603563929402, -33.46871130219474], [-70.62603598351706, -33.46871014424245], [-70.62643859657001, -33.46735393241067], [-70.62649635811128, -33.46714808189098], [-70.62649929591063, -33.467137614614096], [-70.62696043110664, -33.465494209241214], [-70.62696360280421, -33.465482905594385], [-70.62703730420726, -33.46522023970414], [-70.6271110062565, -33.46495757285705], [-70.6271555352088, -33.464815204867605], [-70.62721214000726, -33.46461942094081], [-70.62723308974245, -33.46453377175622], [-70.62769837260693, -33.46293782897645], [-70.62770735245725, -33.462907028191154], [-70.62779665807138, -33.462600701466535], [-70.62785792961827, -33.46239431538584], [-70.6279231215048, -33.46216743246448], [-70.62802554396217, -33.46181485173228], [-70.62808369079596, -33.46160333279713], [-70.62808616507573, -33.461594334332354], [-70.62855198339304, -33.4598998267817], [-70.62875152774089, -33.45923557392493], [-70.62904536850017, -33.45828581108444], [-70.62904692281423, -33.45828078731902], [-70.62920812787968, -33.45775972738456], [-70.62921575746974, -33.457694875904075], [-70.62943701432566, -33.456855621894356], [-70.62971175744099, -33.4559181442373], [-70.6297127778655, -33.45591466329464], [-70.62978887232187, -33.455655010583115], [-70.62981140946876, -33.45557847286308], [-70.62983709459482, -33.45549124226314], [-70.62834990861857, -33.45519076525869], [-70.62832245301118, -33.455258355383734], [-70.62844880020347, -33.4552840272659], [-70.62833066271864, -33.45573970359019], [-70.6279538675853, -33.457193039406086], [-70.62794978816729, -33.45720877215797], [-70.6278979160893, -33.457408843884686], [-70.62777502421565, -33.45783504632293], [-70.62775642059883, -33.45789956297649], [-70.62718614066885, -33.45987730026672], [-70.62713284169253, -33.460033937638016], [-70.62494848499543, -33.46707202985799], [-70.62474006598164, -33.467945090986454], [-70.62468858765108, -33.46794791310237], [-70.62471413222772, -33.46830978697806], [-70.62478797502126, -33.46869679641545], [-70.6248344080221, -33.468804993021806], [-70.62499713710145, -33.46910350670619]]]}}, {"type": "Feature", "properties": {"zona": "ZR-1", "nombre": "Zona ZR-1", "uperm": "", "uproh": "Todos los otros usos de suelo", "comuna": "Ñuñoa"}, "geometry": {"type": "Polygon", "coordinates": [[[-70.62487395448922, -33.469372920117635], [-70.6250162250888, -33.46959126897316], [-70.62506529112882, -33.46956091311176], [-70.62506590278728, -33.46956053444052], [-70.62506794945371, -33.469559267591514], [-70.62523949685456, -33.469453137512275], [-70.62499713710145, -33.46910350670619], [-70.6248344080221, -33.468804993021806], [-70.62478797502126, -33.46869679641545], [-70.62471413222772, -33.46830978697806], [-70.62468858765108, -33.46794791310237], [-70.62474006598164, -33.467945090986454], [-70.62494848499543, -33.46707202985799], [-70.62713284169253, -33.460033937638016], [-70.62718614066885, -33.45987730026672], [-70.62775642059883, -33.45789956297649], [-70.62777502421565, -33.45783504632293], [-70.62681721581511, -33.45766410990357], [-70.62678746594496, -33.45776886977788], [-70.62678421335835, -33.457780324193784], [-70.6266543630932, -33.45823757576492], [-70.62642023048946, -33.45907421286554], [-70.6262959842558, -33.45952586951488], [-70.62629470671519, -33.45953051355435], [-70.62625386161436, -33.459678990668124], [-70.62597068323487, -33.46066125627321], [-70.62593876748775, -33.460778908913014], [-70.62591057523744, -33.46088283378097], [-70.62584771839343, -33.46108766791509], [-70.62581886322276, -33.4611495294054], [-70.62577683465608, -33.461219947072635], [-70.62592562335439, -33.46132254326622], [-70.62567594471876, -33.46205357588778], [-70.6253486196841, -33.46339109592392], [-70.625555800407, -33.463433118435056], [-70.6255846023322, -33.4636415235733], [-70.62559883759414, -33.463832223897846], [-70.62558800884105, -33.46420519205253], [-70.62546972308107, -33.46454079549876], [-70.6254289529678, -33.46468044603154], [-70.62474281876204, -33.467030605294426], [-70.6247060300674, -33.46728586356735], [-70.62453248158039, -33.4677116689013], [-70.62435275914316, -33.46817286954738], [-70.62432703705419, -33.46825910567432], [-70.62429045486158, -33.468404182228724], [-70.62435436451479, -33.46848662737906], [-70.62440095247617, -33.468535638855606], [-70.6243488137744, -33.468670898226875], [-70.62440054138877, -33.46871618272301], [-70.62463276970622, -33.46889791025055], [-70.62487395448922, -33.469372920117635]]]}}, {"type": "Feature", "properties": {"zona": "Z-4", "nombre": "Zona Z-4", "uperm": "Residencial: Equipamiento: Clases de Equipamiento de acuerdo a lo definido en el artículo. 2.1.33 de la OGUC, excepto los expresamente prohibidos.", "uproh": "Clínicas Psiquiátricas, Cementerios y Crematorios. Locales de Educación superior, Técnica y centros de Capacitación. Cuarteles de Bomberos; Cárceles y Centros de detención. Estadios, Saunas, baños turcos. Juegos electrónicos s. Parques zoo*", "comuna": "Ñuñoa"}, "geometry": {"type": "Polygon", "coordinates": [[[-70.57957581094928, -33.45481431652257], [-70.57930047461771, -33.454997989135684], [-70.57918380965697, -33.454900496225065], [-70.5790987925279, -33.45482944861203], [-70.57839822297615, -33.454969607329936], [-70.57831702148036, -33.45503564744887], [-70.57820746547961, -33.455124747748826], [-70.57804242653782, -33.45503893696553], [-70.57775054909027, -33.45488717844868], [-70.57773184525333, -33.45491184185433], [-70.57768705476605, -33.45497090325647], [-70.57755857627444, -33.45491563974026], [-70.57745133985539, -33.454869513729015], [-70.57642111117498, -33.45480029836393], [-70.57642201790951, -33.454850395592324], [-70.57575101780893, -33.45481955565267], [-70.5757981952556, -33.4550982268616], [-70.57580775510543, -33.455154695597564], [-70.57587128339432, -33.45552994582952], [-70.57587506231734, -33.45555226694834], [-70.57595659579187, -33.45603386095471], [-70.57596522188665, -33.45605411385527], [-70.57610821667325, -33.45638985051576], [-70.57611118221675, -33.45639742160437], [-70.57612873617659, -33.45644222800791], [-70.57632836342825, -33.45695177759029], [-70.57665722919936, -33.45673616750262], [-70.57690590158913, -33.4565698304413], [-70.57701542304842, -33.45671043666746], [-70.57706415503016, -33.45674758196734], [-70.57711570794648, -33.45677462054783], [-70.57718832584244, -33.45680391080937], [-70.57728496846137, -33.4568328935179], [-70.57745987194944, -33.45687095102194], [-70.57748944235577, -33.456876612495485], [-70.5775955078372, -33.456896920219364], [-70.57767986418064, -33.456910952324996], [-70.5777761422723, -33.45691979857443], [-70.57789649177612, -33.45693085535464], [-70.5780107414621, -33.45693695291634], [-70.57822104235044, -33.45693931223493], [-70.57838625135454, -33.45693972565794], [-70.57861147600585, -33.456936857523566], [-70.57878283803458, -33.456932223840596], [-70.58014093775968, -33.45685210562863], [-70.58005700401856, -33.45615781493794], [-70.57999705450185, -33.455802408866894], [-70.57994963311819, -33.45550210036096], [-70.57992788717927, -33.45535512211923], [-70.57992655187361, -33.455281511430854], [-70.57992723210768, -33.45510863880219], [-70.57995880391563, -33.45489371120473], [-70.5799408555881, -33.45483401475874], [-70.57993400224225, -33.45477167880975], [-70.5799278357478, -33.454642108525825], [-70.57991644312578, -33.45459773278119], [-70.57957581094928, -33.45481431652257]]]}}, {"type": "Feature", "properties": {"zona": "Z-7B", "nombre": "Zona Z-7B", "uperm": "Residencial: De todo tipo; Equipamientos: Clases de Equipamiento de acuerdo a lo definido en el artículo. 2.1.33 de la OGUC, excepto los expresamente prohibidos.", "uproh": "Clínicas Psiquiátricas, Cementerios y Crematorios. Locales de Educación Superior, Técnica y Centros de Capacitación. Cuarteles de Bomberos, Cárceles y Centros de detención.  Estadios, Saunas, baños turcos. Parques zoológicos, casinos, Jueg*", "comuna": "Ñuñoa"}, "geometry": {"type": "Polygon", "coordinates": [[[-70.5768895119895, -33.442925307136704], [-70.5768574646468, -33.44293343447659], [-70.57686671295927, -33.442472515312815], [-70.57668070248626, -33.4424532152094], [-70.5764785129362, -33.44243223480735], [-70.57567738480304, -33.44235212869518], [-70.57525011643506, -33.44227583530676], [-70.57493729376024, -33.44216520834025], [-70.57483811216858, -33.442787019852034], [-70.57476181748176, -33.44318375816085], [-70.57470841170732, -33.443492756201074], [-70.57466263581696, -33.44380175379919], [-70.57464257697355, -33.44392512035951], [-70.57462448921024, -33.4440363637162], [-70.57458634348303, -33.44427097270359], [-70.57469326101298, -33.444285686406424], [-70.57526238328903, -33.4443499397405], [-70.57581104303698, -33.44440423541322], [-70.57607516968388, -33.4444281125648], [-70.57626192678102, -33.44443594886201], [-70.57709425828152, -33.4444730177127], [-70.57725805086147, -33.44448051965769], [-70.5777769162136, -33.44449898315263], [-70.5788742860358, -33.444541797866364], [-70.57929865745292, -33.44455921276726], [-70.57931890303827, -33.444560043381806], [-70.57946564534697, -33.44456606504833], [-70.57975001578784, -33.4445793278442], [-70.57987260774384, -33.444584824360646], [-70.58034462141593, -33.444605098812914], [-70.58045326419362, -33.444608223069956], [-70.58120900370797, -33.444637152771826], [-70.58125738202752, -33.44422113320131], [-70.581284813088, -33.44396159885835], [-70.58128980590297, -33.44391644691134], [-70.58134632939735, -33.44350797457555], [-70.58139210477287, -33.44305783010459], [-70.58146076861375, -33.44260386925544], [-70.58152910630028, -33.44200240703892], [-70.58157520722901, -33.441650172600625], [-70.57924647942468, -33.442233196120306], [-70.5790129442817, -33.44230273619777], [-70.57856868820524, -33.44241054192217], [-70.57790953554806, -33.44257684733065], [-70.57784931458158, -33.44262498100302], [-70.57747945173665, -33.44272858043317], [-70.57719302683991, -33.442834320685904], [-70.5768895119895, -33.442925307136704]], [[-70.57619430986053, -33.443591519081934], [-70.57619246439532, -33.44359220088614], [-70.57596795774606, -33.44356881233498], [-70.57598377987082, -33.44349941314706], [-70.57609462798494, -33.44349084613551], [-70.57615102180932, -33.44346149584036], [-70.57629224182531, -33.4431815094276], [-70.5765524461883, -33.44318869196234], [-70.57659922732526, -33.443189982816726], [-70.57656866664405, -33.443220531622416], [-70.57649187439671, -33.4432972923029], [-70.5761848678545, -33.44350735601177], [-70.57619430986053, -33.443591519081934]], [[-70.57548145256219, -33.44327425864894], [-70.57544852547933, -33.44358156370294], [-70.57533052033541, -33.44356740366333], [-70.57538509624771, -33.443262141271916], [-70.57548145256219, -33.44327425864894]]]}}, {"type": "Feature", "properties": {"zona": "Z-1A", "nombre": "Zona Z-1A", "uperm": "Residencial de todo tipo; Equipamiento: clase de equipamiento de acurdo a lo definido en el artículo 2.1.33. de la OGUC, excepto los expresamente prohibidos.", "uproh": "Equipamiento: Esparcimiento: Parques zoológicos y casinos de juegos; Salud: cementerios y crematorio; Seguridad: cárceles y centro de detención. Actividad productiva de todo tipo.", "comuna": "Ñuñoa"}, "geometry": {"type": "Polygon", "coordinates": [[[-70.59480333800506, -33.454195049724134], [-70.59481530649226, -33.45431488652396], [-70.59483369877923, -33.45449904783167], [-70.59409622683411, -33.45452881163732], [-70.59411466404646, -33.45520821630848], [-70.59462571015567, -33.45518730391077], [-70.59463992475382, -33.45518672243739], [-70.5949068799787, -33.45517579727401], [-70.595186099146, -33.45515318828061], [-70.59538565438486, -33.455134309501695], [-70.59561565675352, -33.45511037690256], [-70.59584570169935, -33.45508877547149], [-70.59600084527234, -33.45507046746327], [-70.59608394483055, -33.455060077943536], [-70.59618088358509, -33.45504717712001], [-70.59639471759151, -33.45500729854143], [-70.59747190811969, -33.454906552940294], [-70.5979402005792, -33.454850345345214], [-70.59801490624332, -33.45476756618294], [-70.59798969218981, -33.45451195910385], [-70.59796626354479, -33.45432187422747], [-70.59795066816005, -33.45419534515984], [-70.59770077885878, -33.45421789703548], [-70.59759829829666, -33.45388220457306], [-70.59758853775523, -33.45388353521712], [-70.59734583053587, -33.45391617369575], [-70.59734942485916, -33.45395289061508], [-70.59623689047604, -33.45401263552275], [-70.59624473104685, -33.4540620479239], [-70.59480333800506, -33.454195049724134]]]}}, {"type": "Feature", "properties": {"zona": "Z-2B", "nombre": "Zona Z-2B", "uperm": "Residencial de todo tipo; Equipamientos de acuerdo a lo definido en el artículo 2.1.33. de la OGUC, excepto los expresamente prohibidos.", "uproh": "Parques zoológicos y casinos de juegos. Cementerios y crematorio. Cárceles y centro de detención. Actividades productivas todas en general.", "comuna": "Ñuñoa"}, "geometry": {"type": "Polygon", "coordinates": [[[-70.57309332026895, -33.439969867755615], [-70.57304014653207, -33.440310857803105], [-70.57297498887898, -33.44066726980016], [-70.57295137195713, -33.440800949655404], [-70.57294966001837, -33.44081063638622], [-70.57284010862796, -33.44143073302966], [-70.57265412182035, -33.44251771899103], [-70.57256479225475, -33.44302990806589], [-70.57256434090775, -33.44303249665792], [-70.57254791457679, -33.443126681149664], [-70.57252130938458, -33.4432857657275], [-70.5725199442616, -33.443293931158166], [-70.57240868237801, -33.443959213985806], [-70.57212297875283, -33.445544396646774], [-70.57206611571229, -33.44591724796351], [-70.57204066034758, -33.44605691115168], [-70.57203812322187, -33.44607083705128], [-70.5719124683851, -33.44676025552273], [-70.57188303743474, -33.446921734051934], [-70.57183820378597, -33.44719808025422], [-70.57170700871335, -33.44790829385124], [-70.57170614526899, -33.44791296820522], [-70.57168520495347, -33.44802632784836], [-70.5715531153216, -33.448809150574185], [-70.57155301718124, -33.44880973350413], [-70.57149282055805, -33.449166484704996], [-70.57147354471785, -33.449280718726385], [-70.57145909341155, -33.44936636192833], [-70.57143763914506, -33.44948161918621], [-70.57132684304452, -33.450076832773036], [-70.5712783531271, -33.45033732473175], [-70.57124229208988, -33.45055010790599], [-70.57123709206533, -33.45058079393045], [-70.57114426619223, -33.45112851869834], [-70.5711313572313, -33.4512046865272], [-70.57109943102189, -33.45139307031319], [-70.57109914714815, -33.45139474862449], [-70.57104550211568, -33.4517112792869], [-70.57123473962746, -33.451731656779955], [-70.5714793126833, -33.45176292924651], [-70.57183968211241, -33.45180900757121], [-70.57195702945015, -33.4518170619183], [-70.57208869570329, -33.45183605512835], [-70.57222424677643, -33.451842943156876], [-70.5722567558025, -33.45184195005868], [-70.57241701602837, -33.451837054907394], [-70.57270947700425, -33.451824261529296], [-70.57264452612034, -33.45137106155278], [-70.57254429672776, -33.450671693298936], [-70.57253398199143, -33.45059971678044], [-70.57254161028, -33.45047382893429], [-70.57260038477611, -33.4501652580544], [-70.57260111391982, -33.45016142952033], [-70.57261351052718, -33.45009634983654], [-70.57263316412644, -33.44999316471108], [-70.5726713116271, -33.449762370248436], [-70.57269038530282, -33.449646972561], [-70.57269411741198, -33.44962439368959], [-70.5727094589342, -33.44953157487003], [-70.57296122810767, -33.448043806928325], [-70.57300965615006, -33.44781889173215], [-70.57317435602896, -33.447029894627406], [-70.57317552638655, -33.447024289279454], [-70.57319346652939, -33.446938343682966], [-70.57320027865333, -33.446905711692196], [-70.57322762858944, -33.446741960512064], [-70.57332038059772, -33.44605601567411], [-70.57320979141919, -33.44604218341924], [-70.57337512206095, -33.445209730039174], [-70.57334427732184, -33.44520391773759], [-70.5734358180501, -33.444756551463996], [-70.573397423597, -33.44475823186989], [-70.5735057992362, -33.44414139748203], [-70.5736151681264, -33.44415361267631], [-70.57367757427275, -33.444160583583994], [-70.57369636178684, -33.44403905591437], [-70.57373085151245, -33.44381595683545], [-70.57380249371796, -33.44382131880387], [-70.57399569272212, -33.44268549286156], [-70.57395729714358, -33.44268086597937], [-70.57379797515283, -33.442661663725154], [-70.57385260114381, -33.442229298775594], [-70.57370370749295, -33.44220970878365], [-70.57367991625577, -33.44220657836625], [-70.57362785030614, -33.44219972870734], [-70.57367994318331, -33.44183238517373], [-70.5737900012386, -33.4416686138626], [-70.57362264196745, -33.441596613294074], [-70.57388561765778, -33.4411932383724], [-70.57388906654083, -33.44076096113434], [-70.57392958778549, -33.44048702263075], [-70.5740044427956, -33.44049502040351], [-70.57401964226992, -33.440351660472764], [-70.57397082405416, -33.44034773946377], [-70.57381443654567, -33.440329787727045], [-70.57385264660658, -33.440038359438134], [-70.57399880548022, -33.44004800969448], [-70.57412851085508, -33.439269790121756], [-70.57425058325074, -33.43873571944222], [-70.57430270365522, -33.43833457604745], [-70.57431855490368, -33.43821256964296], [-70.573773204668, -33.43818273032805], [-70.57356781774469, -33.43815506235652], [-70.57347308495828, -33.43820334783574], [-70.57334104713857, -33.43861476788107], [-70.57331763296402, -33.43873328713713], [-70.57331498463407, -33.438746693219095], [-70.57327663827829, -33.43894079392393], [-70.573273438999, -33.4389569900725], [-70.57323189318387, -33.43916728691098], [-70.57309332026895, -33.439969867755615]], [[-70.57286663726285, -33.44292646284545], [-70.57282838757918, -33.44315454250314], [-70.57315678627272, -33.443190418490005], [-70.57319941320625, -33.442970852476506], [-70.57339572140751, -33.442995058474246], [-70.57335602894976, -33.443233416801405], [-70.57368497566553, -33.44327096004107], [-70.57373477067875, -33.44303082482672], [-70.57388423842137, -33.44304775606149], [-70.57377176037895, -33.443671914416136], [-70.57361935908547, -33.443648905832056], [-70.57365475609355, -33.443403191556165], [-70.57334419156922, -33.44337181351608], [-70.57330933508027, -33.443600743049004], [-70.57310151270929, -33.44358033548412], [-70.57313993097205, -33.443338029822556], [-70.57282019804985, -33.443295252116364], [-70.5727735565385, -33.44353884071718], [-70.57264677473887, -33.44352121546368], [-70.57275526388895, -33.442909068777524], [-70.57286663726285, -33.44292646284545]], [[-70.57228193747969, -33.44586152800857], [-70.57219146349087, -33.445886930346475], [-70.57216804967915, -33.44587913416706], [-70.57216088497215, -33.4458707820107], [-70.57216215143373, -33.44582042080118], [-70.57216584910702, -33.44580571001135], [-70.57218216696637, -33.44579942648824], [-70.5722909379874, -33.445859000540686], [-70.57228193747969, -33.44586152800857]], [[-70.57239088842996, -33.44588266151848], [-70.57240571585196, -33.445879151986794], [-70.57252979510685, -33.44588757597479], [-70.57254891623518, -33.445921932476644], [-70.57247609801364, -33.44591116828534], [-70.57238987093453, -33.44589816981645], [-70.57239088842996, -33.44588266151848]]]}}, {"type": "Feature", "properties": {"zona": "Z-2B", "nombre": "Zona Z-2B", "uperm": "Residencial de todo tipo; Equipamientos de acuerdo a lo definido en el artículo 2.1.33. de la OGUC, excepto los expresamente prohibidos.", "uproh": "Parques zoológicos y casinos de juegos. Cementerios y crematorio. Cárceles y centro de detención. Actividades productivas todas en general.", "comuna": "Ñuñoa"}, "geometry": {"type": "Polygon", "coordinates": [[[-70.57524090238132, -33.46625189245951], [-70.57565045320132, -33.4673610500602], [-70.57569418883381, -33.46747949298465], [-70.57583434742068, -33.46783865154499], [-70.57621139578033, -33.46880482288231], [-70.57631588227851, -33.46876851357157], [-70.57638690303452, -33.46876075538007], [-70.57644587005346, -33.4687543138416], [-70.57651029563591, -33.468749167314755], [-70.57653345634841, -33.46874731702648], [-70.5766406278637, -33.468756247205455], [-70.57678826962437, -33.468772011448976], [-70.57691444331749, -33.46880049489975], [-70.5770173412243, -33.46873258417986], [-70.57720804633634, -33.46865141634517], [-70.5772066848538, -33.46857627114918], [-70.57747534453814, -33.46855495580301], [-70.57745469992011, -33.46835836426847], [-70.57849794001093, -33.46820633127041], [-70.57842564262367, -33.46798602120313], [-70.57837855085415, -33.46784251678502], [-70.5783474495441, -33.46767571090825], [-70.57833658510066, -33.46761744464659], [-70.5782946195879, -33.46739237247973], [-70.5782030577513, -33.466923154936865], [-70.57748431217578, -33.46702206682832], [-70.57737141072107, -33.467037603104096], [-70.57680680459244, -33.46711390169291], [-70.57677541909118, -33.46694577687452], [-70.5767241967134, -33.4666713949702], [-70.57672064330359, -33.466652361853505], [-70.57658516927032, -33.465926652339554], [-70.57657406103579, -33.465867143551606], [-70.57606394315636, -33.46596131520465], [-70.57521180410235, -33.466164378425546], [-70.57522281479478, -33.466197492764294], [-70.57524090238132, -33.46625189245951]], [[-70.57633036903553, -33.46666389798955], [-70.57611564869191, -33.46669438639227], [-70.5760379045609, -33.46633149351807], [-70.5762571555595, -33.46630067077764], [-70.57633036903553, -33.46666389798955]]]}}, {"type": "Feature", "properties": {"zona": "Z-4C", "nombre": "Zona Z-4C", "uperm": "Residencial: Equipamiento: Clases de Equipamiento de acuerdo a lo definido en el artículo. 2.1.33 de la OGUC, excepto los expresamente prohibidos.", "uproh": "Clínicas Psiquiátricas, Cementerios y Crematorios. Locales de Educación superior, Técnica y centros de Capacitación. Cuarteles de Bomberos; Cárceles y Centros de detención. Estadios, Saunas, baños turcos. Juegos electrónicos s. Parques zoo*", "comuna": "Ñuñoa"}, "geometry": {"type": "Polygon", "coordinates": [[[-70.6186484111199, -33.4476544219693], [-70.61843478389243, -33.448367788547785], [-70.61779387979917, -33.44824953344034], [-70.61709193881383, -33.44812364989279], [-70.61707877325128, -33.44818444088277], [-70.61680641608343, -33.449442035675325], [-70.61636996961302, -33.44937783350148], [-70.6163626330652, -33.44937675407557], [-70.61620530032047, -33.4493536100482], [-70.6163518520859, -33.448646281023244], [-70.6163865817388, -33.44850961297571], [-70.61645846300574, -33.4481564756303], [-70.61647812361076, -33.448082934695826], [-70.61649681342362, -33.44801302456182], [-70.6161678884348, -33.44794907161499], [-70.61615317674354, -33.447946210711095], [-70.6159474680869, -33.44790621406783], [-70.6145303267047, -33.44768144654301], [-70.61420578480924, -33.44906254082511], [-70.61416354043028, -33.449055458696286], [-70.61369981521999, -33.45118957001797], [-70.61348217741444, -33.452317797627224], [-70.61411524322578, -33.45240976110874], [-70.61411086963027, -33.45244515899639], [-70.61409914570679, -33.45250510482827], [-70.61423581786072, -33.45252313925734], [-70.6144825357675, -33.452555693712824], [-70.61478790692188, -33.4525959878948], [-70.61478633898504, -33.452703382059624], [-70.61537684643693, -33.452695688325846], [-70.615370763393, -33.452367678995934], [-70.61598008533979, -33.45227575249542], [-70.61598210226497, -33.45235147273372], [-70.61598327493901, -33.45239548750726], [-70.61660438498731, -33.452375709408464], [-70.6166049094837, -33.45234832120004], [-70.61783678417261, -33.45244721337541], [-70.61787784232004, -33.4521635047008], [-70.61841955720539, -33.4522626851267], [-70.61946484086779, -33.45248393680888], [-70.61966830047423, -33.45252474225205], [-70.61970479994639, -33.45253206256322], [-70.61971165925891, -33.45253343841029], [-70.62081531634722, -33.45275477888164], [-70.62116256182212, -33.45282341699409], [-70.62116343214637, -33.45282358868324], [-70.62179956048512, -33.452949326394894], [-70.62234427987455, -33.45305597774288], [-70.62250530463405, -33.45308750390774], [-70.62251202521163, -33.45308882008965], [-70.622939476117, -33.45317250819172], [-70.62306929836745, -33.45315200709124], [-70.62310784844428, -33.45303794492698], [-70.62315466843998, -33.452877812749186], [-70.62315735671253, -33.452868619475126], [-70.62341706710983, -33.45198036102645], [-70.62342541357273, -33.45195162315646], [-70.62389529238033, -33.452047244535514], [-70.62431845218578, -33.45213335778288], [-70.62432584971462, -33.45210745952549], [-70.62432626075555, -33.452106021133346], [-70.62441628122077, -33.451790875203734], [-70.62470649201867, -33.45077488075928], [-70.62605696857166, -33.45114490674466], [-70.62736166504997, -33.45140811914576], [-70.62907068094258, -33.45154904316694], [-70.62908271861752, -33.45150263561812], [-70.62931851482917, -33.45064640179004], [-70.62956518412736, -33.449758821295625], [-70.62964929074639, -33.44945618125962], [-70.62930278162068, -33.44938498690274], [-70.6292145488089, -33.44936685822433], [-70.62921311463263, -33.44936656323664], [-70.62921144180238, -33.449366219981194], [-70.62895627302233, -33.44931379155909], [-70.62831810492574, -33.44920496501364], [-70.62831581585256, -33.44920457392708], [-70.62797202867448, -33.44914594671798], [-70.62764552894552, -33.449086401668964], [-70.62675889029816, -33.448924696593], [-70.62623243346447, -33.448779737731876], [-70.62568212954724, -33.44863975719554], [-70.62536263460082, -33.44855848563701], [-70.62518350923384, -33.4485232449136], [-70.62516731513217, -33.44852005912071], [-70.62486681089008, -33.448460936939306], [-70.6248217486179, -33.44845207098872], [-70.6244761815454, -33.44838408279188], [-70.62400388523857, -33.44829116251992], [-70.62397722632433, -33.448285917705675], [-70.62369609316126, -33.44823060614362], [-70.62322722880303, -33.44813836119647], [-70.62263594347077, -33.44802203098268], [-70.62225183629322, -33.44794645966927], [-70.62183183375107, -33.44786335302123], [-70.62182490278846, -33.4478619818296], [-70.62121584981786, -33.447741465459444], [-70.62117548423612, -33.44773347735599], [-70.62089157034892, -33.44767729660286], [-70.61984628746393, -33.447475119664816], [-70.61897839284865, -33.4472917733959], [-70.61876285452709, -33.4472462390794], [-70.6186484111199, -33.4476544219693]], [[-70.62526839836919, -33.44864190484385], [-70.62516468758537, -33.44901620331973], [-70.62513422026755, -33.44900883527873], [-70.6252438666341, -33.44863628431126], [-70.62526839836919, -33.44864190484385]], [[-70.61636393525339, -33.45179918992527], [-70.61621102942037, -33.45180416595321], [-70.61620367094628, -33.45140757376975], [-70.61635663141134, -33.45140557940306], [-70.61636393525339, -33.45179918992527]], [[-70.61468065635103, -33.451782949905024], [-70.61461551736562, -33.45218466296327], [-70.6143245820344, -33.45215266024731], [-70.61438551973261, -33.451754581398106], [-70.61468065635103, -33.451782949905024]], [[-70.61609468306803, -33.45209435239664], [-70.61608644264908, -33.45188707582556], [-70.61617579815237, -33.451884127047514], [-70.61618931258788, -33.45209216092402], [-70.61609468306803, -33.45209435239664]], [[-70.61660483231135, -33.451890043649655], [-70.61660421570879, -33.45187815204062], [-70.61660419879532, -33.45187782038765], [-70.61660419201655, -33.45187768700518], [-70.61660415990104, -33.45187705794648], [-70.6166018200642, -33.451831905862676], [-70.6166018824473, -33.451831905049126], [-70.61693375566712, -33.45182755045179], [-70.61691109686883, -33.45194864165316], [-70.61688843803127, -33.45206973375162], [-70.61660972533107, -33.45208464891513], [-70.61661129489391, -33.4520147357011], [-70.61660993199538, -33.45198842814842], [-70.61660848756378, -33.45196056780538], [-70.61660665939874, -33.451925305734655], [-70.61660483231135, -33.451890043649655]], [[-70.61588956217965, -33.45209416850415], [-70.61579708819204, -33.45209726504572], [-70.61578793210496, -33.45189098698072], [-70.61587836043216, -33.451890078802855], [-70.61588956217965, -33.45209416850415]]]}}, {"type": "Feature", "properties": {"zona": "Z-2B", "nombre": "Zona Z-2B", "uperm": "Residencial de todo tipo; Equipamientos de acuerdo a lo definido en el artículo 2.1.33. de la OGUC, excepto los expresamente prohibidos.", "uproh": "Parques zoológicos y casinos de juegos. Cementerios y crematorio. Cárceles y centro de detención. Actividades productivas todas en general.", "comuna": "Ñuñoa"}, "geometry": {"type": "MultiPolygon", "coordinates": [[[[-70.57236034465112, -33.4551550358265], [-70.57236510724826, -33.45515442168624], [-70.57235802594518, -33.45514113996599], [-70.57236034465112, -33.4551550358265]]], [[[-70.5723732279681, -33.45523225096206], [-70.57236034465112, -33.4551550358265], [-70.5722255321945, -33.45517242515108], [-70.57131290605288, -33.45529014164686], [-70.57134619690795, -33.45539723311397], [-70.57135201398994, -33.45541594555282], [-70.5714524265768, -33.455734620246744], [-70.57156652479198, -33.45617120341152], [-70.57167121128629, -33.456651015390236], [-70.57167125352436, -33.456651209651554], [-70.5717388158678, -33.45696086550801], [-70.57190484227282, -33.457499882390074], [-70.57190620803574, -33.45750431744069], [-70.57195366393695, -33.45765838250937], [-70.57203315912295, -33.4577279593309], [-70.57206413050085, -33.45777380192076], [-70.57209013789313, -33.45782538001605], [-70.57213716362043, -33.45796035495514], [-70.57224509296606, -33.45827334476656], [-70.57229245742889, -33.458400415240504], [-70.57231800969014, -33.45846645459693], [-70.57232031990132, -33.458472425213834], [-70.57234818242205, -33.45854443517875], [-70.5724165585641, -33.45869716777083], [-70.5724828166471, -33.4588280432125], [-70.57255744803753, -33.45892985529914], [-70.57266915255177, -33.459294802080294], [-70.5727010811032, -33.45928951442401], [-70.57272204050848, -33.45938014191619], [-70.57269515011306, -33.459383619697356], [-70.57270204855726, -33.45940718734912], [-70.57300748805854, -33.4600476305595], [-70.57340162909924, -33.46077095841161], [-70.57354230648703, -33.46111642469844], [-70.57376230805288, -33.46165668582718], [-70.57377870388356, -33.46169694755146], [-70.57392761615246, -33.461695056671985], [-70.57393315357623, -33.461742706121946], [-70.57393577309391, -33.46176524131164], [-70.5739588681944, -33.46196396887581], [-70.57390326398969, -33.46192078530538], [-70.57384728993726, -33.46187886446674], [-70.57378271445432, -33.4618500275371], [-70.57371422328757, -33.46183093773612], [-70.5736941934045, -33.461825355365995], [-70.57359543752366, -33.46180590483946], [-70.57379944829077, -33.46216210924978], [-70.57388627086526, -33.462389414850456], [-70.57427965594343, -33.463455286133765], [-70.57459640314245, -33.4643134879793], [-70.57483841365183, -33.46504137267403], [-70.5751001430859, -33.4658285507439], [-70.57510574282928, -33.4658453917003], [-70.5759706884608, -33.46566304659815], [-70.57596392715463, -33.46562395233215], [-70.57582832392323, -33.46483987929802], [-70.57582558019361, -33.46482401031258], [-70.57580728448082, -33.46471822223693], [-70.57578145122677, -33.46458691695566], [-70.575748133465, -33.4644175636828], [-70.57562415921987, -33.46378741560384], [-70.5761658752444, -33.463695857138], [-70.57627887496888, -33.46367699931103], [-70.57636526735973, -33.46366258134084], [-70.57579615977215, -33.46189470408744], [-70.57565519419913, -33.46193161008293], [-70.5746749909636, -33.462188232897795], [-70.57454503068534, -33.46182071548718], [-70.57452189587943, -33.46175529257419], [-70.57442775588699, -33.461489072338615], [-70.57434636399924, -33.46149413650214], [-70.57390743909562, -33.46152144244971], [-70.57381587493944, -33.46076611497752], [-70.57373956907978, -33.459991713647966], [-70.57360213936815, -33.4600071447489], [-70.57337247752733, -33.46002256149059], [-70.57308989303658, -33.460041717533734], [-70.57300576900319, -33.45887435189276], [-70.57296844532564, -33.45888651605742], [-70.57275938060319, -33.4589543573485], [-70.57275664836824, -33.45898799175396], [-70.57275207987794, -33.45900645440887], [-70.57274546780842, -33.459020487017476], [-70.57271947453077, -33.45901501080453], [-70.57270611010118, -33.45898532416311], [-70.57270659096255, -33.458957080646535], [-70.57271278475329, -33.45894425369196], [-70.57299778988683, -33.45884867685066], [-70.5729989431598, -33.458779633816874], [-70.57299878377715, -33.45877742182997], [-70.57323331804326, -33.45870045675255], [-70.57327414297826, -33.45868705944833], [-70.57331035883418, -33.458673613315355], [-70.5739414604131, -33.45843929602886], [-70.57404474859106, -33.45840094599253], [-70.57383048319399, -33.45764990609403], [-70.57371563693786, -33.45765686003798], [-70.57314939996644, -33.457682728383396], [-70.5730604202491, -33.45769186234377], [-70.57302859130034, -33.4576922662743], [-70.57296483487477, -33.457687738289586], [-70.57291385823562, -33.45768571753975], [-70.57283923442704, -33.45768377317465], [-70.5727551469402, -33.45769392523942], [-70.57266046570986, -33.45769917579842], [-70.57262389869702, -33.45682016183836], [-70.57251061469074, -33.45605564157624], [-70.5723732279681, -33.45523225096206]], [[-70.57444026072177, -33.462331679435664], [-70.5744291066831, -33.462351703002604], [-70.5744219727124, -33.46235382906739], [-70.57441502087902, -33.462351984739094], [-70.57438370514372, -33.46232879680522], [-70.57444518414624, -33.462312864113244], [-70.57444026072177, -33.462331679435664]], [[-70.57261514188004, -33.459015138727715], [-70.57263349234022, -33.45904346617894], [-70.57264027918588, -33.45905054967338], [-70.57260237810466, -33.45905761756028], [-70.5725914349411, -33.459021398844335], [-70.57258017316308, -33.458987555098666], [-70.57260979994022, -33.45897879754313], [-70.57261036481482, -33.45899738715544], [-70.57261514188004, -33.459015138727715]], [[-70.5745397733951, -33.462146184609594], [-70.57453419938825, -33.46216573327671], [-70.57436157951597, -33.46220933745389], [-70.57434173120505, -33.46219880811673], [-70.5745397733951, -33.462146184609594]], [[-70.57455310422861, -33.463263819444826], [-70.5745000329284, -33.463279727459295], [-70.57448003585392, -33.46322671274125], [-70.57449013796025, -33.46320283726455], [-70.57452379524828, -33.463183593792245], [-70.57455310422861, -33.463263819444826]], [[-70.57426008435398, -33.46235947648575], [-70.57428360398505, -33.46238494772117], [-70.57427753034288, -33.462391922108736], [-70.57425807735981, -33.46239915391047], [-70.57421925994542, -33.46241095776712], [-70.5741931575888, -33.46242260102251], [-70.57420348225973, -33.462455969497086], [-70.57418136512395, -33.46245278464649], [-70.57416242278875, -33.462407917184045], [-70.57416729014325, -33.4623885560712], [-70.57418099904251, -33.46237837698836], [-70.57426008435398, -33.46235947648575]], [[-70.57225955197941, -33.45778209031525], [-70.57224572765521, -33.45784133329413], [-70.57224351185049, -33.4578447027065], [-70.57218487315005, -33.457812205663856], [-70.57214670041512, -33.45778977505101], [-70.57214218826968, -33.45778150381424], [-70.5721470598976, -33.45777404786248], [-70.57224374748326, -33.457764725701864], [-70.57225404341443, -33.457765827015166], [-70.57225878508922, -33.457773581289096], [-70.57225955197941, -33.45778209031525]], [[-70.57228287717798, -33.4580984411835], [-70.572274729301, -33.458109349445984], [-70.57226026575309, -33.458119362030956], [-70.57220114822908, -33.45793728515462], [-70.5722462053987, -33.45795140817969], [-70.57227970607497, -33.45808775315352], [-70.57228287717798, -33.4580984411835]], [[-70.57465115865874, -33.46234734992113], [-70.574537921229, -33.46236911407789], [-70.57453703354489, -33.462338767746644], [-70.574542485976, -33.462319992595916], [-70.57454953882163, -33.46230713299928], [-70.57459542465891, -33.46229505797399], [-70.5746242172027, -33.46230461599358], [-70.57463415089342, -33.46231177482501], [-70.57465115865874, -33.46234734992113]], [[-70.57434529806048, -33.46285864082756], [-70.5743885981629, -33.46294049969624], [-70.57463944199947, -33.46286935614558], [-70.57464515977804, -33.462885006113524], [-70.57442677601024, -33.462943298321456], [-70.5744307084639, -33.462967860376494], [-70.57439542687689, -33.462964630860405], [-70.5743700645693, -33.46294669445064], [-70.57434013860342, -33.462871010113496], [-70.57434529806048, -33.46285864082756]], [[-70.57199616223076, -33.45732863147322], [-70.572089521491, -33.45762935548654], [-70.57206449810943, -33.45762888825582], [-70.57196506842729, -33.457329283730594], [-70.57199616223076, -33.45732863147322]], [[-70.57236632467658, -33.45562299015821], [-70.57196858471765, -33.45565978937251], [-70.57196807023409, -33.45565983738151], [-70.57196843258399, -33.45564074990529], [-70.57236223088354, -33.45559974582295], [-70.57236965220905, -33.45562268190702], [-70.57236632467658, -33.45562299015821]], [[-70.57492022292271, -33.462189578447386], [-70.57496570419352, -33.46217810454091], [-70.57496225650104, -33.462216694628665], [-70.57496097049737, -33.46224892365287], [-70.57495705057704, -33.462249628196176], [-70.57494568844967, -33.462215547894374], [-70.5747494208174, -33.46226306495039], [-70.57475544014929, -33.46229241538518], [-70.57473223911599, -33.462282841367404], [-70.57471390257791, -33.46226041840755], [-70.57469761533802, -33.46224737195217], [-70.57480371677981, -33.46221942244279], [-70.57492022292271, -33.462189578447386]], [[-70.57431080556881, -33.46272260589518], [-70.57428401880364, -33.4627683481712], [-70.57420770875619, -33.46256982403794], [-70.57419787675065, -33.462544245680945], [-70.57425170644426, -33.46255739164203], [-70.57431080556881, -33.46272260589518]], [[-70.57243291897554, -33.45766801915419], [-70.57212801668828, -33.45768461341158], [-70.57212567774404, -33.45764075246514], [-70.57242904979589, -33.4576343999519], [-70.57243291897554, -33.45766801915419]], [[-70.57509402443628, -33.462144994417585], [-70.57573313039758, -33.4619808894334], [-70.5757402592846, -33.461999652585426], [-70.57506539144512, -33.46217625789293], [-70.57509402443628, -33.462144994417585]], [[-70.57242531614155, -33.455961207348984], [-70.5723969370581, -33.45596417004676], [-70.57176451031465, -33.45603018530045], [-70.57176268913977, -33.45602149844676], [-70.57175876176859, -33.45600275846219], [-70.5724196459946, -33.455922521012305], [-70.57242531614155, -33.455961207348984]], [[-70.57201716940801, -33.45730687968504], [-70.57196431691197, -33.45731059727311], [-70.57183760441386, -33.45695264794131], [-70.5718441095488, -33.45694073785441], [-70.571950251456, -33.456930769374445], [-70.57201716940801, -33.45730687968504]], [[-70.57191612264072, -33.45684409191035], [-70.57182252541267, -33.45685326098102], [-70.57181176982917, -33.4568482054907], [-70.57173319935151, -33.45649327452592], [-70.57182014095453, -33.45647899263679], [-70.57191612264072, -33.45684409191035]], [[-70.57459025632313, -33.46336333492219], [-70.57475899813656, -33.463834794724974], [-70.57505161059984, -33.46377529890045], [-70.57506912067383, -33.463838733366366], [-70.57474062531615, -33.46389837311581], [-70.57471954632247, -33.46388913107405], [-70.57453124953464, -33.463376488394864], [-70.57459025632313, -33.46336333492219]], [[-70.5756197260632, -33.46516265952348], [-70.57560222511628, -33.465166241346736], [-70.57542464008948, -33.46519019336422], [-70.57536993560679, -33.46490455590342], [-70.57557463352406, -33.46488906843511], [-70.57560876554268, -33.46508897370007], [-70.5756197260632, -33.46516265952348]], [[-70.57542138252252, -33.46442414612541], [-70.57521782537732, -33.46445933205269], [-70.57514443858672, -33.46405367117708], [-70.57534819041179, -33.46401121681818], [-70.57542138252252, -33.46442414612541]]]]}}, {"type": "Feature", "properties": {"zona": "Z-3", "nombre": "Zona Z-3", "uperm": "Residencial; Equipamiento: Clases de Equipamiento de acuerdo a lo definido en el artículo. 2.1.33 de la OGUC, excepto los expresamente prohibidos a continuación.", "uproh": "Comercio: Mercados y Discotecas. Deportes: Estadios. Esparcimiento: Parques zoológicos, Casinos de juegos y Juegos electrónicos o mecánicos, (salvo que estos últimos se emplacen en locales destinados exclusivamente al uso de equipamiento c*", "comuna": "Ñuñoa"}, "geometry": {"type": "Polygon", "coordinates": [[[-70.60708885315451, -33.47026321976939], [-70.60705228536703, -33.471291985095505], [-70.60698383020262, -33.47128891375677], [-70.60697499488363, -33.47246383679252], [-70.60703598488145, -33.472466431364204], [-70.60700632662244, -33.4733288212094], [-70.60813478269868, -33.473381406615026], [-70.60990489460912, -33.47347676583452], [-70.60987438171745, -33.474262612455696], [-70.61104398777549, -33.474313991708065], [-70.61221271537096, -33.47437476024858], [-70.61344536052731, -33.474442177023], [-70.61346665571405, -33.47364066811233], [-70.61350008771811, -33.4732403046105], [-70.6135345245729, -33.47273499399782], [-70.61354286518743, -33.47241184158491], [-70.61353063687449, -33.47221856229108], [-70.6135111119921, -33.472097915632396], [-70.61350403735972, -33.4719554972609], [-70.61349696383623, -33.471813078871165], [-70.61348325086888, -33.47152738871016], [-70.6135365447463, -33.470863612111316], [-70.61354213921416, -33.47078216911129], [-70.61354850608137, -33.470742394046816], [-70.61355963641641, -33.47067752761892], [-70.61340495342064, -33.47067266237839], [-70.61325014295176, -33.47066091855543], [-70.61317335983418, -33.470651599350575], [-70.61284170852669, -33.47062037317344], [-70.61279084780425, -33.47060727588791], [-70.61276328093562, -33.47059616879275], [-70.61272926873727, -33.47057363553136], [-70.61226247538801, -33.47054318068838], [-70.6118809853269, -33.47052029470314], [-70.61149169306414, -33.47049468536946], [-70.61098829887227, -33.47047833729094], [-70.61048627383721, -33.47045479171433], [-70.6101084653956, -33.47042450070021], [-70.60971776748514, -33.4704034853268], [-70.609250363114, -33.470378885312975], [-70.60871941063881, -33.470351350545734], [-70.60834776091254, -33.47032866048479], [-70.60794601421607, -33.47030895707919], [-70.60743263087778, -33.47028273996923], [-70.60708885315451, -33.47026321976939]]]}}, {"type": "Feature", "properties": {"zona": "Z-3", "nombre": "Zona Z-3", "uperm": "Residencial; Equipamiento: Clases de Equipamiento de acuerdo a lo definido en el artículo. 2.1.33 de la OGUC, excepto los expresamente prohibidos a continuación.", "uproh": "Comercio: Mercados y Discotecas. Deportes: Estadios. Esparcimiento: Parques zoológicos, Casinos de juegos y Juegos electrónicos o mecánicos, (salvo que estos últimos se emplacen en locales destinados exclusivamente al uso de equipamiento c*", "comuna": "Ñuñoa"}, "geometry": {"type": "Polygon", "coordinates": [[[-70.61889772365002, -33.46097032558351], [-70.6181395431341, -33.461056087110336], [-70.61813723941324, -33.461041084602535], [-70.6173782669366, -33.46113219336261], [-70.6173723281381, -33.46108599080417], [-70.61661063980272, -33.461168409632364], [-70.61660682751454, -33.46113918959349], [-70.6150510032035, -33.46124210879722], [-70.61507478759168, -33.46119341212654], [-70.61406391706136, -33.46129928561501], [-70.61394202170294, -33.461312052010555], [-70.61393889316108, -33.46128989421656], [-70.61393506840567, -33.4612627980516], [-70.613088561993, -33.461337956894006], [-70.61308551883228, -33.46131650499808], [-70.61220027437989, -33.461414079111044], [-70.61219762352536, -33.46139485952661], [-70.61044974377626, -33.461559508999606], [-70.61046348153452, -33.46164432707799], [-70.61046518810801, -33.46165486262776], [-70.61028003584862, -33.461665741856514], [-70.61025731493883, -33.46170606206564], [-70.61025109583038, -33.461731366147646], [-70.61025153624469, -33.461755181364765], [-70.61027593276361, -33.46189919599217], [-70.61027504310263, -33.461899262562255], [-70.61028761785535, -33.46198572086529], [-70.61493682099857, -33.46166697115753], [-70.61492881575565, -33.4615846419564], [-70.61492678214117, -33.46157674858888], [-70.61491370657002, -33.461380512265436], [-70.61491338350976, -33.461363093132974], [-70.61491692208907, -33.46135037632618], [-70.61493160389377, -33.46132800904878], [-70.61494829102875, -33.46131195279543], [-70.61497452834087, -33.46130210745397], [-70.6150236560493, -33.461298099888914], [-70.61504698661712, -33.461342345348456], [-70.61506637681336, -33.46157052152307], [-70.61507776184477, -33.46165691630802], [-70.61605742348434, -33.461587022187764], [-70.61754740889786, -33.461493616993515], [-70.6183978598123, -33.461453882104905], [-70.62003834155878, -33.4613384044242], [-70.62071783258921, -33.46129233244781], [-70.62092168483369, -33.461232400579604], [-70.6210543412881, -33.461171013323245], [-70.62111208422687, -33.46112548232636], [-70.6210470386935, -33.46106737874502], [-70.62102348105105, -33.4607402609594], [-70.62102062977178, -33.46070066830724], [-70.61995604040922, -33.460781302436544], [-70.61924428542382, -33.460850174166154], [-70.61896636951546, -33.46088286332377], [-70.61888642322033, -33.46089226660264], [-70.61889772365002, -33.46097032558351]]]}}, {"type": "Feature", "properties": {"zona": "Z-5", "nombre": "Zona Z-5", "uperm": "Residencial; Equipamiento: Clases de Equipamiento de acuerdo a lo definido en el artículo. 2.1.33 de la OGUC, excepto los expresamente prohibidos; Actividades Productivas: Industrias, talleres y Almacenamiento de tipo inofensivo.", "uproh": "Salud: Cementerios y Crematorios. Seguridad: Cárceles y Centros de detención. Esparcimiento: Parques zoológicos, casinos de juego. Comercio: Playas de Estacionamiento.", "comuna": "Ñuñoa"}, "geometry": {"type": "Polygon", "coordinates": [[[-70.61316525930953, -33.447080456127985], [-70.61300867811683, -33.44784276813848], [-70.61298038207579, -33.44783813384611], [-70.61277912754578, -33.448829953963475], [-70.61280130178959, -33.448833438743705], [-70.61280655403814, -33.448834264127356], [-70.61340675691072, -33.448928592784625], [-70.61358205317882, -33.44821643296084], [-70.61363635919385, -33.44795136868611], [-70.61373482543624, -33.447555267020775], [-70.61381112021579, -33.44714708437319], [-70.61364088350204, -33.44712618279989], [-70.6133269567244, -33.44707233131243], [-70.61326700332758, -33.44706538642946], [-70.613198134936, -33.447074007703335], [-70.61316525930953, -33.447080456127985]]]}}, {"type": "Feature", "properties": {"zona": "Z-3", "nombre": "Zona Z-3", "uperm": "Residencial; Equipamiento: Clases de Equipamiento de acuerdo a lo definido en el artículo. 2.1.33 de la OGUC, excepto los expresamente prohibidos a continuación.", "uproh": "Comercio: Mercados y Discotecas. Deportes: Estadios. Esparcimiento: Parques zoológicos, Casinos de juegos y Juegos electrónicos o mecánicos, (salvo que estos últimos se emplacen en locales destinados exclusivamente al uso de equipamiento c*", "comuna": "Ñuñoa"}, "geometry": {"type": "Polygon", "coordinates": [[[-70.62408637198388, -33.470016578586545], [-70.62407408537888, -33.47006743487796], [-70.62419403671245, -33.469916356262], [-70.624369060646, -33.46976744965464], [-70.62439552338324, -33.46977393413279], [-70.62441285253136, -33.46979557988931], [-70.62440977279202, -33.46981587257471], [-70.62437133208056, -33.46984650014528], [-70.62430403948282, -33.46990701633122], [-70.62420426210751, -33.47002227614273], [-70.62403164768158, -33.47026455402108], [-70.62407408537888, -33.47006743487796], [-70.62398784189514, -33.470424401452306], [-70.62370280871245, -33.47032753844738], [-70.62364133390513, -33.47033523202721], [-70.62341254109636, -33.47032904604964], [-70.62341902586232, -33.470236005325084], [-70.62343086974933, -33.47021060443926], [-70.6234594255824, -33.470199900838495], [-70.62354779306916, -33.47020218546264], [-70.62363616055787, -33.470204470023624], [-70.62378687325241, -33.47020938442944], [-70.6239207866261, -33.46966952335863], [-70.62405049083767, -33.4691163801732], [-70.62412678407065, -33.46876541841096], [-70.62415730209058, -33.46862045564819], [-70.62412678133457, -33.468567047238224], [-70.62408644863365, -33.46850275880457], [-70.62427197466882, -33.46849158778904], [-70.62435436451479, -33.46848662737906], [-70.62429045486158, -33.468404182228724], [-70.62432703705419, -33.46825910567432], [-70.62435275914316, -33.46817286954738], [-70.62453248158039, -33.4677116689013], [-70.6247060300674, -33.46728586356735], [-70.62474281876204, -33.467030605294426], [-70.6254289529678, -33.46468044603154], [-70.62546972308107, -33.46454079549876], [-70.62558800884105, -33.46420519205253], [-70.62559883759414, -33.463832223897846], [-70.6255846023322, -33.4636415235733], [-70.625555800407, -33.463433118435056], [-70.6253486196841, -33.46339109592392], [-70.62567594471876, -33.46205357588778], [-70.62592562335439, -33.46132254326622], [-70.62577683465608, -33.461219947072635], [-70.62570813772057, -33.461290715425235], [-70.62559673482299, -33.46139557831331], [-70.62532959471706, -33.461552788288635], [-70.62523058120688, -33.461607186257616], [-70.62508807319291, -33.46163557577716], [-70.62499975787507, -33.46181503760824], [-70.62490193511147, -33.46207447092098], [-70.62482053052082, -33.462358387270825], [-70.62481007482918, -33.46239485355453], [-70.62462873141156, -33.463027318591166], [-70.62462539362947, -33.463038959842784], [-70.62415681435662, -33.464673170889284], [-70.62415480998, -33.46468016016372], [-70.62390471240722, -33.46555237399315], [-70.62390224629944, -33.465560973663685], [-70.62364594782535, -33.46645479390213], [-70.62362214882617, -33.46646628563616], [-70.62359843750768, -33.46648224837748], [-70.62356709784585, -33.46651843622023], [-70.62353659193685, -33.46659933293388], [-70.62348306957264, -33.466763983517616], [-70.62346036992481, -33.466866802373524], [-70.62342043819224, -33.467025495991116], [-70.62341075709696, -33.467081342187235], [-70.62341142728626, -33.46711728113528], [-70.62341852836357, -33.467153136746234], [-70.62342964718849, -33.46717456099747], [-70.62332744356628, -33.467532206178504], [-70.62359232648588, -33.46758403456454], [-70.62382867771205, -33.467633721925004], [-70.62383931238334, -33.467641122758124], [-70.62385151700181, -33.46765227445974], [-70.62385500733268, -33.4676786206902], [-70.62382101951941, -33.46778589101811], [-70.62376021154162, -33.4679827457984], [-70.62368122363675, -33.467848046713506], [-70.62365081811157, -33.46782582363814], [-70.62354540863357, -33.46780206885534], [-70.62325697893438, -33.46773924800382], [-70.62323637064297, -33.46780323200261], [-70.62316926292961, -33.468021244723005], [-70.62311638409068, -33.46823907015084], [-70.62308071741455, -33.46846382883529], [-70.62305874725041, -33.46865977783176], [-70.62304602912891, -33.46874107093554], [-70.6230379853558, -33.468920131193556], [-70.62303042118643, -33.46912543463896], [-70.62302678336422, -33.46920953614727], [-70.62301057132949, -33.46976384255675], [-70.62300035794611, -33.47021806048964], [-70.62303822105481, -33.470260414008536], [-70.62304937296265, -33.47031741220167], [-70.62304864011037, -33.470604686048425], [-70.62304790727705, -33.47089195898092], [-70.62306766256205, -33.47096269834784], [-70.62307290423188, -33.470980480452475], [-70.62307985792395, -33.47100235967798], [-70.62308691293087, -33.47102972969973], [-70.62309384102564, -33.47105023577758], [-70.62309900590753, -33.47106389934277], [-70.62310762042577, -33.47108712939388], [-70.62311626163034, -33.47111173257653], [-70.62312986185967, -33.47113901686922], [-70.6231366363716, -33.47115128586845], [-70.62315026220338, -33.47117994240317], [-70.62316539528784, -33.471201714490924], [-70.62316721078476, -33.47121130237879], [-70.62319741549813, -33.471289287204726], [-70.62347939921426, -33.47149516797002], [-70.62376501874924, -33.471693061647606], [-70.62382062772933, -33.471729435039855], [-70.62394030764848, -33.47135395876816], [-70.62394235018007, -33.471343181330546], [-70.62404398321766, -33.470806782357876], [-70.6240849697916, -33.47064543605022], [-70.6241633348388, -33.47033694845075], [-70.62428063451193, -33.47013855951792], [-70.6244200039582, -33.46997865432135], [-70.62457427233092, -33.4698543453525], [-70.62480314558627, -33.46972309250883], [-70.6250162250888, -33.46959126897316], [-70.62487395448922, -33.469372920117635], [-70.62463276970622, -33.46889791025055], [-70.62440054138877, -33.46871618272301], [-70.62439732499836, -33.4687294970638], [-70.62408882232452, -33.47000643699948], [-70.62408637198388, -33.470016578586545]], [[-70.62451489349893, -33.46973861857564], [-70.6244892892851, -33.469755996019686], [-70.62448396704987, -33.46974463242872], [-70.62451489349893, -33.46973861857564]], [[-70.62355359035435, -33.46965362127087], [-70.62354567721265, -33.46976503289215], [-70.62343430730007, -33.46976649185907], [-70.62343930385049, -33.469651526473555], [-70.62355359035435, -33.46965362127087]], [[-70.62365877922637, -33.46910595716474], [-70.62365436554394, -33.469221811342315], [-70.6234613116411, -33.46921882760368], [-70.6234701544119, -33.46910475333091], [-70.62365877922637, -33.46910595716474]], [[-70.62376468430674, -33.46856335182969], [-70.62376468212211, -33.46856340777156], [-70.62375992358004, -33.46866618908812], [-70.62351875092497, -33.46866645838026], [-70.623523664961, -33.46856051773549], [-70.62364417409653, -33.4685619348483], [-70.62365919777928, -33.468562111375384], [-70.62376468430674, -33.46856335182969]]]}}, {"type": "Feature", "properties": {"zona": "Z-3", "nombre": "Zona Z-3", "uperm": "Residencial; Equipamiento: Clases de Equipamiento de acuerdo a lo definido en el artículo. 2.1.33 de la OGUC, excepto los expresamente prohibidos a continuación.", "uproh": "Comercio: Mercados y Discotecas. Deportes: Estadios. Esparcimiento: Parques zoológicos, Casinos de juegos y Juegos electrónicos o mecánicos, (salvo que estos últimos se emplacen en locales destinados exclusivamente al uso de equipamiento c*", "comuna": "Ñuñoa"}, "geometry": {"type": "Polygon", "coordinates": [[[-70.57463234868693, -33.455120388456315], [-70.57446442803337, -33.45535110287542], [-70.57439329816916, -33.455448831162414], [-70.57562297544877, -33.455516319154306], [-70.57587128339432, -33.45552994582952], [-70.57580775510543, -33.455154695597564], [-70.57504300716721, -33.455178120307615], [-70.5748526498217, -33.455116201848206], [-70.57467675257939, -33.455058985553755], [-70.57463234868693, -33.455120388456315]]]}}, {"type": "Feature", "properties": {"zona": "Z-3", "nombre": "Zona Z-3", "uperm": "Residencial; Equipamiento: Clases de Equipamiento de acuerdo a lo definido en el artículo. 2.1.33 de la OGUC, excepto los expresamente prohibidos a continuación.", "uproh": "Comercio: Mercados y Discotecas. Deportes: Estadios. Esparcimiento: Parques zoológicos, Casinos de juegos y Juegos electrónicos o mecánicos, (salvo que estos últimos se emplacen en locales destinados exclusivamente al uso de equipamiento c*", "comuna": "Ñuñoa"}, "geometry": {"type": "Polygon", "coordinates": [[[-70.57251061469074, -33.45605564157624], [-70.57262389869702, -33.45682016183836], [-70.57328853007313, -33.45675510596474], [-70.5734725014851, -33.45674914719724], [-70.57359804076847, -33.456576879077204], [-70.57362829799412, -33.456532741432916], [-70.57396792875447, -33.456037306879225], [-70.57393289943367, -33.45602198214648], [-70.57387074982822, -33.45599479268256], [-70.57384435963051, -33.45598486845751], [-70.5738088154348, -33.45598611967952], [-70.57322122020099, -33.456016287860706], [-70.57263362338539, -33.45604645418274], [-70.57251061469074, -33.45605564157624]]]}}, {"type": "Feature", "properties": {"zona": "Z-3", "nombre": "Zona Z-3", "uperm": "Residencial; Equipamiento: Clases de Equipamiento de acuerdo a lo definido en el artículo. 2.1.33 de la OGUC, excepto los expresamente prohibidos a continuación.", "uproh": "Comercio: Mercados y Discotecas. Deportes: Estadios. Esparcimiento: Parques zoológicos, Casinos de juegos y Juegos electrónicos o mecánicos, (salvo que estos últimos se emplacen en locales destinados exclusivamente al uso de equipamiento c*", "comuna": "Ñuñoa"}, "geometry": {"type": "Polygon", "coordinates": [[[-70.60827007506614, -33.46169357496107], [-70.60697921984216, -33.461775362606176], [-70.6069867903091, -33.46182882597568], [-70.607010332939, -33.461995074413885], [-70.60702863331045, -33.46209525597017], [-70.6070495697616, -33.462207617735054], [-70.61010565870268, -33.46199819247582], [-70.61009395328551, -33.461912769883035], [-70.61006129826926, -33.46168270706003], [-70.6098830396028, -33.46170197064513], [-70.60985709317558, -33.46155224312108], [-70.60827007506614, -33.46169357496107]]]}}, {"type": "Feature", "properties": {"zona": "Z-2", "nombre": "Zona Z-2", "uperm": "Residencial de todo tipo; Equipamientos de acuerdo a lo definido en el artículo 2.1.33. de la OGUC, excepto los expresamente prohibidos.", "uproh": "Parques zoológicos y casinos de juegos. Cementerios y crematorio. Cárceles y centro de detención. Actividades productivas todas en general.", "comuna": "Ñuñoa"}, "geometry": {"type": "Polygon", "coordinates": [[[-70.60484174481545, -33.45886533051288], [-70.60492372117407, -33.45950451431865], [-70.60507110479003, -33.45948529610961], [-70.60515987323747, -33.4603133289379], [-70.60518459881324, -33.46032304610985], [-70.60575757015114, -33.460548197663165], [-70.60580601438019, -33.46056995980367], [-70.60584082795648, -33.460576225603035], [-70.60590647162844, -33.460577594516], [-70.60563937721238, -33.45888027167528], [-70.60562520325097, -33.45879391916489], [-70.60484174481545, -33.45886533051288]]]}}, {"type": "Feature", "properties": {"zona": "Z-3A", "nombre": "Zona Z-3A", "uperm": "Residencial; Equipamiento: Clases de Equipamiento de acuerdo a lo definido en el artículo. 2.1.33 de la OGUC, excepto los expresamente prohibidos a continuación.", "uproh": "Comercio: Mercados y Discotecas. Deportes: Estadios. Esparcimiento: Parques zoológicos, Casinos de juegos y Juegos electrónicos o mecánicos, (salvo que estos últimos se emplacen en locales destinados exclusivamente al uso de equipamiento c*", "comuna": "Ñuñoa"}, "geometry": {"type": "Polygon", "coordinates": [[[-70.61716065636926, -33.45390305179048], [-70.61595515017821, -33.453983169081354], [-70.6159532969799, -33.4539536222315], [-70.61372619289412, -33.45414631674148], [-70.6125551401962, -33.45424078221621], [-70.61255486563049, -33.45424466365983], [-70.61255198915329, -33.45428280432641], [-70.61231500351207, -33.45428297140548], [-70.61225173181586, -33.45428301608407], [-70.6123073704512, -33.45485852972836], [-70.61239818356731, -33.45484859621898], [-70.61256752989925, -33.454830072856524], [-70.61342761469906, -33.45472999830677], [-70.61343052295935, -33.4547296601431], [-70.61378066754774, -33.45468891709495], [-70.61585418968458, -33.454527599728166], [-70.616008562803, -33.45451342430312], [-70.61670287395683, -33.45446764280228], [-70.61729799677332, -33.45443330619865], [-70.61788549089975, -33.45440659929636], [-70.61783185062714, -33.45388479638073], [-70.61716065636926, -33.45390305179048]]]}}, {"type": "Feature", "properties": {"zona": "Z-3A", "nombre": "Zona Z-3A", "uperm": "Residencial; Equipamiento: Clases de Equipamiento de acuerdo a lo definido en el artículo. 2.1.33 de la OGUC, excepto los expresamente prohibidos a continuación.", "uproh": "Comercio: Mercados y Discotecas. Deportes: Estadios. Esparcimiento: Parques zoológicos, Casinos de juegos y Juegos electrónicos o mecánicos, (salvo que estos últimos se emplacen en locales destinados exclusivamente al uso de equipamiento c*", "comuna": "Ñuñoa"}, "geometry": {"type": "Polygon", "coordinates": [[[-70.61939428621515, -33.45275156654819], [-70.62074548053127, -33.45299213812741], [-70.62075085390596, -33.4529740159528], [-70.62173471440657, -33.45318671916548], [-70.62174343774721, -33.45315478580031], [-70.62175370303231, -33.45311720394535], [-70.62187457646169, -33.45314320494977], [-70.62229220505853, -33.453233040808776], [-70.62233046615168, -33.453102944523465], [-70.62234427987455, -33.45305597774288], [-70.62179956048512, -33.452949326394894], [-70.62116343214637, -33.45282358868324], [-70.62116256182212, -33.45282341699409], [-70.62081531634722, -33.45275477888164], [-70.61971165925891, -33.45253343841029], [-70.61970479994639, -33.45253206256322], [-70.61966830047423, -33.45252474225205], [-70.61946484086779, -33.45248393680888], [-70.61841955720539, -33.4522626851267], [-70.61787784232004, -33.4521635047008], [-70.61783678417261, -33.45244721337541], [-70.61833697145636, -33.45254495749368], [-70.61861553338566, -33.452599392007556], [-70.61866612450788, -33.45260927830187], [-70.61939428621515, -33.45275156654819]]]}}, {"type": "Feature", "properties": {"zona": "Z-3B", "nombre": "Zona Z-3B", "uperm": "Residencial; Equipamiento: Clases de Equipamiento de acuerdo a lo definido en el artículo. 2.1.33 de la OGUC, excepto los expresamente prohibidos a continuación.", "uproh": "Comercio: Mercados y Discotecas. Deportes: Estadios. Esparcimiento: Parques zoológicos, Casinos de juegos y Juegos electrónicos o mecánicos, (salvo que estos últimos se emplacen en locales destinados exclusivamente al uso de equipamiento c*", "comuna": "Ñuñoa"}, "geometry": {"type": "Polygon", "coordinates": [[[-70.59591851343113, -33.4574094626387], [-70.59592389748401, -33.457532709977606], [-70.59703506249075, -33.45748893732245], [-70.59699266949859, -33.45668370567007], [-70.59689772151538, -33.45668820979099], [-70.59657098202548, -33.45670371150303], [-70.59638896772707, -33.45671229646749], [-70.59632902330227, -33.45671512284772], [-70.59633876367815, -33.45704894801516], [-70.59590334377317, -33.45706227001806], [-70.59591530745232, -33.45733608477957], [-70.59591813192658, -33.45740073870785], [-70.59591851343113, -33.4574094626387]]]}}, {"type": "Feature", "properties": {"zona": "Z-1A", "nombre": "Zona Z-1A", "uperm": "Residencial de todo tipo; Equipamiento: clase de equipamiento de acurdo a lo definido en el artículo 2.1.33. de la OGUC, excepto los expresamente prohibidos.", "uproh": "Equipamiento: Esparcimiento: Parques zoológicos y casinos de juegos; Salud: cementerios y crematorio; Seguridad: cárceles y centro de detención. Actividad productiva de todo tipo.", "comuna": "Ñuñoa"}, "geometry": {"type": "Polygon", "coordinates": [[[-70.62432584971462, -33.45210745952549], [-70.62431845218578, -33.45213335778288], [-70.62389529238033, -33.452047244535514], [-70.62342541357273, -33.45195162315646], [-70.62341706710983, -33.45198036102645], [-70.62315735671253, -33.452868619475126], [-70.62315466843998, -33.452877812749186], [-70.62310784844428, -33.45303794492698], [-70.62313642493501, -33.453098386483894], [-70.62317446868622, -33.453136589415905], [-70.62320000879355, -33.45315192065054], [-70.62322210092532, -33.45315900200795], [-70.62327564391111, -33.45317038987744], [-70.6230404224422, -33.453274222267915], [-70.62305685885924, -33.45318881127855], [-70.62306929836745, -33.45315200709124], [-70.622939476117, -33.45317250819172], [-70.62251202521163, -33.45308882008965], [-70.62250530463405, -33.45308750390774], [-70.62234427987455, -33.45305597774288], [-70.62233046615168, -33.453102944523465], [-70.62229220505853, -33.453233040808776], [-70.62187457646169, -33.45314320494977], [-70.62175370303231, -33.45311720394535], [-70.62174343774721, -33.45315478580031], [-70.62173471440657, -33.45318671916548], [-70.62075085390596, -33.4529740159528], [-70.62074548053127, -33.45299213812741], [-70.61939428621515, -33.45275156654819], [-70.61866612450788, -33.45260927830187], [-70.61861553338566, -33.452599392007556], [-70.61833697145636, -33.45254495749368], [-70.61783678417261, -33.45244721337541], [-70.6166049094837, -33.45234832120004], [-70.61660438498731, -33.452375709408464], [-70.61598327493901, -33.45239548750726], [-70.61598210226497, -33.45235147273372], [-70.61598008533979, -33.45227575249542], [-70.615370763393, -33.452367678995934], [-70.61537684643693, -33.452695688325846], [-70.61478633898504, -33.452703382059624], [-70.61478790692188, -33.4525959878948], [-70.6144825357675, -33.452555693712824], [-70.61423581786072, -33.45252313925734], [-70.61409914570679, -33.45250510482827], [-70.61411086963027, -33.45244515899639], [-70.61411524322578, -33.45240976110874], [-70.61348217741444, -33.452317797627224], [-70.61339770775864, -33.45230552741761], [-70.61283024138127, -33.45222309044136], [-70.61267364207148, -33.45220034009387], [-70.61262091850435, -33.45243057171333], [-70.61253699440998, -33.45282730929112], [-70.61180453480642, -33.45285020497646], [-70.61171975457958, -33.452852854852736], [-70.61172341285955, -33.45303654813372], [-70.61244321114216, -33.45304525632298], [-70.61239837618864, -33.45331427577535], [-70.61216340452467, -33.45336934503588], [-70.61114932547567, -33.45349228422589], [-70.60901153893998, -33.45372812927175], [-70.60915632263122, -33.45310451920866], [-70.60906258785856, -33.45310700033754], [-70.60903744522678, -33.45318253312644], [-70.60717188367988, -33.453230047939144], [-70.60622485561774, -33.45325786768106], [-70.60566333749502, -33.453274359984206], [-70.60483311884377, -33.453298738704156], [-70.60422237814126, -33.45332033842492], [-70.6033662517177, -33.45335061052204], [-70.60335072988894, -33.45328132510444], [-70.6032973218901, -33.45327369559019], [-70.60315998573836, -33.453281326518045], [-70.60296924053985, -33.45331184566163], [-70.60269456944893, -33.45342629106402], [-70.60251908396926, -33.45344536547185], [-70.60226730146077, -33.453437737788136], [-70.60225588058348, -33.4535860186213], [-70.60225214061238, -33.45362319901567], [-70.60121331696617, -33.45354520965868], [-70.60121672920432, -33.4535123578092], [-70.60009164097852, -33.45342779056206], [-70.6000339258293, -33.45394722023431], [-70.60002792296366, -33.45400124175305], [-70.5995311847225, -33.453985587391315], [-70.59953147623423, -33.454035849994874], [-70.59921209029959, -33.454074450645535], [-70.59876200250164, -33.45412029878877], [-70.59879315861932, -33.45444683036391], [-70.59893372867424, -33.45473929795465], [-70.59897021207905, -33.454831398695454], [-70.59829282150383, -33.454915047333046], [-70.5980823838726, -33.45528567504343], [-70.59790712974662, -33.4555944728118], [-70.59868417906526, -33.45559356739421], [-70.59964270842767, -33.45562649316338], [-70.6025952891893, -33.455307933010765], [-70.60257250963139, -33.455184909172864], [-70.6025633794702, -33.45511706693567], [-70.60255163333494, -33.45502978254694], [-70.60411335119679, -33.45489669998477], [-70.6041186261657, -33.45493490186595], [-70.60426568469441, -33.45491304386305], [-70.60498297558308, -33.45480642829787], [-70.60585580410888, -33.45470168512754], [-70.6058573435105, -33.454701501051304], [-70.60899468039926, -33.45434174398924], [-70.61122436733918, -33.454029269950915], [-70.6112376912752, -33.454132003786334], [-70.61125736514747, -33.45428371467872], [-70.61225173181586, -33.45428301608407], [-70.61231500351207, -33.45428297140548], [-70.61255198915329, -33.45428280432641], [-70.61255486563049, -33.45424466365983], [-70.6125551401962, -33.45424078221621], [-70.61372619289412, -33.45414631674148], [-70.6159532969799, -33.4539536222315], [-70.61595515017821, -33.453983169081354], [-70.61716065636926, -33.45390305179048], [-70.61783185062714, -33.45388479638073], [-70.61788549089975, -33.45440659929636], [-70.61899944064695, -33.45441040726898], [-70.62004622823686, -33.4542376129186], [-70.62005069547622, -33.45423687545693], [-70.62059406460737, -33.45414717690817], [-70.62178668010503, -33.45393284309094], [-70.62181926441468, -33.45452742913602], [-70.62182098871243, -33.45455890114932], [-70.6229248301527, -33.45400416365987], [-70.62536542295972, -33.45295541401572], [-70.62538343546422, -33.452881369477126], [-70.62557803861725, -33.45290099902242], [-70.62568701248773, -33.45291199079924], [-70.62571951892899, -33.45291526919548], [-70.62571578525647, -33.45295922278157], [-70.6260014986349, -33.453016200869456], [-70.62597847959111, -33.45309162512315], [-70.62587954333544, -33.45333718036471], [-70.62676410554154, -33.45339670943548], [-70.626804353056, -33.4532329485222], [-70.62689194299047, -33.452901805583764], [-70.62690332135635, -33.45285994488617], [-70.62807956035377, -33.45302284460907], [-70.62820947153729, -33.45250514742321], [-70.62850386911593, -33.452532551066334], [-70.6285233619691, -33.45253190539111], [-70.62854378377959, -33.45253122947196], [-70.62866422098259, -33.45252435071579], [-70.62876751900885, -33.45251845006978], [-70.62884402670248, -33.4524228096499], [-70.6290676243093, -33.4515608242364], [-70.62907068094258, -33.45154904316694], [-70.62736166504997, -33.45140811914576], [-70.62605696857166, -33.45114490674466], [-70.62470649201867, -33.45077488075928], [-70.62441628122077, -33.451790875203734], [-70.62432626075555, -33.452106021133346], [-70.62432584971462, -33.45210745952549]], [[-70.61735169700013, -33.45302265675719], [-70.6171078271039, -33.45300785409257], [-70.61672846554646, -33.45300024987541], [-70.61609897206439, -33.45300696312989], [-70.61561858804892, -33.453012667774196], [-70.61519967493132, -33.45301763994644], [-70.61512446279544, -33.453018871551045], [-70.61481746695114, -33.45304040093073], [-70.61464009739967, -33.45305089640201], [-70.61458658201968, -33.453050978408], [-70.61458651010999, -33.45304622850178], [-70.61489577755029, -33.4530261130285], [-70.61516539393573, -33.45300857592129], [-70.61527113886584, -33.45300324171578], [-70.61569119665299, -33.45299850419044], [-70.61623761280778, -33.45299233964396], [-70.61659045738391, -33.452985652677164], [-70.61692181245718, -33.45298693672399], [-70.61718968740543, -33.45299900517305], [-70.61743708148887, -33.45301350376944], [-70.6176311712917, -33.45303301454444], [-70.61762968640942, -33.45304464678557], [-70.61735169700013, -33.45302265675719]]]}}, {"type": "Feature", "properties": {"zona": "Z-3A", "nombre": "Zona Z-3A", "uperm": "Residencial; Equipamiento: Clases de Equipamiento de acuerdo a lo definido en el artículo. 2.1.33 de la OGUC, excepto los expresamente prohibidos a continuación.", "uproh": "Comercio: Mercados y Discotecas. Deportes: Estadios. Esparcimiento: Parques zoológicos, Casinos de juegos y Juegos electrónicos o mecánicos, (salvo que estos últimos se emplacen en locales destinados exclusivamente al uso de equipamiento c*", "comuna": "Ñuñoa"}, "geometry": {"type": "Polygon", "coordinates": [[[-70.59177996642089, -33.45362620848334], [-70.59184717991545, -33.45445731184185], [-70.59185223954117, -33.45451987654799], [-70.59318526641812, -33.454471253361135], [-70.59318403341015, -33.4544389005828], [-70.59316206456629, -33.45386256107559], [-70.59315700966454, -33.453777775179255], [-70.59279926862726, -33.45379569524142], [-70.59274303026253, -33.453786344369256], [-70.59273866179632, -33.453547449613964], [-70.59177487505238, -33.45356325367753], [-70.59177996642089, -33.45362620848334]]]}}, {"type": "Feature", "properties": {"zona": "Z-3A", "nombre": "Zona Z-3A", "uperm": "Residencial; Equipamiento: Clases de Equipamiento de acuerdo a lo definido en el artículo. 2.1.33 de la OGUC, excepto los expresamente prohibidos a continuación.", "uproh": "Comercio: Mercados y Discotecas. Deportes: Estadios. Esparcimiento: Parques zoológicos, Casinos de juegos y Juegos electrónicos o mecánicos, (salvo que estos últimos se emplacen en locales destinados exclusivamente al uso de equipamiento c*", "comuna": "Ñuñoa"}, "geometry": {"type": "Polygon", "coordinates": [[[-70.59617109960351, -33.45359799535687], [-70.59623689047604, -33.45401263552275], [-70.59734942485916, -33.45395289061508], [-70.59734583053587, -33.45391617369575], [-70.59758853775523, -33.45388353521712], [-70.59759829829666, -33.45388220457306], [-70.59779759571593, -33.45385503473146], [-70.59779007140082, -33.453810592877495], [-70.5977533089972, -33.453593455252864], [-70.59772908071369, -33.45345034717837], [-70.59771123578663, -33.45345253235691], [-70.59746600205746, -33.453482558538994], [-70.59730664187991, -33.4534990919465], [-70.5968501501529, -33.453536955044434], [-70.59617109960351, -33.45359799535687]]]}}, {"type": "Feature", "properties": {"zona": "Z-3A", "nombre": "Zona Z-3A", "uperm": "Residencial; Equipamiento: Clases de Equipamiento de acuerdo a lo definido en el artículo. 2.1.33 de la OGUC, excepto los expresamente prohibidos a continuación.", "uproh": "Comercio: Mercados y Discotecas. Deportes: Estadios. Esparcimiento: Parques zoológicos, Casinos de juegos y Juegos electrónicos o mecánicos, (salvo que estos últimos se emplacen en locales destinados exclusivamente al uso de equipamiento c*", "comuna": "Ñuñoa"}, "geometry": {"type": "Polygon", "coordinates": [[[-70.59414245133199, -33.455890154752296], [-70.59417397686234, -33.45637159990328], [-70.59502394596805, -33.45634462014442], [-70.59504024136018, -33.45677204722496], [-70.59588882423787, -33.45672993752963], [-70.59620695336503, -33.456720880264015], [-70.59632902330227, -33.45671512284772], [-70.59638896772707, -33.45671229646749], [-70.59657098202548, -33.45670371150303], [-70.59689772151538, -33.45668820979099], [-70.59699266949859, -33.45668370567007], [-70.59698150694967, -33.45565097101068], [-70.59698118493075, -33.455621263363554], [-70.59583893657378, -33.455652346118946], [-70.5958416488563, -33.45571094479857], [-70.59584801786633, -33.45584850601942], [-70.59414151522098, -33.45587586641529], [-70.59414245133199, -33.455890154752296]]]}}, {"type": "Feature", "properties": {"zona": "Z-3A", "nombre": "Zona Z-3A", "uperm": "Residencial; Equipamiento: Clases de Equipamiento de acuerdo a lo definido en el artículo. 2.1.33 de la OGUC, excepto los expresamente prohibidos a continuación.", "uproh": "Comercio: Mercados y Discotecas. Deportes: Estadios. Esparcimiento: Parques zoológicos, Casinos de juegos y Juegos electrónicos o mecánicos, (salvo que estos últimos se emplacen en locales destinados exclusivamente al uso de equipamiento c*", "comuna": "Ñuñoa"}, "geometry": {"type": "Polygon", "coordinates": [[[-70.60411335119679, -33.45489669998477], [-70.60255163333494, -33.45502978254694], [-70.6025633794702, -33.45511706693567], [-70.60257250963139, -33.455184909172864], [-70.6025952891893, -33.455307933010765], [-70.59964270842767, -33.45562649316338], [-70.59868417906526, -33.45559356739421], [-70.59867031188028, -33.45648950973668], [-70.59881888544653, -33.45646274796033], [-70.59959688237883, -33.45633031742752], [-70.5996884569205, -33.45631410119739], [-70.60137463869751, -33.45602798456891], [-70.60219792271687, -33.45594412244406], [-70.60269369393652, -33.455893335028236], [-70.60331625487999, -33.45582528869466], [-70.60434256155528, -33.455724273003405], [-70.6043969547244, -33.455717722408956], [-70.6042739699865, -33.45497186233642], [-70.60426568469441, -33.45491304386305], [-70.6041186261657, -33.45493490186595], [-70.60411335119679, -33.45489669998477]]]}}, {"type": "Feature", "properties": {"zona": "Z-3A", "nombre": "Zona Z-3A", "uperm": "Residencial; Equipamiento: Clases de Equipamiento de acuerdo a lo definido en el artículo. 2.1.33 de la OGUC, excepto los expresamente prohibidos a continuación.", "uproh": "Comercio: Mercados y Discotecas. Deportes: Estadios. Esparcimiento: Parques zoológicos, Casinos de juegos y Juegos electrónicos o mecánicos, (salvo que estos últimos se emplacen en locales destinados exclusivamente al uso de equipamiento c*", "comuna": "Ñuñoa"}, "geometry": {"type": "Polygon", "coordinates": [[[-70.60011489304381, -33.45321852219757], [-70.60010672445864, -33.45329203954801], [-70.59958870207754, -33.45324285938466], [-70.59908948514706, -33.453298523266255], [-70.59920201823161, -33.454010706460494], [-70.59921209029959, -33.454074450645535], [-70.59953147623423, -33.454035849994874], [-70.5995311847225, -33.453985587391315], [-70.60002792296366, -33.45400124175305], [-70.6000339258293, -33.45394722023431], [-70.60009164097852, -33.45342779056206], [-70.60121672920432, -33.4535123578092], [-70.60121331696617, -33.45354520965868], [-70.60225214061238, -33.45362319901567], [-70.60225588058348, -33.4535860186213], [-70.60226730146077, -33.453437737788136], [-70.60251908396926, -33.45344536547185], [-70.60269456944893, -33.45342629106402], [-70.60296924053985, -33.45331184566163], [-70.60315998573836, -33.453281326518045], [-70.6032973218901, -33.45327369559019], [-70.60335072988894, -33.45328132510444], [-70.6033662517177, -33.45335061052204], [-70.60419910918739, -33.45332113285991], [-70.60420365664716, -33.45328052582879], [-70.6042562086563, -33.452824023626995], [-70.6034870611521, -33.452707983890726], [-70.60337361360158, -33.45266714366629], [-70.6033202049211, -33.452659515065584], [-70.60225203407819, -33.45260992923951], [-70.60186116837747, -33.45259443067623], [-70.60143690024576, -33.45257449791691], [-70.60131553460688, -33.45256081667241], [-70.60132192132588, -33.45247575536244], [-70.60128961253295, -33.45246064676614], [-70.60126604697055, -33.45244962686048], [-70.6012265167356, -33.45243876807752], [-70.60095050513195, -33.452408439464506], [-70.60093024809339, -33.45240621382543], [-70.60073737830842, -33.45239108272324], [-70.60054450856134, -33.45237595041721], [-70.60048893457511, -33.45237780516663], [-70.60036579289267, -33.4523930379395], [-70.6002888155883, -33.45241108536965], [-70.60025321779173, -33.45242980523213], [-70.6002444866927, -33.45243439644693], [-70.60024126013724, -33.45243655740685], [-70.60020166671931, -33.45246307016983], [-70.60019045561387, -33.452620147367874], [-70.60013760396373, -33.453014119885495], [-70.60011489304381, -33.45321852219757]]]}}, {"type": "Feature", "properties": {"zona": "Z-1A", "nombre": "Zona Z-1A", "uperm": "Residencial de todo tipo; Equipamiento: clase de equipamiento de acurdo a lo definido en el artículo 2.1.33. de la OGUC, excepto los expresamente prohibidos.", "uproh": "Equipamiento: Esparcimiento: Parques zoológicos y casinos de juegos; Salud: cementerios y crematorio; Seguridad: cárceles y centro de detención. Actividad productiva de todo tipo.", "comuna": "Ñuñoa"}, "geometry": {"type": "Polygon", "coordinates": [[[-70.59671362137692, -33.455091607725606], [-70.59581744093023, -33.455188028046365], [-70.59570413846959, -33.45518416673562], [-70.59565493167469, -33.45519101019466], [-70.59557616809916, -33.45520030470417], [-70.5954825713997, -33.45520772037856], [-70.59540130561258, -33.45521497637437], [-70.59534963238309, -33.45522185235922], [-70.59529792122692, -33.45522665820098], [-70.59522405354234, -33.45523381886854], [-70.5951772362073, -33.455236491972364], [-70.59507627917627, -33.45524607176771], [-70.59502949972253, -33.45525081403643], [-70.5949506623586, -33.45525596878163], [-70.59485463593464, -33.45526548495472], [-70.59482014950764, -33.455267998369024], [-70.59475117558735, -33.45527302608448], [-70.5946649021469, -33.45527620660818], [-70.5946229786006, -33.45527674593579], [-70.59455646998934, -33.45528174182841], [-70.59449732376927, -33.45528457237042], [-70.59437899022431, -33.45528816509214], [-70.5942385379697, -33.4552961815946], [-70.59410424521215, -33.45530667362091], [-70.59414151522098, -33.45587586641529], [-70.59584801786633, -33.45584850601942], [-70.5958416488563, -33.45571094479857], [-70.59583893657378, -33.455652346118946], [-70.59698118493075, -33.455621263363554], [-70.59776966855249, -33.455599801570614], [-70.59775629360048, -33.455235039101666], [-70.59775746227943, -33.45516667140152], [-70.59771963105405, -33.45511252778092], [-70.5976990614449, -33.45507241423164], [-70.5976787521316, -33.45504654809065], [-70.59765565104345, -33.455023092455384], [-70.59760980064564, -33.45499518096729], [-70.59704415807848, -33.45505604332909], [-70.59703065774282, -33.45505749606463], [-70.59671362137692, -33.455091607725606]]]}}, {"type": "Feature", "properties": {"zona": "Z-1A", "nombre": "Zona Z-1A", "uperm": "Residencial de todo tipo; Equipamiento: clase de equipamiento de acurdo a lo definido en el artículo 2.1.33. de la OGUC, excepto los expresamente prohibidos.", "uproh": "Equipamiento: Esparcimiento: Parques zoológicos y casinos de juegos; Salud: cementerios y crematorio; Seguridad: cárceles y centro de detención. Actividad productiva de todo tipo.", "comuna": "Ñuñoa"}, "geometry": {"type": "Polygon", "coordinates": [[[-70.5918704375027, -33.4547448984873], [-70.5919144925993, -33.45528963304536], [-70.59266082737084, -33.45525573884548], [-70.59267242108282, -33.45525521201422], [-70.59321421242137, -33.4552306042695], [-70.59318526641812, -33.454471253361135], [-70.59185223954117, -33.45451987654799], [-70.5918704375027, -33.4547448984873]]]}}, {"type": "Feature", "properties": {"zona": "Z-1A", "nombre": "Zona Z-1A", "uperm": "Residencial de todo tipo; Equipamiento: clase de equipamiento de acurdo a lo definido en el artículo 2.1.33. de la OGUC, excepto los expresamente prohibidos.", "uproh": "Equipamiento: Esparcimiento: Parques zoológicos y casinos de juegos; Salud: cementerios y crematorio; Seguridad: cárceles y centro de detención. Actividad productiva de todo tipo.", "comuna": "Ñuñoa"}, "geometry": {"type": "Polygon", "coordinates": [[[-70.591988458444, -33.45593721813009], [-70.59199492719364, -33.455991219838644], [-70.59239884241424, -33.45596993023101], [-70.59246650322926, -33.455966364520314], [-70.59326734417287, -33.45592415033131], [-70.59326533270301, -33.455887299300564], [-70.59323487584369, -33.45532941775751], [-70.59192202298651, -33.4553826525098], [-70.59198088530482, -33.45587400484258], [-70.59198180712491, -33.45588170368427], [-70.591988458444, -33.45593721813009]]]}}, {"type": "Feature", "properties": {"zona": "Z-1B", "nombre": "Zona Z-1B", "uperm": "Residencial de todo tipo; Equipamiento: clase de equipamiento de acurdo a lo definido en el artículo 2.1.33. de la OGUC, excepto los expresamente prohibidos.", "uproh": "Equipamiento: Esparcimiento: Parques zoológicos y casinos de juegos; Salud: cementerios y crematorio; Seguridad: cárceles y centro de detención. Actividad productiva de todo tipo.", "comuna": "Ñuñoa"}, "geometry": {"type": "Polygon", "coordinates": [[[-70.58579295248352, -33.45488021767096], [-70.5858625506731, -33.45540130316009], [-70.58637727055732, -33.45546255565864], [-70.58661803219854, -33.45548344586643], [-70.5868134031964, -33.45549492795191], [-70.58694914089347, -33.45549918384155], [-70.58737605159308, -33.45550942935542], [-70.58756294975507, -33.45551823389225], [-70.58786895409455, -33.45552057852573], [-70.58806538327423, -33.455515973480104], [-70.58841770888779, -33.455492140058084], [-70.58891850337315, -33.45546663256412], [-70.58893546394482, -33.455465768540606], [-70.5897021085264, -33.455426716785205], [-70.59029050807774, -33.45539026194681], [-70.59029249943904, -33.455390139000656], [-70.59036335851727, -33.45538574881678], [-70.5919144925993, -33.45528963304536], [-70.5918704375027, -33.4547448984873], [-70.59042350226952, -33.45480975922923], [-70.59032118003913, -33.45481823078366], [-70.59024113907412, -33.45482322301532], [-70.58962351837174, -33.45486174593805], [-70.58832580462101, -33.45486800715479], [-70.58720527544546, -33.45486431154066], [-70.58717350107423, -33.454757418964846], [-70.58672421903887, -33.454830436901084], [-70.58651356141108, -33.45486467223087], [-70.58579295248352, -33.45488021767096]]]}}, {"type": "Feature", "properties": {"zona": "Z-1A", "nombre": "Zona Z-1A", "uperm": "Residencial de todo tipo; Equipamiento: clase de equipamiento de acurdo a lo definido en el artículo 2.1.33. de la OGUC, excepto los expresamente prohibidos.", "uproh": "Equipamiento: Esparcimiento: Parques zoológicos y casinos de juegos; Salud: cementerios y crematorio; Seguridad: cárceles y centro de detención. Actividad productiva de todo tipo.", "comuna": "Ñuñoa"}, "geometry": {"type": "Polygon", "coordinates": [[[-70.57540915595348, -33.45369309462211], [-70.57540428953861, -33.453610754706105], [-70.57540940325966, -33.453762978447145], [-70.57563082890368, -33.453925286912224], [-70.57571379283905, -33.45397587784701], [-70.57582090459435, -33.454038594475584], [-70.57593076922885, -33.45409242808738], [-70.5760755450265, -33.453931396061805], [-70.57609959230894, -33.453746403109555], [-70.57610588115895, -33.453698029776284], [-70.57617341571058, -33.453178491221564], [-70.57619718737071, -33.45300706176382], [-70.57619825885814, -33.452999329315745], [-70.57626961322175, -33.45248474729922], [-70.57627271255375, -33.45245655704165], [-70.57539651404304, -33.452523793343936], [-70.5747167651853, -33.45259448472134], [-70.57461378620279, -33.452593960308114], [-70.57455487482856, -33.45259366067336], [-70.57361873976738, -33.452588892694266], [-70.57361579215845, -33.45257163467049], [-70.5721188558421, -33.45266301603211], [-70.57214380373546, -33.45251447356334], [-70.5722567558025, -33.45184195005868], [-70.57222424677643, -33.451842943156876], [-70.57208869570329, -33.45183605512835], [-70.57195702945015, -33.4518170619183], [-70.57183968211241, -33.45180900757121], [-70.5714793126833, -33.45176292924651], [-70.57123473962746, -33.451731656779955], [-70.57104550211568, -33.4517112792869], [-70.57094793880195, -33.45228528213223], [-70.57093892355655, -33.452440997721226], [-70.57141793553903, -33.45249857093842], [-70.57167946263985, -33.45253000411576], [-70.57159689083139, -33.453037774782814], [-70.57157915572728, -33.45311853194913], [-70.57156142057703, -33.45319928821124], [-70.57148990873345, -33.45344117400362], [-70.57163699312486, -33.45345025578796], [-70.57202786880545, -33.45343985956518], [-70.57221972893613, -33.45343085281605], [-70.57242609281758, -33.4534127949247], [-70.5726749636633, -33.45339085610904], [-70.57373562735779, -33.45330094359231], [-70.5741420549256, -33.45327002938592], [-70.5742591238718, -33.453266848155366], [-70.57433994305345, -33.45326921266321], [-70.57442287623698, -33.453276633023876], [-70.57450587069752, -33.45328744255711], [-70.57451369229551, -33.45328905579894], [-70.57451080246443, -33.45312918862193], [-70.57466220297641, -33.453127265494025], [-70.57481045301694, -33.453125382204995], [-70.57539018218931, -33.45311801593377], [-70.57539164555727, -33.45323437762661], [-70.57539297181121, -33.45327385943793], [-70.57557920127385, -33.45326033952616], [-70.57557684201421, -33.45331994036793], [-70.57551722743108, -33.4533208198199], [-70.57551825338577, -33.45329563740615], [-70.57539806619378, -33.45330218452977], [-70.57539333329048, -33.453284625485786], [-70.57540246896568, -33.453556553981976], [-70.57540428953861, -33.453610754706105], [-70.5756672898228, -33.453808593792644], [-70.57577136873192, -33.45376981208598], [-70.5758372173795, -33.453754315642925], [-70.57598709432362, -33.45375137674129], [-70.57604108926111, -33.45375664237981], [-70.57603230033145, -33.453811095215336], [-70.5760114403537, -33.45388601089043], [-70.57598107261657, -33.45394194202332], [-70.57592725337605, -33.45400377440918], [-70.57588616098039, -33.45401384096118], [-70.57584897090078, -33.453997811033844], [-70.5758168978342, -33.453977152750475], [-70.57540915595348, -33.45369309462211]], [[-70.57605518566811, -33.453672236987124], [-70.57601711831727, -33.453670148938336], [-70.57605954123275, -33.45329048267641], [-70.57590193986711, -33.45329951526601], [-70.57590095334555, -33.45324243159723], [-70.57605288902779, -33.45323148970864], [-70.57608707935857, -33.45323241948384], [-70.57610558516657, -33.45325061323352], [-70.57610971402774, -33.45326902945871], [-70.57605518566811, -33.453672236987124]]]}}, {"type": "Feature", "properties": {"zona": "Z-3B", "nombre": "Zona Z-3B", "uperm": "Residencial; Equipamiento: Clases de Equipamiento de acuerdo a lo definido en el artículo. 2.1.33 de la OGUC, excepto los expresamente prohibidos a continuación.", "uproh": "Comercio: Mercados y Discotecas. Deportes: Estadios. Esparcimiento: Parques zoológicos, Casinos de juegos y Juegos electrónicos o mecánicos, (salvo que estos últimos se emplacen en locales destinados exclusivamente al uso de equipamiento c*", "comuna": "Ñuñoa"}, "geometry": {"type": "Polygon", "coordinates": [[[-70.60948063231226, -33.44896321309107], [-70.60933412071826, -33.449314081737555], [-70.60906016561236, -33.44931465555656], [-70.60851399626792, -33.44921735193953], [-70.6085790927012, -33.44946704792846], [-70.60784308840744, -33.44930921061979], [-70.60755858495614, -33.45066012831726], [-70.60978205671358, -33.45095121288096], [-70.60998099281049, -33.45033626947603], [-70.61008435203463, -33.45003414637731], [-70.6102647967469, -33.44950669127881], [-70.60953037022679, -33.44934434341896], [-70.60964481145825, -33.44899090771405], [-70.60948063231226, -33.44896321309107]]]}}, {"type": "Feature", "properties": {"zona": "Z-1A", "nombre": "Zona Z-1A", "uperm": "Residencial de todo tipo; Equipamiento: clase de equipamiento de acurdo a lo definido en el artículo 2.1.33. de la OGUC, excepto los expresamente prohibidos.", "uproh": "Equipamiento: Esparcimiento: Parques zoológicos y casinos de juegos; Salud: cementerios y crematorio; Seguridad: cárceles y centro de detención. Actividad productiva de todo tipo.", "comuna": "Ñuñoa"}, "geometry": {"type": "Polygon", "coordinates": [[[-70.57222464103356, -33.45350099046544], [-70.57191147560415, -33.453535529820336], [-70.57172376202628, -33.45353555893424], [-70.57144637284581, -33.45353437261943], [-70.57139986689488, -33.4535363573092], [-70.57128959746719, -33.453541063044206], [-70.57091311329985, -33.453581362586824], [-70.57101221399209, -33.4540037260858], [-70.57105679731012, -33.454196947061774], [-70.5722947360263, -33.45417342694215], [-70.57255063940514, -33.4541447877706], [-70.57257144267797, -33.45424103941702], [-70.57449009105721, -33.45408217247751], [-70.57506400344097, -33.454530915296765], [-70.57479013735033, -33.45490219287573], [-70.57467675257939, -33.455058985553755], [-70.5748526498217, -33.455116201848206], [-70.57504300716721, -33.455178120307615], [-70.57580775510543, -33.455154695597564], [-70.5757981952556, -33.4550982268616], [-70.57575101780893, -33.45481955565267], [-70.57642201790951, -33.454850395592324], [-70.57642111117498, -33.45480029836393], [-70.57745133985539, -33.454869513729015], [-70.57755857627444, -33.45491563974026], [-70.57768705476605, -33.45497090325647], [-70.57773184525333, -33.45491184185433], [-70.57775054909027, -33.45488717844868], [-70.57804242653782, -33.45503893696553], [-70.57820746547961, -33.455124747748826], [-70.57831702148036, -33.45503564744887], [-70.57839822297615, -33.454969607329936], [-70.5790987925279, -33.45482944861203], [-70.57918380965697, -33.454900496225065], [-70.57930047461771, -33.454997989135684], [-70.57957581094928, -33.45481431652257], [-70.57991644312578, -33.45459773278119], [-70.57990648947285, -33.454558960741984], [-70.57810331395625, -33.454425385529206], [-70.577860427136, -33.454409865350556], [-70.57763838439217, -33.45439298367915], [-70.57704287471559, -33.454352387959105], [-70.57665897648474, -33.454328805858715], [-70.57642637582104, -33.45431841875426], [-70.5762764249382, -33.45430489971762], [-70.57619701301965, -33.45428517176294], [-70.5760547800029, -33.4542524200449], [-70.57598851632005, -33.45423114316901], [-70.57591883084662, -33.45420299717849], [-70.57585329006858, -33.45417618187576], [-70.57534970746715, -33.45419022851014], [-70.57548002046045, -33.45406386721397], [-70.57554263969317, -33.454007454135215], [-70.57533675894575, -33.45382044775493], [-70.57523070615365, -33.45373939190714], [-70.57512465355836, -33.453658335961826], [-70.57497346296624, -33.453559941137435], [-70.57483119949353, -33.45348292890246], [-70.57467651746988, -33.453427569545376], [-70.57453936422029, -33.45339706653827], [-70.5743338611589, -33.453363851162436], [-70.57414167797378, -33.45335912488793], [-70.57360450608036, -33.45339818941096], [-70.57319104082141, -33.453432100509794], [-70.57311644577298, -33.453438218313444], [-70.5727775751674, -33.45346600933672], [-70.57242966732524, -33.45348511213739], [-70.57222464103356, -33.45350099046544]], [[-70.57526253913403, -33.454215132142195], [-70.57516268802095, -33.45432770393492], [-70.57513964429285, -33.45432950732961], [-70.57512158597507, -33.45432154450598], [-70.57512522968068, -33.45430493145821], [-70.57522646275824, -33.454173768797986], [-70.57524229183353, -33.454164538453924], [-70.57531467419672, -33.45415877394741], [-70.57526253913403, -33.454215132142195]], [[-70.57536687418416, -33.454075375124205], [-70.57540994074103, -33.45403621383609], [-70.5754111473451, -33.45402292075352], [-70.5753932274825, -33.45399429692422], [-70.57543604438206, -33.45397791650024], [-70.57545690170967, -33.45398342137086], [-70.57546319520665, -33.453996548788275], [-70.57545550067809, -33.45402992076335], [-70.57541545506737, -33.45407538088273], [-70.57536687418416, -33.454075375124205]], [[-70.57535310105351, -33.453901510026945], [-70.57525150742195, -33.453855780209395], [-70.57524146299106, -33.45384042330712], [-70.57529167330132, -33.45385397113907], [-70.57531365498564, -33.45386096961785], [-70.57535310105351, -33.453901510026945]]]}}, {"type": "Feature", "properties": {"zona": "Z-1A", "nombre": "Zona Z-1A", "uperm": "Residencial de todo tipo; Equipamiento: clase de equipamiento de acurdo a lo definido en el artículo 2.1.33. de la OGUC, excepto los expresamente prohibidos.", "uproh": "Equipamiento: Esparcimiento: Parques zoológicos y casinos de juegos; Salud: cementerios y crematorio; Seguridad: cárceles y centro de detención. Actividad productiva de todo tipo.", "comuna": "Ñuñoa"}, "geometry": {"type": "Polygon", "coordinates": [[[-70.59759829829666, -33.45388220457306], [-70.59770077885878, -33.45421789703548], [-70.59795066816005, -33.45419534515984], [-70.59860510043511, -33.45413628091758], [-70.59860241427042, -33.454119413403205], [-70.5985463529826, -33.45376738614625], [-70.59779759571593, -33.45385503473146], [-70.59759829829666, -33.45388220457306]]]}}, {"type": "Feature", "properties": {"zona": "Z-1A", "nombre": "Zona Z-1A", "uperm": "Residencial de todo tipo; Equipamiento: clase de equipamiento de acurdo a lo definido en el artículo 2.1.33. de la OGUC, excepto los expresamente prohibidos.", "uproh": "Equipamiento: Esparcimiento: Parques zoológicos y casinos de juegos; Salud: cementerios y crematorio; Seguridad: cárceles y centro de detención. Actividad productiva de todo tipo.", "comuna": "Ñuñoa"}, "geometry": {"type": "Polygon", "coordinates": [[[-70.57689357810524, -33.45364651397656], [-70.5768946837419, -33.45370758493248], [-70.57610588115895, -33.453698029776284], [-70.57609959230894, -33.453746403109555], [-70.5760755450265, -33.453931396061805], [-70.57608796031325, -33.453995716848056], [-70.57608474433066, -33.45409493726082], [-70.576091381556, -33.45412931386617], [-70.57610206020432, -33.45416532101151], [-70.57617662482812, -33.454185384822864], [-70.57623703098903, -33.45419890543099], [-70.57632348750114, -33.45421125513315], [-70.5764282634503, -33.45421882293627], [-70.57669386372517, -33.454238586962376], [-70.5770725855127, -33.45426442447868], [-70.57744617214317, -33.454294704598276], [-70.57770121337384, -33.45431103496341], [-70.57771026869999, -33.45431161412459], [-70.57781703380122, -33.454318450195224], [-70.57820828475725, -33.4543400755022], [-70.57944165699952, -33.454431358484584], [-70.5794461828168, -33.454431694018595], [-70.57957101255703, -33.45444093175863], [-70.58005235249807, -33.454475489893134], [-70.58019577499671, -33.45448475604667], [-70.5804111635778, -33.45450000807728], [-70.58117521346291, -33.454582711662525], [-70.58138280206802, -33.454605948046236], [-70.58148428901755, -33.45461643037251], [-70.58149969966941, -33.4546180221], [-70.58176221220471, -33.45464513481388], [-70.58275763071357, -33.45475741964971], [-70.5827607341286, -33.4545451456022], [-70.58275634838722, -33.4544698694547], [-70.58323810768646, -33.45452867822897], [-70.58332268652482, -33.454835560379614], [-70.58340720110881, -33.454200217105296], [-70.58333848752441, -33.45419405598172], [-70.58329484524765, -33.454191229733304], [-70.5829177878242, -33.45416681311133], [-70.58273801303416, -33.454155170777206], [-70.58273374303545, -33.45408187989041], [-70.58265130124805, -33.45407576199869], [-70.5813841410576, -33.453981714320776], [-70.58104534987162, -33.45395656751391], [-70.58101515428793, -33.45397432831829], [-70.58089281655221, -33.45404539490765], [-70.58009349800237, -33.45387424866209], [-70.58008975291804, -33.45390573982537], [-70.57901186650939, -33.45382433732175], [-70.57883401953923, -33.45381090616214], [-70.57824553788238, -33.45376645877704], [-70.57824385221558, -33.45378410483258], [-70.57689357810524, -33.45364651397656]]]}}, {"type": "Feature", "properties": {"zona": "Z-1B", "nombre": "Zona Z-1B", "uperm": "Residencial de todo tipo; Equipamiento: clase de equipamiento de acurdo a lo definido en el artículo 2.1.33. de la OGUC, excepto los expresamente prohibidos.", "uproh": "Equipamiento: Esparcimiento: Parques zoológicos y casinos de juegos; Salud: cementerios y crematorio; Seguridad: cárceles y centro de detención. Actividad productiva de todo tipo.", "comuna": "Ñuñoa"}, "geometry": {"type": "Polygon", "coordinates": [[[-70.58338630049008, -33.45556452038512], [-70.58343745542007, -33.45569576939746], [-70.58345863729485, -33.45578872696105], [-70.5834642387933, -33.4558133088821], [-70.58464311608809, -33.4556245070401], [-70.58465307745071, -33.45566683178801], [-70.58474169453235, -33.45604334329481], [-70.58476951228613, -33.45616387865985], [-70.58583541704013, -33.45600559933887], [-70.58570967840583, -33.45546079414612], [-70.5852405137445, -33.45535384017104], [-70.58484640076387, -33.455263346504836], [-70.58454115770641, -33.45519540949965], [-70.58449016021999, -33.45517336489819], [-70.58422391466168, -33.455113507766896], [-70.58380200492029, -33.4550180262209], [-70.58337664307106, -33.4549410397753], [-70.58336118134785, -33.4549382413774], [-70.5833570579328, -33.45493749502107], [-70.58335640920303, -33.45493737795239], [-70.58334240532515, -33.455073954956326], [-70.58332840248785, -33.45521053194334], [-70.58315322817708, -33.4552627581053], [-70.58326372565493, -33.45537960360302], [-70.5833414719654, -33.455483223472086], [-70.58338630049008, -33.45556452038512]]]}}, {"type": "Feature", "properties": {"zona": "Z-4m", "nombre": "Zona Z-4m", "uperm": "Residencial: Equipamiento: Clases de Equipamiento de acuerdo a lo definido en el artículo. 2.1.33 de la OGUC, excepto los expresamente prohibidos.", "uproh": "Clínicas Psiquiátricas, Cementerios y Crematorios. Locales de Educación superior, Técnica y centros de Capacitación. Cuarteles de Bomberos; Cárceles y Centros de detención. Estadios, Saunas, baños turcos. Juegos electrónicos s. Parques zoo*", "comuna": "Ñuñoa"}, "geometry": {"type": "Polygon", "coordinates": [[[-70.58238337962847, -33.4492406704939], [-70.58242981409491, -33.44985195851449], [-70.5836658410614, -33.449863395564655], [-70.5836027691916, -33.44922447017472], [-70.58238337962847, -33.4492406704939]]]}}, {"type": "Feature", "properties": {"zona": "Z-3A", "nombre": "Zona Z-3A", "uperm": "Residencial; Equipamiento: Clases de Equipamiento de acuerdo a lo definido en el artículo. 2.1.33 de la OGUC, excepto los expresamente prohibidos a continuación.", "uproh": "Comercio: Mercados y Discotecas. Deportes: Estadios. Esparcimiento: Parques zoológicos, Casinos de juegos y Juegos electrónicos o mecánicos, (salvo que estos últimos se emplacen en locales destinados exclusivamente al uso de equipamiento c*", "comuna": "Ñuñoa"}, "geometry": {"type": "Polygon", "coordinates": [[[-70.5722947360263, -33.45417342694215], [-70.57236510724826, -33.45515442168624], [-70.57235802594518, -33.45514113996599], [-70.5723732279681, -33.45523225096206], [-70.57245924833347, -33.45521719482938], [-70.5724505494316, -33.455129632148264], [-70.57271425503815, -33.45509160289362], [-70.57268049382532, -33.45487656062475], [-70.57257144267797, -33.45424103941702], [-70.57255063940514, -33.4541447877706], [-70.5722947360263, -33.45417342694215]]]}}, {"type": "Feature", "properties": {"zona": "Z-8A", "nombre": "Zona Z-8A", "uperm": "Equipamiento: Exclusivamente de las clases detalladas a continuación: Deporte: en establecimientos destinados principalmente a actividades de práctica o enseñanza de cultura física, tales como: estadios, centros y clubes deportivos, gimnas*", "uproh": "Todo uso no mencionado como permitido.", "comuna": "Ñuñoa"}, "geometry": {"type": "Polygon", "coordinates": [[[-70.58237258310504, -33.449098539077184], [-70.58359335016617, -33.44912904995194], [-70.58352086180969, -33.44839470326179], [-70.58231535443574, -33.44834511858083], [-70.58237258310504, -33.449098539077184]]]}}, {"type": "Feature", "properties": {"zona": "Z-4m", "nombre": "Zona Z-4m", "uperm": "Residencial: Equipamiento: Clases de Equipamiento de acuerdo a lo definido en el artículo. 2.1.33 de la OGUC, excepto los expresamente prohibidos.", "uproh": "Clínicas Psiquiátricas, Cementerios y Crematorios. Locales de Educación superior, Técnica y centros de Capacitación. Cuarteles de Bomberos; Cárceles y Centros de detención. Estadios, Saunas, baños turcos. Juegos electrónicos s. Parques zoo*", "comuna": "Ñuñoa"}, "geometry": {"type": "Polygon", "coordinates": [[[-70.59317460463186, -33.47162177187746], [-70.59321090081106, -33.47220654258708], [-70.59376787576551, -33.47217983626299], [-70.59430959119439, -33.47216457410169], [-70.59488182426684, -33.47214168143243], [-70.59485114500191, -33.47179218824235], [-70.59485134452547, -33.47174816638323], [-70.59475680172628, -33.47172617802823], [-70.5943172152237, -33.471466468385], [-70.59385942484252, -33.47118799146453], [-70.59383196110832, -33.47115419231517], [-70.59374725150109, -33.47110071460951], [-70.59340163461458, -33.470894255599724], [-70.59295069223359, -33.470623445608396], [-70.59272275811098, -33.47048840485561], [-70.59224190778048, -33.47105829819479], [-70.59317460463186, -33.47162177187746]], [[-70.59394990441083, -33.47213734557797], [-70.59402717594546, -33.4719976716381], [-70.59397927181726, -33.471722434681546], [-70.59380947793166, -33.47162346817577], [-70.59369526682282, -33.47160341387002], [-70.59389730351909, -33.47137913899953], [-70.59408046353273, -33.47149347112168], [-70.59414260872786, -33.47143574631681], [-70.59466283569289, -33.47173390654196], [-70.59432317284067, -33.47174178672816], [-70.59430817790182, -33.47177011768227], [-70.59431409728477, -33.47212735616682], [-70.59394990441083, -33.47213734557797]]]}}, {"type": "Feature", "properties": {"zona": "Z-4m", "nombre": "Zona Z-4m", "uperm": "Residencial: Equipamiento: Clases de Equipamiento de acuerdo a lo definido en el artículo. 2.1.33 de la OGUC, excepto los expresamente prohibidos.", "uproh": "Clínicas Psiquiátricas, Cementerios y Crematorios. Locales de Educación superior, Técnica y centros de Capacitación. Cuarteles de Bomberos; Cárceles y Centros de detención. Estadios, Saunas, baños turcos. Juegos electrónicos s. Parques zoo*", "comuna": "Ñuñoa"}, "geometry": {"type": "Polygon", "coordinates": [[[-70.60505572230018, -33.46430287143687], [-70.6061987591805, -33.464428819360485], [-70.60620770423854, -33.46436911499261], [-70.6058783579296, -33.46368439688178], [-70.60587750568436, -33.46367908441844], [-70.60466440896309, -33.4635378255104], [-70.60457404684158, -33.46388676929988], [-70.60457721222147, -33.464058527075316], [-70.60505984064476, -33.46406301502676], [-70.60505572230018, -33.46430287143687]]]}}, {"type": "Feature", "properties": {"zona": "Z-4A", "nombre": "Zona Z-4A", "uperm": "Residencial: Equipamiento: Clases de Equipamiento de acuerdo a lo definido en el artículo. 2.1.33 de la OGUC, excepto los expresamente prohibidos.", "uproh": "Clínicas Psiquiátricas, Cementerios y Crematorios. Locales de Educación superior, Técnica y centros de Capacitación. Cuarteles de Bomberos; Cárceles y Centros de detención. Estadios, Saunas, baños turcos. Juegos electrónicos s. Parques zoo*", "comuna": "Ñuñoa"}, "geometry": {"type": "Polygon", "coordinates": [[[-70.59199492719364, -33.455991219838644], [-70.59210445012155, -33.45690544061614], [-70.593317585957, -33.456844396698436], [-70.59330043718684, -33.4565302947269], [-70.59329998746239, -33.456522061355], [-70.59329740653442, -33.45647478613786], [-70.59326734417287, -33.45592415033131], [-70.59246650322926, -33.455966364520314], [-70.59239884241424, -33.45596993023101], [-70.59199492719364, -33.455991219838644]]]}}, {"type": "Feature", "properties": {"zona": "Z-2", "nombre": "Zona Z-2", "uperm": "Residencial de todo tipo; Equipamientos de acuerdo a lo definido en el artículo 2.1.33. de la OGUC, excepto los expresamente prohibidos.", "uproh": "Parques zoológicos y casinos de juegos. Cementerios y crematorio. Cárceles y centro de detención. Actividades productivas todas en general.", "comuna": "Ñuñoa"}, "geometry": {"type": "Polygon", "coordinates": [[[-70.59783233722167, -33.44926335668269], [-70.59788396723835, -33.4492703405603], [-70.59801624225568, -33.44917091460962], [-70.59814501734134, -33.44908503229029], [-70.59832443596684, -33.44898082546622], [-70.5985054234667, -33.44883890420969], [-70.59853222203974, -33.44880252047133], [-70.59860123735572, -33.448708819194316], [-70.59864286033796, -33.44854217187189], [-70.59872623074892, -33.44795527988602], [-70.59867966589384, -33.44794938988391], [-70.59813473468057, -33.44789232353], [-70.59810628679652, -33.44788934355146], [-70.59786226875838, -33.44786378900252], [-70.59758980406535, -33.447835253856745], [-70.59745285448821, -33.44783766254778], [-70.5975352261988, -33.448155571701946], [-70.59764066255451, -33.44857790269659], [-70.5977287356558, -33.448941230298644], [-70.59778734083636, -33.44917737591609], [-70.59783233722167, -33.44926335668269]], [[-70.5981595595823, -33.44801741434216], [-70.59776670830763, -33.4479792568799], [-70.59772610386577, -33.44790511464903], [-70.59823879681174, -33.447957254161004], [-70.5981595595823, -33.44801741434216]], [[-70.59779801500133, -33.44877687908555], [-70.5977518963505, -33.448744835216594], [-70.59764535883288, -33.44834345460808], [-70.59773585536232, -33.448422812162825], [-70.59780758018319, -33.44869530396202], [-70.59780154515849, -33.44877010049378], [-70.59779801500133, -33.44877687908555]], [[-70.59793435870242, -33.44908874707665], [-70.59785034199425, -33.44914470841443], [-70.5978434853648, -33.44913394502382], [-70.59783145868322, -33.449101903665344], [-70.59780295273869, -33.44898785360496], [-70.5977741638487, -33.4488689300636], [-70.59783303093877, -33.44890197928606], [-70.59783785779132, -33.44892384336068], [-70.59784331639841, -33.448944783028956], [-70.59785125605225, -33.44895863927864], [-70.59786040041533, -33.448978995749954], [-70.59787692268542, -33.449003226996396], [-70.59789599080837, -33.449023203940854], [-70.5979378797629, -33.44905097437125], [-70.59796688094649, -33.44907060863066], [-70.59793435870242, -33.44908874707665]], [[-70.59805941013003, -33.44901322982315], [-70.59804743147106, -33.449012663673294], [-70.59800910835293, -33.44899542672805], [-70.59797717340513, -33.44897848619589], [-70.59795496175141, -33.44895539877665], [-70.59813962679158, -33.448972746811165], [-70.59807555183315, -33.449009146560414], [-70.59805941013003, -33.44901322982315]], [[-70.59761262854136, -33.447980304713234], [-70.59755291786526, -33.44796598020026], [-70.59753849424175, -33.44795275038719], [-70.59753925792026, -33.447929276626034], [-70.59754968294249, -33.44791775482395], [-70.59756518920385, -33.44791199879996], [-70.59758469964487, -33.44791135236934], [-70.59759762304893, -33.4479176285291], [-70.59763694555119, -33.44796651432585], [-70.59761262854136, -33.447980304713234]], [[-70.59793862562826, -33.4492152716763], [-70.597943145544, -33.449223918816934], [-70.59793422775918, -33.44922242760097], [-70.59792824788649, -33.44921641459697], [-70.59792952414757, -33.44920968940386], [-70.59793356387904, -33.44920558899974], [-70.59793862562826, -33.4492152716763]]]}}, {"type": "Feature", "properties": {"zona": "Z-2", "nombre": "Zona Z-2", "uperm": "Residencial de todo tipo; Equipamientos de acuerdo a lo definido en el artículo 2.1.33. de la OGUC, excepto los expresamente prohibidos.", "uproh": "Parques zoológicos y casinos de juegos. Cementerios y crematorio. Cárceles y centro de detención. Actividades productivas todas en general.", "comuna": "Ñuñoa"}, "geometry": {"type": "Polygon", "coordinates": [[[-70.61654664618155, -33.47131392934234], [-70.61834424378249, -33.47139753441155], [-70.61834342052575, -33.470878844721156], [-70.6179466713729, -33.47085595849998], [-70.61753466258824, -33.470836887408716], [-70.61711502371791, -33.470814001477954], [-70.61658856759637, -33.4707834856783], [-70.61605410387371, -33.47075726735907], [-70.61596028953983, -33.47075258552627], [-70.61583440888572, -33.470746302532774], [-70.61561071588119, -33.47073513782698], [-70.61516992490279, -33.470710123981334], [-70.61475194530854, -33.47068126444628], [-70.61410290668105, -33.47065018165104], [-70.61411536502786, -33.47069322146443], [-70.61409320097584, -33.47115522991889], [-70.61506239788982, -33.471199352963076], [-70.61654664618155, -33.47131392934234]]]}}, {"type": "Feature", "properties": {"zona": "Z-3", "nombre": "Zona Z-3", "uperm": "Residencial; Equipamiento: Clases de Equipamiento de acuerdo a lo definido en el artículo. 2.1.33 de la OGUC, excepto los expresamente prohibidos a continuación.", "uproh": "Comercio: Mercados y Discotecas. Deportes: Estadios. Esparcimiento: Parques zoológicos, Casinos de juegos y Juegos electrónicos o mecánicos, (salvo que estos últimos se emplacen en locales destinados exclusivamente al uso de equipamiento c*", "comuna": "Ñuñoa"}, "geometry": {"type": "Polygon", "coordinates": [[[-70.59150926977703, -33.450340197384435], [-70.59151573338167, -33.45041539867231], [-70.59234676208196, -33.450393435854025], [-70.5924575029133, -33.45014505131267], [-70.59149687774844, -33.45016067129354], [-70.59150926977703, -33.450340197384435]]]}}, {"type": "Feature", "properties": {"zona": "Z-4m", "nombre": "Zona Z-4m", "uperm": "Residencial: Equipamiento: Clases de Equipamiento de acuerdo a lo definido en el artículo. 2.1.33 de la OGUC, excepto los expresamente prohibidos.", "uproh": "Clínicas Psiquiátricas, Cementerios y Crematorios. Locales de Educación superior, Técnica y centros de Capacitación. Cuarteles de Bomberos; Cárceles y Centros de detención. Estadios, Saunas, baños turcos. Juegos electrónicos s. Parques zoo*", "comuna": "Ñuñoa"}, "geometry": {"type": "Polygon", "coordinates": [[[-70.58104534987162, -33.45395656751391], [-70.58089281655221, -33.45404539490765], [-70.58101515428793, -33.45397432831829], [-70.58104534987162, -33.45395656751391]]]}}, {"type": "Feature", "properties": {"zona": "Z-4m", "nombre": "Zona Z-4m", "uperm": "Residencial: Equipamiento: Clases de Equipamiento de acuerdo a lo definido en el artículo. 2.1.33 de la OGUC, excepto los expresamente prohibidos.", "uproh": "Clínicas Psiquiátricas, Cementerios y Crematorios. Locales de Educación superior, Técnica y centros de Capacitación. Cuarteles de Bomberos; Cárceles y Centros de detención. Estadios, Saunas, baños turcos. Juegos electrónicos s. Parques zoo*", "comuna": "Ñuñoa"}, "geometry": {"type": "Polygon", "coordinates": [[[-70.60431330301485, -33.45891349513438], [-70.60441082538334, -33.45957139313102], [-70.60492372117407, -33.45950451431865], [-70.60484174481545, -33.45886533051288], [-70.60431330301485, -33.45891349513438]]]}}, {"type": "Feature", "properties": {"zona": "Z-3", "nombre": "Zona Z-3", "uperm": "Residencial; Equipamiento: Clases de Equipamiento de acuerdo a lo definido en el artículo. 2.1.33 de la OGUC, excepto los expresamente prohibidos a continuación.", "uproh": "Comercio: Mercados y Discotecas. Deportes: Estadios. Esparcimiento: Parques zoológicos, Casinos de juegos y Juegos electrónicos o mecánicos, (salvo que estos últimos se emplacen en locales destinados exclusivamente al uso de equipamiento c*", "comuna": "Ñuñoa"}, "geometry": {"type": "Polygon", "coordinates": [[[-70.62406484480495, -33.458750866499045], [-70.62546042556595, -33.458952207506435], [-70.62526976072178, -33.45971825642303], [-70.62498888176628, -33.460887878767565], [-70.62484514542162, -33.46142761491312], [-70.62508807319291, -33.46163557577716], [-70.62517285547423, -33.461503250934996], [-70.62554761621581, -33.46128310450599], [-70.62564691048482, -33.46119006291064], [-70.62569583309792, -33.46110473964041], [-70.6257799331661, -33.4608742909929], [-70.62584647933257, -33.460642828931555], [-70.62612593053217, -33.4596581766476], [-70.62616465524412, -33.45951575159914], [-70.62616494516682, -33.45951468363891], [-70.6262621974296, -33.45915700091009], [-70.6262659445832, -33.45914321691135], [-70.62629108964701, -33.45905073734736], [-70.62652420059187, -33.458209855444345], [-70.62655946906084, -33.45808313946298], [-70.62663572481542, -33.45780123115912], [-70.62668715230612, -33.45764089667564], [-70.62672131621781, -33.45753438435842], [-70.62676270425985, -33.457395132860555], [-70.62678096973804, -33.457333675269076], [-70.62688104136504, -33.4573477452308], [-70.62685612369684, -33.457527098604196], [-70.62681721581511, -33.45766410990357], [-70.62777502421565, -33.45783504632293], [-70.6278979160893, -33.457408843884686], [-70.62794978816729, -33.45720877215797], [-70.6279538675853, -33.457193039406086], [-70.62834782942004, -33.45567099689132], [-70.62825594328436, -33.45565373901345], [-70.62825572627658, -33.45565490702545], [-70.62789355989484, -33.45558567703612], [-70.62785506226655, -33.455578445838654], [-70.62739655815454, -33.45549140946605], [-70.62741072042654, -33.45544215236918], [-70.62743730780255, -33.45535736335097], [-70.62746757229483, -33.455273256528834], [-70.62750731344133, -33.45510407849584], [-70.62759058769778, -33.45476894442862], [-70.62788041061705, -33.45371215165558], [-70.62790340014072, -33.45362832152925], [-70.62799671227438, -33.45329737329427], [-70.6280792202012, -33.45317858486474], [-70.6280720288429, -33.45305285716518], [-70.62807956035377, -33.45302284460907], [-70.62690332135635, -33.45285994488617], [-70.62689194299047, -33.452901805583764], [-70.626804353056, -33.4532329485222], [-70.62676410554154, -33.45339670943548], [-70.62587954333544, -33.45333718036471], [-70.62597847959111, -33.45309162512315], [-70.6260014986349, -33.453016200869456], [-70.62571578525647, -33.45295922278157], [-70.62571951892899, -33.45291526919548], [-70.62568701248773, -33.45291199079924], [-70.62557803861725, -33.45290099902242], [-70.62538343546422, -33.452881369477126], [-70.62536542295972, -33.45295541401572], [-70.6229248301527, -33.45400416365987], [-70.62393546084897, -33.454271577759414], [-70.62470643832967, -33.45445553040499], [-70.62482734007573, -33.4544784068764], [-70.6249811971729, -33.45448666635284], [-70.62495536059505, -33.4546047216158], [-70.6249538735552, -33.454611515644636], [-70.62485437399994, -33.45506615286039], [-70.62483722407646, -33.4551432260699], [-70.62473013537112, -33.45562439794524], [-70.62472641983894, -33.455641094397286], [-70.62468364559965, -33.455833287255665], [-70.62453105595776, -33.45646654353012], [-70.62444029003576, -33.456958627943735], [-70.62447311899608, -33.45701095645601], [-70.62448531930538, -33.4570276661603], [-70.62449919627089, -33.457035919090295], [-70.6245074787591, -33.457039682089125], [-70.62451395999297, -33.45704262638713], [-70.62453326332972, -33.45704774107747], [-70.62490367969033, -33.45709272802657], [-70.62499752246484, -33.45710812660003], [-70.62474163937827, -33.4573832143744], [-70.62454888355596, -33.45759043689046], [-70.62429899450903, -33.45786383816047], [-70.62405228291405, -33.45813376134434], [-70.62412134256138, -33.45816983863905], [-70.62422838501156, -33.45822575800674], [-70.62406484480495, -33.458750866499045]], [[-70.62748081945816, -33.453714085334774], [-70.62750185122924, -33.4536335897876], [-70.62773263377039, -33.45367922216666], [-70.62775426925904, -33.453711984649274], [-70.62773713770619, -33.45376093447877], [-70.62748081945816, -33.453714085334774]]]}}, {"type": "Feature", "properties": {"zona": "Z-2A", "nombre": "Zona Z-2A", "uperm": "Residencial de todo tipo; Equipamientos de acuerdo a lo definido en el artículo 2.1.33. de la OGUC, excepto los expresamente prohibidos.", "uproh": "Parques zoológicos y casinos de juegos. Cementerios y crematorio. Cárceles y centro de detención. Actividades productivas todas en general.", "comuna": "Ñuñoa"}, "geometry": {"type": "Polygon", "coordinates": [[[-70.57127751493175, -33.455149342651026], [-70.57131290605288, -33.45529014164686], [-70.5722255321945, -33.45517242515108], [-70.57236510724826, -33.45515442168624], [-70.5722947360263, -33.45417342694215], [-70.57105679731012, -33.454196947061774], [-70.57109595539406, -33.45440789205264], [-70.57118613440807, -33.45480196683136], [-70.57127751493175, -33.455149342651026]]]}}, {"type": "Feature", "properties": {"zona": "Z-4m", "nombre": "Zona Z-4m", "uperm": "Residencial: Equipamiento: Clases de Equipamiento de acuerdo a lo definido en el artículo. 2.1.33 de la OGUC, excepto los expresamente prohibidos.", "uproh": "Clínicas Psiquiátricas, Cementerios y Crematorios. Locales de Educación superior, Técnica y centros de Capacitación. Cuarteles de Bomberos; Cárceles y Centros de detención. Estadios, Saunas, baños turcos. Juegos electrónicos s. Parques zoo*", "comuna": "Ñuñoa"}, "geometry": {"type": "Polygon", "coordinates": [[[-70.58134613912702, -33.45826992786929], [-70.58141938257103, -33.458541009553315], [-70.58171157357305, -33.4584847872756], [-70.58177509491053, -33.458694602140234], [-70.58185382840396, -33.45868131257004], [-70.58170076842464, -33.458203364013286], [-70.58134613912702, -33.45826992786929]]]}}, {"type": "Feature", "properties": {"zona": "Z-4m", "nombre": "Zona Z-4m", "uperm": "Residencial: Equipamiento: Clases de Equipamiento de acuerdo a lo definido en el artículo. 2.1.33 de la OGUC, excepto los expresamente prohibidos.", "uproh": "Clínicas Psiquiátricas, Cementerios y Crematorios. Locales de Educación superior, Técnica y centros de Capacitación. Cuarteles de Bomberos; Cárceles y Centros de detención. Estadios, Saunas, baños turcos. Juegos electrónicos s. Parques zoo*", "comuna": "Ñuñoa"}, "geometry": {"type": "Polygon", "coordinates": [[[-70.58661892428684, -33.45792829873641], [-70.5867812080601, -33.45860916535362], [-70.58806227450403, -33.463971379587996], [-70.58809887050873, -33.46396663508227], [-70.58830487496552, -33.463962819309394], [-70.58856428749344, -33.46397235480466], [-70.58882370113119, -33.463981889741326], [-70.5885622960336, -33.46357441110896], [-70.58838492525044, -33.4630659651426], [-70.58838695153486, -33.46286490962597], [-70.58850558788595, -33.4626443689562], [-70.58868644229405, -33.462506137371754], [-70.58867090479278, -33.46243475347833], [-70.58860737708059, -33.46226854092086], [-70.58823650551558, -33.46087721263375], [-70.58811201510436, -33.46035929635879], [-70.58811146208883, -33.46035699655288], [-70.5879052596621, -33.459499121772225], [-70.58742445657842, -33.457587718840976], [-70.58711950447997, -33.457742517063856], [-70.58688041851244, -33.45790067477552], [-70.58661892428684, -33.45792829873641]]]}}, {"type": "Feature", "properties": {"zona": "Z-7", "nombre": "Zona Z-7", "uperm": "Residencial: De todo tipo. Equipamiento; Exclusivamente de las clases detalladas a continuación: Comercio, locales comerciales relacionados con el destino cultural. Servicios, en establecimientos destinados principalmente a actividades que*", "uproh": "Equipamiento: Todo tipo de equipamiento, con excepción de los expresamente permitidos. Actividades Productivas: Todas en general.", "comuna": "Ñuñoa"}, "geometry": {"type": "MultiPolygon", "coordinates": [[[[-70.58620958145919, -33.45621084292048], [-70.58661892428684, -33.45792829873641], [-70.58688041851244, -33.45790067477552], [-70.58711950447997, -33.457742517063856], [-70.58742445657842, -33.457587718840976], [-70.58740523361956, -33.45751129555605], [-70.58731648001327, -33.45757027311669], [-70.58731097030558, -33.457573933876496], [-70.58710156574783, -33.45684117723224], [-70.58704464436488, -33.4560687432375], [-70.58703935968566, -33.456038872687884], [-70.5870384614023, -33.45603379964405], [-70.58695886981963, -33.45558395892818], [-70.5865353598397, -33.45556876337491], [-70.58629989198347, -33.4555435973022], [-70.58604415284685, -33.45551673858478], [-70.58620958145919, -33.45621084292048]]], [[[-70.58768436446722, -33.455597336219384], [-70.58784503555822, -33.45616649938196], [-70.58786322093455, -33.45623091805506], [-70.58791096361425, -33.456400039860526], [-70.58815343936328, -33.457158751830946], [-70.58807828781785, -33.45716437086036], [-70.58800769258393, -33.457175352399254], [-70.58801338505289, -33.457247920437524], [-70.58821966326109, -33.45719155076293], [-70.58851083498183, -33.45715799324983], [-70.58866024936505, -33.45715607835408], [-70.58851506785173, -33.45616007355468], [-70.58843180555952, -33.455588852534596], [-70.58842596855568, -33.45558918796276], [-70.58768436446722, -33.455597336219384]]]]}}, {"type": "Feature", "properties": {"zona": "Z-4m", "nombre": "Zona Z-4m", "uperm": "Residencial: Equipamiento: Clases de Equipamiento de acuerdo a lo definido en el artículo. 2.1.33 de la OGUC, excepto los expresamente prohibidos.", "uproh": "Clínicas Psiquiátricas, Cementerios y Crematorios. Locales de Educación superior, Técnica y centros de Capacitación. Cuarteles de Bomberos; Cárceles y Centros de detención. Estadios, Saunas, baños turcos. Juegos electrónicos s. Parques zoo*", "comuna": "Ñuñoa"}, "geometry": {"type": "Polygon", "coordinates": [[[-70.58918776573347, -33.46402681850978], [-70.58932949090998, -33.4648515882552], [-70.58988886764594, -33.46478206470456], [-70.58988228978058, -33.464734792021176], [-70.58980753141465, -33.46415818001429], [-70.58979009381008, -33.464059410351126], [-70.58918776573347, -33.46402681850978]]]}}, {"type": "Feature", "properties": {"zona": "Z-4m", "nombre": "Zona Z-4m", "uperm": "Residencial: Equipamiento: Clases de Equipamiento de acuerdo a lo definido en el artículo. 2.1.33 de la OGUC, excepto los expresamente prohibidos.", "uproh": "Clínicas Psiquiátricas, Cementerios y Crematorios. Locales de Educación superior, Técnica y centros de Capacitación. Cuarteles de Bomberos; Cárceles y Centros de detención. Estadios, Saunas, baños turcos. Juegos electrónicos s. Parques zoo*", "comuna": "Ñuñoa"}, "geometry": {"type": "Polygon", "coordinates": [[[-70.58820345367829, -33.46512543703345], [-70.58820099206044, -33.465174232514116], [-70.58886702931318, -33.46507734774357], [-70.58883904991991, -33.46491254196907], [-70.5887939876733, -33.4646471193776], [-70.58872567796372, -33.46464799502825], [-70.58867938795647, -33.46429544485092], [-70.58887853744241, -33.464288119467376], [-70.58882370113119, -33.463981889741326], [-70.58856428749344, -33.46397235480466], [-70.58830487496552, -33.463962819309394], [-70.58809887050873, -33.46396663508227], [-70.58806227450403, -33.463971379587996], [-70.58789286706126, -33.46399333993908], [-70.58804096157132, -33.464420559269115], [-70.58814674143059, -33.46489211362738], [-70.58820345367829, -33.46512543703345]]]}}, {"type": "Feature", "properties": {"zona": "Z-3A", "nombre": "Zona Z-3A", "uperm": "Residencial; Equipamiento: Clases de Equipamiento de acuerdo a lo definido en el artículo. 2.1.33 de la OGUC, excepto los expresamente prohibidos a continuación.", "uproh": "Comercio: Mercados y Discotecas. Deportes: Estadios. Esparcimiento: Parques zoológicos, Casinos de juegos y Juegos electrónicos o mecánicos, (salvo que estos últimos se emplacen en locales destinados exclusivamente al uso de equipamiento c*", "comuna": "Ñuñoa"}, "geometry": {"type": "Polygon", "coordinates": [[[-70.5941913137762, -33.4566787659933], [-70.59416356975301, -33.456805553556876], [-70.59488932263383, -33.45677953543577], [-70.59504024136018, -33.45677204722496], [-70.59502394596805, -33.45634462014442], [-70.59417397686234, -33.45637159990328], [-70.59419023652222, -33.45661991537021], [-70.59419089945753, -33.45665613169319], [-70.5941913137762, -33.4566787659933]]]}}, {"type": "Feature", "properties": {"zona": "Z-3A", "nombre": "Zona Z-3A", "uperm": "Residencial; Equipamiento: Clases de Equipamiento de acuerdo a lo definido en el artículo. 2.1.33 de la OGUC, excepto los expresamente prohibidos a continuación.", "uproh": "Comercio: Mercados y Discotecas. Deportes: Estadios. Esparcimiento: Parques zoológicos, Casinos de juegos y Juegos electrónicos o mecánicos, (salvo que estos últimos se emplacen en locales destinados exclusivamente al uso de equipamiento c*", "comuna": "Ñuñoa"}, "geometry": {"type": "Polygon", "coordinates": [[[-70.61133702944076, -33.454886879635424], [-70.6113467652463, -33.454963597175364], [-70.6123073704512, -33.45485852972836], [-70.61225173181586, -33.45428301608407], [-70.61125736514747, -33.45428371467872], [-70.61126008437357, -33.454304679366615], [-70.61133702944076, -33.454886879635424]]]}}, {"type": "Feature", "properties": {"zona": "Z-4m", "nombre": "Zona Z-4m", "uperm": "Residencial: Equipamiento: Clases de Equipamiento de acuerdo a lo definido en el artículo. 2.1.33 de la OGUC, excepto los expresamente prohibidos.", "uproh": "Clínicas Psiquiátricas, Cementerios y Crematorios. Locales de Educación superior, Técnica y centros de Capacitación. Cuarteles de Bomberos; Cárceles y Centros de detención. Estadios, Saunas, baños turcos. Juegos electrónicos s. Parques zoo*", "comuna": "Ñuñoa"}, "geometry": {"type": "Polygon", "coordinates": [[[-70.62248143768952, -33.45835123946298], [-70.62281336763061, -33.458380097622545], [-70.6231915982937, -33.45795812703899], [-70.62246856851004, -33.457889698836766], [-70.62248143768952, -33.45835123946298]]]}}, {"type": "Feature", "properties": {"zona": "Z-4m", "nombre": "Zona Z-4m", "uperm": "Residencial: Equipamiento: Clases de Equipamiento de acuerdo a lo definido en el artículo. 2.1.33 de la OGUC, excepto los expresamente prohibidos.", "uproh": "Clínicas Psiquiátricas, Cementerios y Crematorios. Locales de Educación superior, Técnica y centros de Capacitación. Cuarteles de Bomberos; Cárceles y Centros de detención. Estadios, Saunas, baños turcos. Juegos electrónicos s. Parques zoo*", "comuna": "Ñuñoa"}, "geometry": {"type": "Polygon", "coordinates": [[[-70.6197364698705, -33.464849415323044], [-70.61984235007151, -33.46486147237989], [-70.61973694455301, -33.46484809425427], [-70.6197364698705, -33.464849415323044]]]}}, {"type": "Feature", "properties": {"zona": "Z-4m", "nombre": "Zona Z-4m", "uperm": "Residencial: Equipamiento: Clases de Equipamiento de acuerdo a lo definido en el artículo. 2.1.33 de la OGUC, excepto los expresamente prohibidos.", "uproh": "Clínicas Psiquiátricas, Cementerios y Crematorios. Locales de Educación superior, Técnica y centros de Capacitación. Cuarteles de Bomberos; Cárceles y Centros de detención. Estadios, Saunas, baños turcos. Juegos electrónicos s. Parques zoo*", "comuna": "Ñuñoa"}, "geometry": {"type": "Polygon", "coordinates": [[[-70.59419450829279, -33.46580073680471], [-70.59298879911141, -33.46604790802196], [-70.59294438840307, -33.4658465233693], [-70.59279103005031, -33.46587327491886], [-70.59269967060995, -33.46588340329604], [-70.59279816649843, -33.46636532401686], [-70.59165913594254, -33.46655617722765], [-70.59148777317878, -33.465864239021975], [-70.59127404663371, -33.46589621442421], [-70.59123269673232, -33.465902400717205], [-70.59128315273318, -33.466119908051084], [-70.59017655097558, -33.46632309039156], [-70.59010646898847, -33.46607088473724], [-70.59003013539584, -33.46608230369009], [-70.5899213228423, -33.46609858168552], [-70.58986391942378, -33.466107168527245], [-70.58989429712739, -33.4663009416751], [-70.58935455059998, -33.46640220077796], [-70.58937156415311, -33.46646718782997], [-70.58975457106872, -33.4679301897825], [-70.58991479953127, -33.468548182212686], [-70.58994330999555, -33.46863388285091], [-70.58989458680578, -33.46864561218341], [-70.58997799999699, -33.46898143877729], [-70.59020554494232, -33.46989753890085], [-70.59026216148526, -33.469957658144374], [-70.59067059421214, -33.470240426549985], [-70.59065295892452, -33.47015735606338], [-70.5909097599534, -33.47013661557391], [-70.59090890977734, -33.470090098254914], [-70.59144988412316, -33.470076404061835], [-70.5919951552197, -33.469454349398], [-70.59242653986598, -33.46896218843687], [-70.59214490082788, -33.468766939431575], [-70.59203878721652, -33.46825767615374], [-70.59205985003716, -33.46825740557926], [-70.59216972009088, -33.46825599412275], [-70.59218856994806, -33.46826774993345], [-70.59273362420276, -33.46860765771213], [-70.59295472491549, -33.46835207844573], [-70.59372088136902, -33.46747183864675], [-70.59401563629869, -33.4671341932753], [-70.59408187443897, -33.46705187611775], [-70.59411683933759, -33.467008423421674], [-70.59416944903394, -33.4669323111639], [-70.59420385496071, -33.466845117756485], [-70.59422919298552, -33.46675426952168], [-70.5942366725933, -33.46667119482915], [-70.59423252937528, -33.466444941454654], [-70.59419450829279, -33.46580073680471]], [[-70.5919238529655, -33.46773301721449], [-70.59167661385835, -33.46775766717852], [-70.59164746451889, -33.467564768015876], [-70.59154970107312, -33.46757561902134], [-70.59131077247805, -33.46761398481601], [-70.59127302124902, -33.467614469535526], [-70.59126793999545, -33.46749525028575], [-70.59120925773065, -33.467224571957516], [-70.59129651268586, -33.467151634212584], [-70.5917264522604, -33.46707551768407], [-70.59181335386337, -33.467061554950995], [-70.59191402126434, -33.46742891483458], [-70.5919238529655, -33.46773301721449]], [[-70.592385606741, -33.46799680335552], [-70.59220587200953, -33.468209000536035], [-70.59201729201831, -33.468172052747995], [-70.59178299195285, -33.468203695475616], [-70.591797697761, -33.468307302090345], [-70.5914313680164, -33.46835853584826], [-70.59140328658339, -33.468260119636426], [-70.5913545876411, -33.46806412925219], [-70.59135332713232, -33.468049858607486], [-70.59135514595891, -33.468039751864], [-70.59136401397089, -33.468031238326894], [-70.59137793789118, -33.468025175980976], [-70.59139986755743, -33.4680181739332], [-70.59140979632969, -33.46801300429423], [-70.59141655369308, -33.4679986343009], [-70.59143209837997, -33.467953208694986], [-70.59204866918226, -33.46785208718372], [-70.59209743905427, -33.46784918805931], [-70.59213273288432, -33.467851007273865], [-70.59216276998805, -33.467861988088735], [-70.59219839638705, -33.46788199026518], [-70.592385606741, -33.46799680335552]], [[-70.59407947897053, -33.466907655268315], [-70.59390048881967, -33.46692785330492], [-70.59387300774544, -33.46681380570687], [-70.59373717058466, -33.466171172662854], [-70.59405225651645, -33.466120591343234], [-70.59414162142795, -33.466803060493], [-70.59407947897053, -33.466907655268315]]]}}, {"type": "Feature", "properties": {"zona": "Z-4m", "nombre": "Zona Z-4m", "uperm": "Residencial: Equipamiento: Clases de Equipamiento de acuerdo a lo definido en el artículo. 2.1.33 de la OGUC, excepto los expresamente prohibidos.", "uproh": "Clínicas Psiquiátricas, Cementerios y Crematorios. Locales de Educación superior, Técnica y centros de Capacitación. Cuarteles de Bomberos; Cárceles y Centros de detención. Estadios, Saunas, baños turcos. Juegos electrónicos s. Parques zoo*", "comuna": "Ñuñoa"}, "geometry": {"type": "Polygon", "coordinates": [[[-70.58401878233678, -33.46668966986971], [-70.58407347595107, -33.46695740799504], [-70.58309387959291, -33.46710116056225], [-70.58313002133754, -33.46732737938606], [-70.58193759320164, -33.46750963249933], [-70.58199574535631, -33.46781132931313], [-70.58318395105718, -33.46763151577334], [-70.58315022534893, -33.467420775858145], [-70.5837423862785, -33.46734162707356], [-70.58378866121801, -33.467537888923346], [-70.58419322344653, -33.46747545181706], [-70.58411677222914, -33.467029034676365], [-70.58537340501253, -33.466855482671534], [-70.58539625036333, -33.466937511614205], [-70.58422940724061, -33.46711707309709], [-70.58428262283589, -33.467459992425844], [-70.58573054152453, -33.46723746302116], [-70.58589971981603, -33.46720986929196], [-70.58573442739142, -33.46645232746173], [-70.58570720181264, -33.466327549987675], [-70.58567654940417, -33.466187068527475], [-70.58508561126028, -33.466255478954125], [-70.58513691312614, -33.46653220795055], [-70.58401878233678, -33.46668966986971]]]}}, {"type": "Feature", "properties": {"zona": "Z-4m", "nombre": "Zona Z-4m", "uperm": "Residencial: Equipamiento: Clases de Equipamiento de acuerdo a lo definido en el artículo. 2.1.33 de la OGUC, excepto los expresamente prohibidos.", "uproh": "Clínicas Psiquiátricas, Cementerios y Crematorios. Locales de Educación superior, Técnica y centros de Capacitación. Cuarteles de Bomberos; Cárceles y Centros de detención. Estadios, Saunas, baños turcos. Juegos electrónicos s. Parques zoo*", "comuna": "Ñuñoa"}, "geometry": {"type": "Polygon", "coordinates": [[[-70.5819187490296, -33.46497377595855], [-70.5819957855253, -33.465341049562376], [-70.58202587476785, -33.46533719162254], [-70.58238268884705, -33.465291432607906], [-70.58248098900589, -33.4658592358962], [-70.58322345001253, -33.46576724394146], [-70.5831318885625, -33.465290396308426], [-70.5830540696658, -33.4648894066803], [-70.5830555007995, -33.464825084004886], [-70.58285588176638, -33.46485119576803], [-70.58199363285158, -33.46496398126371], [-70.5819187490296, -33.46497377595855]]]}}, {"type": "Feature", "properties": {"zona": "CD", "nombre": "CD Zona de Centro Deportivo", "uperm": "", "uproh": "Todos los otros usos de suelo", "comuna": "Ñuñoa"}, "geometry": {"type": "Polygon", "coordinates": [[[-70.58133915318831, -33.45876793660021], [-70.58160581750106, -33.45984515123545], [-70.58246435149654, -33.45967621515059], [-70.58241365906333, -33.45937929190043], [-70.58248452651296, -33.45936657129872], [-70.58264364009227, -33.45933800957871], [-70.58271765826623, -33.459324722844826], [-70.58290738102261, -33.45929066735149], [-70.58278844329618, -33.458780980030056], [-70.58274604515778, -33.45859928397576], [-70.58255834813652, -33.45863123550925], [-70.58255390918178, -33.45861337181557], [-70.58274157049155, -33.45858010857507], [-70.5827301930513, -33.45853135183814], [-70.58256972817166, -33.45855983440451], [-70.58249691659093, -33.45857275842978], [-70.58208965113951, -33.45864150610033], [-70.58185382840396, -33.45868131257004], [-70.58177509491053, -33.458694602140234], [-70.58152297103436, -33.45873716008535], [-70.58146503692193, -33.458746939268785], [-70.58139663569372, -33.45875834901504], [-70.58134876436644, -33.458766334070184], [-70.58133915318831, -33.45876793660021]]]}}, {"type": "Feature", "properties": {"zona": "Z-4m", "nombre": "Zona Z-4m", "uperm": "Residencial: Equipamiento: Clases de Equipamiento de acuerdo a lo definido en el artículo. 2.1.33 de la OGUC, excepto los expresamente prohibidos.", "uproh": "Clínicas Psiquiátricas, Cementerios y Crematorios. Locales de Educación superior, Técnica y centros de Capacitación. Cuarteles de Bomberos; Cárceles y Centros de detención. Estadios, Saunas, baños turcos. Juegos electrónicos s. Parques zoo*", "comuna": "Ñuñoa"}, "geometry": {"type": "Polygon", "coordinates": [[[-70.58246435149654, -33.45967621515059], [-70.58260185844081, -33.46018980956281], [-70.58268480397744, -33.46017768224184], [-70.58248452651296, -33.45936657129872], [-70.58241365906333, -33.45937929190043], [-70.58246435149654, -33.45967621515059]]]}}, {"type": "Feature", "properties": {"zona": "Z-4m", "nombre": "Zona Z-4m", "uperm": "Residencial: Equipamiento: Clases de Equipamiento de acuerdo a lo definido en el artículo. 2.1.33 de la OGUC, excepto los expresamente prohibidos.", "uproh": "Clínicas Psiquiátricas, Cementerios y Crematorios. Locales de Educación superior, Técnica y centros de Capacitación. Cuarteles de Bomberos; Cárceles y Centros de detención. Estadios, Saunas, baños turcos. Juegos electrónicos s. Parques zoo*", "comuna": "Ñuñoa"}, "geometry": {"type": "Polygon", "coordinates": [[[-70.58442351391696, -33.47205928331692], [-70.58446113233946, -33.47221371744079], [-70.58508118454179, -33.472119277139726], [-70.58515384188841, -33.47209214864074], [-70.585069910485, -33.47171067002238], [-70.5850546505479, -33.4716763376206], [-70.58485062063492, -33.470869013382746], [-70.58415216562167, -33.47099266127872], [-70.5842756734296, -33.47151034540887], [-70.5843017683274, -33.47156993502144], [-70.5843963115647, -33.47194998171881], [-70.58442351391696, -33.47205928331692]]]}}, {"type": "Feature", "properties": {"zona": "Z-4m", "nombre": "Zona Z-4m", "uperm": "Residencial: Equipamiento: Clases de Equipamiento de acuerdo a lo definido en el artículo. 2.1.33 de la OGUC, excepto los expresamente prohibidos.", "uproh": "Clínicas Psiquiátricas, Cementerios y Crematorios. Locales de Educación superior, Técnica y centros de Capacitación. Cuarteles de Bomberos; Cárceles y Centros de detención. Estadios, Saunas, baños turcos. Juegos electrónicos s. Parques zoo*", "comuna": "Ñuñoa"}, "geometry": {"type": "Polygon", "coordinates": [[[-70.59374648157193, -33.469709392011325], [-70.59329480542536, -33.46943700715647], [-70.5925491840002, -33.46898274435392], [-70.59209189926688, -33.46949855262792], [-70.59118497717117, -33.470541450802706], [-70.59055010790314, -33.47126224015331], [-70.58974344484652, -33.47220418340194], [-70.58937253817541, -33.47262456202236], [-70.58936323843463, -33.47263510286686], [-70.5886371348443, -33.47345803903921], [-70.58867871254304, -33.47353882062971], [-70.58870609490302, -33.47361533004121], [-70.5887256719038, -33.47368297439834], [-70.58873575207836, -33.47373280396428], [-70.58874494238948, -33.47381476549326], [-70.5888924788685, -33.473847884849036], [-70.58917768956417, -33.473902393114486], [-70.5892148143142, -33.47390934992265], [-70.58930529164455, -33.4736960913099], [-70.59027472116185, -33.4738729725984], [-70.59045553048497, -33.473849441090096], [-70.5914700008384, -33.4737239883067], [-70.59169081491416, -33.473698519953416], [-70.59191162990379, -33.473673050294806], [-70.59208989414527, -33.473660976215754], [-70.59206674936095, -33.47320623637637], [-70.5920664419407, -33.473183135398536], [-70.59267682382644, -33.473160243368795], [-70.59269520257617, -33.473359832291855], [-70.59327129962976, -33.47331729776784], [-70.59337018325091, -33.473304578543896], [-70.5938216090513, -33.47328943225884], [-70.5941028801982, -33.47327814524428], [-70.59436653202276, -33.47326860747165], [-70.5944810525324, -33.473264774838405], [-70.59484909022721, -33.47325153370882], [-70.59494851538506, -33.47324906458949], [-70.59541680033406, -33.47322614267716], [-70.5954196786405, -33.4732830724869], [-70.59661279238018, -33.47326320257309], [-70.59658160396725, -33.47269940454644], [-70.59658001639467, -33.47267069988033], [-70.5965698414653, -33.472486762758024], [-70.59656038026426, -33.4723171519397], [-70.59650696449398, -33.4713901589315], [-70.59603316075497, -33.47109452627532], [-70.5959370877204, -33.47103653396745], [-70.5955532358362, -33.470821761631505], [-70.59511070471615, -33.470550914443564], [-70.59463765601316, -33.470276252158705], [-70.59417986600394, -33.46998251638664], [-70.59374648157193, -33.469709392011325]], [[-70.59533393693788, -33.472735193831745], [-70.59504262198129, -33.47275209331519], [-70.59502860650821, -33.47260732417973], [-70.59516526114552, -33.472601309488084], [-70.5951561914232, -33.472405762225335], [-70.59531804962558, -33.47240607305237], [-70.59533393693788, -33.472735193831745]], [[-70.59176478852412, -33.47160536242701], [-70.59153997491333, -33.471874667212774], [-70.59113840947926, -33.47232651823543], [-70.590872246706, -33.472613968223996], [-70.59082508863098, -33.472667521057716], [-70.59081342608435, -33.47268784204483], [-70.59080773247291, -33.47270556398448], [-70.59080532335042, -33.472738371992264], [-70.59082160757987, -33.472806238638285], [-70.59083455910577, -33.47285649831088], [-70.59084751279951, -33.47290675795369], [-70.59086370280825, -33.47296958365875], [-70.59087378669088, -33.47302744380238], [-70.59087794662722, -33.47309042393918], [-70.59088302805918, -33.47320381817458], [-70.59087779516784, -33.473246746715375], [-70.59076454359716, -33.4732541354928], [-70.59047219434532, -33.47326211481757], [-70.59039148570622, -33.473264531333726], [-70.59028696520654, -33.47326766100033], [-70.59024155051819, -33.4732661307969], [-70.59020492025662, -33.47326237396006], [-70.59016947264193, -33.47325437685394], [-70.59011106626056, -33.473231881581775], [-70.591292792528, -33.47183567358179], [-70.59133500726134, -33.47174785581848], [-70.59128087169202, -33.47171436341033], [-70.59149680164356, -33.471470366747], [-70.59176478852412, -33.47160536242701]], [[-70.59376787576551, -33.47217983626299], [-70.59321090081106, -33.47220654258708], [-70.5932188419577, -33.4724075173738], [-70.59264606806562, -33.47240074810006], [-70.59263866712871, -33.472217991428664], [-70.59278868020348, -33.472214990253235], [-70.59280561055708, -33.47221465180437], [-70.5928144398544, -33.47221447519352], [-70.59321090081106, -33.47220654258708], [-70.59317460463186, -33.47162177187746], [-70.59224190778048, -33.47105829819479], [-70.59201230938908, -33.47131659259529], [-70.5917065677669, -33.471108564112136], [-70.5919126638063, -33.47085590289427], [-70.59177648848693, -33.47077219174467], [-70.59206587797276, -33.470439419333616], [-70.59228598653449, -33.47056544073334], [-70.59250131467056, -33.47035637625205], [-70.59272275811098, -33.47048840485561], [-70.59295069223359, -33.470623445608396], [-70.59340163461458, -33.470894255599724], [-70.59374725150109, -33.47110071460951], [-70.59383196110832, -33.47115419231517], [-70.59385942484252, -33.47118799146453], [-70.5943172152237, -33.471466468385], [-70.59475680172628, -33.47172617802823], [-70.59485134452547, -33.47174816638323], [-70.59486384182894, -33.47163274879373], [-70.59497398426895, -33.471698415804156], [-70.59508875194601, -33.471764908778965], [-70.59528285968989, -33.47188249897014], [-70.59532656149996, -33.47190685940421], [-70.59534581530738, -33.47192473564728], [-70.59535429538106, -33.47194501959026], [-70.59535471055622, -33.4719676709524], [-70.59535832273035, -33.47216474492216], [-70.59536534917932, -33.47225302130166], [-70.59489767443243, -33.47227401778902], [-70.59488182426684, -33.47214168143243], [-70.59430959119439, -33.47216457410169], [-70.59376787576551, -33.47217983626299]]]}}, {"type": "Feature", "properties": {"zona": "Z-4m", "nombre": "Zona Z-4m", "uperm": "Residencial: Equipamiento: Clases de Equipamiento de acuerdo a lo definido en el artículo. 2.1.33 de la OGUC, excepto los expresamente prohibidos.", "uproh": "Clínicas Psiquiátricas, Cementerios y Crematorios. Locales de Educación superior, Técnica y centros de Capacitación. Cuarteles de Bomberos; Cárceles y Centros de detención. Estadios, Saunas, baños turcos. Juegos electrónicos s. Parques zoo*", "comuna": "Ñuñoa"}, "geometry": {"type": "Polygon", "coordinates": [[[-70.5919126638063, -33.47085590289427], [-70.59198576975638, -33.470900843593974], [-70.59228598653449, -33.47056544073334], [-70.59206587797276, -33.470439419333616], [-70.59177648848693, -33.47077219174467], [-70.5919126638063, -33.47085590289427]]]}}, {"type": "Feature", "properties": {"zona": "Z-7", "nombre": "Zona Z-7", "uperm": "Residencial: De todo tipo. Equipamiento; Exclusivamente de las clases detalladas a continuación: Comercio, locales comerciales relacionados con el destino cultural. Servicios, en establecimientos destinados principalmente a actividades que*", "uproh": "Equipamiento: Todo tipo de equipamiento, con excepción de los expresamente permitidos. Actividades Productivas: Todas en general.", "comuna": "Ñuñoa"}, "geometry": {"type": "Polygon", "coordinates": [[[-70.584569448905, -33.45510664002553], [-70.5858625506731, -33.45540130316009], [-70.58579295248352, -33.45488021767096], [-70.58578868098891, -33.45484823462026], [-70.58577305504551, -33.45473123652486], [-70.58575765724443, -33.454615952600534], [-70.58569540184425, -33.45417409396746], [-70.58408551488722, -33.4539986210133], [-70.5841205697734, -33.45432178050979], [-70.58414058045473, -33.45450625317165], [-70.58419360386597, -33.455020992567604], [-70.58456549696916, -33.45510574000935], [-70.584569448905, -33.45510664002553]]]}}, {"type": "Feature", "properties": {"zona": "Z-3", "nombre": "Zona Z-3", "uperm": "Residencial; Equipamiento: Clases de Equipamiento de acuerdo a lo definido en el artículo. 2.1.33 de la OGUC, excepto los expresamente prohibidos a continuación.", "uproh": "Comercio: Mercados y Discotecas. Deportes: Estadios. Esparcimiento: Parques zoológicos, Casinos de juegos y Juegos electrónicos o mecánicos, (salvo que estos últimos se emplacen en locales destinados exclusivamente al uso de equipamiento c*", "comuna": "Ñuñoa"}, "geometry": {"type": "Polygon", "coordinates": [[[-70.62398761112101, -33.45874906654493], [-70.62406484480495, -33.458750866499045], [-70.62399024982008, -33.45874101923034], [-70.62398761112101, -33.45874906654493]]]}}, {"type": "Feature", "properties": {"zona": "Z-1A", "nombre": "Zona Z-1A", "uperm": "Residencial de todo tipo; Equipamiento: clase de equipamiento de acurdo a lo definido en el artículo 2.1.33. de la OGUC, excepto los expresamente prohibidos.", "uproh": "Equipamiento: Esparcimiento: Parques zoológicos y casinos de juegos; Salud: cementerios y crematorio; Seguridad: cárceles y centro de detención. Actividad productiva de todo tipo.", "comuna": "Ñuñoa"}, "geometry": {"type": "Polygon", "coordinates": [[[-70.62846852254631, -33.45521414526035], [-70.62961146308182, -33.45544441440558], [-70.62983433453255, -33.455489206154766], [-70.63003333457094, -33.4547999623413], [-70.63014464016992, -33.45458732938967], [-70.63016857903784, -33.45449753614431], [-70.63052549195231, -33.45322712867038], [-70.63090455260279, -33.451950551508276], [-70.63113369052081, -33.45107798619453], [-70.63107919144902, -33.45093410602661], [-70.63108978785431, -33.45089197118403], [-70.63129934883699, -33.450165751096456], [-70.63120244558141, -33.450098306962765], [-70.63122620197042, -33.450029274169324], [-70.63132306836201, -33.4500948105034], [-70.63140272681092, -33.44984942636263], [-70.63140468099272, -33.44983222082329], [-70.63107098213867, -33.44976598346018], [-70.63017752550039, -33.449600211029725], [-70.62992389996809, -33.44955391479892], [-70.62990597251607, -33.449569422070645], [-70.62983868278255, -33.44981428468298], [-70.62977375271433, -33.45004837816544], [-70.62976977014364, -33.45007897273961], [-70.62979513440285, -33.450095819098095], [-70.63035048345476, -33.45020304869184], [-70.63034447525725, -33.45024703230732], [-70.62978909021845, -33.450137893994906], [-70.62975284333122, -33.45014791458346], [-70.6296115152848, -33.45062699114128], [-70.62960749693215, -33.450655677009244], [-70.62963058439637, -33.4506725533281], [-70.62940866804483, -33.451226084322485], [-70.62932423788423, -33.451547841755556], [-70.62926317419051, -33.45178671883703], [-70.6292021101718, -33.452025594988086], [-70.62919988361638, -33.452034302542394], [-70.62912635035724, -33.45232195647445], [-70.6290626765822, -33.45244727259668], [-70.62900438142007, -33.452830913359946], [-70.62887012451534, -33.45334087929937], [-70.62875334760201, -33.45376028381512], [-70.62868099909812, -33.45403399857182], [-70.62859767673484, -33.454327408187915], [-70.62859540866772, -33.45433539751906], [-70.62845448512054, -33.45483163997351], [-70.62838092909017, -33.455114400407666], [-70.62835019968135, -33.455190048089364], [-70.62846852254631, -33.45521414526035]], [[-70.63128433258625, -33.45017441866845], [-70.63119495325047, -33.45047551210174], [-70.63111240132667, -33.450457839423926], [-70.63121344569807, -33.45012410239403], [-70.63128433258625, -33.45017441866845]]]}}, {"type": "Feature", "properties": {"zona": "Z-4m", "nombre": "Zona Z-4m", "uperm": "Residencial: Equipamiento: Clases de Equipamiento de acuerdo a lo definido en el artículo. 2.1.33 de la OGUC, excepto los expresamente prohibidos.", "uproh": "Clínicas Psiquiátricas, Cementerios y Crematorios. Locales de Educación superior, Técnica y centros de Capacitación. Cuarteles de Bomberos; Cárceles y Centros de detención. Estadios, Saunas, baños turcos. Juegos electrónicos s. Parques zoo*", "comuna": "Ñuñoa"}, "geometry": {"type": "Polygon", "coordinates": [[[-70.58962351837174, -33.45486174593805], [-70.59024113907412, -33.45482322301532], [-70.59032118003913, -33.45481823078366], [-70.59042350226952, -33.45480975922923], [-70.59023857143141, -33.453333937515055], [-70.59055218829391, -33.453314248076246], [-70.59054848048406, -33.453249122770124], [-70.5904608322615, -33.45170972516071], [-70.59034464731292, -33.45171460667108], [-70.5902197188082, -33.451696669281404], [-70.59019873976456, -33.4513270913983], [-70.58898172190831, -33.45131883557845], [-70.58903474362918, -33.451494728031385], [-70.58927879704376, -33.45278009881152], [-70.58962351837174, -33.45486174593805]]]}}, {"type": "Feature", "properties": {"zona": "AV", "nombre": "AV Zona de Areas Verdes", "uperm": "Área verde", "uproh": "Todos los otros usos de suelo", "comuna": "Ñuñoa"}, "geometry": {"type": "Polygon", "coordinates": [[[-70.58238337962847, -33.4492406704939], [-70.5836027691916, -33.44922447017472], [-70.58359335016617, -33.44912904995194], [-70.58237258310504, -33.449098539077184], [-70.58238337962847, -33.4492406704939]]]}}, {"type": "Feature", "properties": {"zona": "Z-1B", "nombre": "Zona Z-1B", "uperm": "Residencial de todo tipo; Equipamiento: clase de equipamiento de acurdo a lo definido en el artículo 2.1.33. de la OGUC, excepto los expresamente prohibidos.", "uproh": "Equipamiento: Esparcimiento: Parques zoológicos y casinos de juegos; Salud: cementerios y crematorio; Seguridad: cárceles y centro de detención. Actividad productiva de todo tipo.", "comuna": "Ñuñoa"}, "geometry": {"type": "Polygon", "coordinates": [[[-70.58419360386597, -33.455020992567604], [-70.58414058045473, -33.45450625317165], [-70.5841205697734, -33.45432178050979], [-70.58340720110881, -33.454200217105296], [-70.58332268652482, -33.454835560379614], [-70.58362985615607, -33.45488998886389], [-70.58383586435959, -33.45493433794149], [-70.58404571693309, -33.454984901695084], [-70.58419360386597, -33.455020992567604]]]}}, {"type": "Feature", "properties": {"zona": "Z-4C", "nombre": "Zona Z-4C", "uperm": "Residencial: Equipamiento: Clases de Equipamiento de acuerdo a lo definido en el artículo. 2.1.33 de la OGUC, excepto los expresamente prohibidos.", "uproh": "Clínicas Psiquiátricas, Cementerios y Crematorios. Locales de Educación superior, Técnica y centros de Capacitación. Cuarteles de Bomberos; Cárceles y Centros de detención. Estadios, Saunas, baños turcos. Juegos electrónicos s. Parques zoo*", "comuna": "Ñuñoa"}, "geometry": {"type": "Polygon", "coordinates": [[[-70.57412851085508, -33.439269790121756], [-70.57399880548022, -33.44004800969448], [-70.57385264660658, -33.440038359438134], [-70.57381443654567, -33.440329787727045], [-70.57397082405416, -33.44034773946377], [-70.57401964226992, -33.440351660472764], [-70.5740044427956, -33.44049502040351], [-70.57392958778549, -33.44048702263075], [-70.57388906654083, -33.44076096113434], [-70.57388561765778, -33.4411932383724], [-70.57362264196745, -33.441596613294074], [-70.5737900012386, -33.4416686138626], [-70.57367994318331, -33.44183238517373], [-70.57362785030614, -33.44219972870734], [-70.57367991625577, -33.44220657836625], [-70.57370370749295, -33.44220970878365], [-70.57385260114381, -33.442229298775594], [-70.57379797515283, -33.442661663725154], [-70.57395729714358, -33.44268086597937], [-70.57399569272212, -33.44268549286156], [-70.57380249371796, -33.44382131880387], [-70.57373085151245, -33.44381595683545], [-70.57369636178684, -33.44403905591437], [-70.57367757427275, -33.444160583583994], [-70.5736151681264, -33.44415361267631], [-70.5735057992362, -33.44414139748203], [-70.573397423597, -33.44475823186989], [-70.5734358180501, -33.444756551463996], [-70.57334427732184, -33.44520391773759], [-70.57337512206095, -33.445209730039174], [-70.57320979141919, -33.44604218341924], [-70.57332038059772, -33.44605601567411], [-70.57322762858944, -33.446741960512064], [-70.57320027865333, -33.446905711692196], [-70.57319346652939, -33.446938343682966], [-70.57317552638655, -33.447024289279454], [-70.57317435602896, -33.447029894627406], [-70.57300965615006, -33.44781889173215], [-70.57296122810767, -33.448043806928325], [-70.5727094589342, -33.44953157487003], [-70.57269411741198, -33.44962439368959], [-70.57269038530282, -33.449646972561], [-70.5726713116271, -33.449762370248436], [-70.57263316412644, -33.44999316471108], [-70.57261351052718, -33.45009634983654], [-70.57260111391982, -33.45016142952033], [-70.57260038477611, -33.4501652580544], [-70.57254161028, -33.45047382893429], [-70.57253398199143, -33.45059971678044], [-70.57254429672776, -33.450671693298936], [-70.57264452612034, -33.45137106155278], [-70.57270947700425, -33.451824261529296], [-70.57349534648591, -33.45181281251269], [-70.57343430437602, -33.45141989003836], [-70.5733580027857, -33.45098500476416], [-70.57332748212032, -33.450771376977336], [-70.57336562936482, -33.45056156361503], [-70.57357162990134, -33.450099972920945], [-70.57367844329605, -33.44967271684692], [-70.57380198123185, -33.44894520322465], [-70.57380468340101, -33.44892928935549], [-70.5739531017776, -33.44805524555852], [-70.57415909674694, -33.446990918470156], [-70.57417569041341, -33.44688528197226], [-70.57413785123249, -33.44688077076467], [-70.57426523757569, -33.44617419702734], [-70.57442000869123, -33.44532991723843], [-70.57439734533953, -33.44532787469783], [-70.5744092544239, -33.44523449049901], [-70.57442318339673, -33.44513537110737], [-70.57450524787404, -33.44478725817043], [-70.57458634348303, -33.44427097270359], [-70.57462448921024, -33.4440363637162], [-70.57464257697355, -33.44392512035951], [-70.57466263581696, -33.44380175379919], [-70.57470841170732, -33.443492756201074], [-70.57476181748176, -33.44318375816085], [-70.57483811216858, -33.442787019852034], [-70.57493729376024, -33.44216520834025], [-70.57502121793709, -33.44168454524587], [-70.57508988244209, -33.44132214017378], [-70.57515854661656, -33.44089106814073], [-70.57528825226137, -33.440185332006564], [-70.57541794759076, -33.439414744580446], [-70.57547427857726, -33.43910708606746], [-70.5754819383711, -33.43906524801456], [-70.57551713012724, -33.438873044585485], [-70.57562393937525, -33.438304641509134], [-70.57431855490368, -33.43821256964296], [-70.57430270365522, -33.43833457604745], [-70.57425058325074, -33.43873571944222], [-70.57412851085508, -33.439269790121756]], [[-70.5747318475009, -33.44009811197218], [-70.57472764379098, -33.44012954936401], [-70.5746193233493, -33.440118886439144], [-70.57461557328028, -33.44014870197078], [-70.57458239784962, -33.44041250540573], [-70.57445601608818, -33.44040059180048], [-70.57448968235565, -33.44013630869395], [-70.57449320579755, -33.44010865324254], [-70.57459898318244, -33.440116751278126], [-70.57460310468461, -33.44008492894674], [-70.57463842033097, -33.439812240451154], [-70.57476821956448, -33.43982610534721], [-70.5747318475009, -33.44009811197218]]]}}, {"type": "Feature", "properties": {"zona": "Z-3B", "nombre": "Zona Z-3B", "uperm": "Residencial; Equipamiento: Clases de Equipamiento de acuerdo a lo definido en el artículo. 2.1.33 de la OGUC, excepto los expresamente prohibidos a continuación.", "uproh": "Comercio: Mercados y Discotecas. Deportes: Estadios. Esparcimiento: Parques zoológicos, Casinos de juegos y Juegos electrónicos o mecánicos, (salvo que estos últimos se emplacen en locales destinados exclusivamente al uso de equipamiento c*", "comuna": "Ñuñoa"}, "geometry": {"type": "Polygon", "coordinates": [[[-70.59177536011728, -33.45356324564511], [-70.591568128409, -33.45073074423741], [-70.59152058405863, -33.45041527056344], [-70.59151573338167, -33.45041539867231], [-70.59150926977703, -33.450340197384435], [-70.59149687774844, -33.45016067129354], [-70.5913944616315, -33.449014974671215], [-70.59137955066643, -33.4485014700055], [-70.59074219309483, -33.44883772779632], [-70.59104725079231, -33.44929640476938], [-70.59110819669273, -33.45020068159681], [-70.59112647402668, -33.450471871354004], [-70.59118292692119, -33.451309459034135], [-70.59110527726635, -33.451308073062684], [-70.59063424811086, -33.45129966423081], [-70.59031140041618, -33.45129389975229], [-70.59031717553823, -33.451363909960456], [-70.59034192337721, -33.45166393414841], [-70.59034464731292, -33.45171460667108], [-70.5904608322615, -33.45170972516071], [-70.59054848048406, -33.453249122770124], [-70.59055218829391, -33.453314248076246], [-70.59023857143141, -33.453333937515055], [-70.59042350226952, -33.45480975922923], [-70.5918704375027, -33.4547448984873], [-70.59185223954117, -33.45451987654799], [-70.59184717991545, -33.45445731184185], [-70.59177996642089, -33.45362620848334], [-70.59177487505238, -33.45356325367753], [-70.59177536011728, -33.45356324564511]]]}}, {"type": "Feature", "properties": {"zona": "Z-7A", "nombre": "Zona Z-7A", "uperm": "Residencial: De todo tipo; Equipamientos: Clases de Equipamiento de acuerdo a lo definido en el artículo. 2.1.33 de la OGUC, excepto los expresamente prohibidos.", "uproh": "Clínicas Psiquiátricas, Cementerios y Crematorios. Locales de Educación Superior, Técnica y Centros de Capacitación. Cuarteles de Bomberos, Cárceles y Centros de detención.  Estadios, Saunas, baños turcos. Parques zoológicos, casinos, Jueg*", "comuna": "Ñuñoa"}, "geometry": {"type": "Polygon", "coordinates": [[[-70.62424115936294, -33.460933659800354], [-70.62457176815424, -33.45953651977538], [-70.62381387754778, -33.4593772293809], [-70.62378798209842, -33.459460367260036], [-70.6236114677501, -33.46009556621279], [-70.62339787232163, -33.4608709644589], [-70.62338735725913, -33.46099129960162], [-70.62424115936294, -33.460933659800354]]]}}, {"type": "Feature", "properties": {"zona": "Z-4m", "nombre": "Zona Z-4m", "uperm": "Residencial: Equipamiento: Clases de Equipamiento de acuerdo a lo definido en el artículo. 2.1.33 de la OGUC, excepto los expresamente prohibidos.", "uproh": "Clínicas Psiquiátricas, Cementerios y Crematorios. Locales de Educación superior, Técnica y centros de Capacitación. Cuarteles de Bomberos; Cárceles y Centros de detención. Estadios, Saunas, baños turcos. Juegos electrónicos s. Parques zoo*", "comuna": "Ñuñoa"}, "geometry": {"type": "Polygon", "coordinates": [[[-70.62498888176628, -33.460887878767565], [-70.62526976072178, -33.45971825642303], [-70.62546042556595, -33.458952207506435], [-70.62406484480495, -33.458750866499045], [-70.62398761112101, -33.45874906654493], [-70.62394042020746, -33.458893005150216], [-70.62389279641276, -33.45907524282957], [-70.62381387754778, -33.4593772293809], [-70.62457176815424, -33.45953651977538], [-70.62424115936294, -33.460933659800354], [-70.62498888176628, -33.460887878767565]]]}}, {"type": "Feature", "properties": {"zona": "Z-4C", "nombre": "Zona Z-4C", "uperm": "Residencial: Equipamiento: Clases de Equipamiento de acuerdo a lo definido en el artículo. 2.1.33 de la OGUC, excepto los expresamente prohibidos.", "uproh": "Clínicas Psiquiátricas, Cementerios y Crematorios. Locales de Educación superior, Técnica y centros de Capacitación. Cuarteles de Bomberos; Cárceles y Centros de detención. Estadios, Saunas, baños turcos. Juegos electrónicos s. Parques zoo*", "comuna": "Ñuñoa"}, "geometry": {"type": "Polygon", "coordinates": [[[-70.59980748747819, -33.457757922923335], [-70.6000192257092, -33.45936628707476], [-70.60012382647713, -33.461340628826704], [-70.60022771485677, -33.46327584765351], [-70.60027762411517, -33.46455111896373], [-70.60063586932905, -33.464532172678105], [-70.60083179830934, -33.46450458748536], [-70.60104447544903, -33.464458890595324], [-70.60125261952284, -33.46439893533789], [-70.60153215713362, -33.46427363219791], [-70.60153434183927, -33.464170588687416], [-70.6015448511216, -33.46352235273828], [-70.60154683603851, -33.46339990709329], [-70.60157416058925, -33.461714467513026], [-70.60134421866451, -33.4617201792106], [-70.60134261012172, -33.461686480509], [-70.60157476620684, -33.461677138289886], [-70.60157543946576, -33.4616355894244], [-70.60169554500906, -33.46162996833284], [-70.6017949647972, -33.46162531428009], [-70.60180457688402, -33.461342374780756], [-70.60180918344139, -33.46120676004089], [-70.60182252250868, -33.46081409069336], [-70.60178468663497, -33.46081887238006], [-70.60156993249235, -33.46081724477238], [-70.60155358068518, -33.460596898689225], [-70.60152261859186, -33.460179683920956], [-70.60140978363727, -33.45984313885192], [-70.60138073013042, -33.459756484741376], [-70.60136031575351, -33.459695597073704], [-70.60133923403077, -33.45956044495268], [-70.60127103991849, -33.45912326741209], [-70.60126489406665, -33.45909277290147], [-70.60119154707448, -33.45872885362853], [-70.60104965075624, -33.4587656758524], [-70.60087626946307, -33.457672540930766], [-70.6046489946325, -33.4572462039711], [-70.6043969547244, -33.455717722408956], [-70.60434256155528, -33.455724273003405], [-70.60331625487999, -33.45582528869466], [-70.60269369393652, -33.455893335028236], [-70.60219792271687, -33.45594412244406], [-70.60137463869751, -33.45602798456891], [-70.5996884569205, -33.45631410119739], [-70.59980748747819, -33.457757922923335]], [[-70.60177200762145, -33.46158509888802], [-70.60023770969761, -33.461647832135185], [-70.60023356928932, -33.4616091257623], [-70.60177807554493, -33.461556940141435], [-70.60177200762145, -33.46158509888802]], [[-70.60127252129982, -33.46169274200377], [-70.60127439148704, -33.46172247377647], [-70.60088065090294, -33.46173752885085], [-70.60087981006977, -33.46171128288171], [-70.60127252129982, -33.46169274200377]]]}}, {"type": "Feature", "properties": {"zona": "Z-1C", "nombre": "Zona Z-1C", "uperm": "Residencial de todo tipo; Equipamiento: Científico, comercio, culto y cultura, deporte, educación, salud, seguridad, servicio, social. Ver detalle en Ordenansa.", "uproh": "Estaciones o centros de servicio automotor, restaurantes nocturnos y club nocturno, bares, discotecas, y similar. Cementerios y crematorio. Cárceles y centros de detención. Edificios con distinos para estacionamientos. Parques de entretenc*", "comuna": "Ñuñoa"}, "geometry": {"type": "Polygon", "coordinates": [[[-70.60915632263122, -33.45310451920866], [-70.60901153893998, -33.45372812927175], [-70.61114932547567, -33.45349228422589], [-70.61216340452467, -33.45336934503588], [-70.61239837618864, -33.45331427577535], [-70.61244321114216, -33.45304525632298], [-70.61172341285955, -33.45303654813372], [-70.60915632263122, -33.45310451920866]]]}}, {"type": "Feature", "properties": {"zona": "Z-3B", "nombre": "Zona Z-3B", "uperm": "Residencial; Equipamiento: Clases de Equipamiento de acuerdo a lo definido en el artículo. 2.1.33 de la OGUC, excepto los expresamente prohibidos a continuación.", "uproh": "Comercio: Mercados y Discotecas. Deportes: Estadios. Esparcimiento: Parques zoológicos, Casinos de juegos y Juegos electrónicos o mecánicos, (salvo que estos últimos se emplacen en locales destinados exclusivamente al uso de equipamiento c*", "comuna": "Ñuñoa"}, "geometry": {"type": "MultiPolygon", "coordinates": [[[[-70.57299878377715, -33.45877742182997], [-70.5729989431598, -33.458779633816874], [-70.57323331804326, -33.45870045675255], [-70.57299878377715, -33.45877742182997]]], [[[-70.5723732279681, -33.45523225096206], [-70.57251061469074, -33.45605564157624], [-70.57263362338539, -33.45604645418274], [-70.57322122020099, -33.456016287860706], [-70.5738088154348, -33.45598611967952], [-70.57384435963051, -33.45598486845751], [-70.57387074982822, -33.45599479268256], [-70.57393289943367, -33.45602198214648], [-70.57396792875447, -33.456037306879225], [-70.57362829799412, -33.456532741432916], [-70.57359804076847, -33.456576879077204], [-70.5734725014851, -33.45674914719724], [-70.57328853007313, -33.45675510596474], [-70.57262389869702, -33.45682016183836], [-70.57266046570986, -33.45769917579842], [-70.5727551469402, -33.45769392523942], [-70.57283923442704, -33.45768377317465], [-70.57291385823562, -33.45768571753975], [-70.57296483487477, -33.457687738289586], [-70.57302859130034, -33.4576922662743], [-70.5730604202491, -33.45769186234377], [-70.57314939996644, -33.457682728383396], [-70.57371563693786, -33.45765686003798], [-70.57383048319399, -33.45764990609403], [-70.57404474859106, -33.45840094599253], [-70.5749612922007, -33.457879916443076], [-70.57632836342825, -33.45695177759029], [-70.57612873617659, -33.45644222800791], [-70.57611118221675, -33.45639742160437], [-70.57610821667325, -33.45638985051576], [-70.57596522188665, -33.45605411385527], [-70.57595659579187, -33.45603386095471], [-70.57587506231734, -33.45555226694834], [-70.57587128339432, -33.45552994582952], [-70.57562297544877, -33.455516319154306], [-70.57439329816916, -33.455448831162414], [-70.57446442803337, -33.45535110287542], [-70.57463234868693, -33.455120388456315], [-70.57467675257939, -33.455058985553755], [-70.57479013735033, -33.45490219287573], [-70.57506400344097, -33.454530915296765], [-70.57449009105721, -33.45408217247751], [-70.57257144267797, -33.45424103941702], [-70.57268049382532, -33.45487656062475], [-70.57271425503815, -33.45509160289362], [-70.5724505494316, -33.455129632148264], [-70.57245924833347, -33.45521719482938], [-70.5723732279681, -33.45523225096206]], [[-70.57515312899936, -33.457629018276755], [-70.57491354074693, -33.45778786576594], [-70.57486229576007, -33.457642140648446], [-70.57515312899936, -33.457629018276755]]]]}}, {"type": "Feature", "properties": {"zona": "Z-7A", "nombre": "Zona Z-7A", "uperm": "Residencial: De todo tipo; Equipamientos: Clases de Equipamiento de acuerdo a lo definido en el artículo. 2.1.33 de la OGUC, excepto los expresamente prohibidos.", "uproh": "Clínicas Psiquiátricas, Cementerios y Crematorios. Locales de Educación Superior, Técnica y Centros de Capacitación. Cuarteles de Bomberos, Cárceles y Centros de detención.  Estadios, Saunas, baños turcos. Parques zoológicos, casinos, Jueg*", "comuna": "Ñuñoa"}, "geometry": {"type": "Polygon", "coordinates": [[[-70.5834642387933, -33.4558133088821], [-70.58371196221395, -33.45631098381933], [-70.58419186504874, -33.45828055039807], [-70.5827301930513, -33.45853135183814], [-70.58274157049155, -33.45858010857507], [-70.58293569860486, -33.458545698301656], [-70.58294013151446, -33.4585662441157], [-70.58274604515778, -33.45859928397576], [-70.58278844329618, -33.458780980030056], [-70.58290738102261, -33.45929066735149], [-70.58271765826623, -33.459324722844826], [-70.58264364009227, -33.45933800957871], [-70.58282651204573, -33.460143063940215], [-70.58393528235109, -33.459937136434675], [-70.58397112129519, -33.4600679477189], [-70.5837221977313, -33.46012689349919], [-70.58321971092641, -33.46022790547612], [-70.58286942018574, -33.46030499148691], [-70.58284512574339, -33.46031033758234], [-70.58289397793283, -33.46049691030696], [-70.58296759938924, -33.46080041783361], [-70.58298719318351, -33.460879710332286], [-70.58302713472487, -33.46104413228173], [-70.58306527438324, -33.46120371092507], [-70.58313489089623, -33.46147843238369], [-70.58314653979602, -33.46153681537621], [-70.58316185691373, -33.46158722348314], [-70.58323059017458, -33.4618608495928], [-70.58388031581069, -33.461743714205745], [-70.5843521631125, -33.461660279162395], [-70.58436621076278, -33.461703146863115], [-70.58429708083129, -33.46171908033343], [-70.58406387074074, -33.46178697241217], [-70.58389713272383, -33.461814439417154], [-70.58324608300461, -33.461930028031794], [-70.58311060324183, -33.46195340799465], [-70.58247680513679, -33.46205364216301], [-70.58263734065412, -33.46271555290207], [-70.58287824426938, -33.4635781295563], [-70.58296334972961, -33.463566265709844], [-70.58314703018696, -33.464490904432274], [-70.58317553161243, -33.46449146384465], [-70.58342491708483, -33.46445354656933], [-70.58404380946274, -33.464369574818534], [-70.58410397155026, -33.464681300460164], [-70.5830555007995, -33.464825084004886], [-70.5830540696658, -33.4648894066803], [-70.5831318885625, -33.465290396308426], [-70.58322345001253, -33.46576724394146], [-70.58248098900589, -33.4658592358962], [-70.58207616450721, -33.46590939129081], [-70.5820426640464, -33.465913541695805], [-70.5814991195758, -33.46598088273476], [-70.58164830666358, -33.46674687468846], [-70.58289761361162, -33.466601987933956], [-70.58285360112643, -33.46637348417266], [-70.58380770387798, -33.466237217265736], [-70.58378654671456, -33.46601319429317], [-70.58489517687225, -33.4658796176046], [-70.58488259398494, -33.465818499801046], [-70.5853743018675, -33.46565406630904], [-70.5855455722558, -33.46559468826725], [-70.58558020017047, -33.465748410145544], [-70.5855804655793, -33.465748330996036], [-70.5880815590098, -33.46543885298034], [-70.58823586164017, -33.465419758027416], [-70.5881977796787, -33.46523790794605], [-70.58820099206044, -33.465174232514116], [-70.58820345367829, -33.46512543703345], [-70.58814674143059, -33.46489211362738], [-70.58804096157132, -33.464420559269115], [-70.58789286706126, -33.46399333993908], [-70.58788188805474, -33.46392993649898], [-70.58772566833734, -33.46392607500571], [-70.58734219746819, -33.462295996328976], [-70.58594112053905, -33.45646358760768], [-70.58583541704013, -33.45600559933887], [-70.58476951228613, -33.45616387865985], [-70.58474169453235, -33.45604334329481], [-70.58465307745071, -33.45566683178801], [-70.58464311608809, -33.4556245070401], [-70.5834642387933, -33.4558133088821]], [[-70.58439050314826, -33.45982330828763], [-70.58436604134756, -33.459826421168856], [-70.58421625884945, -33.4591854789184], [-70.58414490190978, -33.45885927464526], [-70.58404670741061, -33.45840824218854], [-70.58404734175163, -33.45838958503513], [-70.5840562242052, -33.458392110289864], [-70.58406880523921, -33.45842738080243], [-70.58419907367067, -33.45897537623008], [-70.58439050314826, -33.45982330828763]], [[-70.58469935063634, -33.460623715384656], [-70.58475475782014, -33.46093097717736], [-70.58472861444613, -33.46093109860554], [-70.58471922711372, -33.460914858446564], [-70.58459345625349, -33.46025276752858], [-70.5845439032485, -33.45998996968928], [-70.5845501094628, -33.45997614458428], [-70.58458063278582, -33.459964439050964], [-70.58469935063634, -33.460623715384656]], [[-70.58381054336093, -33.46091716616427], [-70.58393094501596, -33.46105325117676], [-70.58373451839809, -33.46108828315466], [-70.58357676301034, -33.461114058526775], [-70.58353585305245, -33.46096330021962], [-70.58381054336093, -33.46091716616427]], [[-70.58331593224767, -33.462602211941565], [-70.58327042241348, -33.462608571352874], [-70.58319985713577, -33.46234140059377], [-70.58360982622077, -33.46226943823262], [-70.58363585575152, -33.462264868836655], [-70.58374121158113, -33.46224637517596], [-70.58380517941625, -33.46251377781011], [-70.58369523163333, -33.462535971811505], [-70.58331593224767, -33.462602211941565]], [[-70.58383438454675, -33.46290495138834], [-70.58379613478928, -33.46291187565702], [-70.58376344340236, -33.46278847783497], [-70.58380666407916, -33.46279296860574], [-70.58393662422782, -33.46276764280399], [-70.5839698555825, -33.46276107391988], [-70.58399841022732, -33.462884832076696], [-70.58396208488428, -33.46289060360723], [-70.58383438454675, -33.46290495138834]], [[-70.58649087623785, -33.46507543433293], [-70.58619143336921, -33.465111082811774], [-70.5861367066769, -33.46500399332271], [-70.58606531481045, -33.46496257036747], [-70.58604846592776, -33.464909008731574], [-70.58645345964297, -33.464871016656154], [-70.58647576005691, -33.464992854823045], [-70.58649087623785, -33.46507543433293]]]}}, {"type": "Feature", "properties": {"zona": "Z-4m", "nombre": "Zona Z-4m", "uperm": "Residencial: Equipamiento: Clases de Equipamiento de acuerdo a lo definido en el artículo. 2.1.33 de la OGUC, excepto los expresamente prohibidos.", "uproh": "Clínicas Psiquiátricas, Cementerios y Crematorios. Locales de Educación superior, Técnica y centros de Capacitación. Cuarteles de Bomberos; Cárceles y Centros de detención. Estadios, Saunas, baños turcos. Juegos electrónicos s. Parques zoo*", "comuna": "Ñuñoa"}, "geometry": {"type": "MultiPolygon", "coordinates": [[[[-70.58199336096321, -33.458326093479876], [-70.58199337239144, -33.45832613030928], [-70.58204326336417, -33.45831663030164], [-70.58199336096321, -33.458326093479876]]], [[[-70.58005700401856, -33.45615781493794], [-70.58014093775968, -33.45685210562863], [-70.5804443808477, -33.45891718256123], [-70.58133915318831, -33.45876793660021], [-70.58134876436644, -33.458766334070184], [-70.58139663569372, -33.45875834901504], [-70.58146503692193, -33.458746939268785], [-70.58152297103436, -33.45873716008535], [-70.58147984328978, -33.458578416457364], [-70.58135548447412, -33.458599833539374], [-70.58123411649063, -33.45813232279617], [-70.5815467931697, -33.458111077009164], [-70.58154625162895, -33.45808125751308], [-70.58173474774945, -33.45807586990958], [-70.5817425131991, -33.45811156195989], [-70.58189160472568, -33.458091764199594], [-70.58188033721093, -33.45805909832113], [-70.5817738273952, -33.458072388842744], [-70.5817161308364, -33.45783451386268], [-70.58167009933351, -33.45784703162985], [-70.58160425986406, -33.457552590042674], [-70.5816432299044, -33.457543145678684], [-70.58156052434998, -33.45729962406524], [-70.58128374217098, -33.457341929735406], [-70.58125678114746, -33.45722893367576], [-70.58153000579381, -33.45718667346171], [-70.5815222957347, -33.45715396215224], [-70.58161813185292, -33.45714080895927], [-70.58139183202942, -33.45623995678493], [-70.58149828554355, -33.45622368497181], [-70.58146796815653, -33.45610596465664], [-70.58109474042452, -33.456171211096176], [-70.58092445391385, -33.456200980124066], [-70.58085235815777, -33.45621353419627], [-70.58057329284486, -33.45626212879866], [-70.58052735576086, -33.45608375602062], [-70.58045375293801, -33.456100591153366], [-70.58005700401856, -33.45615781493794]], [[-70.58115569100384, -33.45845517481389], [-70.58123851678498, -33.45844186319455], [-70.5813047714748, -33.45869075876178], [-70.58103936183655, -33.45873953833888], [-70.58102732785936, -33.45868941450645], [-70.58120484971286, -33.45865498336868], [-70.58115569100384, -33.45845517481389]], [[-70.58050262453558, -33.45800816966753], [-70.5806425648584, -33.458530550131556], [-70.58051127742219, -33.45855507587231], [-70.58043704622457, -33.45801918395208], [-70.58050262453558, -33.45800816966753]]], [[[-70.58191872890256, -33.456599501568874], [-70.58194672547145, -33.45673038029422], [-70.58207992274565, -33.45671030000234], [-70.58211788587224, -33.45670301832263], [-70.58214880263056, -33.4568537884847], [-70.58211894677879, -33.456857658762864], [-70.58203755137707, -33.45687238841311], [-70.5820992819485, -33.457136458806694], [-70.58218879721973, -33.457121421652985], [-70.58221737258891, -33.45711824858735], [-70.58227052433422, -33.4574300326669], [-70.5819520977855, -33.45749625330788], [-70.58199199956884, -33.45765561423714], [-70.58226728338511, -33.45760915060396], [-70.58229817039258, -33.45774237767394], [-70.58207420127144, -33.45779295894683], [-70.58212928684779, -33.45800462005451], [-70.58204696883661, -33.458017601119636], [-70.5820533102425, -33.458053312226205], [-70.58242237205003, -33.45800341922296], [-70.58233613748055, -33.4576777923459], [-70.58250708570806, -33.45764665292782], [-70.58265095068967, -33.45820077956729], [-70.58260396691077, -33.45820986122256], [-70.58259649612322, -33.4582200652808], [-70.58246320765394, -33.45824951558973], [-70.58245583655646, -33.458265029275296], [-70.58249893791842, -33.458449350733524], [-70.58246754624116, -33.45845417050388], [-70.58241971214721, -33.458268673939656], [-70.58240212149362, -33.45825686441779], [-70.58199588346628, -33.45833435636712], [-70.58208965113951, -33.45864150610033], [-70.58249691659093, -33.45857275842978], [-70.58256972817166, -33.45855983440451], [-70.5827301930513, -33.45853135183814], [-70.58419186504874, -33.45828055039807], [-70.58371196221395, -33.45631098381933], [-70.5834642387933, -33.4558133088821], [-70.58345863729485, -33.45578872696105], [-70.58343745542007, -33.45569576939746], [-70.58338630049008, -33.45556452038512], [-70.5833414719654, -33.455483223472086], [-70.58326372565493, -33.45537960360302], [-70.58315322817708, -33.4552627581053], [-70.58307055920889, -33.455186492325765], [-70.58299029658696, -33.455107118694386], [-70.5829439464153, -33.45500931130773], [-70.58292182595514, -33.45496879654243], [-70.58287823422715, -33.454923662591696], [-70.58282900534437, -33.454889206194224], [-70.58276171342352, -33.45484911397525], [-70.5821911021107, -33.454777959572375], [-70.58187882367605, -33.45474144182944], [-70.5815861538282, -33.454710167995785], [-70.58189988806086, -33.45603045553207], [-70.58204480777623, -33.45657769947341], [-70.58191872890256, -33.456599501568874]], [[-70.58231844127961, -33.456664551744936], [-70.58233576612335, -33.45674068629791], [-70.58244719051164, -33.4567316280203], [-70.58258902442842, -33.45726812373224], [-70.58272304336437, -33.457249232591415], [-70.58273298333934, -33.45729491890958], [-70.5823855673456, -33.45735089440246], [-70.58239564586873, -33.45740421482186], [-70.58231115856118, -33.45742164815191], [-70.58225816863616, -33.45710746765282], [-70.58233759623002, -33.457092137101405], [-70.5822573886753, -33.45682949492051], [-70.58218503233046, -33.45684234980303], [-70.58214839747518, -33.456697166459236], [-70.58231844127961, -33.456664551744936]]], [[[-70.57820763506288, -33.46567760392633], [-70.57714363640163, -33.4658184331731], [-70.57713748683223, -33.46578551778614], [-70.57657406103579, -33.465867143551606], [-70.57658516927032, -33.465926652339554], [-70.57672064330359, -33.466652361853505], [-70.5767241967134, -33.4666713949702], [-70.57677541909118, -33.46694577687452], [-70.57734184272805, -33.46687934122868], [-70.57737141072107, -33.467037603104096], [-70.57748431217578, -33.46702206682832], [-70.5782030577513, -33.466923154936865], [-70.5782946195879, -33.46739237247973], [-70.5784511994239, -33.46736127975623], [-70.57934784964581, -33.46724296851559], [-70.57938451794459, -33.46723813004101], [-70.57943391573313, -33.46752426589677], [-70.5783474495441, -33.46767571090825], [-70.57837855085415, -33.46784251678502], [-70.57842564262367, -33.46798602120313], [-70.57947507852536, -33.467831549171855], [-70.5794427200123, -33.46761721220209], [-70.58057959592342, -33.46745761598893], [-70.58052131532757, -33.46716225002311], [-70.58050725563737, -33.467090991406835], [-70.5803546531267, -33.46627462805599], [-70.580255462065, -33.46581303881588], [-70.58018613429543, -33.46541196509344], [-70.58017988266842, -33.46537580006098], [-70.57874671716134, -33.46555815940205], [-70.57874991734182, -33.46557282305697], [-70.57820356679524, -33.4656563606996], [-70.57820763506288, -33.46567760392633]], [[-70.57898129541486, -33.46681252096841], [-70.57843933678173, -33.46688724969528], [-70.57840903299953, -33.46672904346689], [-70.5789515154201, -33.46664130195212], [-70.57892025427606, -33.46646156141597], [-70.57980530885233, -33.46634329733741], [-70.57986634987624, -33.46670188682652], [-70.57898129541486, -33.46681252096841]]]]}}]}