{"type":"FeatureCollection","features":[{"type":"Feature","properties":{"zona":"UEe3/Ee3","nombre":"UEe3/Ee3 Zona Especial 3 Área de Parques","upref":"Equipamiento","uperm":"Equipamiento de esparcimiento.","uproh":"Residencial; equipamiento de comercio, culto, culto, deporte, educación, salud, seguridad, servicio y social; actividad productiva; infraestructura; espacio público y áreas verdes.","url":"http://www.observatoriourbano.cl/Ipt/cehu_resultado_decreto.asp?r=0&c=193&i=25"},"geometry":{"type":"Polygon","coordinates":[[[-70.523176,-33.42719],[-70.522531,-33.428372],[-70.521965,-33.429678],[-70.521936,-33.430216],[-70.521916,-33.430291],[-70.521865,-33.430504],[-70.521798,-33.430522],[-70.521662,-33.430558],[-70.521557,-33.430697],[-70.521504,-33.430932],[-70.521461,-33.431109],[-70.521493,-33.431304],[-70.521356,-33.431602],[-70.521255,-33.431703],[-70.521133,-33.431876],[-70.520981,-33.431945],[-70.520822,-33.431961],[-70.520599,-33.431921],[-70.520383,-33.431924],[-70.520207,-33.431969],[-70.520095,-33.432047],[-70.519943,-33.432158],[-70.519768,-33.432242],[-70.51965,-33.432329],[-70.519395,-33.432427],[-70.51907,-33.432694],[-70.518757,-33.432717],[-70.518508,-33.432787],[-70.518422,-33.432769],[-70.518241,-33.432809],[-70.518128,-33.432858],[-70.517976,-33.432932],[-70.517503,-33.432947],[-70.517335,-33.433054],[-70.517193,-33.433113],[-70.51704,-33.433139],[-70.516914,-33.433102],[-70.516861,-33.433007],[-70.516757,-33.432923],[-70.51664,-33.43288],[-70.51658,-33.432858],[-70.516483,-33.432854],[-70.516324,-33.432899],[-70.516205,-33.432891],[-70.516134,-33.432739],[-70.516036,-33.432655],[-70.515906,-33.432578],[-70.515675,-33.432552],[-70.515489,-33.432618],[-70.515238,-33.432464],[-70.515042,-33.432452],[-70.514685,-33.432557],[-70.514407,-33.432753],[-70.514322,-33.432289],[-70.514351,-33.431948],[-70.514266,-33.431976],[-70.51387,-33.432076],[-70.513642,-33.43206],[-70.513346,-33.432092],[-70.512984,-33.432202],[-70.512655,-33.432301],[-70.512348,-33.432314],[-70.512017,-33.432252],[-70.511608,-33.432285],[-70.511403,-33.432259],[-70.511131,-33.432377],[-70.510812,-33.432352],[-70.510594,-33.432269],[-70.510573,-33.432355],[-70.510414,-33.432386],[-70.510084,-33.43238],[-70.509821,-33.432317],[-70.50964,-33.432357],[-70.509311,-33.432447],[-70.509053,-33.432631],[-70.508781,-33.432711],[-70.508638,-33.432694],[-70.508387,-33.432639],[-70.508193,-33.432604],[-70.507886,-33.432655],[-70.507773,-33.432719],[-70.507622,-33.432873],[-70.50752,-33.432879],[-70.507253,-33.432925],[-70.507123,-33.432946],[-70.506975,-33.432967],[-70.506841,-33.433126],[-70.506751,-33.433165],[-70.506716,-33.433137],[-70.506669,-33.433061],[-70.506504,-33.43302],[-70.50643,-33.433021],[-70.506299,-33.433061],[-70.506137,-33.433206],[-70.506112,-33.433407],[-70.505964,-33.433418],[-70.505742,-33.433421],[-70.505578,-33.433452],[-70.505471,-33.433548],[-70.505467,-33.433615],[-70.505557,-33.433566],[-70.505675,-33.433488],[-70.505789,-33.433487],[-70.506074,-33.433498],[-70.506215,-33.433453],[-70.506231,-33.433377],[-70.506333,-33.433328],[-70.506453,-33.433365],[-70.506608,-33.433458],[-70.506881,-33.433464],[-70.506966,-33.43342],[-70.507072,-33.4333],[-70.507163,-33.433289],[-70.507278,-33.433335],[-70.507453,-33.433271],[-70.507493,-33.433285],[-70.507727,-33.433335],[-70.507874,-33.433285],[-70.508055,-33.433197],[-70.508306,-33.433242],[-70.508467,-33.433321],[-70.508764,-33.43337],[-70.508884,-33.43344],[-70.509062,-33.43349],[-70.509261,-33.433488],[-70.509347,-33.43353],[-70.509524,-33.433556],[-70.509643,-33.433521],[-70.509762,-33.43352],[-70.509872,-33.433595],[-70.510322,-33.433604],[-70.510406,-33.433569],[-70.511107,-33.433623],[-70.511114,-33.433675],[-70.511411,-33.433743],[-70.511559,-33.433732],[-70.511646,-33.433802],[-70.511811,-33.433843],[-70.512235,-33.433967],[-70.5126,-33.434001],[-70.5128,-33.434065],[-70.513102,-33.434095],[-70.51321,-33.434084],[-70.513929,-33.43419],[-70.514328,-33.434204],[-70.514384,-33.434175],[-70.514498,-33.434192],[-70.514694,-33.434295],[-70.515092,-33.43456],[-70.515134,-33.434435],[-70.515153,-33.434239],[-70.515121,-33.43402],[-70.515072,-33.433815],[-70.514977,-33.433621],[-70.514843,-33.433417],[-70.51475,-33.433309],[-70.514645,-33.433205],[-70.51483,-33.433026],[-70.514937,-33.432963],[-70.515073,-33.432923],[-70.515189,-33.433031],[-70.515315,-33.433068],[-70.515457,-33.433095],[-70.515702,-33.433073],[-70.515755,-33.433191],[-70.51583,-33.433238],[-70.516123,-33.433373],[-70.516288,-33.433385],[-70.516475,-33.433369],[-70.516608,-33.433482],[-70.516792,-33.433556],[-70.517003,-33.433601],[-70.517145,-33.433599],[-70.517315,-33.43354],[-70.517429,-33.433534],[-70.517559,-33.433503],[-70.5177,-33.433416],[-70.517905,-33.433399],[-70.518195,-33.433405],[-70.518357,-33.43326],[-70.518653,-33.433232],[-70.518857,-33.433177],[-70.518994,-33.433209],[-70.519102,-33.433208],[-70.519277,-33.433139],[-70.519519,-33.432954],[-70.519642,-33.432848],[-70.519914,-33.432749],[-70.520103,-33.43261],[-70.520231,-33.43259],[-70.520442,-33.432456],[-70.520469,-33.432378],[-70.520548,-33.432383],[-70.520968,-33.432438],[-70.521336,-33.432308],[-70.521646,-33.432101],[-70.521679,-33.432],[-70.521783,-33.431876],[-70.521845,-33.432213],[-70.521856,-33.432207],[-70.521903,-33.432182],[-70.522017,-33.43212],[-70.522584,-33.431795],[-70.522758,-33.431695],[-70.52289,-33.431621],[-70.522969,-33.431593],[-70.523,-33.43159],[-70.523031,-33.431586],[-70.52363,-33.43166],[-70.52409,-33.431717],[-70.524575,-33.431778],[-70.524673,-33.43179],[-70.525021,-33.431833],[-70.525407,-33.431881],[-70.526049,-33.431957],[-70.526788,-33.432044],[-70.526788,-33.432044],[-70.52782,-33.432174],[-70.528277,-33.432226],[-70.528355,-33.432239],[-70.529277,-33.432352],[-70.52967,-33.432399],[-70.530188,-33.432462],[-70.53127,-33.432593],[-70.531271,-33.432593],[-70.532517,-33.432744],[-70.533243,-33.432834],[-70.534632,-33.433005],[-70.535968,-33.433171],[-70.537277,-33.433329],[-70.537681,-33.433381],[-70.537967,-33.433417],[-70.538241,-33.432934],[-70.538416,-33.432637],[-70.538555,-33.432399],[-70.53865,-33.432193],[-70.538768,-33.431937],[-70.539001,-33.43124],[-70.539072,-33.430921],[-70.539076,-33.430905],[-70.539123,-33.430695],[-70.539201,-33.430101],[-70.53921,-33.429878],[-70.539221,-33.429608],[-70.539212,-33.429378],[-70.539202,-33.429128],[-70.539191,-33.429059],[-70.539188,-33.429042],[-70.539177,-33.428974],[-70.539172,-33.428943],[-70.539147,-33.428836],[-70.539131,-33.428762],[-70.539211,-33.428767],[-70.539213,-33.428767],[-70.539179,-33.428621],[-70.539025,-33.427981],[-70.538828,-33.427163],[-70.5388,-33.427056],[-70.538642,-33.427059],[-70.538597,-33.427054],[-70.538374,-33.427058],[-70.537457,-33.427062],[-70.537406,-33.427059],[-70.5354,-33.42707],[-70.534606,-33.427067],[-70.534057,-33.427074],[-70.533088,-33.427089],[-70.532081,-33.427093],[-70.531844,-33.427093],[-70.529708,-33.42712],[-70.528163,-33.427146],[-70.528102,-33.427147],[-70.527961,-33.42715],[-70.527459,-33.427157],[-70.52689,-33.427169],[-70.526268,-33.427178],[-70.526125,-33.42718],[-70.526033,-33.427184],[-70.525877,-33.42719],[-70.523429,-33.427197],[-70.523176,-33.42719]]]}},{"type":"Feature","properties":{"zona":"UEe3/Ee3","nombre":"UEe3/Ee3 Zona Especial 3 Área de Parques","upref":"Equipamiento","uperm":"Equipamiento de esparcimiento.","uproh":"Residencial; equipamiento de comercio, culto, culto, deporte, educación, salud, seguridad, servicio y social; actividad productiva; infraestructura; espacio público y áreas verdes.","url":"http://www.observatoriourbano.cl/Ipt/cehu_resultado_decreto.asp?r=0&c=193&i=25"},"geometry":{"type":"Polygon","coordinates":[[[-70.54354,-33.409381],[-70.543634,-33.409385],[-70.543809,-33.409372],[-70.543859,-33.409369],[-70.543902,-33.409362],[-70.544018,-33.409339],[-70.544115,-33.409314],[-70.54424,-33.409268],[-70.544365,-33.409209],[-70.544482,-33.40914],[-70.54461,-33.409055],[-70.544745,-33.408948],[-70.544842,-33.408851],[-70.544924,-33.408764],[-70.54501,-33.408664],[-70.545081,-33.408558],[-70.545121,-33.408458],[-70.545153,-33.408356],[-70.545174,-33.408263],[-70.545177,-33.40818],[-70.545179,-33.408097],[-70.545174,-33.40801],[-70.545158,-33.407918],[-70.545146,-33.40786],[-70.545113,-33.407642],[-70.54509,-33.407554],[-70.545052,-33.407442],[-70.545006,-33.407311],[-70.544968,-33.407229],[-70.544882,-33.407084],[-70.544823,-33.407012],[-70.54471,-33.406924],[-70.54467,-33.406885],[-70.544631,-33.406844],[-70.544536,-33.40675],[-70.544501,-33.406713],[-70.544433,-33.406657],[-70.544345,-33.406593],[-70.544256,-33.406531],[-70.544151,-33.406463],[-70.543945,-33.406379],[-70.543767,-33.40631],[-70.543549,-33.406235],[-70.543507,-33.406222],[-70.543462,-33.406209],[-70.543235,-33.406132],[-70.542993,-33.406058],[-70.542809,-33.406002],[-70.542661,-33.40596],[-70.542651,-33.405957],[-70.542592,-33.405941],[-70.54246,-33.406405],[-70.542455,-33.406424],[-70.542271,-33.407074],[-70.541714,-33.408713],[-70.541704,-33.408742],[-70.54161,-33.409017],[-70.541918,-33.409084],[-70.54213,-33.409129],[-70.542234,-33.409149],[-70.54231,-33.409158],[-70.542329,-33.409188],[-70.542357,-33.409209],[-70.542412,-33.409232],[-70.542495,-33.409257],[-70.542807,-33.409344],[-70.542871,-33.409356],[-70.543024,-33.409371],[-70.54318,-33.409378],[-70.543282,-33.40938],[-70.54343,-33.409382],[-70.54354,-33.409381]]]}},{"type":"Feature","properties":{"zona":"UEe3/Ee3","nombre":"UEe3/Ee3 Zona Especial 3 Área de Parques","upref":"Equipamiento","uperm":"Equipamiento de esparcimiento.","uproh":"Residencial; equipamiento de comercio, culto, culto, deporte, educación, salud, seguridad, servicio y social; actividad productiva; infraestructura; espacio público y áreas verdes.","url":"http://www.observatoriourbano.cl/Ipt/cehu_resultado_decreto.asp?r=0&c=193&i=25"},"geometry":{"type":"Polygon","coordinates":[[[-70.529081,-33.403445],[-70.52892,-33.404491],[-70.528953,-33.404535],[-70.529046,-33.404786],[-70.529057,-33.40483],[-70.529065,-33.404878],[-70.529069,-33.404922],[-70.529067,-33.404987],[-70.52905,-33.405062],[-70.528976,-33.40527],[-70.528973,-33.405279],[-70.528902,-33.405479],[-70.528876,-33.40562],[-70.528872,-33.405716],[-70.528879,-33.405806],[-70.528905,-33.405912],[-70.528974,-33.406047],[-70.52906,-33.406207],[-70.529153,-33.406358],[-70.529253,-33.406563],[-70.529341,-33.406774],[-70.529424,-33.406948],[-70.529424,-33.406948],[-70.529447,-33.406994],[-70.529523,-33.40722],[-70.529591,-33.407409],[-70.529655,-33.407648],[-70.529685,-33.408007],[-70.52969,-33.408256],[-70.529671,-33.408556],[-70.529662,-33.4086],[-70.529661,-33.408603],[-70.529605,-33.408866],[-70.529492,-33.409197],[-70.529366,-33.409458],[-70.529215,-33.409719],[-70.52903,-33.409971],[-70.528843,-33.410182],[-70.52881,-33.410213],[-70.528777,-33.410244],[-70.530163,-33.411525],[-70.530616,-33.411545],[-70.530684,-33.411506],[-70.530883,-33.411414],[-70.530982,-33.411395],[-70.531562,-33.410964],[-70.531966,-33.410644],[-70.532084,-33.410524],[-70.532203,-33.410404],[-70.532378,-33.410171],[-70.532492,-33.409923],[-70.532843,-33.409099],[-70.532958,-33.408809],[-70.533057,-33.408447],[-70.533126,-33.408096],[-70.533187,-33.407752],[-70.533263,-33.407119],[-70.533278,-33.406863],[-70.533276,-33.406696],[-70.533265,-33.406607],[-70.533245,-33.406438],[-70.53319,-33.406205],[-70.533128,-33.406014],[-70.533074,-33.405848],[-70.533014,-33.405682],[-70.532973,-33.405561],[-70.532575,-33.405119],[-70.532325,-33.404831],[-70.532075,-33.404562],[-70.531884,-33.404373],[-70.531595,-33.404129],[-70.531284,-33.403918],[-70.530928,-33.403717],[-70.530715,-33.403619],[-70.530453,-33.403629],[-70.530275,-33.40361],[-70.529911,-33.403507],[-70.529413,-33.403466],[-70.529081,-33.403445]]]}},{"type":"Feature","properties":{"zona":"UEe3/Ee3","nombre":"UEe3/Ee3 Zona Especial 3 Área de Parques","upref":"Equipamiento","uperm":"Equipamiento de esparcimiento.","uproh":"Residencial; equipamiento de comercio, culto, culto, deporte, educación, salud, seguridad, servicio y social; actividad productiva; infraestructura; espacio público y áreas verdes.","url":"http://www.observatoriourbano.cl/Ipt/cehu_resultado_decreto.asp?r=0&c=193&i=25"},"geometry":{"type":"Polygon","coordinates":[[[-70.535407,-33.392605],[-70.535016,-33.392677],[-70.53475,-33.392723],[-70.534568,-33.392735],[-70.534222,-33.392749],[-70.533784,-33.392768],[-70.533522,-33.392768],[-70.533385,-33.392886],[-70.533248,-33.393012],[-70.533171,-33.3931],[-70.533103,-33.393203],[-70.533065,-33.393317],[-70.533049,-33.393412],[-70.533049,-33.393577],[-70.533103,-33.39379],[-70.533156,-33.393893],[-70.533271,-33.394202],[-70.533363,-33.394443],[-70.533406,-33.394556],[-70.533454,-33.394679],[-70.533614,-33.395095],[-70.533721,-33.395381],[-70.533828,-33.395617],[-70.533965,-33.395888],[-70.534102,-33.396167],[-70.534224,-33.396407],[-70.534377,-33.39672],[-70.534453,-33.396876],[-70.534568,-33.397098],[-70.534667,-33.3973],[-70.534736,-33.39746],[-70.534812,-33.397688],[-70.534867,-33.397909],[-70.534881,-33.398051],[-70.534926,-33.39854],[-70.53498,-33.399169],[-70.534987,-33.399287],[-70.535003,-33.399398],[-70.535025,-33.399535],[-70.535069,-33.399722],[-70.535071,-33.39973],[-70.53514,-33.399989],[-70.535216,-33.400214],[-70.535415,-33.400584],[-70.535682,-33.401031],[-70.536002,-33.401565],[-70.536178,-33.401839],[-70.536513,-33.402408],[-70.536667,-33.40248],[-70.537469,-33.403163],[-70.537613,-33.40327],[-70.537841,-33.403372],[-70.538114,-33.403449],[-70.538249,-33.403466],[-70.538368,-33.403453],[-70.538567,-33.403394],[-70.538715,-33.403341],[-70.538628,-33.403515],[-70.538184,-33.404398],[-70.538537,-33.404518],[-70.538921,-33.403759],[-70.539136,-33.403345],[-70.539271,-33.403049],[-70.53934,-33.402912],[-70.539461,-33.402666],[-70.539552,-33.402465],[-70.539656,-33.402254],[-70.539713,-33.402128],[-70.539764,-33.401983],[-70.539787,-33.401922],[-70.539815,-33.401847],[-70.539831,-33.401762],[-70.53991,-33.401461],[-70.539958,-33.401201],[-70.539985,-33.401041],[-70.540001,-33.400921],[-70.540017,-33.400796],[-70.540013,-33.400696],[-70.540024,-33.400565],[-70.540032,-33.400293],[-70.540042,-33.399913],[-70.540045,-33.399524],[-70.540046,-33.399323],[-70.540031,-33.398713],[-70.539961,-33.396672],[-70.539945,-33.396261],[-70.539929,-33.395849],[-70.539919,-33.395606],[-70.539918,-33.395595],[-70.539907,-33.39536],[-70.539582,-33.395415],[-70.539535,-33.395421],[-70.539508,-33.395213],[-70.539411,-33.394806],[-70.539285,-33.394435],[-70.539074,-33.394059],[-70.538776,-33.39364],[-70.537679,-33.392895],[-70.537629,-33.39292],[-70.537386,-33.392727],[-70.537387,-33.392615],[-70.537378,-33.392616],[-70.537283,-33.392599],[-70.537172,-33.39261],[-70.537039,-33.392623],[-70.536868,-33.39262],[-70.536288,-33.392594],[-70.535782,-33.392572],[-70.535657,-33.392573],[-70.535554,-33.392584],[-70.535407,-33.392605]],[[-70.538024,-33.395268],[-70.53803,-33.396893],[-70.538125,-33.39717],[-70.538281,-33.398779],[-70.538365,-33.400418],[-70.538246,-33.401187],[-70.537989,-33.401458],[-70.537722,-33.401195],[-70.537513,-33.40095],[-70.536963,-33.400266],[-70.536311,-33.399406],[-70.535773,-33.398281],[-70.535579,-33.397911],[-70.535098,-33.396099],[-70.535041,-33.395174],[-70.535166,-33.394514],[-70.535688,-33.394255],[-70.536411,-33.39421],[-70.537037,-33.394474],[-70.537693,-33.394756],[-70.538024,-33.395268]]]}},{"type":"Feature","properties":{"zona":"UEe1/Ee1","nombre":"UEe1/Ee1 Zona Especial 1 Equipamientos Intercomunales y Comunal/ Edificación Especial N°1, Equipamientos","upref":"Equipamiento","uperm":"Equipamiento de todo tipo.","uproh":"Residencial; actividad productiva.","url":"http://www.observatoriourbano.cl/Ipt/cehu_resultado_decreto.asp?r=0&c=193&i=25"},"geometry":{"type":"Polygon","coordinates":[[[-70.515665,-33.387509],[-70.516027,-33.387555],[-70.516042,-33.387534],[-70.516104,-33.387481],[-70.516279,-33.387309],[-70.516546,-33.387027],[-70.51659,-33.386956],[-70.516613,-33.386904],[-70.516637,-33.386836],[-70.516722,-33.386603],[-70.516851,-33.386218],[-70.51692,-33.386106],[-70.51691,-33.38593],[-70.516737,-33.38552],[-70.516581,-33.385372],[-70.516182,-33.385044],[-70.515868,-33.384865],[-70.515738,-33.384749],[-70.515391,-33.384416],[-70.514952,-33.384211],[-70.51466,-33.384089],[-70.51429,-33.383943],[-70.513998,-33.383836],[-70.513793,-33.383806],[-70.513552,-33.383662],[-70.513253,-33.383648],[-70.512977,-33.383769],[-70.512805,-33.383893],[-70.512661,-33.383984],[-70.51255,-33.38419],[-70.512544,-33.384347],[-70.512284,-33.384862],[-70.512246,-33.385146],[-70.512229,-33.385375],[-70.512241,-33.385589],[-70.512432,-33.386084],[-70.512483,-33.386141],[-70.512523,-33.386185],[-70.512615,-33.386294],[-70.512699,-33.386396],[-70.512774,-33.386525],[-70.512868,-33.386723],[-70.512952,-33.386865],[-70.513011,-33.386981],[-70.513128,-33.387144],[-70.513195,-33.387239],[-70.513222,-33.387289],[-70.513483,-33.387349],[-70.514064,-33.387391],[-70.515025,-33.387442],[-70.515388,-33.387474],[-70.515665,-33.387509]]]}},{"type":"Feature","properties":{"zona":"AV","nombre":"AV Zona de Áreas Verdes","upref":"Area Verde","uperm":"Área verde.","uproh":"Todo uso no mencionado como permitido.","url":"http://www.observatoriourbano.cl/Ipt/cehu_resultado_decreto.asp?r=0&c=193&i=25"},"geometry":{"type":"Polygon","coordinates":[[[-70.570131,-33.427394],[-70.570116,-33.427508],[-70.570013,-33.427467],[-70.56993,-33.427454],[-70.569892,-33.427449],[-70.569858,-33.427446],[-70.569819,-33.427444],[-70.569781,-33.427442],[-70.569747,-33.427443],[-70.569704,-33.427447],[-70.569662,-33.427454],[-70.56963,-33.427461],[-70.5696,-33.427471],[-70.569565,-33.427487],[-70.569528,-33.427506],[-70.569492,-33.427527],[-70.569463,-33.427547],[-70.569433,-33.42757],[-70.569414,-33.427588],[-70.569383,-33.427635],[-70.569352,-33.42773],[-70.569345,-33.427867],[-70.56939,-33.428028],[-70.569497,-33.428199],[-70.569619,-33.428298],[-70.569682,-33.428339],[-70.569717,-33.428358],[-70.569799,-33.428397],[-70.569864,-33.428423],[-70.569905,-33.428438],[-70.569953,-33.428451],[-70.569999,-33.428461],[-70.570044,-33.428468],[-70.570084,-33.428474],[-70.570157,-33.428484],[-70.570199,-33.428488],[-70.570233,-33.428488],[-70.570259,-33.428487],[-70.570303,-33.42848],[-70.570333,-33.428474],[-70.570361,-33.428465],[-70.570395,-33.428452],[-70.57043,-33.428436],[-70.570463,-33.428418],[-70.570486,-33.428403],[-70.570512,-33.428379],[-70.570581,-33.428276],[-70.570611,-33.428157],[-70.570596,-33.428012],[-70.570535,-33.427864],[-70.570451,-33.427749],[-70.570557,-33.427756],[-70.570582,-33.427443],[-70.570443,-33.427436],[-70.570369,-33.427431],[-70.570386,-33.427431],[-70.570131,-33.427394]]]}},{"type":"Feature","properties":{"zona":"AV","nombre":"AV Zona de Áreas Verdes","upref":"Area Verde","uperm":"Área verde.","uproh":"Todo uso no mencionado como permitido.","url":"http://www.observatoriourbano.cl/Ipt/cehu_resultado_decreto.asp?r=0&c=193&i=25"},"geometry":{"type":"Polygon","coordinates":[[[-70.570811,-33.421262],[-70.570891,-33.421332],[-70.571065,-33.420692],[-70.571065,-33.420675],[-70.571031,-33.420616],[-70.570489,-33.420379],[-70.570275,-33.420291],[-70.5702,-33.42066],[-70.570186,-33.420711],[-70.570161,-33.420764],[-70.570512,-33.421047],[-70.570558,-33.421073],[-70.570811,-33.421262]]]}},{"type":"Feature","properties":{"zona":"AV","nombre":"AV Zona de Áreas Verdes","upref":"Area Verde","uperm":"Área verde.","uproh":"Todo uso no mencionado como permitido.","url":"http://www.observatoriourbano.cl/Ipt/cehu_resultado_decreto.asp?r=0&c=193&i=25"},"geometry":{"type":"Polygon","coordinates":[[[-70.567602,-33.420245],[-70.567666,-33.42042],[-70.567727,-33.420333],[-70.567784,-33.420236],[-70.568028,-33.419643],[-70.568047,-33.419597],[-70.567345,-33.419383],[-70.56732,-33.419482],[-70.567312,-33.419534],[-70.567312,-33.419575],[-70.567319,-33.419619],[-70.567331,-33.419655],[-70.567602,-33.420245]]]}},{"type":"Feature","properties":{"zona":"AV","nombre":"AV Zona de Áreas Verdes","upref":"Area Verde","uperm":"Área verde.","uproh":"Todo uso no mencionado como permitido.","url":"http://www.observatoriourbano.cl/Ipt/cehu_resultado_decreto.asp?r=0&c=193&i=25"},"geometry":{"type":"Polygon","coordinates":[[[-70.564993,-33.430929],[-70.565145,-33.430936],[-70.56514,-33.430897],[-70.564925,-33.429995],[-70.564723,-33.429192],[-70.564701,-33.429082],[-70.564471,-33.428165],[-70.564415,-33.427938],[-70.564415,-33.427935],[-70.564379,-33.427791],[-70.564378,-33.427786],[-70.564244,-33.427238],[-70.564221,-33.427175],[-70.564111,-33.426731],[-70.564055,-33.426524],[-70.56405,-33.426431],[-70.56456,-33.426325],[-70.564629,-33.426315],[-70.564591,-33.426228],[-70.564546,-33.42607],[-70.564544,-33.42606],[-70.564349,-33.425373],[-70.564335,-33.425333],[-70.564301,-33.425281],[-70.564334,-33.42519],[-70.564391,-33.424098],[-70.564408,-33.42371],[-70.564409,-33.423701],[-70.56442,-33.423459],[-70.564424,-33.42336],[-70.564439,-33.42302],[-70.564437,-33.422932],[-70.564469,-33.422281],[-70.564477,-33.421946],[-70.564483,-33.421816],[-70.56451,-33.420914],[-70.564505,-33.420814],[-70.564495,-33.420237],[-70.564492,-33.420055],[-70.564491,-33.419903],[-70.564485,-33.419591],[-70.564484,-33.41958],[-70.564473,-33.419045],[-70.56446,-33.418532],[-70.564459,-33.418507],[-70.564456,-33.418351],[-70.564462,-33.418124],[-70.564477,-33.417918],[-70.564493,-33.417807],[-70.564531,-33.41765],[-70.56459,-33.417502],[-70.564662,-33.417337],[-70.564662,-33.417336],[-70.564676,-33.417306],[-70.564967,-33.416652],[-70.565129,-33.416035],[-70.565132,-33.416024],[-70.565138,-33.416002],[-70.565182,-33.415836],[-70.565301,-33.415461],[-70.565349,-33.415311],[-70.565432,-33.415052],[-70.565516,-33.414786],[-70.565801,-33.413862],[-70.565961,-33.41329],[-70.566211,-33.412388],[-70.565983,-33.41235],[-70.565721,-33.413234],[-70.565558,-33.413791],[-70.565553,-33.413807],[-70.565288,-33.414716],[-70.565081,-33.415363],[-70.565061,-33.415481],[-70.564971,-33.415804],[-70.564936,-33.415919],[-70.56493,-33.415937],[-70.5649,-33.416036],[-70.56483,-33.416268],[-70.564723,-33.416582],[-70.564434,-33.417261],[-70.564425,-33.417277],[-70.56439,-33.417345],[-70.564337,-33.417462],[-70.564303,-33.417573],[-70.564268,-33.417697],[-70.564238,-33.417838],[-70.564212,-33.418038],[-70.564204,-33.418195],[-70.564207,-33.418351],[-70.564219,-33.418854],[-70.564219,-33.41886],[-70.564223,-33.419046],[-70.564241,-33.419899],[-70.564259,-33.42082],[-70.564261,-33.42091],[-70.564235,-33.42169],[-70.564226,-33.421934],[-70.564215,-33.422269],[-70.5642,-33.422685],[-70.564184,-33.423016],[-70.564173,-33.423348],[-70.564173,-33.423355],[-70.564169,-33.423488],[-70.564167,-33.423616],[-70.564161,-33.423692],[-70.564156,-33.423725],[-70.564147,-33.423784],[-70.564121,-33.423883],[-70.564091,-33.423989],[-70.56406,-33.424087],[-70.564031,-33.424147],[-70.563872,-33.424405],[-70.563793,-33.424527],[-70.563731,-33.424622],[-70.563617,-33.42491],[-70.563574,-33.425125],[-70.563558,-33.425201],[-70.563967,-33.42676],[-70.564082,-33.42722],[-70.564187,-33.427636],[-70.564292,-33.428052],[-70.564542,-33.429076],[-70.564629,-33.42941],[-70.564714,-33.429758],[-70.564798,-33.430091],[-70.564876,-33.430423],[-70.564987,-33.430889],[-70.564993,-33.430929]]]}},{"type":"Feature","properties":{"zona":"AV","nombre":"AV Zona de Áreas Verdes","upref":"Area Verde","uperm":"Área verde.","uproh":"Todo uso no mencionado como permitido.","url":"http://www.observatoriourbano.cl/Ipt/cehu_resultado_decreto.asp?r=0&c=193&i=25"},"geometry":{"type":"Polygon","coordinates":[[[-70.559231,-33.424375],[-70.559189,-33.424572],[-70.559056,-33.424552],[-70.558933,-33.425146],[-70.559044,-33.425132],[-70.559945,-33.425022],[-70.560639,-33.424927],[-70.560712,-33.424911],[-70.560766,-33.424895],[-70.560831,-33.424868],[-70.560914,-33.424823],[-70.560318,-33.424728],[-70.560364,-33.424534],[-70.559668,-33.424438],[-70.559231,-33.424375]]]}},{"type":"Feature","properties":{"zona":"AV","nombre":"AV Zona de Áreas Verdes","upref":"Area Verde","uperm":"Área verde.","uproh":"Todo uso no mencionado como permitido.","url":"http://www.observatoriourbano.cl/Ipt/cehu_resultado_decreto.asp?r=0&c=193&i=25"},"geometry":{"type":"Polygon","coordinates":[[[-70.553673,-33.429145],[-70.55426,-33.429214],[-70.554238,-33.428756],[-70.553963,-33.428756],[-70.553703,-33.428745],[-70.55349,-33.428726],[-70.552979,-33.428672],[-70.552918,-33.429073],[-70.553673,-33.429145]]]}},{"type":"Feature","properties":{"zona":"AV","nombre":"AV Zona de Áreas Verdes","upref":"Area Verde","uperm":"Área verde.","uproh":"Todo uso no mencionado como permitido.","url":"http://www.observatoriourbano.cl/Ipt/cehu_resultado_decreto.asp?r=0&c=193&i=25"},"geometry":{"type":"Polygon","coordinates":[[[-70.550606,-33.427936],[-70.550529,-33.428413],[-70.551086,-33.428474],[-70.551422,-33.428508],[-70.551758,-33.428543],[-70.551834,-33.428035],[-70.551814,-33.428052],[-70.551794,-33.428061],[-70.551766,-33.428073],[-70.55174,-33.428076],[-70.551147,-33.428009],[-70.550606,-33.427936]]]}},{"type":"Feature","properties":{"zona":"AV","nombre":"AV Zona de Áreas Verdes","upref":"Area Verde","uperm":"Área verde.","uproh":"Todo uso no mencionado como permitido.","url":"http://www.observatoriourbano.cl/Ipt/cehu_resultado_decreto.asp?r=0&c=193&i=25"},"geometry":{"type":"Polygon","coordinates":[[[-70.548469,-33.426773],[-70.549026,-33.426826],[-70.549095,-33.426338],[-70.548561,-33.426284],[-70.547995,-33.426218],[-70.547919,-33.42621],[-70.547842,-33.426703],[-70.54792,-33.426709],[-70.548469,-33.426773]]]}},{"type":"Feature","properties":{"zona":"AV","nombre":"AV Zona de Áreas Verdes","upref":"Area Verde","uperm":"Área verde.","uproh":"Todo uso no mencionado como permitido.","url":"http://www.observatoriourbano.cl/Ipt/cehu_resultado_decreto.asp?r=0&c=193&i=25"},"geometry":{"type":"Polygon","coordinates":[[[-70.545986,-33.426505],[-70.546608,-33.426571],[-70.546669,-33.426082],[-70.546064,-33.426015],[-70.546,-33.426008],[-70.54593,-33.426471],[-70.545914,-33.426498],[-70.545986,-33.426505]]]}},{"type":"Feature","properties":{"zona":"AV","nombre":"AV Zona de Áreas Verdes","upref":"Area Verde","uperm":"Área verde.","uproh":"Todo uso no mencionado como permitido.","url":"http://www.observatoriourbano.cl/Ipt/cehu_resultado_decreto.asp?r=0&c=193&i=25"},"geometry":{"type":"Polygon","coordinates":[[[-70.550337,-33.40188],[-70.550377,-33.401946],[-70.550865,-33.401759],[-70.550262,-33.400691],[-70.549774,-33.400928],[-70.550204,-33.401655],[-70.550337,-33.40188]]]}},{"type":"Feature","properties":{"zona":"AV","nombre":"AV Zona de Áreas Verdes","upref":"Area Verde","uperm":"Área verde.","uproh":"Todo uso no mencionado como permitido.","url":"http://www.observatoriourbano.cl/Ipt/cehu_resultado_decreto.asp?r=0&c=193&i=25"},"geometry":{"type":"Polygon","coordinates":[[[-70.541053,-33.395398],[-70.541106,-33.395461],[-70.54115,-33.395395],[-70.541173,-33.395346],[-70.541196,-33.395281],[-70.541229,-33.395179],[-70.541297,-33.394969],[-70.541419,-33.394698],[-70.541564,-33.394412],[-70.54174,-33.394126],[-70.541625,-33.394072],[-70.541511,-33.394038],[-70.541419,-33.394011],[-70.541267,-33.393996],[-70.541183,-33.393992],[-70.541091,-33.394004],[-70.540939,-33.394027],[-70.540702,-33.394107],[-70.540764,-33.394304],[-70.540849,-33.394552],[-70.5409,-33.39477],[-70.540952,-33.395013],[-70.540995,-33.395282],[-70.541009,-33.395332],[-70.541053,-33.395398]]]}},{"type":"Feature","properties":{"zona":"UEe3/Ee3","nombre":"UEe3/Ee3 Zona Especial 3 Área de Parques","upref":"Equipamiento","uperm":"Equipamiento de esparcimiento.","uproh":"Residencial; equipamiento de comercio, culto, culto, deporte, educación, salud, seguridad, servicio y social; actividad productiva; infraestructura; espacio público y áreas verdes.","url":"http://www.observatoriourbano.cl/Ipt/cehu_resultado_decreto.asp?r=0&c=193&i=25"},"geometry":{"type":"Polygon","coordinates":[[[-70.597867,-33.41056],[-70.597909,-33.410927],[-70.597981,-33.410921],[-70.598353,-33.410888],[-70.598452,-33.410861],[-70.598826,-33.41072],[-70.599281,-33.410987],[-70.599439,-33.411085],[-70.599459,-33.411254],[-70.599467,-33.411315],[-70.599459,-33.411395],[-70.599429,-33.411452],[-70.599345,-33.41157],[-70.599338,-33.411606],[-70.60115,-33.411214],[-70.600987,-33.410783],[-70.600154,-33.410942],[-70.599925,-33.410345],[-70.599461,-33.410308],[-70.59942,-33.410282],[-70.598947,-33.410257],[-70.597916,-33.41054],[-70.597867,-33.41056]]]}},{"type":"Feature","properties":{"zona":"AV","nombre":"AV Zona de Áreas Verdes","upref":"Area Verde","uperm":"Área verde.","uproh":"Todo uso no mencionado como permitido.","url":"http://www.observatoriourbano.cl/Ipt/cehu_resultado_decreto.asp?r=0&c=193&i=25"},"geometry":{"type":"Polygon","coordinates":[[[-70.569634,-33.41368],[-70.569764,-33.413715],[-70.56997,-33.413711],[-70.570153,-33.413673],[-70.570283,-33.413638],[-70.570527,-33.413524],[-70.57071,-33.413398],[-70.570832,-33.413287],[-70.570916,-33.413169],[-70.57094,-33.413117],[-70.570955,-33.413073],[-70.570965,-33.413008],[-70.570969,-33.412961],[-70.57097,-33.41291],[-70.570964,-33.412865],[-70.570957,-33.412834],[-70.570946,-33.412788],[-70.570931,-33.41273],[-70.570871,-33.412694],[-70.570798,-33.412661],[-70.570714,-33.412631],[-70.570616,-33.412602],[-70.570557,-33.412593],[-70.570516,-33.412595],[-70.570462,-33.412597],[-70.570403,-33.412601],[-70.570372,-33.412606],[-70.570302,-33.412618],[-70.570184,-33.412651],[-70.570101,-33.41268],[-70.570053,-33.412698],[-70.570006,-33.41272],[-70.569894,-33.412784],[-70.56965,-33.412978],[-70.569565,-33.413081],[-70.569533,-33.413117],[-70.569494,-33.413177],[-70.56946,-33.413258],[-70.569442,-33.413315],[-70.569434,-33.413368],[-70.569432,-33.413417],[-70.569437,-33.413462],[-70.569453,-33.413532],[-70.569489,-33.4136],[-70.569634,-33.41368]]]}},{"type":"Feature","properties":{"zona":"UM/EAb4","nombre":"UM/EAb4 Zona de Usos Comercio y Equipamiento de Escala Metropolitana Instituciones/ Edificación Aislada Baja N° 4","upref":"Equipamiento","uperm":"Equipamiento de comercio.","uproh":"Residencial; equipamiento; actividad productiva; infraestructura; espacio público y áreas verdes.","url":"http://www.observatoriourbano.cl/Ipt/cehu_resultado_decreto.asp?r=0&c=193&i=25"},"geometry":{"type":"Polygon","coordinates":[[[-70.506337,-33.401268],[-70.506168,-33.401352],[-70.506136,-33.401416],[-70.506109,-33.40146],[-70.506077,-33.401509],[-70.506007,-33.401605],[-70.505968,-33.401653],[-70.505913,-33.401714],[-70.505805,-33.401821],[-70.505744,-33.40187],[-70.50562,-33.401959],[-70.505508,-33.402043],[-70.50538,-33.402158],[-70.505273,-33.402272],[-70.505191,-33.402378],[-70.505131,-33.40247],[-70.505075,-33.402571],[-70.505021,-33.402702],[-70.504832,-33.403209],[-70.504569,-33.403905],[-70.504504,-33.404071],[-70.504252,-33.404709],[-70.50221,-33.40544],[-70.502241,-33.406246],[-70.502198,-33.406767],[-70.502106,-33.407316],[-70.501859,-33.408343],[-70.501863,-33.408551],[-70.50209,-33.40893],[-70.50224,-33.408979],[-70.502502,-33.40911],[-70.502589,-33.409189],[-70.502647,-33.409204],[-70.502728,-33.409223],[-70.502807,-33.409273],[-70.502984,-33.409223],[-70.503161,-33.409188],[-70.50364,-33.407897],[-70.507398,-33.406804],[-70.507515,-33.406835],[-70.508307,-33.40497],[-70.508343,-33.40488],[-70.508513,-33.404487],[-70.508582,-33.404322],[-70.508592,-33.404295],[-70.508672,-33.404104],[-70.508806,-33.403806],[-70.508904,-33.403589],[-70.509104,-33.403107],[-70.509351,-33.402534],[-70.5095,-33.402169],[-70.509561,-33.402057],[-70.509567,-33.402047],[-70.509609,-33.401938],[-70.509632,-33.401904],[-70.509384,-33.401777],[-70.509253,-33.401764],[-70.509144,-33.401742],[-70.509047,-33.401695],[-70.508898,-33.401664],[-70.508778,-33.401617],[-70.508696,-33.401518],[-70.508655,-33.401404],[-70.508664,-33.401304],[-70.508437,-33.401188],[-70.50814,-33.401176],[-70.507992,-33.40125],[-70.507816,-33.401257],[-70.507667,-33.401216],[-70.507565,-33.401151],[-70.50739,-33.401143],[-70.506943,-33.401135],[-70.506806,-33.40115],[-70.506664,-33.401172],[-70.506478,-33.401226],[-70.506337,-33.401268]]]}},{"type":"Feature","properties":{"zona":"UEe2/Ee2","nombre":"UEe2/Ee2 Zona Especial 2 Equipamiento Recreacional Deportivo/ Edificación Especial N°2, Equipamiento Recreacional Deportivo","upref":"Equipamiento","uperm":"Equipamiento de deporte.","uproh":"Residencial; equipamiento de comercio, culto, educación, esparcimiento, salud, seguridad y servicio, actividad productiva; infraestructura; espacio público y áreas verdes.","url":"http://www.observatoriourbano.cl/Ipt/cehu_resultado_decreto.asp?r=0&c=193&i=25"},"geometry":{"type":"Polygon","coordinates":[[[-70.495133,-33.392726],[-70.494531,-33.392752],[-70.494001,-33.39273],[-70.493904,-33.39272],[-70.493976,-33.392819],[-70.494119,-33.392928],[-70.497898,-33.395659],[-70.498194,-33.395844],[-70.498501,-33.396069],[-70.499289,-33.396775],[-70.499841,-33.397303],[-70.500199,-33.397673],[-70.500432,-33.398012],[-70.500719,-33.39857],[-70.500817,-33.398783],[-70.500963,-33.399099],[-70.501092,-33.399429],[-70.501217,-33.399749],[-70.501293,-33.400107],[-70.503811,-33.400312],[-70.503915,-33.400305],[-70.503997,-33.397982],[-70.504016,-33.397663],[-70.50404,-33.397071],[-70.504052,-33.396742],[-70.503929,-33.396414],[-70.503996,-33.396401],[-70.504195,-33.396363],[-70.504085,-33.396204],[-70.50338,-33.395188],[-70.502814,-33.394492],[-70.502335,-33.394021],[-70.501841,-33.393505],[-70.501775,-33.39341],[-70.501457,-33.393106],[-70.501301,-33.393173],[-70.501136,-33.393243],[-70.500731,-33.393367],[-70.500212,-33.393585],[-70.499932,-33.393714],[-70.499741,-33.393788],[-70.49943,-33.393871],[-70.499336,-33.3939],[-70.499201,-33.393988],[-70.499056,-33.394044],[-70.498856,-33.3941],[-70.498698,-33.394134],[-70.498357,-33.394207],[-70.49822,-33.394212],[-70.498092,-33.39421],[-70.497917,-33.394244],[-70.497781,-33.394264],[-70.497691,-33.394265],[-70.497601,-33.394244],[-70.49751,-33.394217],[-70.497376,-33.394179],[-70.497225,-33.394182],[-70.497097,-33.394167],[-70.496984,-33.394129],[-70.496764,-33.394014],[-70.496633,-33.393945],[-70.496374,-33.393766],[-70.496172,-33.393573],[-70.496125,-33.393501],[-70.496125,-33.393499],[-70.495895,-33.393259],[-70.495787,-33.392922],[-70.495745,-33.392626],[-70.495133,-33.392726]]]}},{"type":"Feature","properties":{"zona":"UEe2/Ee3","nombre":"UEe2/Ee3 Zona Especial 2 Equipamiento Recreacional Deportivo/ Edificación Especial N°3, Paruqes Intercomunales","upref":"Equipamiento","uperm":"Equipamiento de deporte.","uproh":"Residencial; equipamiento de comercio, culto, educación, esparcimiento, salud, seguridad y servicio, actividad productiva; infraestructura; espacio público y áreas verdes.","url":"http://www.observatoriourbano.cl/Ipt/cehu_resultado_decreto.asp?r=0&c=193&i=25"},"geometry":{"type":"Polygon","coordinates":[[[-70.497626,-33.39549],[-70.497898,-33.395659],[-70.494119,-33.392928],[-70.493976,-33.392819],[-70.493904,-33.39272],[-70.49331,-33.392658],[-70.493269,-33.392654],[-70.493295,-33.392795],[-70.493371,-33.393008],[-70.493448,-33.3931],[-70.493936,-33.393488],[-70.494413,-33.393782],[-70.495031,-33.394105],[-70.495625,-33.394376],[-70.496125,-33.394613],[-70.496686,-33.394934],[-70.497626,-33.39549]]]}},{"type":"Feature","properties":{"zona":"UEe1/Ee1","nombre":"UEe1/Ee1 Zona Especial 1 Equipamientos Intercomunales y Comunal/ Edificación Especial N°1, Equipamientos","upref":"Equipamiento","uperm":"Equipamiento de todo tipo.","uproh":"Residencial; actividad productiva.","url":"http://www.observatoriourbano.cl/Ipt/cehu_resultado_decreto.asp?r=0&c=193&i=25"},"geometry":{"type":"Polygon","coordinates":[[[-70.527904,-33.415906],[-70.527881,-33.416022],[-70.52793,-33.416077],[-70.527862,-33.416204],[-70.527347,-33.416688],[-70.527358,-33.416787],[-70.526882,-33.417289],[-70.526967,-33.417467],[-70.527042,-33.417749],[-70.527092,-33.417968],[-70.527168,-33.418316],[-70.527209,-33.418589],[-70.528969,-33.418565],[-70.529624,-33.41856],[-70.529624,-33.41851],[-70.529629,-33.418454],[-70.529616,-33.417533],[-70.529616,-33.416923],[-70.529616,-33.416477],[-70.529583,-33.416314],[-70.529542,-33.416218],[-70.529444,-33.41617],[-70.529368,-33.416277],[-70.52923,-33.416451],[-70.52872,-33.416213],[-70.528747,-33.41617],[-70.528556,-33.416085],[-70.52861,-33.416017],[-70.528222,-33.415835],[-70.52813,-33.41593],[-70.527974,-33.415834],[-70.527904,-33.415906]]]}},{"type":"Feature","properties":{"zona":"UEe1/EAb4","nombre":"UEe1/EAb4 Zona Especial 1 Equipamientos Intercomunales y Comunal/ Edificación Aislada Baja N°4","upref":"Equipamiento","uperm":"Equipamiento de todo tipo.","uproh":"Residencial; actividad productiva.","url":"http://www.observatoriourbano.cl/Ipt/cehu_resultado_decreto.asp?r=0&c=193&i=25"},"geometry":{"type":"Polygon","coordinates":[[[-70.52898,-33.418593],[-70.529036,-33.418727],[-70.52938,-33.418622],[-70.529624,-33.418609],[-70.529624,-33.418589],[-70.529624,-33.41856],[-70.528969,-33.418565],[-70.52898,-33.418593]]]}},{"type":"Feature","properties":{"zona":"UEe1/Ee1","nombre":"UEe1/Ee1 Zona Especial 1 Equipamientos Intercomunales y Comunal/ Edificación Especial N°1, Equipamientos","upref":"Equipamiento","uperm":"Equipamiento de todo tipo.","uproh":"Residencial; actividad productiva.","url":"http://www.observatoriourbano.cl/Ipt/cehu_resultado_decreto.asp?r=0&c=193&i=25"},"geometry":{"type":"Polygon","coordinates":[[[-70.541004,-33.416659],[-70.541043,-33.416664],[-70.541112,-33.416307],[-70.541355,-33.415674],[-70.541394,-33.415551],[-70.541764,-33.414655],[-70.541386,-33.414435],[-70.541282,-33.414238],[-70.540921,-33.414029],[-70.540904,-33.414019],[-70.540875,-33.414002],[-70.54071,-33.413907],[-70.540454,-33.41391],[-70.540174,-33.413794],[-70.53991,-33.414215],[-70.539632,-33.414747],[-70.539392,-33.41529],[-70.539039,-33.416346],[-70.539006,-33.416387],[-70.539238,-33.41642],[-70.540404,-33.416588],[-70.541004,-33.416659]]]}},{"type":"Feature","properties":{"zona":"UEe1/Ee1","nombre":"UEe1/Ee1 Zona Especial 1 Equipamientos Intercomunales y Comunal/ Edificación Especial N°1, Equipamientos","upref":"Equipamiento","uperm":"Equipamiento de todo tipo.","uproh":"Residencial; actividad productiva.","url":"http://www.observatoriourbano.cl/Ipt/cehu_resultado_decreto.asp?r=0&c=193&i=25"},"geometry":{"type":"Polygon","coordinates":[[[-70.549783,-33.409097],[-70.54966,-33.4103],[-70.549637,-33.410613],[-70.549576,-33.410884],[-70.549499,-33.411014],[-70.54943,-33.411125],[-70.549394,-33.411167],[-70.549336,-33.411219],[-70.549269,-33.411277],[-70.549339,-33.411326],[-70.549495,-33.411431],[-70.549676,-33.411507],[-70.549847,-33.411373],[-70.550184,-33.411302],[-70.551263,-33.411348],[-70.551336,-33.411971],[-70.551941,-33.411941],[-70.551933,-33.411796],[-70.552347,-33.411784],[-70.552307,-33.411124],[-70.552284,-33.41088],[-70.552254,-33.410484],[-70.552175,-33.41011],[-70.551223,-33.410183],[-70.551035,-33.409182],[-70.550741,-33.409162],[-70.550742,-33.409128],[-70.550557,-33.409116],[-70.550555,-33.409149],[-70.549783,-33.409097]]]}},{"type":"Feature","properties":{"zona":"UEe1/Ee1","nombre":"UEe1/Ee1 Zona Especial 1 Equipamientos Intercomunales y Comunal/ Edificación Especial N°1, Equipamientos","upref":"Equipamiento","uperm":"Equipamiento de todo tipo.","uproh":"Residencial; actividad productiva.","url":"http://www.observatoriourbano.cl/Ipt/cehu_resultado_decreto.asp?r=0&c=193&i=25"},"geometry":{"type":"Polygon","coordinates":[[[-70.551079,-33.407004],[-70.551373,-33.407551],[-70.551464,-33.407712],[-70.551474,-33.407729],[-70.551701,-33.408131],[-70.551722,-33.408178],[-70.552402,-33.407921],[-70.552688,-33.408448],[-70.552847,-33.408452],[-70.552946,-33.408454],[-70.553235,-33.408419],[-70.553612,-33.408346],[-70.553633,-33.408342],[-70.553228,-33.407574],[-70.553782,-33.407367],[-70.553816,-33.407432],[-70.553907,-33.407398],[-70.554092,-33.407765],[-70.555198,-33.407343],[-70.555193,-33.407334],[-70.554832,-33.406688],[-70.554588,-33.406222],[-70.554352,-33.405757],[-70.554137,-33.405374],[-70.552611,-33.40595],[-70.55263,-33.405987],[-70.552817,-33.406339],[-70.552639,-33.406407],[-70.551079,-33.407004]]]}},{"type":"Feature","properties":{"zona":"UEe1/Ee1","nombre":"UEe1/Ee1 Zona Especial 1 Equipamientos Intercomunales y Comunal/ Edificación Especial N°1, Equipamientos","upref":"Equipamiento","uperm":"Equipamiento de todo tipo.","uproh":"Residencial; actividad productiva.","url":"http://www.observatoriourbano.cl/Ipt/cehu_resultado_decreto.asp?r=0&c=193&i=25"},"geometry":{"type":"Polygon","coordinates":[[[-70.541374,-33.406196],[-70.541297,-33.406451],[-70.541229,-33.406449],[-70.54118,-33.406664],[-70.541136,-33.406975],[-70.541064,-33.406964],[-70.540816,-33.407602],[-70.540863,-33.407619],[-70.540544,-33.408393],[-70.541099,-33.40856],[-70.541714,-33.408713],[-70.542271,-33.407074],[-70.542455,-33.406424],[-70.541615,-33.406247],[-70.541374,-33.406196]]]}},{"type":"Feature","properties":{"zona":"UEe1/Ee1","nombre":"UEe1/Ee1 Zona Especial 1 Equipamientos Intercomunales y Comunal/ Edificación Especial N°1, Equipamientos","upref":"Equipamiento","uperm":"Equipamiento de todo tipo.","uproh":"Residencial; actividad productiva.","url":"http://www.observatoriourbano.cl/Ipt/cehu_resultado_decreto.asp?r=0&c=193&i=25"},"geometry":{"type":"Polygon","coordinates":[[[-70.537722,-33.401195],[-70.537989,-33.401458],[-70.538246,-33.401187],[-70.538365,-33.400418],[-70.538281,-33.398779],[-70.538125,-33.39717],[-70.53803,-33.396893],[-70.538024,-33.395268],[-70.537693,-33.394756],[-70.537037,-33.394474],[-70.536411,-33.39421],[-70.535688,-33.394255],[-70.535166,-33.394514],[-70.535041,-33.395174],[-70.535098,-33.396099],[-70.535579,-33.397911],[-70.535773,-33.398281],[-70.536311,-33.399406],[-70.536963,-33.400266],[-70.537513,-33.40095],[-70.537722,-33.401195]]]}},{"type":"Feature","properties":{"zona":"UEe1/Ee1","nombre":"UEe1/Ee1 Zona Especial 1 Equipamientos Intercomunales y Comunal/ Edificación Especial N°1, Equipamientos","upref":"Equipamiento","uperm":"Equipamiento de todo tipo.","uproh":"Residencial; actividad productiva.","url":"http://www.observatoriourbano.cl/Ipt/cehu_resultado_decreto.asp?r=0&c=193&i=25"},"geometry":{"type":"Polygon","coordinates":[[[-70.532553,-33.392527],[-70.532761,-33.392574],[-70.533629,-33.391964],[-70.533357,-33.391701],[-70.5334,-33.391669],[-70.533587,-33.39154],[-70.532417,-33.390361],[-70.531023,-33.391606],[-70.531046,-33.391619],[-70.531129,-33.391666],[-70.531208,-33.391734],[-70.531249,-33.391785],[-70.531358,-33.391951],[-70.531451,-33.392075],[-70.531634,-33.392265],[-70.532553,-33.392527]]]}},{"type":"Feature","properties":{"zona":"UEe1/Ee1","nombre":"UEe1/Ee1 Zona Especial 1 Equipamientos Intercomunales y Comunal/ Edificación Especial N°1, Equipamientos","upref":"Equipamiento","uperm":"Equipamiento de todo tipo.","uproh":"Residencial; actividad productiva.","url":"http://www.observatoriourbano.cl/Ipt/cehu_resultado_decreto.asp?r=0&c=193&i=25"},"geometry":{"type":"Polygon","coordinates":[[[-70.52988,-33.384148],[-70.53091,-33.385078],[-70.531027,-33.385002],[-70.531769,-33.385643],[-70.532168,-33.38534],[-70.532203,-33.385313],[-70.531464,-33.384634],[-70.531681,-33.384472],[-70.532331,-33.385087],[-70.532406,-33.385158],[-70.532592,-33.385014],[-70.531883,-33.384351],[-70.532049,-33.384204],[-70.531022,-33.383224],[-70.531015,-33.383229],[-70.529926,-33.384111],[-70.52988,-33.384148]]]}},{"type":"Feature","properties":{"zona":"UEe1/Ee1","nombre":"UEe1/Ee1 Zona Especial 1 Equipamientos Intercomunales y Comunal/ Edificación Especial N°1, Equipamientos","upref":"Equipamiento","uperm":"Equipamiento de todo tipo.","uproh":"Residencial; actividad productiva.","url":"http://www.observatoriourbano.cl/Ipt/cehu_resultado_decreto.asp?r=0&c=193&i=25"},"geometry":{"type":"Polygon","coordinates":[[[-70.544867,-33.3916],[-70.546524,-33.392946],[-70.546949,-33.392431],[-70.547147,-33.392072],[-70.54741,-33.39154],[-70.547667,-33.391058],[-70.547595,-33.391034],[-70.547674,-33.390807],[-70.547815,-33.390431],[-70.54789,-33.390253],[-70.547928,-33.390179],[-70.547988,-33.390062],[-70.548028,-33.38999],[-70.54787,-33.389919],[-70.547718,-33.389854],[-70.547642,-33.389815],[-70.547563,-33.389772],[-70.547496,-33.389726],[-70.5474,-33.389657],[-70.547315,-33.389583],[-70.547247,-33.389528],[-70.547205,-33.389498],[-70.547157,-33.389469],[-70.547093,-33.389434],[-70.547034,-33.389405],[-70.546969,-33.38938],[-70.546653,-33.389265],[-70.54644,-33.38919],[-70.546028,-33.389041],[-70.54525,-33.388795],[-70.54517,-33.388991],[-70.544942,-33.38955],[-70.544933,-33.389574],[-70.544805,-33.389888],[-70.54438,-33.390846],[-70.544249,-33.391175],[-70.544186,-33.391299],[-70.544867,-33.3916]]]}},{"type":"Feature","properties":{"zona":"UEe1/Ee1","nombre":"UEe1/Ee1 Zona Especial 1 Equipamientos Intercomunales y Comunal/ Edificación Especial N°1, Equipamientos","upref":"Equipamiento","uperm":"Equipamiento de todo tipo.","uproh":"Residencial; actividad productiva.","url":"http://www.observatoriourbano.cl/Ipt/cehu_resultado_decreto.asp?r=0&c=193&i=25"},"geometry":{"type":"Polygon","coordinates":[[[-70.545844,-33.397846],[-70.545857,-33.397867],[-70.549504,-33.396181],[-70.549194,-33.395848],[-70.548767,-33.395511],[-70.548558,-33.395384],[-70.548329,-33.395274],[-70.548178,-33.395216],[-70.548113,-33.395192],[-70.548028,-33.395159],[-70.54752,-33.394986],[-70.547469,-33.394968],[-70.544759,-33.396212],[-70.544769,-33.396229],[-70.544902,-33.396418],[-70.545013,-33.39658],[-70.545753,-33.397704],[-70.545844,-33.397846]]]}},{"type":"Feature","properties":{"zona":"UEe1/Ee1","nombre":"UEe1/Ee1 Zona Especial 1 Equipamientos Intercomunales y Comunal/ Edificación Especial N°1, Equipamientos","upref":"Equipamiento","uperm":"Equipamiento de todo tipo.","uproh":"Residencial; actividad productiva.","url":"http://www.observatoriourbano.cl/Ipt/cehu_resultado_decreto.asp?r=0&c=193&i=25"},"geometry":{"type":"Polygon","coordinates":[[[-70.567426,-33.398797],[-70.567792,-33.39921],[-70.568117,-33.399454],[-70.568601,-33.399723],[-70.569022,-33.398953],[-70.570524,-33.399548],[-70.570549,-33.399479],[-70.57063,-33.39925],[-70.5706,-33.399168],[-70.570576,-33.399024],[-70.570255,-33.398355],[-70.570022,-33.397895],[-70.569973,-33.397833],[-70.569802,-33.397727],[-70.56925,-33.397512],[-70.56905,-33.397509],[-70.568968,-33.39751],[-70.568859,-33.397545],[-70.56879,-33.397578],[-70.568669,-33.397642],[-70.56856,-33.397685],[-70.568304,-33.39781],[-70.567147,-33.398375],[-70.567426,-33.398797]]]}},{"type":"Feature","properties":{"zona":"UEe1/Ee1","nombre":"UEe1/Ee1 Zona Especial 1 Equipamientos Intercomunales y Comunal/ Edificación Especial N°1, Equipamientos","upref":"Equipamiento","uperm":"Equipamiento de todo tipo.","uproh":"Residencial; actividad productiva.","url":"http://www.observatoriourbano.cl/Ipt/cehu_resultado_decreto.asp?r=0&c=193&i=25"},"geometry":{"type":"Polygon","coordinates":[[[-70.578965,-33.403705],[-70.579647,-33.403987],[-70.580789,-33.402094],[-70.579817,-33.401686],[-70.579338,-33.401478],[-70.578253,-33.401024],[-70.576956,-33.400477],[-70.576819,-33.400421],[-70.576012,-33.400112],[-70.575184,-33.3998],[-70.575165,-33.399793],[-70.575103,-33.399769],[-70.574047,-33.401659],[-70.574057,-33.401662],[-70.57551,-33.402284],[-70.575607,-33.402316],[-70.578965,-33.403705]]]}},{"type":"Feature","properties":{"zona":"UEe1/Ee1","nombre":"UEe1/Ee1 Zona Especial 1 Equipamientos Intercomunales y Comunal/ Edificación Especial N°1, Equipamientos","upref":"Equipamiento","uperm":"Equipamiento de todo tipo.","uproh":"Residencial; actividad productiva.","url":"http://www.observatoriourbano.cl/Ipt/cehu_resultado_decreto.asp?r=0&c=193&i=25"},"geometry":{"type":"Polygon","coordinates":[[[-70.584573,-33.413523],[-70.584642,-33.413541],[-70.584746,-33.413518],[-70.584794,-33.41346],[-70.584869,-33.413305],[-70.58494,-33.413204],[-70.585096,-33.41283],[-70.585153,-33.412705],[-70.585223,-33.412649],[-70.58532,-33.412423],[-70.585607,-33.411808],[-70.585755,-33.411507],[-70.585921,-33.411164],[-70.585948,-33.411107],[-70.58601,-33.410977],[-70.585751,-33.41091],[-70.585421,-33.410801],[-70.584608,-33.410263],[-70.583456,-33.409478],[-70.582662,-33.40888],[-70.581904,-33.408322],[-70.58113,-33.407764],[-70.58113,-33.407764],[-70.579864,-33.406851],[-70.579092,-33.408178],[-70.578178,-33.409604],[-70.57818,-33.409606],[-70.578584,-33.410193],[-70.57879,-33.410399],[-70.578821,-33.41043],[-70.579057,-33.410666],[-70.579362,-33.410869],[-70.580659,-33.411655],[-70.582155,-33.412528],[-70.582674,-33.412795],[-70.583543,-33.413169],[-70.583634,-33.413177],[-70.583679,-33.413194],[-70.584573,-33.413523]]]}},{"type":"Feature","properties":{"zona":"UEe1/Ee1","nombre":"UEe1/Ee1 Zona Especial 1 Equipamientos Intercomunales y Comunal/ Edificación Especial N°1, Equipamientos","upref":"Equipamiento","uperm":"Equipamiento de todo tipo.","uproh":"Residencial; actividad productiva.","url":"http://www.observatoriourbano.cl/Ipt/cehu_resultado_decreto.asp?r=0&c=193&i=25"},"geometry":{"type":"Polygon","coordinates":[[[-70.575059,-33.419746],[-70.575265,-33.419827],[-70.576006,-33.419459],[-70.576194,-33.419366],[-70.576338,-33.419205],[-70.576293,-33.419144],[-70.576332,-33.419108],[-70.576285,-33.419058],[-70.576175,-33.419003],[-70.576722,-33.4183],[-70.576581,-33.418221],[-70.576463,-33.418155],[-70.576204,-33.418044],[-70.57567,-33.417888],[-70.575235,-33.417756],[-70.575224,-33.417752],[-70.574687,-33.418914],[-70.574397,-33.419542],[-70.57443,-33.419552],[-70.575059,-33.419746]]]}},{"type":"Feature","properties":{"zona":"UEe1/Ee1","nombre":"UEe1/Ee1 Zona Especial 1 Equipamientos Intercomunales y Comunal/ Edificación Especial N°1, Equipamientos","upref":"Equipamiento","uperm":"Equipamiento de todo tipo.","uproh":"Residencial; actividad productiva.","url":"http://www.observatoriourbano.cl/Ipt/cehu_resultado_decreto.asp?r=0&c=193&i=25"},"geometry":{"type":"Polygon","coordinates":[[[-70.57856,-33.4313],[-70.578613,-33.431304],[-70.580171,-33.42995],[-70.578889,-33.428794],[-70.578474,-33.429117],[-70.578426,-33.429148],[-70.578368,-33.429168],[-70.578216,-33.429193],[-70.578165,-33.42921],[-70.578037,-33.429279],[-70.577783,-33.42944],[-70.577424,-33.429679],[-70.577631,-33.429931],[-70.577997,-33.430385],[-70.578323,-33.430825],[-70.578355,-33.430886],[-70.57856,-33.4313]]]}},{"type":"Feature","properties":{"zona":"UEe1/Ee1","nombre":"UEe1/Ee1 Zona Especial 1 Equipamientos Intercomunales y Comunal/ Edificación Especial N°1, Equipamientos","upref":"Equipamiento","uperm":"Equipamiento de todo tipo.","uproh":"Residencial; actividad productiva.","url":"http://www.observatoriourbano.cl/Ipt/cehu_resultado_decreto.asp?r=0&c=193&i=25"},"geometry":{"type":"Polygon","coordinates":[[[-70.582819,-33.428718],[-70.583216,-33.429027],[-70.583418,-33.428897],[-70.583944,-33.428489],[-70.584075,-33.428387],[-70.584116,-33.428355],[-70.58447,-33.428081],[-70.584534,-33.428021],[-70.584584,-33.427966],[-70.584685,-33.427758],[-70.584695,-33.427699],[-70.584792,-33.427022],[-70.584848,-33.426818],[-70.58409,-33.426638],[-70.58357,-33.427113],[-70.583222,-33.427394],[-70.582461,-33.428063],[-70.582623,-33.428247],[-70.58246,-33.428409],[-70.582819,-33.428718]]]}},{"type":"Feature","properties":{"zona":"UEe1/Ee1","nombre":"UEe1/Ee1 Zona Especial 1 Equipamientos Intercomunales y Comunal/ Edificación Especial N°1, Equipamientos","upref":"Equipamiento","uperm":"Equipamiento de todo tipo.","uproh":"Residencial; actividad productiva.","url":"http://www.observatoriourbano.cl/Ipt/cehu_resultado_decreto.asp?r=0&c=193&i=25"},"geometry":{"type":"Polygon","coordinates":[[[-70.554169,-33.426689],[-70.554168,-33.426711],[-70.555888,-33.426476],[-70.555725,-33.425525],[-70.55629,-33.42546],[-70.556748,-33.425396],[-70.556587,-33.424804],[-70.556511,-33.424613],[-70.556458,-33.424438],[-70.55645,-33.424301],[-70.556481,-33.424182],[-70.555359,-33.424034],[-70.554932,-33.424049],[-70.554749,-33.424068],[-70.553986,-33.424148],[-70.553864,-33.42416],[-70.553879,-33.424224],[-70.554093,-33.425464],[-70.554154,-33.426265],[-70.554169,-33.426689]]]}},{"type":"Feature","properties":{"zona":"UEe1/Ee1","nombre":"UEe1/Ee1 Zona Especial 1 Equipamientos Intercomunales y Comunal/ Edificación Especial N°1, Equipamientos","upref":"Equipamiento","uperm":"Equipamiento de todo tipo.","uproh":"Residencial; actividad productiva.","url":"http://www.observatoriourbano.cl/Ipt/cehu_resultado_decreto.asp?r=0&c=193&i=25"},"geometry":{"type":"Polygon","coordinates":[[[-70.50338,-33.395188],[-70.504085,-33.396204],[-70.504195,-33.396363],[-70.503996,-33.396401],[-70.503929,-33.396414],[-70.504052,-33.396742],[-70.50404,-33.397071],[-70.504016,-33.397663],[-70.503997,-33.397982],[-70.503915,-33.400305],[-70.504229,-33.400282],[-70.504573,-33.400253],[-70.504839,-33.400184],[-70.504997,-33.400137],[-70.505142,-33.400085],[-70.50538,-33.399977],[-70.505728,-33.399842],[-70.505919,-33.399782],[-70.506172,-33.399704],[-70.506357,-33.399649],[-70.50656,-33.399588],[-70.506532,-33.399272],[-70.506506,-33.398905],[-70.506476,-33.398591],[-70.506432,-33.398282],[-70.506375,-33.397889],[-70.506304,-33.39749],[-70.506181,-33.396974],[-70.506152,-33.39687],[-70.506018,-33.396385],[-70.505934,-33.396138],[-70.505892,-33.39604],[-70.505434,-33.396123],[-70.505353,-33.396139],[-70.504674,-33.394808],[-70.505152,-33.394639],[-70.50515,-33.394636],[-70.504971,-33.394389],[-70.504626,-33.393899],[-70.504211,-33.393431],[-70.504158,-33.393359],[-70.504054,-33.393252],[-70.503901,-33.393077],[-70.503895,-33.393069],[-70.503664,-33.392805],[-70.503594,-33.392728],[-70.503478,-33.392751],[-70.503309,-33.3928],[-70.503067,-33.392904],[-70.502702,-33.39308],[-70.501841,-33.393505],[-70.502335,-33.394021],[-70.502814,-33.394492],[-70.50338,-33.395188]]]}},{"type":"Feature","properties":{"zona":"UEe1/Ee1","nombre":"UEe1/Ee1 Zona Especial 1 Equipamientos Intercomunales y Comunal/ Edificación Especial N°1, Equipamientos","upref":"Equipamiento","uperm":"Equipamiento de todo tipo.","uproh":"Residencial; actividad productiva.","url":"http://www.observatoriourbano.cl/Ipt/cehu_resultado_decreto.asp?r=0&c=193&i=25"},"geometry":{"type":"Polygon","coordinates":[[[-70.509468,-33.377038],[-70.508858,-33.378102],[-70.508812,-33.378094],[-70.508048,-33.379325],[-70.508346,-33.379494],[-70.508641,-33.379679],[-70.509035,-33.380003],[-70.509149,-33.380065],[-70.509374,-33.380153],[-70.509582,-33.380217],[-70.511819,-33.37667],[-70.511702,-33.376627],[-70.511291,-33.376452],[-70.511158,-33.376404],[-70.510297,-33.376089],[-70.510092,-33.376009],[-70.509785,-33.376528],[-70.509483,-33.377014],[-70.509468,-33.377038]]]}},{"type":"Feature","properties":{"zona":"UEe1/Ee1","nombre":"UEe1/Ee1 Zona Especial 1 Equipamientos Intercomunales y Comunal/ Edificación Especial N°1, Equipamientos","upref":"Equipamiento","uperm":"Equipamiento de todo tipo.","uproh":"Residencial; actividad productiva.","url":"http://www.observatoriourbano.cl/Ipt/cehu_resultado_decreto.asp?r=0&c=193&i=25"},"geometry":{"type":"Polygon","coordinates":[[[-70.564652,-33.409312],[-70.565239,-33.409892],[-70.565372,-33.409713],[-70.566193,-33.409917],[-70.566152,-33.410065],[-70.566712,-33.410202],[-70.56668,-33.410296],[-70.566673,-33.410316],[-70.566796,-33.410348],[-70.567726,-33.410582],[-70.567833,-33.410607],[-70.567961,-33.410639],[-70.567989,-33.410648],[-70.56917,-33.41012],[-70.569421,-33.410201],[-70.570161,-33.410426],[-70.570188,-33.410367],[-70.570202,-33.410337],[-70.570337,-33.410047],[-70.570461,-33.409726],[-70.57049,-33.409667],[-70.566249,-33.408492],[-70.565822,-33.408655],[-70.565279,-33.408895],[-70.565031,-33.409051],[-70.564915,-33.409128],[-70.564836,-33.409182],[-70.564833,-33.409184],[-70.564751,-33.409239],[-70.564652,-33.409312]]]}},{"type":"Feature","properties":{"zona":"UEe1/EAa+cm","nombre":"UEe1/EAa+cm Zona Especial 1 Equipamientos Intercomunales y Comunal/ Edificación Aislada Alta con Continuidad Media","upref":"Equipamiento","uperm":"Equipamiento de todo tipo.","uproh":"Residencial; actividad productiva.","url":"http://www.observatoriourbano.cl/Ipt/cehu_resultado_decreto.asp?r=0&c=193&i=25"},"geometry":{"type":"Polygon","coordinates":[[[-70.56727,-33.410545],[-70.567518,-33.410895],[-70.567775,-33.41077],[-70.567763,-33.410749],[-70.567989,-33.410648],[-70.567961,-33.410639],[-70.567833,-33.410607],[-70.567726,-33.410582],[-70.566796,-33.410348],[-70.566673,-33.410316],[-70.566644,-33.410393],[-70.56727,-33.410545]]]}},{"type":"Feature","properties":{"zona":"UEe1/Ee1","nombre":"UEe1/Ee1 Zona Especial 1 Equipamientos Intercomunales y Comunal/ Edificación Especial N°1, Equipamientos","upref":"Equipamiento","uperm":"Equipamiento de todo tipo.","uproh":"Residencial; actividad productiva.","url":"http://www.observatoriourbano.cl/Ipt/cehu_resultado_decreto.asp?r=0&c=193&i=25"},"geometry":{"type":"Polygon","coordinates":[[[-70.563016,-33.415999],[-70.563173,-33.416669],[-70.563308,-33.416646],[-70.563319,-33.416644],[-70.564023,-33.416522],[-70.563862,-33.415886],[-70.563851,-33.415842],[-70.563549,-33.41465],[-70.562756,-33.414779],[-70.562731,-33.414783],[-70.563016,-33.415999]]]}},{"type":"Feature","properties":{"zona":"UEe1/Ee1","nombre":"UEe1/Ee1 Zona Especial 1 Equipamientos Intercomunales y Comunal/ Edificación Especial N°1, Equipamientos","upref":"Equipamiento","uperm":"Equipamiento de todo tipo.","uproh":"Residencial; actividad productiva.","url":"http://www.observatoriourbano.cl/Ipt/cehu_resultado_decreto.asp?r=0&c=193&i=25"},"geometry":{"type":"Polygon","coordinates":[[[-70.526242,-33.425698],[-70.526268,-33.427178],[-70.52689,-33.427169],[-70.527459,-33.427157],[-70.527961,-33.42715],[-70.528102,-33.427147],[-70.528163,-33.427146],[-70.529708,-33.42712],[-70.529677,-33.426204],[-70.52967,-33.425789],[-70.529662,-33.424976],[-70.526217,-33.425042],[-70.526218,-33.425079],[-70.526242,-33.425698]]]}},{"type":"Feature","properties":{"zona":"UC2/EAm4","nombre":"UC2/EAm4 Zona de Uso de Comercio N°2 e Instituciones Metropolitanas/ Edificación Aislada Media Nº4","upref":"Equipamiento","uperm":"Equipamiento de comercio.","uproh":"Residencial; equipamiento de culto, deporte, educación, esparcimiento, salud, seguridad y servicio, actividad productiva; infraestructura; espacio público y áreas verdes.","url":"http://www.observatoriourbano.cl/Ipt/cehu_resultado_decreto.asp?r=0&c=193&i=25"},"geometry":{"type":"Polygon","coordinates":[[[-70.543315,-33.429095],[-70.543625,-33.429131],[-70.543636,-33.429065],[-70.543841,-33.42777],[-70.543861,-33.427711],[-70.543539,-33.427679],[-70.543058,-33.427631],[-70.542914,-33.427617],[-70.542701,-33.427589],[-70.542083,-33.42752],[-70.541465,-33.427452],[-70.54084,-33.427387],[-70.539575,-33.427245],[-70.538828,-33.427163],[-70.539025,-33.427981],[-70.539179,-33.428621],[-70.539673,-33.428675],[-70.541594,-33.42889],[-70.541737,-33.428908],[-70.543315,-33.429095]]]}},{"type":"Feature","properties":{"zona":"AV","nombre":"AV Zona de Áreas Verdes","upref":"Area Verde","uperm":"Área verde.","uproh":"Todo uso no mencionado como permitido.","url":"http://www.observatoriourbano.cl/Ipt/cehu_resultado_decreto.asp?r=0&c=193&i=25"},"geometry":{"type":"Polygon","coordinates":[[[-70.537395,-33.426283],[-70.537404,-33.426555],[-70.537625,-33.426551],[-70.53763,-33.42655],[-70.537634,-33.426548],[-70.53764,-33.426545],[-70.537644,-33.42654],[-70.537649,-33.426533],[-70.537651,-33.426525],[-70.537652,-33.426517],[-70.537653,-33.42651],[-70.537643,-33.426236],[-70.537422,-33.426247],[-70.537398,-33.42626],[-70.537395,-33.426269],[-70.537395,-33.426283]]]}},{"type":"Feature","properties":{"zona":"AV","nombre":"AV Zona de Áreas Verdes","upref":"Area Verde","uperm":"Área verde.","uproh":"Todo uso no mencionado como permitido.","url":"http://www.observatoriourbano.cl/Ipt/cehu_resultado_decreto.asp?r=0&c=193&i=25"},"geometry":{"type":"Polygon","coordinates":[[[-70.536645,-33.426555],[-70.536894,-33.426554],[-70.536889,-33.426249],[-70.536641,-33.426247],[-70.536645,-33.426555]]]}},{"type":"Feature","properties":{"zona":"AV","nombre":"AV Zona de Áreas Verdes","upref":"Area Verde","uperm":"Área verde.","uproh":"Todo uso no mencionado como permitido.","url":"http://www.observatoriourbano.cl/Ipt/cehu_resultado_decreto.asp?r=0&c=193&i=25"},"geometry":{"type":"Polygon","coordinates":[[[-70.535898,-33.426556],[-70.536141,-33.426553],[-70.536137,-33.426257],[-70.535893,-33.42626],[-70.535898,-33.426556]]]}},{"type":"Feature","properties":{"zona":"AV","nombre":"AV Zona de Áreas Verdes","upref":"Area Verde","uperm":"Área verde.","uproh":"Todo uso no mencionado como permitido.","url":"http://www.observatoriourbano.cl/Ipt/cehu_resultado_decreto.asp?r=0&c=193&i=25"},"geometry":{"type":"Polygon","coordinates":[[[-70.535138,-33.426548],[-70.535395,-33.426546],[-70.535389,-33.426263],[-70.535135,-33.426263],[-70.535138,-33.426548]]]}},{"type":"Feature","properties":{"zona":"AV","nombre":"AV Zona de Áreas Verdes","upref":"Area Verde","uperm":"Área verde.","uproh":"Todo uso no mencionado como permitido.","url":"http://www.observatoriourbano.cl/Ipt/cehu_resultado_decreto.asp?r=0&c=193&i=25"},"geometry":{"type":"Polygon","coordinates":[[[-70.533591,-33.426564],[-70.534041,-33.426567],[-70.534048,-33.426518],[-70.534047,-33.426272],[-70.533871,-33.42627],[-70.533589,-33.426273],[-70.533587,-33.426473],[-70.533589,-33.426554],[-70.533591,-33.426564]]]}},{"type":"Feature","properties":{"zona":"AV","nombre":"AV Zona de Áreas Verdes","upref":"Area Verde","uperm":"Área verde.","uproh":"Todo uso no mencionado como permitido.","url":"http://www.observatoriourbano.cl/Ipt/cehu_resultado_decreto.asp?r=0&c=193&i=25"},"geometry":{"type":"Polygon","coordinates":[[[-70.532639,-33.426568],[-70.533082,-33.426567],[-70.533081,-33.426487],[-70.533079,-33.426271],[-70.532635,-33.426277],[-70.532639,-33.426568]]]}},{"type":"Feature","properties":{"zona":"AV","nombre":"AV Zona de Áreas Verdes","upref":"Area Verde","uperm":"Área verde.","uproh":"Todo uso no mencionado como permitido.","url":"http://www.observatoriourbano.cl/Ipt/cehu_resultado_decreto.asp?r=0&c=193&i=25"},"geometry":{"type":"Polygon","coordinates":[[[-70.531325,-33.426578],[-70.53144,-33.426578],[-70.531508,-33.426567],[-70.531501,-33.426189],[-70.531142,-33.426193],[-70.53115,-33.426571],[-70.53118,-33.426578],[-70.531325,-33.426578]]]}},{"type":"Feature","properties":{"zona":"AV","nombre":"AV Zona de Áreas Verdes","upref":"Area Verde","uperm":"Área verde.","uproh":"Todo uso no mencionado como permitido.","url":"http://www.observatoriourbano.cl/Ipt/cehu_resultado_decreto.asp?r=0&c=193&i=25"},"geometry":{"type":"Polygon","coordinates":[[[-70.530303,-33.42659],[-70.530318,-33.42659],[-70.530616,-33.426586],[-70.530631,-33.426586],[-70.530639,-33.426578],[-70.530639,-33.426574],[-70.530639,-33.426563],[-70.530639,-33.426201],[-70.53028,-33.426204],[-70.530288,-33.426567],[-70.530288,-33.426578],[-70.530295,-33.42659],[-70.530303,-33.42659]]]}},{"type":"Feature","properties":{"zona":"AV","nombre":"AV Zona de Áreas Verdes","upref":"Area Verde","uperm":"Área verde.","uproh":"Todo uso no mencionado como permitido.","url":"http://www.observatoriourbano.cl/Ipt/cehu_resultado_decreto.asp?r=0&c=193&i=25"},"geometry":{"type":"Polygon","coordinates":[[[-70.530288,-33.425388],[-70.530272,-33.425396],[-70.530265,-33.425399],[-70.530265,-33.425411],[-70.530272,-33.425773],[-70.530623,-33.42577],[-70.530623,-33.425426],[-70.530623,-33.425403],[-70.530623,-33.425392],[-70.530616,-33.425388],[-70.530608,-33.425384],[-70.530303,-33.425388],[-70.530288,-33.425388]]]}},{"type":"Feature","properties":{"zona":"AV","nombre":"AV Zona de Áreas Verdes","upref":"Area Verde","uperm":"Área verde.","uproh":"Todo uso no mencionado como permitido.","url":"http://www.observatoriourbano.cl/Ipt/cehu_resultado_decreto.asp?r=0&c=193&i=25"},"geometry":{"type":"Polygon","coordinates":[[[-70.530261,-33.424582],[-70.530263,-33.424965],[-70.530613,-33.424959],[-70.530611,-33.424575],[-70.530261,-33.424582]]]}},{"type":"Feature","properties":{"zona":"AV","nombre":"AV Zona de Áreas Verdes","upref":"Area Verde","uperm":"Área verde.","uproh":"Todo uso no mencionado como permitido.","url":"http://www.observatoriourbano.cl/Ipt/cehu_resultado_decreto.asp?r=0&c=193&i=25"},"geometry":{"type":"Polygon","coordinates":[[[-70.531119,-33.424564],[-70.531119,-33.425041],[-70.531508,-33.424686],[-70.531119,-33.424564]]]}},{"type":"Feature","properties":{"zona":"AV","nombre":"AV Zona de Áreas Verdes","upref":"Area Verde","uperm":"Área verde.","uproh":"Todo uso no mencionado como permitido.","url":"http://www.observatoriourbano.cl/Ipt/cehu_resultado_decreto.asp?r=0&c=193&i=25"},"geometry":{"type":"Polygon","coordinates":[[[-70.532348,-33.424411],[-70.533187,-33.425056],[-70.533173,-33.425007],[-70.533167,-33.424971],[-70.533139,-33.424406],[-70.533137,-33.4244],[-70.533135,-33.424394],[-70.533132,-33.424389],[-70.533127,-33.424385],[-70.53312,-33.424381],[-70.533113,-33.42438],[-70.533106,-33.424381],[-70.532348,-33.424411]]]}},{"type":"Feature","properties":{"zona":"AV","nombre":"AV Zona de Áreas Verdes","upref":"Area Verde","uperm":"Área verde.","uproh":"Todo uso no mencionado como permitido.","url":"http://www.observatoriourbano.cl/Ipt/cehu_resultado_decreto.asp?r=0&c=193&i=25"},"geometry":{"type":"Polygon","coordinates":[[[-70.533637,-33.424358],[-70.53366,-33.424667],[-70.533912,-33.424659],[-70.533896,-33.42435],[-70.533637,-33.424358]]]}},{"type":"Feature","properties":{"zona":"AV","nombre":"AV Zona de Áreas Verdes","upref":"Area Verde","uperm":"Área verde.","uproh":"Todo uso no mencionado como permitido.","url":"http://www.observatoriourbano.cl/Ipt/cehu_resultado_decreto.asp?r=0&c=193&i=25"},"geometry":{"type":"Polygon","coordinates":[[[-70.534394,-33.424346],[-70.534415,-33.424642],[-70.534648,-33.424636],[-70.534638,-33.424339],[-70.534394,-33.424346]]]}},{"type":"Feature","properties":{"zona":"AV","nombre":"AV Zona de Áreas Verdes","upref":"Area Verde","uperm":"Área verde.","uproh":"Todo uso no mencionado como permitido.","url":"http://www.observatoriourbano.cl/Ipt/cehu_resultado_decreto.asp?r=0&c=193&i=25"},"geometry":{"type":"Polygon","coordinates":[[[-70.535145,-33.42432],[-70.535148,-33.42446],[-70.535408,-33.42445],[-70.5354,-33.424312],[-70.535145,-33.42432]]]}},{"type":"Feature","properties":{"zona":"AV","nombre":"AV Zona de Áreas Verdes","upref":"Area Verde","uperm":"Área verde.","uproh":"Todo uso no mencionado como permitido.","url":"http://www.observatoriourbano.cl/Ipt/cehu_resultado_decreto.asp?r=0&c=193&i=25"},"geometry":{"type":"Polygon","coordinates":[[[-70.535161,-33.424845],[-70.535177,-33.425157],[-70.535439,-33.425152],[-70.535426,-33.424834],[-70.535161,-33.424845]]]}},{"type":"Feature","properties":{"zona":"AV","nombre":"AV Zona de Áreas Verdes","upref":"Area Verde","uperm":"Área verde.","uproh":"Todo uso no mencionado como permitido.","url":"http://www.observatoriourbano.cl/Ipt/cehu_resultado_decreto.asp?r=0&c=193&i=25"},"geometry":{"type":"Polygon","coordinates":[[[-70.535984,-33.425142],[-70.535997,-33.425143],[-70.536016,-33.425141],[-70.536035,-33.425136],[-70.536052,-33.42513],[-70.536067,-33.425119],[-70.536071,-33.425111],[-70.536073,-33.425095],[-70.536064,-33.424922],[-70.535953,-33.424927],[-70.535936,-33.424935],[-70.535931,-33.424944],[-70.53593,-33.424961],[-70.535935,-33.425086],[-70.535938,-33.425118],[-70.535945,-33.42513],[-70.53597,-33.42514],[-70.535984,-33.425142]]]}},{"type":"Feature","properties":{"zona":"AV","nombre":"AV Zona de Áreas Verdes","upref":"Area Verde","uperm":"Área verde.","uproh":"Todo uso no mencionado como permitido.","url":"http://www.observatoriourbano.cl/Ipt/cehu_resultado_decreto.asp?r=0&c=193&i=25"},"geometry":{"type":"Polygon","coordinates":[[[-70.537177,-33.42509],[-70.537215,-33.425098],[-70.537485,-33.425091],[-70.537503,-33.425088],[-70.537515,-33.425084],[-70.537521,-33.425081],[-70.537511,-33.424883],[-70.537172,-33.424889],[-70.53717,-33.42505],[-70.537171,-33.425078],[-70.537177,-33.42509]]]}},{"type":"Feature","properties":{"zona":"AV","nombre":"AV Zona de Áreas Verdes","upref":"Area Verde","uperm":"Área verde.","uproh":"Todo uso no mencionado como permitido.","url":"http://www.observatoriourbano.cl/Ipt/cehu_resultado_decreto.asp?r=0&c=193&i=25"},"geometry":{"type":"Polygon","coordinates":[[[-70.535924,-33.424502],[-70.53594,-33.424503],[-70.536048,-33.424496],[-70.536039,-33.424328],[-70.536018,-33.424299],[-70.536,-33.424297],[-70.53593,-33.4243],[-70.535907,-33.424304],[-70.535895,-33.424311],[-70.535909,-33.424487],[-70.535914,-33.424495],[-70.535924,-33.424502]]]}},{"type":"Feature","properties":{"zona":"AV","nombre":"AV Zona de Áreas Verdes","upref":"Area Verde","uperm":"Área verde.","uproh":"Todo uso no mencionado como permitido.","url":"http://www.observatoriourbano.cl/Ipt/cehu_resultado_decreto.asp?r=0&c=193&i=25"},"geometry":{"type":"Polygon","coordinates":[[[-70.537131,-33.424284],[-70.537141,-33.424468],[-70.537499,-33.42446],[-70.537486,-33.424276],[-70.537479,-33.424256],[-70.53747,-33.424251],[-70.537458,-33.42425],[-70.537164,-33.424264],[-70.537139,-33.424268],[-70.537133,-33.424274],[-70.537131,-33.424284]]]}},{"type":"Feature","properties":{"zona":"AV","nombre":"AV Zona de Áreas Verdes","upref":"Area Verde","uperm":"Área verde.","uproh":"Todo uso no mencionado como permitido.","url":"http://www.observatoriourbano.cl/Ipt/cehu_resultado_decreto.asp?r=0&c=193&i=25"},"geometry":{"type":"Polygon","coordinates":[[[-70.535456,-33.422806],[-70.535578,-33.422813],[-70.535701,-33.422811],[-70.5357,-33.422727],[-70.535706,-33.422144],[-70.535711,-33.421448],[-70.53571,-33.421373],[-70.535575,-33.421375],[-70.535455,-33.421372],[-70.535454,-33.421549],[-70.535453,-33.422179],[-70.535454,-33.422669],[-70.535456,-33.422806]]]}},{"type":"Feature","properties":{"zona":"AV","nombre":"AV Zona de Áreas Verdes","upref":"Area Verde","uperm":"Área verde.","uproh":"Todo uso no mencionado como permitido.","url":"http://www.observatoriourbano.cl/Ipt/cehu_resultado_decreto.asp?r=0&c=193&i=25"},"geometry":{"type":"Polygon","coordinates":[[[-70.53493,-33.425622],[-70.534783,-33.425627],[-70.534704,-33.42562],[-70.534713,-33.425804],[-70.535201,-33.425804],[-70.535384,-33.425804],[-70.536132,-33.425796],[-70.536643,-33.425792],[-70.536887,-33.425792],[-70.537635,-33.425785],[-70.538151,-33.42578],[-70.538127,-33.425531],[-70.537679,-33.425544],[-70.537021,-33.425565],[-70.536635,-33.425573],[-70.535996,-33.425591],[-70.535198,-33.425616],[-70.53493,-33.425622]]]}},{"type":"Feature","properties":{"zona":"AV","nombre":"AV Zona de Áreas Verdes","upref":"Area Verde","uperm":"Área verde.","uproh":"Todo uso no mencionado como permitido.","url":"http://www.observatoriourbano.cl/Ipt/cehu_resultado_decreto.asp?r=0&c=193&i=25"},"geometry":{"type":"Polygon","coordinates":[[[-70.540786,-33.423431],[-70.541381,-33.423515],[-70.541385,-33.423245],[-70.541052,-33.423205],[-70.54079,-33.423174],[-70.540789,-33.423207],[-70.540786,-33.423431]]]}},{"type":"Feature","properties":{"zona":"AV","nombre":"AV Zona de Áreas Verdes","upref":"Area Verde","uperm":"Área verde.","uproh":"Todo uso no mencionado como permitido.","url":"http://www.observatoriourbano.cl/Ipt/cehu_resultado_decreto.asp?r=0&c=193&i=25"},"geometry":{"type":"Polygon","coordinates":[[[-70.542008,-33.423211],[-70.542619,-33.423286],[-70.542625,-33.423038],[-70.542015,-33.422966],[-70.542008,-33.423211]]]}},{"type":"Feature","properties":{"zona":"AV","nombre":"AV Zona de Áreas Verdes","upref":"Area Verde","uperm":"Área verde.","uproh":"Todo uso no mencionado como permitido.","url":"http://www.observatoriourbano.cl/Ipt/cehu_resultado_decreto.asp?r=0&c=193&i=25"},"geometry":{"type":"Polygon","coordinates":[[[-70.540817,-33.421749],[-70.541404,-33.421817],[-70.541409,-33.42153],[-70.54082,-33.421466],[-70.540817,-33.421749]]]}},{"type":"Feature","properties":{"zona":"AV","nombre":"AV Zona de Áreas Verdes","upref":"Area Verde","uperm":"Área verde.","uproh":"Todo uso no mencionado como permitido.","url":"http://www.observatoriourbano.cl/Ipt/cehu_resultado_decreto.asp?r=0&c=193&i=25"},"geometry":{"type":"Polygon","coordinates":[[[-70.542021,-33.421533],[-70.542652,-33.421607],[-70.542655,-33.421375],[-70.542024,-33.421297],[-70.542021,-33.421533]]]}},{"type":"Feature","properties":{"zona":"AV","nombre":"AV Zona de Áreas Verdes","upref":"Area Verde","uperm":"Área verde.","uproh":"Todo uso no mencionado como permitido.","url":"http://www.observatoriourbano.cl/Ipt/cehu_resultado_decreto.asp?r=0&c=193&i=25"},"geometry":{"type":"Polygon","coordinates":[[[-70.532399,-33.42067],[-70.532572,-33.420821],[-70.532717,-33.420701],[-70.532551,-33.420551],[-70.532399,-33.42067]]]}},{"type":"Feature","properties":{"zona":"AV","nombre":"AV Zona de Áreas Verdes","upref":"Area Verde","uperm":"Área verde.","uproh":"Todo uso no mencionado como permitido.","url":"http://www.observatoriourbano.cl/Ipt/cehu_resultado_decreto.asp?r=0&c=193&i=25"},"geometry":{"type":"Polygon","coordinates":[[[-70.534372,-33.41891],[-70.534689,-33.418974],[-70.534744,-33.418796],[-70.534418,-33.418727],[-70.534372,-33.41891]]]}},{"type":"Feature","properties":{"zona":"AV","nombre":"AV Zona de Áreas Verdes","upref":"Area Verde","uperm":"Área verde.","uproh":"Todo uso no mencionado como permitido.","url":"http://www.observatoriourbano.cl/Ipt/cehu_resultado_decreto.asp?r=0&c=193&i=25"},"geometry":{"type":"Polygon","coordinates":[[[-70.535514,-33.419162],[-70.535638,-33.419185],[-70.536167,-33.417447],[-70.53604,-33.417419],[-70.535924,-33.417395],[-70.535399,-33.419125],[-70.535514,-33.419162]]]}},{"type":"Feature","properties":{"zona":"AV","nombre":"AV Zona de Áreas Verdes","upref":"Area Verde","uperm":"Área verde.","uproh":"Todo uso no mencionado como permitido.","url":"http://www.observatoriourbano.cl/Ipt/cehu_resultado_decreto.asp?r=0&c=193&i=25"},"geometry":{"type":"Polygon","coordinates":[[[-70.53012,-33.420265],[-70.53012,-33.420887],[-70.530509,-33.420581],[-70.530412,-33.420494],[-70.530875,-33.420122],[-70.530593,-33.420124],[-70.53012,-33.420127],[-70.53012,-33.420265]]]}},{"type":"Feature","properties":{"zona":"AV","nombre":"AV Zona de Áreas Verdes","upref":"Area Verde","uperm":"Área verde.","uproh":"Todo uso no mencionado como permitido.","url":"http://www.observatoriourbano.cl/Ipt/cehu_resultado_decreto.asp?r=0&c=193&i=25"},"geometry":{"type":"Polygon","coordinates":[[[-70.546284,-33.424612],[-70.547577,-33.424755],[-70.547661,-33.42424],[-70.547668,-33.424196],[-70.547022,-33.423702],[-70.547338,-33.423402],[-70.547426,-33.423318],[-70.54678,-33.422823],[-70.546755,-33.422829],[-70.546645,-33.422848],[-70.546569,-33.422851],[-70.546353,-33.42286],[-70.546349,-33.42292],[-70.546342,-33.423081],[-70.546335,-33.423491],[-70.546329,-33.423949],[-70.546326,-33.42407],[-70.546336,-33.424359],[-70.546261,-33.424432],[-70.546217,-33.424606],[-70.546284,-33.424612]]]}},{"type":"Feature","properties":{"zona":"AV","nombre":"AV Zona de Áreas Verdes","upref":"Area Verde","uperm":"Área verde.","uproh":"Todo uso no mencionado como permitido.","url":"http://www.observatoriourbano.cl/Ipt/cehu_resultado_decreto.asp?r=0&c=193&i=25"},"geometry":{"type":"Polygon","coordinates":[[[-70.54863,-33.423854],[-70.549302,-33.423934],[-70.549378,-33.423489],[-70.549484,-33.423435],[-70.549362,-33.423362],[-70.549255,-33.423278],[-70.54863,-33.423854]]]}},{"type":"Feature","properties":{"zona":"AV","nombre":"AV Zona de Áreas Verdes","upref":"Area Verde","uperm":"Área verde.","uproh":"Todo uso no mencionado como permitido.","url":"http://www.observatoriourbano.cl/Ipt/cehu_resultado_decreto.asp?r=0&c=193&i=25"},"geometry":{"type":"Polygon","coordinates":[[[-70.543847,-33.423436],[-70.544442,-33.423509],[-70.544448,-33.423263],[-70.543853,-33.423191],[-70.543847,-33.423436]]]}},{"type":"Feature","properties":{"zona":"AV","nombre":"AV Zona de Áreas Verdes","upref":"Area Verde","uperm":"Área verde.","uproh":"Todo uso no mencionado como permitido.","url":"http://www.observatoriourbano.cl/Ipt/cehu_resultado_decreto.asp?r=0&c=193&i=25"},"geometry":{"type":"Polygon","coordinates":[[[-70.545085,-33.421932],[-70.545693,-33.421991],[-70.5457,-33.421638],[-70.545089,-33.421566],[-70.545085,-33.421932]]]}},{"type":"Feature","properties":{"zona":"AV","nombre":"AV Zona de Áreas Verdes","upref":"Area Verde","uperm":"Área verde.","uproh":"Todo uso no mencionado como permitido.","url":"http://www.observatoriourbano.cl/Ipt/cehu_resultado_decreto.asp?r=0&c=193&i=25"},"geometry":{"type":"Polygon","coordinates":[[[-70.543883,-33.421656],[-70.544481,-33.421727],[-70.544487,-33.421493],[-70.544488,-33.421438],[-70.543888,-33.421366],[-70.543883,-33.421656]]]}},{"type":"Feature","properties":{"zona":"AV","nombre":"AV Zona de Áreas Verdes","upref":"Area Verde","uperm":"Área verde.","uproh":"Todo uso no mencionado como permitido.","url":"http://www.observatoriourbano.cl/Ipt/cehu_resultado_decreto.asp?r=0&c=193&i=25"},"geometry":{"type":"Polygon","coordinates":[[[-70.547989,-33.419715],[-70.54853,-33.419784],[-70.548622,-33.419303],[-70.54808,-33.419246],[-70.547989,-33.419715]]]}},{"type":"Feature","properties":{"zona":"AV","nombre":"AV Zona de Áreas Verdes","upref":"Area Verde","uperm":"Área verde.","uproh":"Todo uso no mencionado como permitido.","url":"http://www.observatoriourbano.cl/Ipt/cehu_resultado_decreto.asp?r=0&c=193&i=25"},"geometry":{"type":"Polygon","coordinates":[[[-70.545113,-33.420372],[-70.5457,-33.420439],[-70.545701,-33.420396],[-70.545704,-33.420272],[-70.545709,-33.420097],[-70.545121,-33.420039],[-70.545116,-33.420228],[-70.545113,-33.420353],[-70.545113,-33.420372]]]}},{"type":"Feature","properties":{"zona":"AV","nombre":"AV Zona de Áreas Verdes","upref":"Area Verde","uperm":"Área verde.","uproh":"Todo uso no mencionado como permitido.","url":"http://www.observatoriourbano.cl/Ipt/cehu_resultado_decreto.asp?r=0&c=193&i=25"},"geometry":{"type":"Polygon","coordinates":[[[-70.544534,-33.419764],[-70.545126,-33.419839],[-70.545135,-33.419445],[-70.545073,-33.419443],[-70.54454,-33.41938],[-70.544534,-33.419764]]]}},{"type":"Feature","properties":{"zona":"AV","nombre":"AV Zona de Áreas Verdes","upref":"Area Verde","uperm":"Área verde.","uproh":"Todo uso no mencionado como permitido.","url":"http://www.observatoriourbano.cl/Ipt/cehu_resultado_decreto.asp?r=0&c=193&i=25"},"geometry":{"type":"Polygon","coordinates":[[[-70.540833,-33.420187],[-70.541425,-33.420244],[-70.541427,-33.420002],[-70.54084,-33.419929],[-70.540833,-33.420187]]]}},{"type":"Feature","properties":{"zona":"AV","nombre":"AV Zona de Áreas Verdes","upref":"Area Verde","uperm":"Área verde.","uproh":"Todo uso no mencionado como permitido.","url":"http://www.observatoriourbano.cl/Ipt/cehu_resultado_decreto.asp?r=0&c=193&i=25"},"geometry":{"type":"Polygon","coordinates":[[[-70.54117,-33.418941],[-70.541458,-33.418975],[-70.541458,-33.418422],[-70.541191,-33.418387],[-70.54117,-33.418941]]]}},{"type":"Feature","properties":{"zona":"AV","nombre":"AV Zona de Áreas Verdes","upref":"Area Verde","uperm":"Área verde.","uproh":"Todo uso no mencionado como permitido.","url":"http://www.observatoriourbano.cl/Ipt/cehu_resultado_decreto.asp?r=0&c=193&i=25"},"geometry":{"type":"Polygon","coordinates":[[[-70.543298,-33.420126],[-70.54392,-33.420201],[-70.543926,-33.419854],[-70.543303,-33.419785],[-70.543298,-33.420126]]]}},{"type":"Feature","properties":{"zona":"AV","nombre":"AV Zona de Áreas Verdes","upref":"Area Verde","uperm":"Área verde.","uproh":"Todo uso no mencionado como permitido.","url":"http://www.observatoriourbano.cl/Ipt/cehu_resultado_decreto.asp?r=0&c=193&i=25"},"geometry":{"type":"Polygon","coordinates":[[[-70.542067,-33.419809],[-70.542686,-33.419883],[-70.542692,-33.419596],[-70.542076,-33.419514],[-70.542076,-33.419563],[-70.542067,-33.419809]]]}},{"type":"Feature","properties":{"zona":"AV","nombre":"AV Zona de Áreas Verdes","upref":"Area Verde","uperm":"Área verde.","uproh":"Todo uso no mencionado como permitido.","url":"http://www.observatoriourbano.cl/Ipt/cehu_resultado_decreto.asp?r=0&c=193&i=25"},"geometry":{"type":"Polygon","coordinates":[[[-70.543334,-33.418151],[-70.543953,-33.418224],[-70.543961,-33.417805],[-70.543344,-33.417746],[-70.543334,-33.418151]]]}},{"type":"Feature","properties":{"zona":"AV","nombre":"AV Zona de Áreas Verdes","upref":"Area Verde","uperm":"Área verde.","uproh":"Todo uso no mencionado como permitido.","url":"http://www.observatoriourbano.cl/Ipt/cehu_resultado_decreto.asp?r=0&c=193&i=25"},"geometry":{"type":"Polygon","coordinates":[[[-70.543006,-33.419181],[-70.543312,-33.419223],[-70.543334,-33.418662],[-70.543262,-33.418649],[-70.543008,-33.418618],[-70.543006,-33.419181]]]}},{"type":"Feature","properties":{"zona":"AV","nombre":"AV Zona de Áreas Verdes","upref":"Area Verde","uperm":"Área verde.","uproh":"Todo uso no mencionado como permitido.","url":"http://www.observatoriourbano.cl/Ipt/cehu_resultado_decreto.asp?r=0&c=193&i=25"},"geometry":{"type":"Polygon","coordinates":[[[-70.54515,-33.418399],[-70.545135,-33.418914],[-70.545156,-33.418901],[-70.545168,-33.418898],[-70.545194,-33.418897],[-70.54526,-33.418907],[-70.545652,-33.418957],[-70.545651,-33.418463],[-70.54515,-33.418399]]]}},{"type":"Feature","properties":{"zona":"AV","nombre":"AV Zona de Áreas Verdes","upref":"Area Verde","uperm":"Área verde.","uproh":"Todo uso no mencionado como permitido.","url":"http://www.observatoriourbano.cl/Ipt/cehu_resultado_decreto.asp?r=0&c=193&i=25"},"geometry":{"type":"Polygon","coordinates":[[[-70.54633,-33.418338],[-70.546327,-33.418542],[-70.546476,-33.418536],[-70.546579,-33.417995],[-70.546682,-33.417435],[-70.546375,-33.417394],[-70.545777,-33.417318],[-70.545767,-33.417766],[-70.545765,-33.417909],[-70.546347,-33.41798],[-70.54633,-33.418338]]]}},{"type":"Feature","properties":{"zona":"AV","nombre":"AV Zona de Áreas Verdes","upref":"Area Verde","uperm":"Área verde.","uproh":"Todo uso no mencionado como permitido.","url":"http://www.observatoriourbano.cl/Ipt/cehu_resultado_decreto.asp?r=0&c=193&i=25"},"geometry":{"type":"Polygon","coordinates":[[[-70.542083,-33.417833],[-70.542714,-33.417914],[-70.542716,-33.417777],[-70.542717,-33.417707],[-70.542085,-33.417636],[-70.542083,-33.417678],[-70.542083,-33.417833]]]}},{"type":"Feature","properties":{"zona":"AV","nombre":"AV Zona de Áreas Verdes","upref":"Area Verde","uperm":"Área verde.","uproh":"Todo uso no mencionado como permitido.","url":"http://www.observatoriourbano.cl/Ipt/cehu_resultado_decreto.asp?r=0&c=193&i=25"},"geometry":{"type":"Polygon","coordinates":[[[-70.548714,-33.418815],[-70.549072,-33.418865],[-70.549164,-33.418373],[-70.54919,-33.418244],[-70.549214,-33.418123],[-70.549251,-33.417931],[-70.549267,-33.417833],[-70.548919,-33.417788],[-70.548898,-33.417855],[-70.54882,-33.418256],[-70.548727,-33.418736],[-70.548714,-33.418815]]]}},{"type":"Feature","properties":{"zona":"AV","nombre":"AV Zona de Áreas Verdes","upref":"Area Verde","uperm":"Área verde.","uproh":"Todo uso no mencionado como permitido.","url":"http://www.observatoriourbano.cl/Ipt/cehu_resultado_decreto.asp?r=0&c=193&i=25"},"geometry":{"type":"Polygon","coordinates":[[[-70.553088,-33.418362],[-70.553118,-33.418362],[-70.553146,-33.418358],[-70.553207,-33.418345],[-70.553279,-33.418317],[-70.553369,-33.418263],[-70.553376,-33.418257],[-70.553449,-33.418193],[-70.553492,-33.418123],[-70.553523,-33.418029],[-70.553529,-33.41799],[-70.553525,-33.417946],[-70.553518,-33.417883],[-70.553511,-33.417856],[-70.553483,-33.41779],[-70.553467,-33.417757],[-70.553446,-33.417727],[-70.553428,-33.417702],[-70.553417,-33.41769],[-70.553386,-33.417668],[-70.553339,-33.41764],[-70.553301,-33.417625],[-70.553264,-33.417609],[-70.553243,-33.417598],[-70.553197,-33.417585],[-70.553151,-33.417578],[-70.553121,-33.417574],[-70.553098,-33.417572],[-70.553049,-33.417569],[-70.553022,-33.41757],[-70.552984,-33.417574],[-70.552952,-33.417578],[-70.552909,-33.417586],[-70.552877,-33.417594],[-70.552847,-33.417603],[-70.552825,-33.417614],[-70.552777,-33.417639],[-70.552737,-33.417668],[-70.5527,-33.417699],[-70.552675,-33.417727],[-70.552657,-33.417747],[-70.552647,-33.417768],[-70.552623,-33.41781],[-70.552607,-33.417855],[-70.552596,-33.417898],[-70.55259,-33.417963],[-70.552595,-33.418019],[-70.552609,-33.41807],[-70.552629,-33.418124],[-70.55265,-33.418165],[-70.552672,-33.418199],[-70.552673,-33.4182],[-70.55269,-33.418224],[-70.552726,-33.41826],[-70.552763,-33.418287],[-70.552786,-33.4183],[-70.552801,-33.418306],[-70.552911,-33.418336],[-70.552977,-33.418349],[-70.552981,-33.41835],[-70.55304,-33.418358],[-70.553088,-33.418362]]]}},{"type":"Feature","properties":{"zona":"AV","nombre":"AV Zona de Áreas Verdes","upref":"Area Verde","uperm":"Área verde.","uproh":"Todo uso no mencionado como permitido.","url":"http://www.observatoriourbano.cl/Ipt/cehu_resultado_decreto.asp?r=0&c=193&i=25"},"geometry":{"type":"Polygon","coordinates":[[[-70.552307,-33.416244],[-70.552361,-33.416278],[-70.552193,-33.415435],[-70.552124,-33.415099],[-70.551971,-33.415122],[-70.551857,-33.415153],[-70.55175,-33.415218],[-70.551445,-33.41545],[-70.552307,-33.416244]]]}},{"type":"Feature","properties":{"zona":"AV","nombre":"AV Zona de Áreas Verdes","upref":"Area Verde","uperm":"Área verde.","uproh":"Todo uso no mencionado como permitido.","url":"http://www.observatoriourbano.cl/Ipt/cehu_resultado_decreto.asp?r=0&c=193&i=25"},"geometry":{"type":"Polygon","coordinates":[[[-70.537419,-33.408837],[-70.537994,-33.408977],[-70.538177,-33.408565],[-70.538406,-33.408057],[-70.538383,-33.40805],[-70.537833,-33.407863],[-70.53781,-33.407855],[-70.537419,-33.408837]]]}},{"type":"Feature","properties":{"zona":"AV","nombre":"AV Zona de Áreas Verdes","upref":"Area Verde","uperm":"Área verde.","uproh":"Todo uso no mencionado como permitido.","url":"http://www.observatoriourbano.cl/Ipt/cehu_resultado_decreto.asp?r=0&c=193&i=25"},"geometry":{"type":"Polygon","coordinates":[[[-70.538436,-33.410091],[-70.538652,-33.410158],[-70.539033,-33.409305],[-70.538818,-33.40924],[-70.538634,-33.409641],[-70.538436,-33.410091]]]}},{"type":"Feature","properties":{"zona":"AV","nombre":"AV Zona de Áreas Verdes","upref":"Area Verde","uperm":"Área verde.","uproh":"Todo uso no mencionado como permitido.","url":"http://www.observatoriourbano.cl/Ipt/cehu_resultado_decreto.asp?r=0&c=193&i=25"},"geometry":{"type":"Polygon","coordinates":[[[-70.532484,-33.414239],[-70.532502,-33.414269],[-70.532462,-33.413795],[-70.532356,-33.413821],[-70.532249,-33.413847],[-70.532197,-33.41386],[-70.53212,-33.413872],[-70.531981,-33.41389],[-70.532021,-33.413914],[-70.532084,-33.413939],[-70.532144,-33.413956],[-70.532209,-33.41398],[-70.532258,-33.414003],[-70.532327,-33.414045],[-70.532362,-33.414075],[-70.532407,-33.414124],[-70.532452,-33.414185],[-70.532484,-33.414239]]]}},{"type":"Feature","properties":{"zona":"AV","nombre":"AV Zona de Áreas Verdes","upref":"Area Verde","uperm":"Área verde.","uproh":"Todo uso no mencionado como permitido.","url":"http://www.observatoriourbano.cl/Ipt/cehu_resultado_decreto.asp?r=0&c=193&i=25"},"geometry":{"type":"Polygon","coordinates":[[[-70.52027,-33.410903],[-70.520392,-33.411651],[-70.521444,-33.411509],[-70.521702,-33.411472],[-70.521623,-33.410817],[-70.521181,-33.410696],[-70.521069,-33.410675],[-70.520318,-33.410444],[-70.5203,-33.410507],[-70.52027,-33.410686],[-70.52027,-33.410903]]]}},{"type":"Feature","properties":{"zona":"AV","nombre":"AV Zona de Áreas Verdes","upref":"Area Verde","uperm":"Área verde.","uproh":"Todo uso no mencionado como permitido.","url":"http://www.observatoriourbano.cl/Ipt/cehu_resultado_decreto.asp?r=0&c=193&i=25"},"geometry":{"type":"Polygon","coordinates":[[[-70.530119,-33.391669],[-70.531634,-33.392265],[-70.531451,-33.392075],[-70.531358,-33.391951],[-70.531249,-33.391785],[-70.531208,-33.391734],[-70.531129,-33.391666],[-70.531046,-33.391619],[-70.531023,-33.391606],[-70.531009,-33.391598],[-70.530402,-33.391349],[-70.530243,-33.3913],[-70.530063,-33.391246],[-70.529549,-33.391099],[-70.529424,-33.391054],[-70.52925,-33.390987],[-70.529208,-33.39097],[-70.528951,-33.390863],[-70.528869,-33.390823],[-70.52864,-33.390675],[-70.528564,-33.390634],[-70.528452,-33.390591],[-70.528255,-33.39052],[-70.528179,-33.390482],[-70.528113,-33.390436],[-70.527864,-33.390236],[-70.527799,-33.39018],[-70.527661,-33.390065],[-70.52743,-33.389859],[-70.527332,-33.389761],[-70.527142,-33.389562],[-70.527064,-33.389464],[-70.526996,-33.389382],[-70.525975,-33.38866],[-70.524954,-33.387938],[-70.524516,-33.38763],[-70.524121,-33.387353],[-70.523524,-33.386924],[-70.523228,-33.386714],[-70.52303,-33.38658],[-70.522927,-33.386518],[-70.522823,-33.386474],[-70.522746,-33.38642],[-70.522439,-33.386275],[-70.522046,-33.38612],[-70.522026,-33.386112],[-70.521801,-33.386023],[-70.521674,-33.385986],[-70.521148,-33.385858],[-70.520489,-33.385678],[-70.520039,-33.385536],[-70.519921,-33.385479],[-70.519733,-33.385374],[-70.519431,-33.385167],[-70.519269,-33.385047],[-70.519106,-33.385248],[-70.519116,-33.385252],[-70.519203,-33.385306],[-70.519268,-33.38535],[-70.519317,-33.38539],[-70.519377,-33.385457],[-70.519448,-33.385533],[-70.519503,-33.385582],[-70.519579,-33.385621],[-70.519693,-33.38567],[-70.520136,-33.385813],[-70.520688,-33.38601],[-70.521031,-33.386133],[-70.521114,-33.386179],[-70.521192,-33.38621],[-70.521276,-33.386236],[-70.52158,-33.386335],[-70.522068,-33.38655],[-70.522512,-33.386765],[-70.522749,-33.386888],[-70.52303,-33.387087],[-70.523166,-33.387183],[-70.523173,-33.387188],[-70.524211,-33.38792],[-70.526507,-33.389538],[-70.526758,-33.389727],[-70.526905,-33.389828],[-70.527277,-33.390109],[-70.52728,-33.390111],[-70.527876,-33.390561],[-70.528247,-33.390827],[-70.528488,-33.390969],[-70.528663,-33.391065],[-70.529149,-33.391275],[-70.529978,-33.391605],[-70.530119,-33.391669]]]}},{"type":"Feature","properties":{"zona":"AV","nombre":"AV Zona de Áreas Verdes","upref":"Area Verde","uperm":"Área verde.","uproh":"Todo uso no mencionado como permitido.","url":"http://www.observatoriourbano.cl/Ipt/cehu_resultado_decreto.asp?r=0&c=193&i=25"},"geometry":{"type":"Polygon","coordinates":[[[-70.525864,-33.386473],[-70.526382,-33.386825],[-70.526497,-33.386735],[-70.526803,-33.386506],[-70.526951,-33.386397],[-70.526981,-33.386375],[-70.527158,-33.386244],[-70.526578,-33.385815],[-70.526549,-33.385806],[-70.526534,-33.385806],[-70.526497,-33.385816],[-70.526458,-33.385847],[-70.525818,-33.386356],[-70.525796,-33.386384],[-70.525797,-33.386403],[-70.525812,-33.386433],[-70.525864,-33.386473]]]}},{"type":"Feature","properties":{"zona":"AV","nombre":"AV Zona de Áreas Verdes","upref":"Area Verde","uperm":"Área verde.","uproh":"Todo uso no mencionado como permitido.","url":"http://www.observatoriourbano.cl/Ipt/cehu_resultado_decreto.asp?r=0&c=193&i=25"},"geometry":{"type":"Polygon","coordinates":[[[-70.505862,-33.395949],[-70.505892,-33.39604],[-70.506094,-33.395995],[-70.505822,-33.395292],[-70.50578,-33.395172],[-70.505489,-33.394431],[-70.505429,-33.394312],[-70.505356,-33.394205],[-70.505264,-33.394092],[-70.505152,-33.393974],[-70.505003,-33.393843],[-70.504987,-33.393829],[-70.504691,-33.393539],[-70.504441,-33.393293],[-70.504369,-33.393242],[-70.504308,-33.393171],[-70.50394,-33.392822],[-70.50388,-33.392753],[-70.503837,-33.392689],[-70.503778,-33.392577],[-70.503718,-33.392493],[-70.503662,-33.39244],[-70.503457,-33.392282],[-70.503193,-33.392065],[-70.502941,-33.391872],[-70.502472,-33.391495],[-70.502437,-33.391458],[-70.502369,-33.391399],[-70.502234,-33.391295],[-70.502102,-33.391202],[-70.502033,-33.391158],[-70.502006,-33.391145],[-70.501951,-33.391113],[-70.501872,-33.391072],[-70.501802,-33.391042],[-70.501719,-33.391008],[-70.501616,-33.390967],[-70.501485,-33.390915],[-70.501433,-33.390892],[-70.501074,-33.390753],[-70.500909,-33.390975],[-70.501908,-33.39151],[-70.50244,-33.391845],[-70.50331,-33.39242],[-70.503525,-33.392629],[-70.503594,-33.392728],[-70.503664,-33.392805],[-70.503895,-33.393069],[-70.503901,-33.393077],[-70.504054,-33.393252],[-70.504158,-33.393359],[-70.504211,-33.393431],[-70.504626,-33.393899],[-70.504971,-33.394389],[-70.50515,-33.394636],[-70.505152,-33.394639],[-70.505569,-33.395371],[-70.505862,-33.395949]]]}},{"type":"Feature","properties":{"zona":"AV","nombre":"AV Zona de Áreas Verdes","upref":"Area Verde","uperm":"Área verde.","uproh":"Todo uso no mencionado como permitido.","url":"http://www.observatoriourbano.cl/Ipt/cehu_resultado_decreto.asp?r=0&c=193&i=25"},"geometry":{"type":"Polygon","coordinates":[[[-70.505493,-33.393151],[-70.50555,-33.393227],[-70.505702,-33.39315],[-70.505647,-33.393059],[-70.505597,-33.392976],[-70.505529,-33.392876],[-70.505461,-33.392791],[-70.505418,-33.392751],[-70.505277,-33.392819],[-70.505391,-33.393],[-70.505493,-33.393151]]]}},{"type":"Feature","properties":{"zona":"AV","nombre":"AV Zona de Áreas Verdes","upref":"Area Verde","uperm":"Área verde.","uproh":"Todo uso no mencionado como permitido.","url":"http://www.observatoriourbano.cl/Ipt/cehu_resultado_decreto.asp?r=0&c=193&i=25"},"geometry":{"type":"Polygon","coordinates":[[[-70.506297,-33.392589],[-70.506439,-33.392796],[-70.506599,-33.392718],[-70.506563,-33.392657],[-70.506471,-33.392507],[-70.506374,-33.392373],[-70.506321,-33.392313],[-70.506179,-33.392382],[-70.506248,-33.39251],[-70.506297,-33.392589]]]}},{"type":"Feature","properties":{"zona":"AV","nombre":"AV Zona de Áreas Verdes","upref":"Area Verde","uperm":"Área verde.","uproh":"Todo uso no mencionado como permitido.","url":"http://www.observatoriourbano.cl/Ipt/cehu_resultado_decreto.asp?r=0&c=193&i=25"},"geometry":{"type":"Polygon","coordinates":[[[-70.507211,-33.394386],[-70.507316,-33.394548],[-70.507362,-33.394379],[-70.507468,-33.394095],[-70.507133,-33.394261],[-70.507211,-33.394386]]]}},{"type":"Feature","properties":{"zona":"AV","nombre":"AV Zona de Áreas Verdes","upref":"Area Verde","uperm":"Área verde.","uproh":"Todo uso no mencionado como permitido.","url":"http://www.observatoriourbano.cl/Ipt/cehu_resultado_decreto.asp?r=0&c=193&i=25"},"geometry":{"type":"Polygon","coordinates":[[[-70.510814,-33.393975],[-70.510845,-33.393979],[-70.510896,-33.39397],[-70.511107,-33.393911],[-70.511192,-33.393888],[-70.511142,-33.393761],[-70.511097,-33.393651],[-70.510994,-33.393682],[-70.510851,-33.393728],[-70.510758,-33.39375],[-70.510733,-33.393764],[-70.510712,-33.393786],[-70.510712,-33.39389],[-70.510767,-33.39395],[-70.510814,-33.393975]]]}},{"type":"Feature","properties":{"zona":"AV","nombre":"AV Zona de Áreas Verdes","upref":"Area Verde","uperm":"Área verde.","uproh":"Todo uso no mencionado como permitido.","url":"http://www.observatoriourbano.cl/Ipt/cehu_resultado_decreto.asp?r=0&c=193&i=25"},"geometry":{"type":"Polygon","coordinates":[[[-70.513578,-33.389876],[-70.513647,-33.38988],[-70.5137,-33.389876],[-70.51386,-33.389857],[-70.513998,-33.389842],[-70.513769,-33.389491],[-70.513448,-33.38964],[-70.513395,-33.38967],[-70.513364,-33.389693],[-70.513349,-33.389708],[-70.513273,-33.389808],[-70.51341,-33.389857],[-70.513509,-33.389876],[-70.513578,-33.389876]]]}},{"type":"Feature","properties":{"zona":"AV","nombre":"AV Zona de Áreas Verdes","upref":"Area Verde","uperm":"Área verde.","uproh":"Todo uso no mencionado como permitido.","url":"http://www.observatoriourbano.cl/Ipt/cehu_resultado_decreto.asp?r=0&c=193&i=25"},"geometry":{"type":"Polygon","coordinates":[[[-70.50782,-33.392979],[-70.507742,-33.39301],[-70.507664,-33.392902],[-70.507564,-33.392939],[-70.507256,-33.393086],[-70.506968,-33.393244],[-70.506933,-33.39327],[-70.506928,-33.393283],[-70.506923,-33.393294],[-70.506923,-33.393318],[-70.506929,-33.393335],[-70.506955,-33.393388],[-70.50705,-33.393573],[-70.507053,-33.393601],[-70.507049,-33.393629],[-70.507094,-33.393611],[-70.507182,-33.393578],[-70.507343,-33.393827],[-70.507491,-33.394055],[-70.507499,-33.394019],[-70.507493,-33.393957],[-70.507483,-33.393844],[-70.507481,-33.393764],[-70.507515,-33.393698],[-70.507545,-33.393658],[-70.507652,-33.393591],[-70.507921,-33.393467],[-70.508022,-33.393426],[-70.50874,-33.393089],[-70.508832,-33.393054],[-70.509177,-33.392887],[-70.51045,-33.392268],[-70.511266,-33.391871],[-70.511381,-33.391807],[-70.511526,-33.391734],[-70.511671,-33.391673],[-70.5118,-33.391631],[-70.51193,-33.391601],[-70.511999,-33.391582],[-70.512205,-33.39154],[-70.512518,-33.391501],[-70.512632,-33.39149],[-70.512754,-33.391471],[-70.513006,-33.391414],[-70.513326,-33.391311],[-70.513423,-33.391268],[-70.513599,-33.391174],[-70.513804,-33.391063],[-70.513869,-33.391008],[-70.513967,-33.390935],[-70.514035,-33.390884],[-70.514298,-33.39068],[-70.514529,-33.390511],[-70.514707,-33.390376],[-70.51454,-33.390399],[-70.513745,-33.39047],[-70.513277,-33.390526],[-70.513069,-33.390563],[-70.512941,-33.390634],[-70.512688,-33.390769],[-70.51254,-33.390849],[-70.512268,-33.390964],[-70.512113,-33.391021],[-70.511648,-33.391158],[-70.511396,-33.391253],[-70.511045,-33.391421],[-70.510396,-33.391726],[-70.510084,-33.39188],[-70.508879,-33.392471],[-70.508762,-33.392529],[-70.508343,-33.392729],[-70.50782,-33.392979]]]}},{"type":"Feature","properties":{"zona":"AV","nombre":"AV Zona de Áreas Verdes","upref":"Area Verde","uperm":"Área verde.","uproh":"Todo uso no mencionado como permitido.","url":"http://www.observatoriourbano.cl/Ipt/cehu_resultado_decreto.asp?r=0&c=193&i=25"},"geometry":{"type":"Polygon","coordinates":[[[-70.512739,-33.393321],[-70.512795,-33.393438],[-70.513367,-33.393269],[-70.513444,-33.393254],[-70.513403,-33.39313],[-70.513343,-33.393006],[-70.512699,-33.393192],[-70.512739,-33.393321]]]}},{"type":"Feature","properties":{"zona":"AV","nombre":"AV Zona de Áreas Verdes","upref":"Area Verde","uperm":"Área verde.","uproh":"Todo uso no mencionado como permitido.","url":"http://www.observatoriourbano.cl/Ipt/cehu_resultado_decreto.asp?r=0&c=193&i=25"},"geometry":{"type":"Polygon","coordinates":[[[-70.512327,-33.39669],[-70.512548,-33.397597],[-70.513189,-33.397491],[-70.513075,-33.396472],[-70.512945,-33.396491],[-70.512312,-33.396598],[-70.512327,-33.39669]]]}},{"type":"Feature","properties":{"zona":"AV","nombre":"AV Zona de Áreas Verdes","upref":"Area Verde","uperm":"Área verde.","uproh":"Todo uso no mencionado como permitido.","url":"http://www.observatoriourbano.cl/Ipt/cehu_resultado_decreto.asp?r=0&c=193&i=25"},"geometry":{"type":"Polygon","coordinates":[[[-70.510703,-33.39787],[-70.510754,-33.397883],[-70.510802,-33.397881],[-70.510861,-33.397876],[-70.511228,-33.397809],[-70.51117,-33.397562],[-70.511151,-33.397522],[-70.511132,-33.397491],[-70.511102,-33.397461],[-70.511062,-33.397434],[-70.511056,-33.397433],[-70.511029,-33.397425],[-70.510976,-33.397419],[-70.510897,-33.397426],[-70.510605,-33.397478],[-70.510518,-33.397493],[-70.510575,-33.397735],[-70.510596,-33.397783],[-70.510627,-33.397826],[-70.510663,-33.397849],[-70.510703,-33.39787]]]}},{"type":"Feature","properties":{"zona":"AV","nombre":"AV Zona de Áreas Verdes","upref":"Area Verde","uperm":"Área verde.","uproh":"Todo uso no mencionado como permitido.","url":"http://www.observatoriourbano.cl/Ipt/cehu_resultado_decreto.asp?r=0&c=193&i=25"},"geometry":{"type":"Polygon","coordinates":[[[-70.510412,-33.396321],[-70.510461,-33.396321],[-70.510877,-33.396247],[-70.510821,-33.396096],[-70.510814,-33.396079],[-70.510804,-33.396063],[-70.510782,-33.396039],[-70.510756,-33.396023],[-70.510721,-33.396011],[-70.51067,-33.396004],[-70.510616,-33.396007],[-70.510581,-33.396013],[-70.510293,-33.396057],[-70.510196,-33.396072],[-70.510252,-33.396228],[-70.510274,-33.396263],[-70.510297,-33.396286],[-70.510331,-33.396304],[-70.510375,-33.396318],[-70.510412,-33.396321]]]}},{"type":"Feature","properties":{"zona":"AV","nombre":"AV Zona de Áreas Verdes","upref":"Area Verde","uperm":"Área verde.","uproh":"Todo uso no mencionado como permitido.","url":"http://www.observatoriourbano.cl/Ipt/cehu_resultado_decreto.asp?r=0&c=193&i=25"},"geometry":{"type":"Polygon","coordinates":[[[-70.508081,-33.39657],[-70.508101,-33.39672],[-70.508505,-33.396661],[-70.508598,-33.396622],[-70.508633,-33.396594],[-70.508664,-33.396553],[-70.508682,-33.3965],[-70.508682,-33.396444],[-70.508657,-33.3963],[-70.50829,-33.396358],[-70.508234,-33.396371],[-70.508169,-33.396396],[-70.508135,-33.396423],[-70.50811,-33.396453],[-70.50809,-33.396484],[-70.508083,-33.396522],[-70.508081,-33.39657]]]}},{"type":"Feature","properties":{"zona":"AV","nombre":"AV Zona de Áreas Verdes","upref":"Area Verde","uperm":"Área verde.","uproh":"Todo uso no mencionado como permitido.","url":"http://www.observatoriourbano.cl/Ipt/cehu_resultado_decreto.asp?r=0&c=193&i=25"},"geometry":{"type":"Polygon","coordinates":[[[-70.508411,-33.397992],[-70.508465,-33.398263],[-70.508849,-33.398213],[-70.508909,-33.3982],[-70.508943,-33.398178],[-70.508982,-33.398153],[-70.509014,-33.398108],[-70.509031,-33.398067],[-70.509037,-33.398011],[-70.508984,-33.397737],[-70.508568,-33.397793],[-70.508519,-33.397812],[-70.508465,-33.397838],[-70.508429,-33.397883],[-70.508409,-33.397941],[-70.508411,-33.397992]]]}},{"type":"Feature","properties":{"zona":"AV","nombre":"AV Zona de Áreas Verdes","upref":"Area Verde","uperm":"Área verde.","uproh":"Todo uso no mencionado como permitido.","url":"http://www.observatoriourbano.cl/Ipt/cehu_resultado_decreto.asp?r=0&c=193&i=25"},"geometry":{"type":"Polygon","coordinates":[[[-70.514751,-33.398345],[-70.515639,-33.398403],[-70.515631,-33.398139],[-70.515028,-33.398101],[-70.514715,-33.398082],[-70.514751,-33.398345]]]}},{"type":"Feature","properties":{"zona":"AV","nombre":"AV Zona de Áreas Verdes","upref":"Area Verde","uperm":"Área verde.","uproh":"Todo uso no mencionado como permitido.","url":"http://www.observatoriourbano.cl/Ipt/cehu_resultado_decreto.asp?r=0&c=193&i=25"},"geometry":{"type":"Polygon","coordinates":[[[-70.511396,-33.399291],[-70.511526,-33.399322],[-70.511537,-33.399275],[-70.511536,-33.399217],[-70.511502,-33.399077],[-70.511482,-33.399041],[-70.511447,-33.399011],[-70.511408,-33.398986],[-70.511375,-33.398979],[-70.511349,-33.398974],[-70.511311,-33.398969],[-70.511242,-33.398972],[-70.511062,-33.399005],[-70.511008,-33.399018],[-70.510946,-33.399043],[-70.510954,-33.39907],[-70.510976,-33.399093],[-70.511007,-33.399116],[-70.511043,-33.399152],[-70.511185,-33.39922],[-70.511299,-33.399261],[-70.511396,-33.399291]]]}},{"type":"Feature","properties":{"zona":"AV","nombre":"AV Zona de Áreas Verdes","upref":"Area Verde","uperm":"Área verde.","uproh":"Todo uso no mencionado como permitido.","url":"http://www.observatoriourbano.cl/Ipt/cehu_resultado_decreto.asp?r=0&c=193&i=25"},"geometry":{"type":"Polygon","coordinates":[[[-70.512241,-33.399374],[-70.512198,-33.399376],[-70.512165,-33.399371],[-70.512136,-33.399367],[-70.512054,-33.399334],[-70.511999,-33.39947],[-70.512682,-33.399668],[-70.512713,-33.399569],[-70.512724,-33.399514],[-70.512725,-33.399463],[-70.512722,-33.399407],[-70.512713,-33.39938],[-70.512694,-33.399352],[-70.512668,-33.399332],[-70.512639,-33.399319],[-70.512606,-33.399315],[-70.512576,-33.399315],[-70.512526,-33.399323],[-70.512316,-33.399365],[-70.512277,-33.399373],[-70.512254,-33.399374],[-70.512241,-33.399374]]]}},{"type":"Feature","properties":{"zona":"AV","nombre":"AV Zona de Áreas Verdes","upref":"Area Verde","uperm":"Área verde.","uproh":"Todo uso no mencionado como permitido.","url":"http://www.observatoriourbano.cl/Ipt/cehu_resultado_decreto.asp?r=0&c=193&i=25"},"geometry":{"type":"Polygon","coordinates":[[[-70.507747,-33.391807],[-70.507765,-33.39181],[-70.507783,-33.391809],[-70.508113,-33.391647],[-70.508131,-33.391638],[-70.508139,-33.391625],[-70.508139,-33.391612],[-70.508085,-33.391534],[-70.507958,-33.391595],[-70.5079,-33.391624],[-70.507714,-33.391713],[-70.507701,-33.391723],[-70.507699,-33.391755],[-70.507716,-33.391779],[-70.507731,-33.391796],[-70.507747,-33.391807]]]}},{"type":"Feature","properties":{"zona":"AV","nombre":"AV Zona de Áreas Verdes","upref":"Area Verde","uperm":"Área verde.","uproh":"Todo uso no mencionado como permitido.","url":"http://www.observatoriourbano.cl/Ipt/cehu_resultado_decreto.asp?r=0&c=193&i=25"},"geometry":{"type":"Polygon","coordinates":[[[-70.508145,-33.392382],[-70.508167,-33.392384],[-70.508193,-33.392376],[-70.508544,-33.392205],[-70.508492,-33.392129],[-70.508478,-33.392119],[-70.508464,-33.392117],[-70.508446,-33.39212],[-70.508415,-33.392134],[-70.508109,-33.392281],[-70.508098,-33.392292],[-70.508092,-33.39231],[-70.508095,-33.392332],[-70.508126,-33.392375],[-70.508145,-33.392382]]]}},{"type":"Feature","properties":{"zona":"AV","nombre":"AV Zona de Áreas Verdes","upref":"Area Verde","uperm":"Área verde.","uproh":"Todo uso no mencionado como permitido.","url":"http://www.observatoriourbano.cl/Ipt/cehu_resultado_decreto.asp?r=0&c=193&i=25"},"geometry":{"type":"Polygon","coordinates":[[[-70.503412,-33.390652],[-70.503554,-33.390746],[-70.504007,-33.390381],[-70.504445,-33.390013],[-70.504262,-33.389869],[-70.50411,-33.389773],[-70.503756,-33.390207],[-70.503412,-33.390652]]]}},{"type":"Feature","properties":{"zona":"AV","nombre":"AV Zona de Áreas Verdes","upref":"Area Verde","uperm":"Área verde.","uproh":"Todo uso no mencionado como permitido.","url":"http://www.observatoriourbano.cl/Ipt/cehu_resultado_decreto.asp?r=0&c=193&i=25"},"geometry":{"type":"Polygon","coordinates":[[[-70.505384,-33.387404],[-70.504476,-33.388099],[-70.504308,-33.387958],[-70.504125,-33.388247],[-70.504692,-33.388528],[-70.504782,-33.388581],[-70.505384,-33.388926],[-70.504735,-33.388331],[-70.504763,-33.388295],[-70.504796,-33.388267],[-70.505628,-33.387626],[-70.505384,-33.387404]]]}},{"type":"Feature","properties":{"zona":"AV","nombre":"AV Zona de Áreas Verdes","upref":"Area Verde","uperm":"Área verde.","uproh":"Todo uso no mencionado como permitido.","url":"http://www.observatoriourbano.cl/Ipt/cehu_resultado_decreto.asp?r=0&c=193&i=25"},"geometry":{"type":"Polygon","coordinates":[[[-70.503769,-33.386824],[-70.503868,-33.386837],[-70.503359,-33.386359],[-70.503319,-33.386386],[-70.503194,-33.386486],[-70.503173,-33.386505],[-70.503162,-33.386521],[-70.503158,-33.386534],[-70.503161,-33.386552],[-70.50317,-33.386563],[-70.5032,-33.386579],[-70.503711,-33.386807],[-70.503769,-33.386824]]]}},{"type":"Feature","properties":{"zona":"AV","nombre":"AV Zona de Áreas Verdes","upref":"Area Verde","uperm":"Área verde.","uproh":"Todo uso no mencionado como permitido.","url":"http://www.observatoriourbano.cl/Ipt/cehu_resultado_decreto.asp?r=0&c=193&i=25"},"geometry":{"type":"Polygon","coordinates":[[[-70.578233,-33.426963],[-70.578844,-33.427471],[-70.57905,-33.427288],[-70.579132,-33.427178],[-70.579172,-33.427124],[-70.579317,-33.426933],[-70.579454,-33.426616],[-70.579462,-33.42657],[-70.579355,-33.426547],[-70.57866,-33.426391],[-70.57863,-33.426483],[-70.578584,-33.426589],[-70.578508,-33.426715],[-70.578416,-33.426814],[-70.578233,-33.426963]]]}},{"type":"Feature","properties":{"zona":"AV","nombre":"AV Zona de Áreas Verdes","upref":"Area Verde","uperm":"Área verde.","uproh":"Todo uso no mencionado como permitido.","url":"http://www.observatoriourbano.cl/Ipt/cehu_resultado_decreto.asp?r=0&c=193&i=25"},"geometry":{"type":"Polygon","coordinates":[[[-70.584685,-33.427758],[-70.585222,-33.428184],[-70.58549,-33.427962],[-70.585494,-33.42795],[-70.58549,-33.427923],[-70.585483,-33.427905],[-70.585463,-33.427887],[-70.584695,-33.427699],[-70.584685,-33.427758]]]}},{"type":"Feature","properties":{"zona":"AV","nombre":"AV Zona de Áreas Verdes","upref":"Area Verde","uperm":"Área verde.","uproh":"Todo uso no mencionado como permitido.","url":"http://www.observatoriourbano.cl/Ipt/cehu_resultado_decreto.asp?r=0&c=193&i=25"},"geometry":{"type":"Polygon","coordinates":[[[-70.533842,-33.384164],[-70.533805,-33.384171],[-70.53373,-33.384171],[-70.533851,-33.384237],[-70.534378,-33.38452],[-70.534561,-33.384622],[-70.534703,-33.384697],[-70.535029,-33.384875],[-70.535306,-33.385006],[-70.535695,-33.385181],[-70.536319,-33.38541],[-70.536415,-33.385495],[-70.536493,-33.385545],[-70.53656,-33.385576],[-70.536655,-33.385614],[-70.536825,-33.38568],[-70.536985,-33.385751],[-70.537101,-33.38581],[-70.537212,-33.385869],[-70.537395,-33.385976],[-70.537488,-33.38603],[-70.537604,-33.38607],[-70.537688,-33.386193],[-70.537777,-33.386299],[-70.537973,-33.386507],[-70.538163,-33.386763],[-70.538299,-33.386929],[-70.538375,-33.386991],[-70.538456,-33.387042],[-70.538441,-33.386974],[-70.538401,-33.386905],[-70.538271,-33.38675],[-70.53827,-33.386638],[-70.538276,-33.386593],[-70.538293,-33.386552],[-70.53833,-33.386503],[-70.538374,-33.386462],[-70.538426,-33.386424],[-70.538468,-33.386403],[-70.538499,-33.386391],[-70.538596,-33.386379],[-70.538599,-33.386379],[-70.538699,-33.386396],[-70.538737,-33.38641],[-70.539088,-33.386537],[-70.539572,-33.386696],[-70.539687,-33.386741],[-70.540023,-33.386871],[-70.540347,-33.387002],[-70.540837,-33.387187],[-70.541493,-33.387413],[-70.541999,-33.387594],[-70.542667,-33.387849],[-70.543063,-33.387999],[-70.543447,-33.388153],[-70.543626,-33.388224],[-70.544159,-33.388424],[-70.544492,-33.388541],[-70.544837,-33.388657],[-70.544871,-33.388668],[-70.54525,-33.388795],[-70.546028,-33.389041],[-70.54644,-33.38919],[-70.546653,-33.389265],[-70.546969,-33.38938],[-70.547034,-33.389405],[-70.547093,-33.389434],[-70.547157,-33.389469],[-70.547205,-33.389498],[-70.547247,-33.389528],[-70.547315,-33.389583],[-70.5474,-33.389657],[-70.547496,-33.389726],[-70.547563,-33.389772],[-70.547642,-33.389815],[-70.547718,-33.389854],[-70.54787,-33.389919],[-70.548028,-33.38999],[-70.547988,-33.390062],[-70.547928,-33.390179],[-70.54789,-33.390253],[-70.547815,-33.390431],[-70.547674,-33.390807],[-70.547595,-33.391034],[-70.547667,-33.391058],[-70.547733,-33.39108],[-70.547783,-33.391002],[-70.547829,-33.390951],[-70.547902,-33.390869],[-70.548056,-33.39069],[-70.548143,-33.390473],[-70.548217,-33.3903],[-70.548308,-33.390089],[-70.548765,-33.390262],[-70.548773,-33.390265],[-70.549452,-33.390522],[-70.549334,-33.390749],[-70.549158,-33.391088],[-70.548932,-33.391522],[-70.549057,-33.39157],[-70.549186,-33.391616],[-70.549423,-33.391192],[-70.549598,-33.390844],[-70.549709,-33.390622],[-70.55014,-33.39079],[-70.550829,-33.39106],[-70.551422,-33.391284],[-70.552626,-33.391759],[-70.552948,-33.391882],[-70.553425,-33.392065],[-70.553997,-33.392266],[-70.554539,-33.392456],[-70.554968,-33.392613],[-70.55553,-33.392803],[-70.556642,-33.393213],[-70.55692,-33.393305],[-70.556936,-33.39331],[-70.55874,-33.39391],[-70.560107,-33.394389],[-70.561299,-33.394798],[-70.561538,-33.394863],[-70.562393,-33.395163],[-70.562425,-33.395174],[-70.563512,-33.395556],[-70.564078,-33.395753],[-70.564617,-33.395941],[-70.565186,-33.396142],[-70.565747,-33.396335],[-70.566231,-33.396505],[-70.566833,-33.396716],[-70.566269,-33.397849],[-70.566099,-33.398181],[-70.566552,-33.397948],[-70.567934,-33.397281],[-70.568185,-33.397626],[-70.568304,-33.39781],[-70.56856,-33.397685],[-70.568669,-33.397642],[-70.56879,-33.397578],[-70.568859,-33.397545],[-70.568968,-33.39751],[-70.56905,-33.397509],[-70.56925,-33.397512],[-70.569802,-33.397727],[-70.569973,-33.397833],[-70.570022,-33.397895],[-70.570255,-33.398355],[-70.570576,-33.399024],[-70.5706,-33.399168],[-70.57063,-33.39925],[-70.570549,-33.399479],[-70.570524,-33.399548],[-70.570185,-33.400509],[-70.570101,-33.400743],[-70.570043,-33.4009],[-70.569624,-33.402067],[-70.569583,-33.402198],[-70.56954,-33.402299],[-70.569527,-33.402363],[-70.569177,-33.403341],[-70.569046,-33.403712],[-70.568543,-33.405163],[-70.568622,-33.405195],[-70.568686,-33.405221],[-70.569207,-33.403771],[-70.56952,-33.402921],[-70.569594,-33.402714],[-70.569692,-33.40243],[-70.569714,-33.402373],[-70.569742,-33.402261],[-70.569873,-33.401932],[-70.570328,-33.400637],[-70.570367,-33.400556],[-70.570747,-33.399393],[-70.570876,-33.39927],[-70.571072,-33.399101],[-70.571195,-33.399033],[-70.571277,-33.398997],[-70.571482,-33.398941],[-70.572162,-33.398762],[-70.572259,-33.398749],[-70.572342,-33.398744],[-70.572462,-33.398755],[-70.572872,-33.398912],[-70.572873,-33.398913],[-70.573037,-33.398976],[-70.573636,-33.399202],[-70.5747,-33.399618],[-70.575103,-33.399769],[-70.575165,-33.399793],[-70.575184,-33.3998],[-70.576012,-33.400112],[-70.576819,-33.400421],[-70.576956,-33.400477],[-70.578253,-33.401024],[-70.579338,-33.401478],[-70.579817,-33.401686],[-70.580789,-33.402094],[-70.580897,-33.402139],[-70.581087,-33.402219],[-70.581417,-33.402355],[-70.582033,-33.402608],[-70.583077,-33.403037],[-70.583155,-33.403069],[-70.583507,-33.403229],[-70.583543,-33.403252],[-70.583566,-33.403275],[-70.583584,-33.403297],[-70.583599,-33.403334],[-70.583782,-33.403915],[-70.583859,-33.404091],[-70.583868,-33.404129],[-70.583879,-33.404165],[-70.583907,-33.404243],[-70.583936,-33.404307],[-70.58389,-33.404389],[-70.583839,-33.404462],[-70.583801,-33.404499],[-70.583702,-33.404532],[-70.582942,-33.404701],[-70.582053,-33.404901],[-70.581808,-33.404966],[-70.581525,-33.40503],[-70.580185,-33.405333],[-70.579179,-33.405558],[-70.578957,-33.405602],[-70.578548,-33.405693],[-70.576942,-33.406056],[-70.576342,-33.406189],[-70.575555,-33.406369],[-70.575461,-33.406391],[-70.575248,-33.40643],[-70.574228,-33.406652],[-70.573778,-33.406729],[-70.57353,-33.406785],[-70.573435,-33.406813],[-70.573202,-33.40673],[-70.572466,-33.406451],[-70.571954,-33.40626],[-70.571901,-33.406379],[-70.572846,-33.406955],[-70.573111,-33.406986],[-70.573371,-33.406992],[-70.573433,-33.406989],[-70.573476,-33.406981],[-70.573564,-33.406962],[-70.573713,-33.406926],[-70.575611,-33.406503],[-70.57577,-33.406965],[-70.57578,-33.406986],[-70.575798,-33.406996],[-70.57582,-33.406997],[-70.575932,-33.406971],[-70.575952,-33.406964],[-70.575967,-33.406955],[-70.575973,-33.406945],[-70.575973,-33.406931],[-70.575842,-33.406453],[-70.576838,-33.406233],[-70.576845,-33.406231],[-70.577432,-33.406101],[-70.578241,-33.40592],[-70.578253,-33.405917],[-70.579365,-33.405669],[-70.580248,-33.405466],[-70.580418,-33.405429],[-70.580844,-33.405334],[-70.580949,-33.405311],[-70.581899,-33.4051],[-70.58218,-33.405033],[-70.582731,-33.404908],[-70.583267,-33.404791],[-70.583803,-33.404676],[-70.584021,-33.404627],[-70.584122,-33.40461],[-70.584187,-33.404602],[-70.584249,-33.404594],[-70.584362,-33.404574],[-70.584708,-33.404617],[-70.584748,-33.404691],[-70.584811,-33.404782],[-70.584957,-33.404841],[-70.585584,-33.405081],[-70.585734,-33.405159],[-70.585773,-33.405182],[-70.585796,-33.405217],[-70.585808,-33.405259],[-70.585843,-33.405647],[-70.585855,-33.405862],[-70.585879,-33.405939],[-70.585905,-33.405967],[-70.585958,-33.40598],[-70.586039,-33.405982],[-70.586256,-33.40596],[-70.586337,-33.406169],[-70.586429,-33.406365],[-70.58649,-33.406493],[-70.58658,-33.406627],[-70.586709,-33.406826],[-70.586878,-33.407098],[-70.586938,-33.407224],[-70.586998,-33.407375],[-70.587036,-33.407469],[-70.587127,-33.407851],[-70.587136,-33.407982],[-70.587142,-33.408083],[-70.587136,-33.408296],[-70.587119,-33.40844],[-70.587096,-33.408588],[-70.587072,-33.408692],[-70.587034,-33.408806],[-70.586747,-33.409437],[-70.586279,-33.410417],[-70.58601,-33.410977],[-70.585948,-33.411107],[-70.585921,-33.411164],[-70.585755,-33.411507],[-70.585607,-33.411808],[-70.58532,-33.412423],[-70.585223,-33.412649],[-70.585153,-33.412705],[-70.585096,-33.41283],[-70.58494,-33.413204],[-70.584869,-33.413305],[-70.584794,-33.41346],[-70.584746,-33.413518],[-70.584642,-33.413541],[-70.584573,-33.413523],[-70.583679,-33.413194],[-70.583634,-33.413177],[-70.583543,-33.413169],[-70.583517,-33.413178],[-70.583496,-33.413187],[-70.583475,-33.413199],[-70.583457,-33.413212],[-70.583441,-33.413225],[-70.583427,-33.413243],[-70.583371,-33.413322],[-70.583255,-33.413483],[-70.583231,-33.413513],[-70.583213,-33.413529],[-70.583189,-33.413547],[-70.583173,-33.413556],[-70.583142,-33.413567],[-70.583071,-33.413593],[-70.583056,-33.413587],[-70.583001,-33.413699],[-70.583204,-33.413783],[-70.583252,-33.413847],[-70.583277,-33.413879],[-70.58329,-33.41391],[-70.583286,-33.413946],[-70.583279,-33.413973],[-70.583131,-33.414279],[-70.583112,-33.414349],[-70.58317,-33.41431],[-70.583189,-33.414305],[-70.583208,-33.414305],[-70.583229,-33.414306],[-70.583256,-33.414313],[-70.583373,-33.414345],[-70.583949,-33.414575],[-70.584011,-33.414587],[-70.584068,-33.414585],[-70.584116,-33.414571],[-70.584156,-33.414546],[-70.584212,-33.414494],[-70.58418,-33.414571],[-70.584159,-33.414633],[-70.58416,-33.414694],[-70.584163,-33.414735],[-70.584157,-33.414761],[-70.584135,-33.414809],[-70.58409,-33.4149],[-70.58404,-33.414998],[-70.584025,-33.41504],[-70.584012,-33.415112],[-70.583939,-33.415234],[-70.583858,-33.415385],[-70.583801,-33.415517],[-70.583782,-33.415582],[-70.583772,-33.415653],[-70.583647,-33.415867],[-70.583515,-33.41614],[-70.583203,-33.416787],[-70.583169,-33.416861],[-70.583031,-33.417152],[-70.582579,-33.418101],[-70.582282,-33.41871],[-70.582218,-33.418837],[-70.582214,-33.418847],[-70.582078,-33.41912],[-70.582026,-33.419228],[-70.581944,-33.419394],[-70.581932,-33.419419],[-70.581882,-33.41952],[-70.581794,-33.419662],[-70.581678,-33.419828],[-70.581524,-33.420029],[-70.581357,-33.420251],[-70.581139,-33.420553],[-70.580325,-33.421664],[-70.580257,-33.421733],[-70.580133,-33.421901],[-70.579568,-33.42265],[-70.579286,-33.423023],[-70.578963,-33.423428],[-70.578871,-33.423526],[-70.57851,-33.423888],[-70.578125,-33.424285],[-70.578062,-33.424354],[-70.577273,-33.425162],[-70.577231,-33.425211],[-70.576908,-33.425565],[-70.576845,-33.425631],[-70.576707,-33.425739],[-70.576606,-33.425856],[-70.576469,-33.426005],[-70.576274,-33.426203],[-70.576183,-33.426295],[-70.576138,-33.426347],[-70.576042,-33.426443],[-70.575735,-33.426756],[-70.575625,-33.426871],[-70.575529,-33.426967],[-70.575432,-33.427062],[-70.575364,-33.427141],[-70.575332,-33.427182],[-70.575257,-33.427276],[-70.575154,-33.427424],[-70.575105,-33.427505],[-70.575045,-33.427619],[-70.575002,-33.427723],[-70.574943,-33.427875],[-70.574927,-33.427932],[-70.574909,-33.428],[-70.574896,-33.428065],[-70.57479,-33.428699],[-70.574775,-33.42878],[-70.574753,-33.428839],[-70.574754,-33.42891],[-70.574648,-33.429523],[-70.574629,-33.429611],[-70.57462,-33.429692],[-70.574569,-33.430043],[-70.574519,-33.430393],[-70.57451,-33.430523],[-70.574474,-33.430725],[-70.574394,-33.431167],[-70.574385,-33.431207],[-70.574809,-33.431221],[-70.574812,-33.431184],[-70.575086,-33.429724],[-70.575093,-33.429643],[-70.575251,-33.428696],[-70.575324,-33.428262],[-70.57535,-33.428126],[-70.575463,-33.427805],[-70.57553,-33.427667],[-70.575594,-33.427543],[-70.575621,-33.427505],[-70.575758,-33.427354],[-70.57592,-33.427176],[-70.576447,-33.42663],[-70.57651,-33.426568],[-70.577027,-33.426032],[-70.577103,-33.425948],[-70.577166,-33.425888],[-70.577406,-33.425641],[-70.577647,-33.425393],[-70.577757,-33.425275],[-70.577862,-33.425173],[-70.578294,-33.424726],[-70.578609,-33.424399],[-70.578658,-33.424345],[-70.578949,-33.424042],[-70.579339,-33.42362],[-70.579433,-33.423533],[-70.580534,-33.422095],[-70.580704,-33.421854],[-70.580781,-33.421749],[-70.581243,-33.421126],[-70.581687,-33.420523],[-70.581737,-33.420446],[-70.581803,-33.42037],[-70.58188,-33.420271],[-70.582008,-33.420089],[-70.582132,-33.419919],[-70.582203,-33.419813],[-70.582256,-33.41973],[-70.582294,-33.419666],[-70.582358,-33.419545],[-70.582438,-33.419381],[-70.58245,-33.419356],[-70.582484,-33.419267],[-70.582689,-33.418854],[-70.582964,-33.418951],[-70.583175,-33.419024],[-70.583191,-33.41903],[-70.583218,-33.419039],[-70.583386,-33.419098],[-70.583582,-33.419165],[-70.583637,-33.419184],[-70.5837,-33.419205],[-70.583902,-33.419273],[-70.583969,-33.419299],[-70.584159,-33.41936],[-70.584548,-33.419466],[-70.5849,-33.419562],[-70.585077,-33.419608],[-70.585174,-33.419626],[-70.585827,-33.419758],[-70.586098,-33.419813],[-70.586157,-33.419825],[-70.586596,-33.419915],[-70.58667,-33.419923],[-70.587136,-33.420021],[-70.587171,-33.420028],[-70.587351,-33.420066],[-70.587364,-33.420069],[-70.588286,-33.420263],[-70.589289,-33.420464],[-70.589367,-33.420474],[-70.589434,-33.420478],[-70.589837,-33.420561],[-70.589887,-33.420571],[-70.590394,-33.420675],[-70.591444,-33.420884],[-70.592438,-33.42109],[-70.592484,-33.421112],[-70.592622,-33.421135],[-70.593046,-33.421222],[-70.593201,-33.421232],[-70.593444,-33.421235],[-70.593675,-33.421209],[-70.593482,-33.421103],[-70.593501,-33.421035],[-70.592703,-33.42087],[-70.592515,-33.420835],[-70.592032,-33.420737],[-70.591516,-33.420633],[-70.591286,-33.420589],[-70.591256,-33.420583],[-70.590476,-33.420432],[-70.589444,-33.420212],[-70.58937,-33.420214],[-70.589234,-33.420187],[-70.589053,-33.420148],[-70.589046,-33.420147],[-70.588363,-33.42],[-70.58674,-33.419658],[-70.586644,-33.419655],[-70.585915,-33.419507],[-70.585279,-33.419378],[-70.585084,-33.41933],[-70.584742,-33.419234],[-70.584514,-33.41917],[-70.584346,-33.41912],[-70.584096,-33.419049],[-70.584011,-33.419023],[-70.583928,-33.418987],[-70.58345,-33.418826],[-70.583407,-33.418811],[-70.583385,-33.418804],[-70.583231,-33.418752],[-70.582809,-33.418612],[-70.582986,-33.418242],[-70.583044,-33.418123],[-70.583071,-33.418068],[-70.583244,-33.417715],[-70.583479,-33.417234],[-70.583571,-33.417009],[-70.583604,-33.416933],[-70.583791,-33.416575],[-70.584001,-33.416152],[-70.584153,-33.415768],[-70.584179,-33.415703],[-70.584212,-33.415672],[-70.584241,-33.415631],[-70.584274,-33.415569],[-70.584321,-33.415459],[-70.584366,-33.415359],[-70.5844,-33.415279],[-70.584433,-33.415206],[-70.584494,-33.415129],[-70.584566,-33.414987],[-70.584594,-33.414939],[-70.584615,-33.414914],[-70.584641,-33.414888],[-70.58476,-33.414761],[-70.584786,-33.414835],[-70.584807,-33.414857],[-70.58484,-33.414884],[-70.584872,-33.414903],[-70.585479,-33.415065],[-70.585752,-33.415127],[-70.585829,-33.414957],[-70.585905,-33.414793],[-70.585996,-33.414583],[-70.586156,-33.414001],[-70.586112,-33.413979],[-70.585681,-33.413885],[-70.585217,-33.413758],[-70.585222,-33.413693],[-70.585239,-33.41361],[-70.585292,-33.413501],[-70.585351,-33.413385],[-70.585352,-33.413324],[-70.585471,-33.413127],[-70.585529,-33.413005],[-70.585545,-33.412972],[-70.585551,-33.412958],[-70.585546,-33.412885],[-70.58573,-33.412551],[-70.58582,-33.412372],[-70.58607,-33.411876],[-70.58633,-33.411291],[-70.586385,-33.411227],[-70.586696,-33.410545],[-70.586934,-33.410054],[-70.587223,-33.409458],[-70.587417,-33.409032],[-70.587476,-33.408841],[-70.587523,-33.408619],[-70.587557,-33.408407],[-70.587579,-33.408227],[-70.587587,-33.408004],[-70.587558,-33.407814],[-70.58753,-33.407656],[-70.587503,-33.40754],[-70.587463,-33.407393],[-70.587396,-33.407182],[-70.587317,-33.407014],[-70.587122,-33.406698],[-70.5868,-33.406165],[-70.586697,-33.405954],[-70.586633,-33.405795],[-70.586617,-33.405753],[-70.586573,-33.405605],[-70.586534,-33.405443],[-70.586502,-33.405261],[-70.58648,-33.405005],[-70.586473,-33.404644],[-70.586486,-33.404525],[-70.586508,-33.4044],[-70.586545,-33.40423],[-70.586555,-33.404185],[-70.586163,-33.404084],[-70.586163,-33.404084],[-70.5853,-33.403807],[-70.58498,-33.403653],[-70.584567,-33.403453],[-70.583726,-33.403],[-70.583634,-33.402951],[-70.583519,-33.402903],[-70.583309,-33.402815],[-70.583308,-33.402814],[-70.583306,-33.402814],[-70.582204,-33.402352],[-70.582155,-33.402331],[-70.581656,-33.402122],[-70.581342,-33.401992],[-70.581089,-33.401888],[-70.579674,-33.401305],[-70.579437,-33.401207],[-70.577726,-33.400502],[-70.577417,-33.400374],[-70.576696,-33.400077],[-70.575614,-33.399647],[-70.575591,-33.399638],[-70.574919,-33.399372],[-70.574909,-33.399368],[-70.574072,-33.399044],[-70.573395,-33.398782],[-70.572135,-33.398293],[-70.572026,-33.398251],[-70.571652,-33.398107],[-70.569892,-33.397428],[-70.569597,-33.397317],[-70.568816,-33.397023],[-70.568721,-33.396987],[-70.568096,-33.396772],[-70.567218,-33.39647],[-70.566989,-33.396391],[-70.566207,-33.396123],[-70.565785,-33.395978],[-70.565349,-33.395829],[-70.565046,-33.395725],[-70.564749,-33.395623],[-70.564567,-33.395559],[-70.564432,-33.395513],[-70.563271,-33.395109],[-70.56225,-33.394755],[-70.561675,-33.394555],[-70.560629,-33.394194],[-70.560479,-33.394141],[-70.558431,-33.393433],[-70.558253,-33.393371],[-70.558178,-33.393345],[-70.557708,-33.393182],[-70.555848,-33.392537],[-70.554663,-33.392126],[-70.553421,-33.39168],[-70.553237,-33.391615],[-70.552935,-33.391506],[-70.550868,-33.390715],[-70.550611,-33.390617],[-70.550248,-33.39049],[-70.549638,-33.390277],[-70.548415,-33.389805],[-70.547833,-33.389569],[-70.547751,-33.389535],[-70.547376,-33.389383],[-70.546942,-33.389207],[-70.54653,-33.389045],[-70.546036,-33.388869],[-70.545452,-33.38868],[-70.544899,-33.388501],[-70.544223,-33.388268],[-70.543865,-33.388127],[-70.5436,-33.388022],[-70.543177,-33.387855],[-70.543025,-33.387796],[-70.541785,-33.387323],[-70.541161,-33.387075],[-70.540732,-33.386904],[-70.540302,-33.38673],[-70.539195,-33.386265],[-70.538847,-33.386119],[-70.538624,-33.386025],[-70.537988,-33.385765],[-70.537362,-33.385514],[-70.536718,-33.38528],[-70.536106,-33.385037],[-70.536021,-33.384994],[-70.53546,-33.384708],[-70.534785,-33.384329],[-70.534425,-33.38408],[-70.534237,-33.383937],[-70.534219,-33.383948],[-70.534158,-33.383986],[-70.533984,-33.384092],[-70.533871,-33.384154],[-70.533842,-33.384164]]]}},{"type":"Feature","properties":{"zona":"AV","nombre":"AV Zona de Áreas Verdes","upref":"Area Verde","uperm":"Área verde.","uproh":"Todo uso no mencionado como permitido.","url":"http://www.observatoriourbano.cl/Ipt/cehu_resultado_decreto.asp?r=0&c=193&i=25"},"geometry":{"type":"Polygon","coordinates":[[[-70.597926,-33.41505],[-70.599001,-33.415336],[-70.59904,-33.415118],[-70.599055,-33.41471],[-70.599017,-33.414386],[-70.599009,-33.414245],[-70.597903,-33.414393],[-70.597949,-33.414752],[-70.597964,-33.414878],[-70.597956,-33.414943],[-70.597926,-33.41505]]]}},{"type":"Feature","properties":{"zona":"UEe1/Ee1","nombre":"UEe1/Ee1 Zona Especial 1 Equipamientos Intercomunales y Comunal/ Edificación Especial N°1, Equipamientos","upref":"Equipamiento","uperm":"Equipamiento de todo tipo.","uproh":"Residencial; actividad productiva.","url":"http://www.observatoriourbano.cl/Ipt/cehu_resultado_decreto.asp?r=0&c=193&i=25"},"geometry":{"type":"Polygon","coordinates":[[[-70.595721,-33.416606],[-70.596125,-33.41669],[-70.596266,-33.41623],[-70.596329,-33.416026],[-70.59634,-33.415989],[-70.596343,-33.415979],[-70.596407,-33.415771],[-70.595988,-33.415683],[-70.595568,-33.415603],[-70.595511,-33.415787],[-70.595502,-33.415817],[-70.595485,-33.415873],[-70.595286,-33.416521],[-70.595721,-33.416606]]]}},{"type":"Feature","properties":{"zona":"AV","nombre":"AV Zona de Áreas Verdes","upref":"Area Verde","uperm":"Área verde.","uproh":"Todo uso no mencionado como permitido.","url":"http://www.observatoriourbano.cl/Ipt/cehu_resultado_decreto.asp?r=0&c=193&i=25"},"geometry":{"type":"Polygon","coordinates":[[[-70.60249,-33.413883],[-70.602389,-33.41392],[-70.602389,-33.414031],[-70.602382,-33.4141],[-70.602362,-33.414156],[-70.602322,-33.414211],[-70.602274,-33.414263],[-70.602205,-33.414333],[-70.602496,-33.414193],[-70.602707,-33.414096],[-70.603147,-33.413914],[-70.603421,-33.413888],[-70.603577,-33.413883],[-70.603776,-33.413905],[-70.603897,-33.413946],[-70.603947,-33.413963],[-70.604118,-33.414021],[-70.604389,-33.414127],[-70.604465,-33.414157],[-70.604798,-33.41433],[-70.605075,-33.414488],[-70.605321,-33.414609],[-70.605463,-33.414693],[-70.605693,-33.414832],[-70.605438,-33.414491],[-70.604587,-33.413353],[-70.604481,-33.413394],[-70.603823,-33.413655],[-70.603683,-33.413731],[-70.603636,-33.413749],[-70.603535,-33.413759],[-70.602686,-33.413847],[-70.60261,-33.413858],[-70.60249,-33.413883]]]}},{"type":"Feature","properties":{"zona":"AV","nombre":"AV Zona de Áreas Verdes","upref":"Area Verde","uperm":"Área verde.","uproh":"Todo uso no mencionado como permitido.","url":"http://www.observatoriourbano.cl/Ipt/cehu_resultado_decreto.asp?r=0&c=193&i=25"},"geometry":{"type":"Polygon","coordinates":[[[-70.602412,-33.410563],[-70.602771,-33.411544],[-70.602906,-33.41148],[-70.603001,-33.411459],[-70.603086,-33.411459],[-70.603185,-33.411464],[-70.603275,-33.411486],[-70.60339,-33.411465],[-70.603182,-33.411137],[-70.60317,-33.411117],[-70.602275,-33.409706],[-70.602029,-33.409542],[-70.602412,-33.410563]]]}},{"type":"Feature","properties":{"zona":"AV","nombre":"AV Zona de Áreas Verdes","upref":"Area Verde","uperm":"Área verde.","uproh":"Todo uso no mencionado como permitido.","url":"http://www.observatoriourbano.cl/Ipt/cehu_resultado_decreto.asp?r=0&c=193&i=25"},"geometry":{"type":"Polygon","coordinates":[[[-70.600744,-33.408655],[-70.60079,-33.408655],[-70.60086,-33.408649],[-70.600933,-33.408635],[-70.600991,-33.408611],[-70.601034,-33.4086],[-70.601122,-33.408564],[-70.601157,-33.408525],[-70.601175,-33.408501],[-70.601194,-33.408475],[-70.601213,-33.408446],[-70.601232,-33.40841],[-70.601245,-33.408384],[-70.601246,-33.408381],[-70.601263,-33.40834],[-70.601281,-33.408244],[-70.601291,-33.408151],[-70.601291,-33.408138],[-70.600782,-33.408108],[-70.600623,-33.408095],[-70.600546,-33.408093],[-70.600035,-33.408081],[-70.600026,-33.408081],[-70.600028,-33.408095],[-70.600049,-33.408161],[-70.600079,-33.408227],[-70.600117,-33.408296],[-70.600166,-33.408357],[-70.600175,-33.408368],[-70.60023,-33.408432],[-70.600308,-33.408504],[-70.600366,-33.40855],[-70.600433,-33.408572],[-70.600516,-33.408614],[-70.600565,-33.408628],[-70.600638,-33.408645],[-70.600744,-33.408655]]]}},{"type":"Feature","properties":{"zona":"AV","nombre":"AV Zona de Áreas Verdes","upref":"Area Verde","uperm":"Área verde.","uproh":"Todo uso no mencionado como permitido.","url":"http://www.observatoriourbano.cl/Ipt/cehu_resultado_decreto.asp?r=0&c=193&i=25"},"geometry":{"type":"Polygon","coordinates":[[[-70.580845,-33.423083],[-70.581007,-33.423118],[-70.581145,-33.422667],[-70.581222,-33.422429],[-70.581173,-33.422489],[-70.581124,-33.422548],[-70.580755,-33.423028],[-70.580845,-33.423083]]]}},{"type":"Feature","properties":{"zona":"AV","nombre":"AV Zona de Áreas Verdes","upref":"Area Verde","uperm":"Área verde.","uproh":"Todo uso no mencionado como permitido.","url":"http://www.observatoriourbano.cl/Ipt/cehu_resultado_decreto.asp?r=0&c=193&i=25"},"geometry":{"type":"Polygon","coordinates":[[[-70.561116,-33.413011],[-70.561287,-33.413552],[-70.561347,-33.413541],[-70.561497,-33.41351],[-70.561324,-33.412964],[-70.561116,-33.413011]]]}},{"type":"Feature","properties":{"zona":"AV","nombre":"AV Zona de Áreas Verdes","upref":"Area Verde","uperm":"Área verde.","uproh":"Todo uso no mencionado como permitido.","url":"http://www.observatoriourbano.cl/Ipt/cehu_resultado_decreto.asp?r=0&c=193&i=25"},"geometry":{"type":"Polygon","coordinates":[[[-70.561837,-33.410827],[-70.56206,-33.410983],[-70.56218,-33.411098],[-70.562261,-33.411176],[-70.562308,-33.411231],[-70.562433,-33.411388],[-70.562424,-33.411345],[-70.562421,-33.411284],[-70.562429,-33.411194],[-70.56244,-33.41112],[-70.562479,-33.411019],[-70.562512,-33.410934],[-70.56255,-33.41084],[-70.562406,-33.410891],[-70.562315,-33.410906],[-70.562213,-33.410916],[-70.562057,-33.410912],[-70.56197,-33.41089],[-70.5619,-33.410857],[-70.561837,-33.410827]]]}},{"type":"Feature","properties":{"zona":"AV","nombre":"AV Zona de Áreas Verdes","upref":"Area Verde","uperm":"Área verde.","uproh":"Todo uso no mencionado como permitido.","url":"http://www.observatoriourbano.cl/Ipt/cehu_resultado_decreto.asp?r=0&c=193&i=25"},"geometry":{"type":"Polygon","coordinates":[[[-70.556112,-33.408515],[-70.55632,-33.40871],[-70.556455,-33.408512],[-70.556463,-33.408501],[-70.556475,-33.408484],[-70.556879,-33.407893],[-70.55689,-33.407806],[-70.556858,-33.407761],[-70.555562,-33.407983],[-70.555612,-33.408034],[-70.555665,-33.408082],[-70.555745,-33.408168],[-70.556112,-33.408515]]]}},{"type":"Feature","properties":{"zona":"AV","nombre":"AV Zona de Áreas Verdes","upref":"Area Verde","uperm":"Área verde.","uproh":"Todo uso no mencionado como permitido.","url":"http://www.observatoriourbano.cl/Ipt/cehu_resultado_decreto.asp?r=0&c=193&i=25"},"geometry":{"type":"Polygon","coordinates":[[[-70.539324,-33.392525],[-70.539414,-33.392654],[-70.54009,-33.392316],[-70.540868,-33.391918],[-70.540787,-33.391794],[-70.539998,-33.392185],[-70.539324,-33.392525]]]}},{"type":"Feature","properties":{"zona":"AV","nombre":"AV Zona de Áreas Verdes","upref":"Area Verde","uperm":"Área verde.","uproh":"Todo uso no mencionado como permitido.","url":"http://www.observatoriourbano.cl/Ipt/cehu_resultado_decreto.asp?r=0&c=193&i=25"},"geometry":{"type":"Polygon","coordinates":[[[-70.53662,-33.390429],[-70.536734,-33.390475],[-70.536773,-33.390384],[-70.536721,-33.390159],[-70.536703,-33.390026],[-70.536704,-33.38996],[-70.536611,-33.389945],[-70.536559,-33.389936],[-70.536528,-33.389936],[-70.536513,-33.389939],[-70.536499,-33.389946],[-70.536475,-33.38996],[-70.536094,-33.390181],[-70.536048,-33.390212],[-70.53601,-33.390242],[-70.535979,-33.390269],[-70.535956,-33.390315],[-70.536078,-33.390338],[-70.536162,-33.390349],[-70.536315,-33.390368],[-70.536452,-33.390384],[-70.53662,-33.390429]]]}},{"type":"Feature","properties":{"zona":"AV","nombre":"AV Zona de Áreas Verdes","upref":"Area Verde","uperm":"Área verde.","uproh":"Todo uso no mencionado como permitido.","url":"http://www.observatoriourbano.cl/Ipt/cehu_resultado_decreto.asp?r=0&c=193&i=25"},"geometry":{"type":"Polygon","coordinates":[[[-70.541803,-33.400956],[-70.542569,-33.400989],[-70.542579,-33.400798],[-70.542213,-33.400786],[-70.541816,-33.400764],[-70.541803,-33.400956]]]}},{"type":"Feature","properties":{"zona":"AV","nombre":"AV Zona de Áreas Verdes","upref":"Area Verde","uperm":"Área verde.","uproh":"Todo uso no mencionado como permitido.","url":"http://www.observatoriourbano.cl/Ipt/cehu_resultado_decreto.asp?r=0&c=193&i=25"},"geometry":{"type":"Polygon","coordinates":[[[-70.554268,-33.400821],[-70.554962,-33.401347],[-70.555099,-33.401302],[-70.555166,-33.401257],[-70.555199,-33.401206],[-70.555225,-33.401139],[-70.555231,-33.401073],[-70.555225,-33.400968],[-70.555202,-33.400857],[-70.555199,-33.400842],[-70.555122,-33.400477],[-70.554695,-33.400649],[-70.554268,-33.400821]]]}},{"type":"Feature","properties":{"zona":"AV","nombre":"AV Zona de Áreas Verdes","upref":"Area Verde","uperm":"Área verde.","uproh":"Todo uso no mencionado como permitido.","url":"http://www.observatoriourbano.cl/Ipt/cehu_resultado_decreto.asp?r=0&c=193&i=25"},"geometry":{"type":"Polygon","coordinates":[[[-70.553319,-33.401172],[-70.55352,-33.401291],[-70.553529,-33.401259],[-70.553532,-33.40124],[-70.553531,-33.401218],[-70.553508,-33.40112],[-70.553493,-33.401077],[-70.553473,-33.40105],[-70.553438,-33.401016],[-70.553395,-33.400984],[-70.553325,-33.400945],[-70.553271,-33.40103],[-70.553256,-33.40106],[-70.553253,-33.401076],[-70.553253,-33.401094],[-70.553262,-33.401113],[-70.553275,-33.401132],[-70.553292,-33.401151],[-70.553319,-33.401172]]]}},{"type":"Feature","properties":{"zona":"AV","nombre":"AV Zona de Áreas Verdes","upref":"Area Verde","uperm":"Área verde.","uproh":"Todo uso no mencionado como permitido.","url":"http://www.observatoriourbano.cl/Ipt/cehu_resultado_decreto.asp?r=0&c=193&i=25"},"geometry":{"type":"Polygon","coordinates":[[[-70.551718,-33.404306],[-70.551742,-33.404352],[-70.551862,-33.404309],[-70.551954,-33.404274],[-70.551744,-33.403877],[-70.55172,-33.403832],[-70.551535,-33.403901],[-70.551554,-33.403943],[-70.551687,-33.404203],[-70.551718,-33.404306]]]}},{"type":"Feature","properties":{"zona":"AV","nombre":"AV Zona de Áreas Verdes","upref":"Area Verde","uperm":"Área verde.","uproh":"Todo uso no mencionado como permitido.","url":"http://www.observatoriourbano.cl/Ipt/cehu_resultado_decreto.asp?r=0&c=193&i=25"},"geometry":{"type":"Polygon","coordinates":[[[-70.550901,-33.403117],[-70.551146,-33.403585],[-70.551338,-33.403513],[-70.551399,-33.403483],[-70.551155,-33.403014],[-70.550987,-33.403083],[-70.550901,-33.403117]]]}},{"type":"Feature","properties":{"zona":"AV","nombre":"AV Zona de Áreas Verdes","upref":"Area Verde","uperm":"Área verde.","uproh":"Todo uso no mencionado como permitido.","url":"http://www.observatoriourbano.cl/Ipt/cehu_resultado_decreto.asp?r=0&c=193&i=25"},"geometry":{"type":"Polygon","coordinates":[[[-70.552097,-33.403222],[-70.552311,-33.403612],[-70.552387,-33.403583],[-70.552452,-33.403556],[-70.552254,-33.403159],[-70.552097,-33.403222]]]}},{"type":"Feature","properties":{"zona":"AV","nombre":"AV Zona de Áreas Verdes","upref":"Area Verde","uperm":"Área verde.","uproh":"Todo uso no mencionado como permitido.","url":"http://www.observatoriourbano.cl/Ipt/cehu_resultado_decreto.asp?r=0&c=193&i=25"},"geometry":{"type":"Polygon","coordinates":[[[-70.550539,-33.404246],[-70.550566,-33.404257],[-70.55068,-33.404216],[-70.550706,-33.404206],[-70.550507,-33.403826],[-70.550343,-33.403888],[-70.550529,-33.404235],[-70.550539,-33.404246]]]}},{"type":"Feature","properties":{"zona":"AV","nombre":"AV Zona de Áreas Verdes","upref":"Area Verde","uperm":"Área verde.","uproh":"Todo uso no mencionado como permitido.","url":"http://www.observatoriourbano.cl/Ipt/cehu_resultado_decreto.asp?r=0&c=193&i=25"},"geometry":{"type":"Polygon","coordinates":[[[-70.542305,-33.415863],[-70.542331,-33.415868],[-70.542362,-33.415866],[-70.542412,-33.415826],[-70.542422,-33.41579],[-70.542419,-33.415767],[-70.542401,-33.415747],[-70.542332,-33.415686],[-70.542127,-33.415526],[-70.542103,-33.415541],[-70.542077,-33.415571],[-70.542053,-33.415609],[-70.542001,-33.415709],[-70.541966,-33.415811],[-70.542305,-33.415863]]]}},{"type":"Feature","properties":{"zona":"UC3/EAb3","nombre":"UC3/EAb3 Zona de Uso de Taller y Comercio Menor/ Edificación Aislada Baja Nº3","upref":"Equipamiento","uperm":"Equipamiento de comercio.","uproh":"Residencial; equipamiento de culto, deporte, educación, esparcimiento, salud, seguridad y servicio, actividad productiva; infraestructura; espacio público y áreas verdes.","url":"http://www.observatoriourbano.cl/Ipt/cehu_resultado_decreto.asp?r=0&c=193&i=25"},"geometry":{"type":"Polygon","coordinates":[[[-70.537507,-33.410121],[-70.536683,-33.412163],[-70.536491,-33.412113],[-70.535583,-33.411872],[-70.535431,-33.412279],[-70.535405,-33.412342],[-70.535313,-33.412575],[-70.535143,-33.413003],[-70.534843,-33.41381],[-70.534522,-33.414634],[-70.534301,-33.415088],[-70.534318,-33.415094],[-70.534326,-33.415102],[-70.53433,-33.415108],[-70.534331,-33.415114],[-70.534329,-33.415128],[-70.534324,-33.415154],[-70.534302,-33.41522],[-70.534269,-33.415322],[-70.534217,-33.415495],[-70.534184,-33.415629],[-70.534236,-33.415629],[-70.534277,-33.415626],[-70.534743,-33.415569],[-70.534878,-33.415553],[-70.53532,-33.415489],[-70.535734,-33.415429],[-70.535708,-33.415224],[-70.536361,-33.415137],[-70.536384,-33.415265],[-70.53643,-33.41554],[-70.536296,-33.415565],[-70.536301,-33.415622],[-70.535895,-33.416113],[-70.53556,-33.416104],[-70.535426,-33.416101],[-70.535423,-33.416101],[-70.53505,-33.416094],[-70.534351,-33.416095],[-70.534083,-33.416095],[-70.533997,-33.416094],[-70.533856,-33.416735],[-70.533649,-33.417379],[-70.533244,-33.41879],[-70.533161,-33.418972],[-70.533028,-33.41916],[-70.532545,-33.41959],[-70.531334,-33.420589],[-70.52963,-33.421956],[-70.529634,-33.422052],[-70.529674,-33.422059],[-70.52971,-33.422074],[-70.529734,-33.422088],[-70.530486,-33.422725],[-70.530967,-33.423134],[-70.531508,-33.423595],[-70.531852,-33.423904],[-70.531714,-33.423912],[-70.529639,-33.423984],[-70.529662,-33.424976],[-70.52967,-33.425789],[-70.529677,-33.426204],[-70.529708,-33.42712],[-70.531844,-33.427093],[-70.532081,-33.427093],[-70.533088,-33.427089],[-70.534057,-33.427074],[-70.534606,-33.427067],[-70.5354,-33.42707],[-70.537406,-33.427059],[-70.537457,-33.427062],[-70.538374,-33.427058],[-70.538388,-33.426848],[-70.538349,-33.426641],[-70.538322,-33.426513],[-70.53832,-33.426504],[-70.538264,-33.426232],[-70.538151,-33.42578],[-70.537635,-33.425785],[-70.536887,-33.425792],[-70.536643,-33.425792],[-70.536132,-33.425796],[-70.535384,-33.425804],[-70.535201,-33.425804],[-70.534713,-33.425804],[-70.534704,-33.42562],[-70.534783,-33.425627],[-70.53493,-33.425622],[-70.535198,-33.425616],[-70.535996,-33.425591],[-70.536635,-33.425573],[-70.537021,-33.425565],[-70.537679,-33.425544],[-70.538127,-33.425531],[-70.538066,-33.425444],[-70.53804,-33.425281],[-70.538035,-33.425243],[-70.537981,-33.424901],[-70.537975,-33.424864],[-70.53797,-33.424828],[-70.537955,-33.424732],[-70.537954,-33.424728],[-70.537949,-33.424692],[-70.537926,-33.424529],[-70.53792,-33.424488],[-70.537916,-33.424447],[-70.537903,-33.424304],[-70.537897,-33.424244],[-70.537899,-33.424236],[-70.537903,-33.424231],[-70.537911,-33.424229],[-70.537824,-33.423735],[-70.537858,-33.423734],[-70.53792,-33.423731],[-70.537959,-33.423724],[-70.538017,-33.423706],[-70.53778,-33.422718],[-70.537738,-33.422515],[-70.537736,-33.422505],[-70.53765,-33.422088],[-70.537643,-33.42197],[-70.537704,-33.421466],[-70.53778,-33.420723],[-70.537841,-33.420295],[-70.537894,-33.419815],[-70.537947,-33.41944],[-70.537951,-33.419411],[-70.537971,-33.419273],[-70.537991,-33.419173],[-70.537993,-33.419167],[-70.53807,-33.418792],[-70.538139,-33.418567],[-70.53823,-33.418285],[-70.538467,-33.417701],[-70.538605,-33.417365],[-70.53861,-33.417351],[-70.538632,-33.417299],[-70.538969,-33.416557],[-70.539002,-33.416483],[-70.539006,-33.416387],[-70.539039,-33.416346],[-70.539392,-33.41529],[-70.539632,-33.414747],[-70.53991,-33.414215],[-70.540174,-33.413794],[-70.540326,-33.41357],[-70.5406,-33.413169],[-70.540643,-33.413078],[-70.540816,-33.412749],[-70.541267,-33.411678],[-70.541305,-33.411594],[-70.541435,-33.411273],[-70.541473,-33.411174],[-70.540218,-33.410815],[-70.540244,-33.410667],[-70.539718,-33.410495],[-70.539169,-33.41032],[-70.538683,-33.410168],[-70.538652,-33.410158],[-70.538436,-33.410091],[-70.537604,-33.409816],[-70.537086,-33.409663],[-70.536498,-33.409461],[-70.53649,-33.409484],[-70.536379,-33.409781],[-70.537507,-33.410121]],[[-70.536167,-33.417447],[-70.535638,-33.419185],[-70.535514,-33.419162],[-70.535399,-33.419125],[-70.535924,-33.417395],[-70.53604,-33.417419],[-70.536167,-33.417447]],[[-70.534744,-33.418796],[-70.534689,-33.418974],[-70.534372,-33.41891],[-70.534418,-33.418727],[-70.534744,-33.418796]],[[-70.536602,-33.420619],[-70.536605,-33.420723],[-70.535705,-33.420726],[-70.535811,-33.41986],[-70.536605,-33.420028],[-70.536602,-33.420061],[-70.536602,-33.420619]],[[-70.532717,-33.420701],[-70.532572,-33.420821],[-70.532399,-33.42067],[-70.532551,-33.420551],[-70.532717,-33.420701]],[[-70.535701,-33.422811],[-70.535578,-33.422813],[-70.535456,-33.422806],[-70.535454,-33.422669],[-70.535453,-33.422179],[-70.535454,-33.421549],[-70.535455,-33.421372],[-70.535575,-33.421375],[-70.53571,-33.421373],[-70.535711,-33.421448],[-70.535706,-33.422144],[-70.5357,-33.422727],[-70.535701,-33.422811]],[[-70.537499,-33.42446],[-70.537141,-33.424468],[-70.537131,-33.424284],[-70.537133,-33.424274],[-70.537139,-33.424268],[-70.537164,-33.424264],[-70.537458,-33.42425],[-70.53747,-33.424251],[-70.537479,-33.424256],[-70.537486,-33.424276],[-70.537499,-33.42446]],[[-70.536039,-33.424328],[-70.536048,-33.424496],[-70.53594,-33.424503],[-70.535924,-33.424502],[-70.535914,-33.424495],[-70.535909,-33.424487],[-70.535895,-33.424311],[-70.535907,-33.424304],[-70.53593,-33.4243],[-70.536,-33.424297],[-70.536018,-33.424299],[-70.536039,-33.424328]],[[-70.535408,-33.42445],[-70.535148,-33.42446],[-70.535145,-33.42432],[-70.5354,-33.424312],[-70.535408,-33.42445]],[[-70.534638,-33.424339],[-70.534648,-33.424636],[-70.534415,-33.424642],[-70.534394,-33.424346],[-70.534638,-33.424339]],[[-70.533896,-33.42435],[-70.533912,-33.424659],[-70.53366,-33.424667],[-70.533637,-33.424358],[-70.533896,-33.42435]],[[-70.533139,-33.424406],[-70.533167,-33.424971],[-70.533173,-33.425007],[-70.533187,-33.425056],[-70.532348,-33.424411],[-70.533106,-33.424381],[-70.533113,-33.42438],[-70.53312,-33.424381],[-70.533127,-33.424385],[-70.533132,-33.424389],[-70.533135,-33.424394],[-70.533137,-33.4244],[-70.533139,-33.424406]],[[-70.531508,-33.424686],[-70.532418,-33.425407],[-70.531998,-33.425758],[-70.531135,-33.42577],[-70.531119,-33.425041],[-70.531119,-33.424564],[-70.531508,-33.424686]],[[-70.530613,-33.424959],[-70.530263,-33.424965],[-70.530261,-33.424582],[-70.530611,-33.424575],[-70.530613,-33.424959]],[[-70.530288,-33.425388],[-70.530303,-33.425388],[-70.530608,-33.425384],[-70.530616,-33.425388],[-70.530623,-33.425392],[-70.530623,-33.425403],[-70.530623,-33.425426],[-70.530623,-33.42577],[-70.530272,-33.425773],[-70.530265,-33.425411],[-70.530265,-33.425399],[-70.530272,-33.425396],[-70.530288,-33.425388]],[[-70.535177,-33.425157],[-70.535161,-33.424845],[-70.535426,-33.424834],[-70.535439,-33.425152],[-70.535177,-33.425157]],[[-70.535953,-33.424927],[-70.536064,-33.424922],[-70.536073,-33.425095],[-70.536071,-33.425111],[-70.536067,-33.425119],[-70.536052,-33.42513],[-70.536035,-33.425136],[-70.536016,-33.425141],[-70.535997,-33.425143],[-70.535984,-33.425142],[-70.53597,-33.42514],[-70.535945,-33.42513],[-70.535938,-33.425118],[-70.535935,-33.425086],[-70.53593,-33.424961],[-70.535931,-33.424944],[-70.535936,-33.424935],[-70.535953,-33.424927]],[[-70.53717,-33.42505],[-70.537172,-33.424889],[-70.537511,-33.424883],[-70.537521,-33.425081],[-70.537515,-33.425084],[-70.537503,-33.425088],[-70.537485,-33.425091],[-70.537215,-33.425098],[-70.537177,-33.42509],[-70.537171,-33.425078],[-70.53717,-33.42505]],[[-70.531501,-33.426189],[-70.531508,-33.426567],[-70.53144,-33.426578],[-70.531325,-33.426578],[-70.53118,-33.426578],[-70.53115,-33.426571],[-70.531142,-33.426193],[-70.531501,-33.426189]],[[-70.530639,-33.426578],[-70.530631,-33.426586],[-70.530616,-33.426586],[-70.530318,-33.42659],[-70.530303,-33.42659],[-70.530295,-33.42659],[-70.530288,-33.426578],[-70.530288,-33.426567],[-70.53028,-33.426204],[-70.530639,-33.426201],[-70.530639,-33.426563],[-70.530639,-33.426574],[-70.530639,-33.426578]],[[-70.532635,-33.426277],[-70.533079,-33.426271],[-70.533081,-33.426487],[-70.533082,-33.426567],[-70.532639,-33.426568],[-70.532635,-33.426277]],[[-70.533587,-33.426473],[-70.533589,-33.426273],[-70.533871,-33.42627],[-70.534047,-33.426272],[-70.534048,-33.426518],[-70.534041,-33.426567],[-70.533591,-33.426564],[-70.533589,-33.426554],[-70.533587,-33.426473]],[[-70.535898,-33.426556],[-70.535893,-33.42626],[-70.536137,-33.426257],[-70.536141,-33.426553],[-70.535898,-33.426556]],[[-70.536645,-33.426555],[-70.536641,-33.426247],[-70.536889,-33.426249],[-70.536894,-33.426554],[-70.536645,-33.426555]],[[-70.537422,-33.426247],[-70.537643,-33.426236],[-70.537653,-33.42651],[-70.537652,-33.426517],[-70.537651,-33.426525],[-70.537649,-33.426533],[-70.537644,-33.42654],[-70.53764,-33.426545],[-70.537634,-33.426548],[-70.53763,-33.42655],[-70.537625,-33.426551],[-70.537404,-33.426555],[-70.537395,-33.426283],[-70.537395,-33.426269],[-70.537398,-33.42626],[-70.537422,-33.426247]],[[-70.535389,-33.426263],[-70.535395,-33.426546],[-70.535138,-33.426548],[-70.535135,-33.426263],[-70.535389,-33.426263]]]}},{"type":"Feature","properties":{"zona":"UC3/EAm2","nombre":"UC3/EAm2 Zona de Uso de Taller y Comercio Menor/ Edificación Aislada Media Nº2","upref":"Equipamiento","uperm":"Equipamiento de comercio.","uproh":"Residencial; equipamiento de culto, deporte, educación, esparcimiento, salud, seguridad y servicio, actividad productiva; infraestructura; espacio público y áreas verdes.","url":"http://www.observatoriourbano.cl/Ipt/cehu_resultado_decreto.asp?r=0&c=193&i=25"},"geometry":{"type":"Polygon","coordinates":[[[-70.523429,-33.427197],[-70.525877,-33.42719],[-70.526033,-33.427184],[-70.526125,-33.42718],[-70.526268,-33.427178],[-70.526242,-33.425698],[-70.526218,-33.425079],[-70.526217,-33.425042],[-70.529662,-33.424976],[-70.529639,-33.423984],[-70.531714,-33.423912],[-70.531852,-33.423904],[-70.531508,-33.423595],[-70.530967,-33.423134],[-70.530486,-33.422725],[-70.529734,-33.422088],[-70.52971,-33.422074],[-70.529674,-33.422059],[-70.529634,-33.422052],[-70.52963,-33.421956],[-70.527691,-33.423427],[-70.526711,-33.423804],[-70.526045,-33.424035],[-70.525671,-33.424343],[-70.524733,-33.425174],[-70.524117,-33.425815],[-70.523176,-33.42719],[-70.523429,-33.427197]]]}},{"type":"Feature","properties":{"zona":"UC3/EAb2","nombre":"UC3/EAb2 Zona de Uso de Taller y Comercio Menor/ Edificación Aislada Baja Nº2","upref":"Equipamiento","uperm":"Equipamiento de comercio.","uproh":"Residencial; equipamiento de culto, deporte, educación, esparcimiento, salud, seguridad y servicio, actividad productiva; infraestructura; espacio público y áreas verdes.","url":"http://www.observatoriourbano.cl/Ipt/cehu_resultado_decreto.asp?r=0&c=193&i=25"},"geometry":{"type":"Polygon","coordinates":[[[-70.52955,-33.415966],[-70.529542,-33.416218],[-70.529583,-33.416314],[-70.529616,-33.416477],[-70.529616,-33.416923],[-70.529616,-33.417533],[-70.529629,-33.418454],[-70.529624,-33.41851],[-70.529624,-33.41856],[-70.529624,-33.418589],[-70.529624,-33.418609],[-70.529624,-33.418785],[-70.529621,-33.419018],[-70.529617,-33.419202],[-70.529617,-33.419496],[-70.529616,-33.41995],[-70.529616,-33.420009],[-70.529616,-33.420131],[-70.529624,-33.421433],[-70.529624,-33.421448],[-70.529625,-33.42169],[-70.529627,-33.421856],[-70.52963,-33.421956],[-70.531334,-33.420589],[-70.532545,-33.41959],[-70.533028,-33.41916],[-70.533161,-33.418972],[-70.533244,-33.41879],[-70.533649,-33.417379],[-70.533856,-33.416735],[-70.533997,-33.416094],[-70.533915,-33.416093],[-70.53345,-33.416093],[-70.533272,-33.416093],[-70.533194,-33.416105],[-70.533058,-33.416013],[-70.532794,-33.415836],[-70.531597,-33.415726],[-70.529558,-33.415685],[-70.529554,-33.41586],[-70.529553,-33.415889],[-70.52955,-33.415966]],[[-70.533595,-33.417274],[-70.533579,-33.417334],[-70.532599,-33.417272],[-70.532665,-33.41689],[-70.533686,-33.41699],[-70.533595,-33.417274]],[[-70.530509,-33.420581],[-70.53012,-33.420887],[-70.53012,-33.420265],[-70.53012,-33.420127],[-70.530593,-33.420124],[-70.530875,-33.420122],[-70.530412,-33.420494],[-70.530509,-33.420581]]]}},{"type":"Feature","properties":{"zona":"AV","nombre":"AV Zona de Áreas Verdes","upref":"Area Verde","uperm":"Área verde.","uproh":"Todo uso no mencionado como permitido.","url":"http://www.observatoriourbano.cl/Ipt/cehu_resultado_decreto.asp?r=0&c=193&i=25"},"geometry":{"type":"Polygon","coordinates":[[[-70.550774,-33.421661],[-70.551109,-33.421699],[-70.55117,-33.421279],[-70.551269,-33.420635],[-70.550369,-33.421508],[-70.55056,-33.421615],[-70.550659,-33.421642],[-70.550774,-33.421661]]]}},{"type":"Feature","properties":{"zona":"UV1/EAb3","nombre":"UV1/EAb3 Zona de Uso de Vivienda N°1 Equipamiento en (Baja Intensidad)/ Edificación Aislada Baja Nº3","upref":"Mixto","uperm":"Residencial; equipamiento.","uproh":"Actividad productiva; infraestructura; espacio público y áreas verdes.","url":"http://www.observatoriourbano.cl/Ipt/cehu_resultado_decreto.asp?r=0&c=193&i=25"},"geometry":{"type":"Polygon","coordinates":[[[-70.532889,-33.385993],[-70.532851,-33.386023],[-70.532168,-33.38534],[-70.531769,-33.385643],[-70.531233,-33.38605],[-70.529768,-33.387221],[-70.527937,-33.388724],[-70.527064,-33.389464],[-70.527142,-33.389562],[-70.527332,-33.389761],[-70.52743,-33.389859],[-70.527661,-33.390065],[-70.527799,-33.39018],[-70.527864,-33.390236],[-70.528113,-33.390436],[-70.528179,-33.390482],[-70.528255,-33.39052],[-70.528452,-33.390591],[-70.528564,-33.390634],[-70.52864,-33.390675],[-70.528869,-33.390823],[-70.528951,-33.390863],[-70.529208,-33.39097],[-70.52925,-33.390987],[-70.529424,-33.391054],[-70.529549,-33.391099],[-70.530063,-33.391246],[-70.530243,-33.3913],[-70.530402,-33.391349],[-70.531009,-33.391598],[-70.531023,-33.391606],[-70.532417,-33.390361],[-70.533587,-33.39154],[-70.5334,-33.391669],[-70.533357,-33.391701],[-70.533629,-33.391964],[-70.535746,-33.390479],[-70.535888,-33.39061],[-70.536299,-33.391086],[-70.53646,-33.391017],[-70.536879,-33.390845],[-70.537131,-33.39075],[-70.53723,-33.390837],[-70.53752,-33.39123],[-70.537558,-33.391289],[-70.537836,-33.391684],[-70.538177,-33.392166],[-70.538243,-33.392248],[-70.538309,-33.39222],[-70.538784,-33.391986],[-70.53893,-33.391914],[-70.539069,-33.39184],[-70.539291,-33.391731],[-70.53935,-33.391701],[-70.539722,-33.391508],[-70.539931,-33.391399],[-70.540434,-33.391159],[-70.540756,-33.391071],[-70.540096,-33.390291],[-70.540141,-33.390265],[-70.540341,-33.390152],[-70.540326,-33.390134],[-70.540248,-33.390036],[-70.540274,-33.390022],[-70.540351,-33.389979],[-70.540368,-33.389974],[-70.54028,-33.389856],[-70.540318,-33.38983],[-70.540017,-33.389499],[-70.539874,-33.389344],[-70.539784,-33.38921],[-70.539767,-33.389172],[-70.539729,-33.389085],[-70.539706,-33.389105],[-70.539687,-33.389116],[-70.539591,-33.389158],[-70.539451,-33.38899],[-70.539369,-33.388803],[-70.539033,-33.388383],[-70.53852,-33.387737],[-70.537973,-33.387994],[-70.537467,-33.387363],[-70.537078,-33.386934],[-70.536859,-33.387106],[-70.536619,-33.386863],[-70.536762,-33.386752],[-70.536432,-33.386438],[-70.536469,-33.386414],[-70.53604,-33.386],[-70.535849,-33.386147],[-70.535179,-33.385561],[-70.535241,-33.385515],[-70.534253,-33.384878],[-70.533889,-33.38518],[-70.53377,-33.385277],[-70.532889,-33.385993]],[[-70.534938,-33.386866],[-70.535956,-33.387762],[-70.535391,-33.388179],[-70.534395,-33.387307],[-70.534919,-33.386882],[-70.534938,-33.386866]],[[-70.536773,-33.390384],[-70.536734,-33.390475],[-70.53662,-33.390429],[-70.536452,-33.390384],[-70.536315,-33.390368],[-70.536162,-33.390349],[-70.536078,-33.390338],[-70.535956,-33.390315],[-70.535979,-33.390269],[-70.53601,-33.390242],[-70.536048,-33.390212],[-70.536094,-33.390181],[-70.536475,-33.38996],[-70.536499,-33.389946],[-70.536513,-33.389939],[-70.536528,-33.389936],[-70.536559,-33.389936],[-70.536611,-33.389945],[-70.536704,-33.38996],[-70.536703,-33.390026],[-70.536721,-33.390159],[-70.536773,-33.390384]]]}},{"type":"Feature","properties":{"zona":"AV","nombre":"AV Zona de Áreas Verdes","upref":"Area Verde","uperm":"Área verde.","uproh":"Todo uso no mencionado como permitido.","url":"http://www.observatoriourbano.cl/Ipt/cehu_resultado_decreto.asp?r=0&c=193&i=25"},"geometry":{"type":"Polygon","coordinates":[[[-70.551727,-33.393065],[-70.552154,-33.393223],[-70.552384,-33.392797],[-70.552373,-33.392793],[-70.551956,-33.392638],[-70.551727,-33.393065]]]}},{"type":"Feature","properties":{"zona":"AV","nombre":"AV Zona de Áreas Verdes","upref":"Area Verde","uperm":"Área verde.","uproh":"Todo uso no mencionado como permitido.","url":"http://www.observatoriourbano.cl/Ipt/cehu_resultado_decreto.asp?r=0&c=193&i=25"},"geometry":{"type":"Polygon","coordinates":[[[-70.550176,-33.394131],[-70.550819,-33.394786],[-70.551155,-33.394641],[-70.551338,-33.394564],[-70.551179,-33.394482],[-70.550537,-33.394242],[-70.550176,-33.394131]]]}},{"type":"Feature","properties":{"zona":"AV","nombre":"AV Zona de Áreas Verdes","upref":"Area Verde","uperm":"Área verde.","uproh":"Todo uso no mencionado como permitido.","url":"http://www.observatoriourbano.cl/Ipt/cehu_resultado_decreto.asp?r=0&c=193&i=25"},"geometry":{"type":"Polygon","coordinates":[[[-70.552311,-33.396773],[-70.55244,-33.396978],[-70.552734,-33.396876],[-70.552788,-33.396858],[-70.552577,-33.396351],[-70.552177,-33.396495],[-70.552145,-33.39651],[-70.552311,-33.396773]]]}},{"type":"Feature","properties":{"zona":"AV","nombre":"AV Zona de Áreas Verdes","upref":"Area Verde","uperm":"Área verde.","uproh":"Todo uso no mencionado como permitido.","url":"http://www.observatoriourbano.cl/Ipt/cehu_resultado_decreto.asp?r=0&c=193&i=25"},"geometry":{"type":"Polygon","coordinates":[[[-70.555486,-33.396463],[-70.555501,-33.39683],[-70.555723,-33.39682],[-70.555785,-33.396818],[-70.555836,-33.396823],[-70.556022,-33.396881],[-70.556345,-33.396982],[-70.556342,-33.396594],[-70.556053,-33.396595],[-70.556008,-33.396593],[-70.555959,-33.396584],[-70.555486,-33.396463]]]}},{"type":"Feature","properties":{"zona":"AV","nombre":"AV Zona de Áreas Verdes","upref":"Area Verde","uperm":"Área verde.","uproh":"Todo uso no mencionado como permitido.","url":"http://www.observatoriourbano.cl/Ipt/cehu_resultado_decreto.asp?r=0&c=193&i=25"},"geometry":{"type":"Polygon","coordinates":[[[-70.552993,-33.398753],[-70.553185,-33.398965],[-70.553298,-33.398906],[-70.553474,-33.398816],[-70.553628,-33.398746],[-70.553724,-33.39871],[-70.553906,-33.39867],[-70.553993,-33.398658],[-70.553937,-33.398389],[-70.553703,-33.398436],[-70.553582,-33.398473],[-70.553484,-33.398507],[-70.553367,-33.398555],[-70.553217,-33.398624],[-70.553098,-33.398685],[-70.552993,-33.398753]]]}},{"type":"Feature","properties":{"zona":"AV","nombre":"AV Zona de Áreas Verdes","upref":"Area Verde","uperm":"Área verde.","uproh":"Todo uso no mencionado como permitido.","url":"http://www.observatoriourbano.cl/Ipt/cehu_resultado_decreto.asp?r=0&c=193&i=25"},"geometry":{"type":"Polygon","coordinates":[[[-70.555939,-33.399215],[-70.555992,-33.399447],[-70.556458,-33.399295],[-70.556457,-33.399133],[-70.555927,-33.399145],[-70.555939,-33.399215]]]}},{"type":"Feature","properties":{"zona":"AV","nombre":"AV Zona de Áreas Verdes","upref":"Area Verde","uperm":"Área verde.","uproh":"Todo uso no mencionado como permitido.","url":"http://www.observatoriourbano.cl/Ipt/cehu_resultado_decreto.asp?r=0&c=193&i=25"},"geometry":{"type":"Polygon","coordinates":[[[-70.562155,-33.398974],[-70.562205,-33.398984],[-70.562238,-33.39897],[-70.562262,-33.398938],[-70.562329,-33.398772],[-70.56235,-33.398722],[-70.562356,-33.398673],[-70.562355,-33.398626],[-70.562336,-33.398593],[-70.562314,-33.398574],[-70.562269,-33.39856],[-70.561968,-33.398482],[-70.561833,-33.398889],[-70.562155,-33.398974]]]}},{"type":"Feature","properties":{"zona":"AV","nombre":"AV Zona de Áreas Verdes","upref":"Area Verde","uperm":"Área verde.","uproh":"Todo uso no mencionado como permitido.","url":"http://www.observatoriourbano.cl/Ipt/cehu_resultado_decreto.asp?r=0&c=193&i=25"},"geometry":{"type":"Polygon","coordinates":[[[-70.559212,-33.397994],[-70.559373,-33.398048],[-70.55944,-33.39793],[-70.559461,-33.397851],[-70.559503,-33.397761],[-70.559102,-33.397627],[-70.558706,-33.397493],[-70.558533,-33.397532],[-70.558456,-33.397692],[-70.558815,-33.397872],[-70.559212,-33.397994]]]}},{"type":"Feature","properties":{"zona":"UEe3/Ee3","nombre":"UEe3/Ee3 Zona Especial 3 Área de Parques","upref":"Equipamiento","uperm":"Equipamiento de esparcimiento.","uproh":"Residencial; equipamiento de comercio, culto, culto, deporte, educación, salud, seguridad, servicio y social; actividad productiva; infraestructura; espacio público y áreas verdes.","url":"http://www.observatoriourbano.cl/Ipt/cehu_resultado_decreto.asp?r=0&c=193&i=25"},"geometry":{"type":"Polygon","coordinates":[[[-70.584247,-33.431696],[-70.584396,-33.431727],[-70.584437,-33.431687],[-70.585046,-33.431096],[-70.585601,-33.430557],[-70.58574,-33.430436],[-70.585937,-33.430265],[-70.586574,-33.42971],[-70.587364,-33.429021],[-70.587465,-33.428933],[-70.587857,-33.428608],[-70.588822,-33.427809],[-70.589637,-33.427174],[-70.590433,-33.426555],[-70.590896,-33.426195],[-70.592361,-33.425054],[-70.592923,-33.424617],[-70.59318,-33.424417],[-70.594054,-33.423738],[-70.594442,-33.423437],[-70.595253,-33.422794],[-70.595332,-33.422732],[-70.596591,-33.421734],[-70.596836,-33.421554],[-70.596907,-33.421502],[-70.597304,-33.421211],[-70.597837,-33.420819],[-70.598377,-33.420423],[-70.598618,-33.420257],[-70.599227,-33.419836],[-70.599265,-33.419809],[-70.599276,-33.41965],[-70.599219,-33.419657],[-70.59917,-33.419671],[-70.599098,-33.419697],[-70.59904,-33.419721],[-70.598983,-33.419755],[-70.598679,-33.419978],[-70.598669,-33.419985],[-70.598466,-33.420134],[-70.598452,-33.420144],[-70.597561,-33.420795],[-70.597475,-33.420859],[-70.596629,-33.421489],[-70.596514,-33.421541],[-70.596454,-33.421587],[-70.596129,-33.421838],[-70.59606,-33.421892],[-70.594508,-33.423095],[-70.593676,-33.423743],[-70.5928,-33.42441],[-70.592723,-33.424478],[-70.592641,-33.424535],[-70.592089,-33.424973],[-70.591486,-33.425433],[-70.591382,-33.425516],[-70.590822,-33.425964],[-70.590693,-33.426093],[-70.590586,-33.426158],[-70.589978,-33.426631],[-70.58935,-33.42712],[-70.588617,-33.427688],[-70.587839,-33.428302],[-70.587526,-33.428577],[-70.587236,-33.428806],[-70.586702,-33.429279],[-70.58626,-33.429691],[-70.585657,-33.430236],[-70.585543,-33.430316],[-70.585344,-33.4304],[-70.585269,-33.430439],[-70.584848,-33.430896],[-70.584467,-33.431316],[-70.584188,-33.431649],[-70.58412,-33.431681],[-70.584121,-33.431681],[-70.584247,-33.431696]]]}},{"type":"Feature","properties":{"zona":"AV","nombre":"AV Zona de Áreas Verdes","upref":"Area Verde","uperm":"Área verde.","uproh":"Todo uso no mencionado como permitido.","url":"http://www.observatoriourbano.cl/Ipt/cehu_resultado_decreto.asp?r=0&c=193&i=25"},"geometry":{"type":"Polygon","coordinates":[[[-70.557015,-33.404868],[-70.557218,-33.405271],[-70.557729,-33.404911],[-70.557488,-33.404769],[-70.556816,-33.404319],[-70.55682,-33.404338],[-70.556877,-33.404604],[-70.557015,-33.404868]]]}},{"type":"Feature","properties":{"zona":"AV","nombre":"AV Zona de Áreas Verdes","upref":"Area Verde","uperm":"Área verde.","uproh":"Todo uso no mencionado como permitido.","url":"http://www.observatoriourbano.cl/Ipt/cehu_resultado_decreto.asp?r=0&c=193&i=25"},"geometry":{"type":"Polygon","coordinates":[[[-70.565064,-33.402038],[-70.565453,-33.402198],[-70.565604,-33.401943],[-70.565215,-33.401783],[-70.565064,-33.402038]]]}},{"type":"Feature","properties":{"zona":"AV","nombre":"AV Zona de Áreas Verdes","upref":"Area Verde","uperm":"Área verde.","uproh":"Todo uso no mencionado como permitido.","url":"http://www.observatoriourbano.cl/Ipt/cehu_resultado_decreto.asp?r=0&c=193&i=25"},"geometry":{"type":"Polygon","coordinates":[[[-70.563402,-33.401546],[-70.563823,-33.401731],[-70.563927,-33.401557],[-70.5635,-33.401378],[-70.563402,-33.401546]]]}},{"type":"Feature","properties":{"zona":"AV","nombre":"AV Zona de Áreas Verdes","upref":"Area Verde","uperm":"Área verde.","uproh":"Todo uso no mencionado como permitido.","url":"http://www.observatoriourbano.cl/Ipt/cehu_resultado_decreto.asp?r=0&c=193&i=25"},"geometry":{"type":"Polygon","coordinates":[[[-70.554001,-33.420993],[-70.554078,-33.421385],[-70.554286,-33.421345],[-70.554207,-33.420963],[-70.554001,-33.420993]]]}},{"type":"Feature","properties":{"zona":"AV","nombre":"AV Zona de Áreas Verdes","upref":"Area Verde","uperm":"Área verde.","uproh":"Todo uso no mencionado como permitido.","url":"http://www.observatoriourbano.cl/Ipt/cehu_resultado_decreto.asp?r=0&c=193&i=25"},"geometry":{"type":"Polygon","coordinates":[[[-70.553734,-33.419733],[-70.553761,-33.419888],[-70.553821,-33.419881],[-70.553954,-33.419864],[-70.553975,-33.41986],[-70.553982,-33.419856],[-70.553986,-33.419848],[-70.553988,-33.419834],[-70.55397,-33.41972],[-70.553966,-33.41971],[-70.55396,-33.419704],[-70.55395,-33.419702],[-70.553925,-33.419704],[-70.553734,-33.419733]]]}},{"type":"Feature","properties":{"zona":"AV","nombre":"AV Zona de Áreas Verdes","upref":"Area Verde","uperm":"Área verde.","uproh":"Todo uso no mencionado como permitido.","url":"http://www.observatoriourbano.cl/Ipt/cehu_resultado_decreto.asp?r=0&c=193&i=25"},"geometry":{"type":"Polygon","coordinates":[[[-70.562559,-33.419148],[-70.562776,-33.419591],[-70.562767,-33.419511],[-70.562768,-33.419439],[-70.562779,-33.419369],[-70.562819,-33.419299],[-70.562863,-33.419233],[-70.562907,-33.419194],[-70.563019,-33.419123],[-70.563122,-33.419084],[-70.56326,-33.419061],[-70.563114,-33.419069],[-70.562983,-33.419083],[-70.562772,-33.419111],[-70.562662,-33.419128],[-70.562559,-33.419148]]]}},{"type":"Feature","properties":{"zona":"UV1/EAm4","nombre":"UV1/EAm4 Zona de Uso de Vivienda N°1 Equipamiento en (Baja Intensidad)/ Edificación Aislada Media Nº4","upref":"Mixto","uperm":"Residencial; equipamiento.","uproh":"Actividad productiva; infraestructura; espacio público y áreas verdes.","url":"http://www.observatoriourbano.cl/Ipt/cehu_resultado_decreto.asp?r=0&c=193&i=25"},"geometry":{"type":"MultiPolygon","coordinates":[[[[-70.538828,-33.427163],[-70.539575,-33.427245],[-70.539648,-33.426785],[-70.539723,-33.426295],[-70.539793,-33.425835],[-70.539854,-33.425441],[-70.539872,-33.425349],[-70.540008,-33.424461],[-70.540084,-33.423957],[-70.539558,-33.423896],[-70.538802,-33.423801],[-70.538171,-33.423725],[-70.538017,-33.423706],[-70.538199,-33.423996],[-70.538255,-33.424371],[-70.538256,-33.424379],[-70.538288,-33.424593],[-70.538337,-33.424899],[-70.538338,-33.424909],[-70.538441,-33.425567],[-70.538672,-33.426559],[-70.5388,-33.427056],[-70.538828,-33.427163]]],[[[-70.538964,-33.422736],[-70.540107,-33.422768],[-70.540122,-33.422191],[-70.54013,-33.421676],[-70.540138,-33.420982],[-70.540153,-33.420867],[-70.540162,-33.42077],[-70.540341,-33.41986],[-70.54035,-33.419816],[-70.537951,-33.419411],[-70.537947,-33.41944],[-70.537894,-33.419815],[-70.537841,-33.420295],[-70.53778,-33.420723],[-70.538957,-33.420796],[-70.538887,-33.421845],[-70.538964,-33.422736]]]]}},{"type":"Feature","properties":{"zona":"UV1/EAb3","nombre":"UV1/EAb3 Zona de Uso de Vivienda N°1 Equipamiento en (Baja Intensidad)/ Edificación Aislada Baja Nº3","upref":"Mixto","uperm":"Residencial; equipamiento.","uproh":"Actividad productiva; infraestructura; espacio público y áreas verdes.","url":"http://www.observatoriourbano.cl/Ipt/cehu_resultado_decreto.asp?r=0&c=193&i=25"},"geometry":{"type":"Polygon","coordinates":[[[-70.537894,-33.405997],[-70.537543,-33.406886],[-70.537482,-33.40704],[-70.537454,-33.407109],[-70.537445,-33.407132],[-70.537231,-33.407665],[-70.536819,-33.408664],[-70.536498,-33.409461],[-70.537086,-33.409663],[-70.537604,-33.409816],[-70.538436,-33.410091],[-70.538634,-33.409641],[-70.538818,-33.40924],[-70.539033,-33.409305],[-70.538652,-33.410158],[-70.538683,-33.410168],[-70.539169,-33.41032],[-70.539718,-33.410495],[-70.540244,-33.410667],[-70.540218,-33.410815],[-70.541473,-33.411174],[-70.54161,-33.410838],[-70.541641,-33.41077],[-70.541808,-33.410342],[-70.542114,-33.409644],[-70.54231,-33.409158],[-70.542234,-33.409149],[-70.54213,-33.409129],[-70.541918,-33.409084],[-70.54161,-33.409017],[-70.541704,-33.408742],[-70.541714,-33.408713],[-70.541099,-33.40856],[-70.540544,-33.408393],[-70.540863,-33.407619],[-70.540816,-33.407602],[-70.541064,-33.406964],[-70.541136,-33.406975],[-70.54118,-33.406664],[-70.541229,-33.406449],[-70.541297,-33.406451],[-70.541374,-33.406196],[-70.541615,-33.406247],[-70.542455,-33.406424],[-70.54246,-33.406405],[-70.542592,-33.405941],[-70.542482,-33.40591],[-70.542091,-33.405824],[-70.541602,-33.40573],[-70.541175,-33.405635],[-70.54086,-33.405567],[-70.540458,-33.406781],[-70.539603,-33.406584],[-70.539634,-33.406501],[-70.539825,-33.406055],[-70.540061,-33.405395],[-70.539226,-33.405205],[-70.538321,-33.404966],[-70.538304,-33.405007],[-70.537894,-33.405997]],[[-70.538177,-33.408565],[-70.537994,-33.408977],[-70.537419,-33.408837],[-70.53781,-33.407855],[-70.537833,-33.407863],[-70.538383,-33.40805],[-70.538406,-33.408057],[-70.538177,-33.408565]]]}},{"type":"Feature","properties":{"zona":"UV1/EAb2","nombre":"UV1/EAb2 Zona de Uso de Vivienda N°1 Equipamiento en (Baja Intensidad)/ Edificación Aislada Baja Nº2","upref":"Mixto","uperm":"Residencial; equipamiento.","uproh":"Actividad productiva; infraestructura; espacio público y áreas verdes.","url":"http://www.observatoriourbano.cl/Ipt/cehu_resultado_decreto.asp?r=0&c=193&i=25"},"geometry":{"type":"Polygon","coordinates":[[[-70.539522,-33.39176],[-70.539273,-33.391887],[-70.539059,-33.391993],[-70.538995,-33.392026],[-70.538912,-33.392069],[-70.538385,-33.39233],[-70.538323,-33.392361],[-70.53836,-33.392425],[-70.538574,-33.39273],[-70.538863,-33.393131],[-70.53905,-33.393402],[-70.539121,-33.393481],[-70.539203,-33.393596],[-70.539246,-33.393665],[-70.539307,-33.393753],[-70.539462,-33.393997],[-70.539516,-33.394085],[-70.539641,-33.39436],[-70.539736,-33.394593],[-70.539799,-33.394787],[-70.539855,-33.394995],[-70.539889,-33.395184],[-70.539907,-33.39536],[-70.539918,-33.395595],[-70.539919,-33.395606],[-70.539929,-33.395849],[-70.539945,-33.396261],[-70.539961,-33.396672],[-70.540031,-33.398713],[-70.540046,-33.399323],[-70.540045,-33.399524],[-70.540042,-33.399913],[-70.540032,-33.400293],[-70.540024,-33.400565],[-70.540013,-33.400696],[-70.540017,-33.400796],[-70.540001,-33.400921],[-70.539985,-33.401041],[-70.539958,-33.401201],[-70.53991,-33.401461],[-70.539831,-33.401762],[-70.539815,-33.401847],[-70.539787,-33.401922],[-70.539764,-33.401983],[-70.539713,-33.402128],[-70.539656,-33.402254],[-70.539552,-33.402465],[-70.539461,-33.402666],[-70.53934,-33.402912],[-70.539271,-33.403049],[-70.539136,-33.403345],[-70.538921,-33.403759],[-70.538537,-33.404518],[-70.538522,-33.404549],[-70.538514,-33.404564],[-70.538341,-33.404917],[-70.538321,-33.404966],[-70.539226,-33.405205],[-70.540061,-33.405395],[-70.540169,-33.405418],[-70.54086,-33.405567],[-70.541175,-33.405635],[-70.541602,-33.40573],[-70.542091,-33.405824],[-70.542482,-33.40591],[-70.542592,-33.405941],[-70.542651,-33.405957],[-70.542661,-33.40596],[-70.542809,-33.406002],[-70.542993,-33.406058],[-70.543235,-33.406132],[-70.543462,-33.406209],[-70.543507,-33.406222],[-70.543698,-33.405472],[-70.54384,-33.404918],[-70.544145,-33.403688],[-70.544312,-33.402954],[-70.544323,-33.402805],[-70.544339,-33.40259],[-70.544391,-33.402596],[-70.544518,-33.40261],[-70.544701,-33.402634],[-70.545161,-33.402697],[-70.545215,-33.402704],[-70.54531,-33.402705],[-70.545776,-33.402709],[-70.546073,-33.402694],[-70.546196,-33.402682],[-70.546304,-33.402679],[-70.546354,-33.40267],[-70.546722,-33.402591],[-70.546936,-33.402526],[-70.547187,-33.402453],[-70.5485,-33.401969],[-70.548309,-33.401599],[-70.548156,-33.401355],[-70.547599,-33.4005],[-70.54705,-33.399669],[-70.546825,-33.399339],[-70.5466,-33.399009],[-70.546134,-33.398303],[-70.545857,-33.397867],[-70.545844,-33.397846],[-70.545753,-33.397704],[-70.545013,-33.39658],[-70.544902,-33.396418],[-70.544769,-33.396229],[-70.544759,-33.396212],[-70.544696,-33.396107],[-70.544626,-33.395991],[-70.544582,-33.395909],[-70.54457,-33.395891],[-70.544565,-33.395883],[-70.544559,-33.395875],[-70.54455,-33.395865],[-70.544538,-33.395853],[-70.544523,-33.395841],[-70.544516,-33.395837],[-70.544509,-33.395833],[-70.544498,-33.395829],[-70.544462,-33.395821],[-70.544504,-33.395688],[-70.544525,-33.395628],[-70.544601,-33.39545],[-70.544676,-33.395315],[-70.546294,-33.394558],[-70.546243,-33.394534],[-70.545515,-33.394201],[-70.545476,-33.394246],[-70.545259,-33.394494],[-70.545118,-33.39467],[-70.543688,-33.393435],[-70.543616,-33.393496],[-70.543441,-33.393645],[-70.543403,-33.393744],[-70.54312,-33.393498],[-70.54304,-33.393559],[-70.54272,-33.393077],[-70.54261,-33.392899],[-70.542461,-33.392468],[-70.542264,-33.392148],[-70.542076,-33.392],[-70.542012,-33.391926],[-70.541894,-33.391752],[-70.541831,-33.391781],[-70.541176,-33.390863],[-70.540961,-33.390979],[-70.540756,-33.391071],[-70.540508,-33.391254],[-70.54047,-33.391288],[-70.540436,-33.391306],[-70.540356,-33.391341],[-70.540051,-33.391492],[-70.540009,-33.391508],[-70.539854,-33.391589],[-70.539522,-33.39176]],[[-70.540787,-33.391794],[-70.540868,-33.391918],[-70.54009,-33.392316],[-70.539414,-33.392654],[-70.539324,-33.392525],[-70.539998,-33.392185],[-70.540787,-33.391794]],[[-70.541419,-33.394698],[-70.541297,-33.394969],[-70.541229,-33.395179],[-70.541196,-33.395281],[-70.541173,-33.395346],[-70.54115,-33.395395],[-70.541106,-33.395461],[-70.541053,-33.395398],[-70.541009,-33.395332],[-70.540995,-33.395282],[-70.540952,-33.395013],[-70.5409,-33.39477],[-70.540849,-33.394552],[-70.540764,-33.394304],[-70.540702,-33.394107],[-70.540939,-33.394027],[-70.541091,-33.394004],[-70.541183,-33.393992],[-70.541267,-33.393996],[-70.541419,-33.394011],[-70.541511,-33.394038],[-70.541625,-33.394072],[-70.54174,-33.394126],[-70.541564,-33.394412],[-70.541419,-33.394698]],[[-70.542579,-33.400798],[-70.542569,-33.400989],[-70.541803,-33.400956],[-70.541816,-33.400764],[-70.542213,-33.400786],[-70.542579,-33.400798]]]}},{"type":"Feature","properties":{"zona":"UV1/EAb3","nombre":"UV1/EAb3 Zona de Uso de Vivienda N°1 Equipamiento en (Baja Intensidad)/ Edificación Aislada Baja Nº3","upref":"Mixto","uperm":"Residencial; equipamiento.","uproh":"Actividad productiva; infraestructura; espacio público y áreas verdes.","url":"http://www.observatoriourbano.cl/Ipt/cehu_resultado_decreto.asp?r=0&c=193&i=25"},"geometry":{"type":"Polygon","coordinates":[[[-70.545784,-33.408874],[-70.545694,-33.408986],[-70.545654,-33.409038],[-70.545532,-33.409183],[-70.545229,-33.409457],[-70.544517,-33.410018],[-70.544309,-33.409852],[-70.544266,-33.409809],[-70.544256,-33.4098],[-70.544224,-33.409825],[-70.544104,-33.409931],[-70.544042,-33.409986],[-70.543998,-33.410027],[-70.543963,-33.41007],[-70.543934,-33.410112],[-70.543915,-33.410143],[-70.543878,-33.41022],[-70.543739,-33.410541],[-70.543495,-33.411174],[-70.543251,-33.411769],[-70.542761,-33.413009],[-70.542419,-33.413875],[-70.54232,-33.413844],[-70.542058,-33.414519],[-70.542043,-33.414556],[-70.541995,-33.414679],[-70.54197,-33.414749],[-70.541965,-33.414778],[-70.541967,-33.414799],[-70.541975,-33.414815],[-70.542129,-33.414974],[-70.541887,-33.415275],[-70.54184,-33.415365],[-70.541778,-33.415482],[-70.541586,-33.415944],[-70.541503,-33.416152],[-70.541462,-33.416263],[-70.54142,-33.416389],[-70.541378,-33.416549],[-70.541349,-33.416665],[-70.541342,-33.416705],[-70.541049,-33.416664],[-70.541043,-33.416664],[-70.541004,-33.416659],[-70.540994,-33.416702],[-70.540658,-33.418316],[-70.54054,-33.418866],[-70.540445,-33.419369],[-70.54035,-33.419816],[-70.540341,-33.41986],[-70.540162,-33.42077],[-70.540153,-33.420867],[-70.540138,-33.420982],[-70.54013,-33.421676],[-70.540122,-33.422191],[-70.540107,-33.422768],[-70.540092,-33.423351],[-70.540084,-33.423957],[-70.540008,-33.424461],[-70.539872,-33.425349],[-70.539854,-33.425441],[-70.539793,-33.425835],[-70.539723,-33.426295],[-70.539648,-33.426785],[-70.539575,-33.427245],[-70.54084,-33.427387],[-70.541465,-33.427452],[-70.542083,-33.42752],[-70.542701,-33.427589],[-70.542914,-33.427617],[-70.543058,-33.427631],[-70.543539,-33.427679],[-70.543861,-33.427711],[-70.543841,-33.42777],[-70.543636,-33.429065],[-70.543625,-33.429131],[-70.544158,-33.429194],[-70.5447,-33.429257],[-70.545235,-33.429316],[-70.545768,-33.429379],[-70.546309,-33.429441],[-70.546838,-33.429502],[-70.547462,-33.429572],[-70.547564,-33.429587],[-70.548049,-33.429644],[-70.549187,-33.429761],[-70.549749,-33.429819],[-70.549885,-33.429833],[-70.54992,-33.429837],[-70.550313,-33.429876],[-70.550871,-33.429934],[-70.551515,-33.430006],[-70.551623,-33.430013],[-70.552207,-33.430076],[-70.552754,-33.430133],[-70.553328,-33.430181],[-70.553438,-33.430201],[-70.55371,-33.430264],[-70.553943,-33.430299],[-70.554139,-33.430317],[-70.554306,-33.430298],[-70.554283,-33.429691],[-70.554268,-33.429348],[-70.55426,-33.429214],[-70.553673,-33.429145],[-70.552918,-33.429073],[-70.552979,-33.428672],[-70.55349,-33.428726],[-70.553703,-33.428745],[-70.553963,-33.428756],[-70.554238,-33.428756],[-70.55423,-33.428222],[-70.554206,-33.427719],[-70.554192,-33.427429],[-70.554161,-33.426818],[-70.554168,-33.426711],[-70.554169,-33.426689],[-70.554154,-33.426265],[-70.554093,-33.425464],[-70.55249,-33.425285],[-70.552561,-33.425124],[-70.552633,-33.424989],[-70.552868,-33.424548],[-70.553086,-33.424104],[-70.55323,-33.423767],[-70.553419,-33.423393],[-70.553424,-33.423383],[-70.553497,-33.423238],[-70.553511,-33.423238],[-70.553527,-33.423229],[-70.553539,-33.423217],[-70.553553,-33.423196],[-70.553657,-33.422985],[-70.553636,-33.422868],[-70.553528,-33.422233],[-70.553291,-33.420818],[-70.553215,-33.420391],[-70.553205,-33.420331],[-70.553177,-33.420119],[-70.55304,-33.419446],[-70.552953,-33.419461],[-70.552797,-33.41947],[-70.552728,-33.419463],[-70.552631,-33.419441],[-70.552566,-33.419423],[-70.552509,-33.419414],[-70.552307,-33.419391],[-70.552027,-33.419362],[-70.551989,-33.419356],[-70.551957,-33.419344],[-70.551716,-33.419189],[-70.551376,-33.419521],[-70.550735,-33.419105],[-70.55078,-33.419049],[-70.550816,-33.418983],[-70.550835,-33.418918],[-70.550861,-33.418776],[-70.550886,-33.418608],[-70.550935,-33.418358],[-70.549214,-33.418123],[-70.54919,-33.418244],[-70.549164,-33.418373],[-70.549072,-33.418865],[-70.548714,-33.418815],[-70.548727,-33.418736],[-70.54882,-33.418256],[-70.548898,-33.417855],[-70.548919,-33.417788],[-70.549267,-33.417833],[-70.549295,-33.41771],[-70.549403,-33.417723],[-70.549416,-33.417695],[-70.54943,-33.417572],[-70.549479,-33.417336],[-70.551841,-33.417658],[-70.551846,-33.41763],[-70.551863,-33.417542],[-70.551897,-33.417465],[-70.551933,-33.417396],[-70.552216,-33.417178],[-70.552277,-33.417126],[-70.552351,-33.41708],[-70.552397,-33.417057],[-70.552444,-33.417041],[-70.552513,-33.417022],[-70.552885,-33.416964],[-70.552832,-33.416688],[-70.552735,-33.416697],[-70.552387,-33.415059],[-70.552803,-33.414996],[-70.552727,-33.414642],[-70.552676,-33.414345],[-70.552635,-33.414104],[-70.552467,-33.413276],[-70.552429,-33.412872],[-70.552415,-33.412705],[-70.552368,-33.412139],[-70.552347,-33.411784],[-70.551933,-33.411796],[-70.551941,-33.411941],[-70.551336,-33.411971],[-70.551263,-33.411348],[-70.550184,-33.411302],[-70.549847,-33.411373],[-70.549676,-33.411507],[-70.549495,-33.411431],[-70.549339,-33.411326],[-70.549269,-33.411277],[-70.549336,-33.411219],[-70.549394,-33.411167],[-70.54943,-33.411125],[-70.549499,-33.411014],[-70.549576,-33.410884],[-70.549637,-33.410613],[-70.54966,-33.4103],[-70.549783,-33.409097],[-70.550555,-33.409149],[-70.550557,-33.409116],[-70.550742,-33.409128],[-70.550741,-33.409162],[-70.551035,-33.409182],[-70.551223,-33.410183],[-70.552175,-33.41011],[-70.552132,-33.409906],[-70.552101,-33.409724],[-70.552082,-33.409662],[-70.552025,-33.409469],[-70.55198,-33.409213],[-70.551974,-33.409174],[-70.55175,-33.409184],[-70.547704,-33.408843],[-70.547699,-33.408904],[-70.545852,-33.408759],[-70.545784,-33.408874]],[[-70.552193,-33.415435],[-70.552361,-33.416278],[-70.552307,-33.416244],[-70.551445,-33.41545],[-70.55175,-33.415218],[-70.551857,-33.415153],[-70.551971,-33.415122],[-70.552124,-33.415099],[-70.552193,-33.415435]],[[-70.542362,-33.415866],[-70.542331,-33.415868],[-70.542305,-33.415863],[-70.541966,-33.415811],[-70.542001,-33.415709],[-70.542053,-33.415609],[-70.542077,-33.415571],[-70.542103,-33.415541],[-70.542127,-33.415526],[-70.542332,-33.415686],[-70.542401,-33.415747],[-70.542419,-33.415767],[-70.542422,-33.41579],[-70.542412,-33.415826],[-70.542362,-33.415866]],[[-70.545777,-33.417318],[-70.546375,-33.417394],[-70.546682,-33.417435],[-70.546579,-33.417995],[-70.546476,-33.418536],[-70.546327,-33.418542],[-70.54633,-33.418338],[-70.546347,-33.41798],[-70.545765,-33.417909],[-70.545767,-33.417766],[-70.545777,-33.417318]],[[-70.542717,-33.417707],[-70.542716,-33.417777],[-70.542714,-33.417914],[-70.542083,-33.417833],[-70.542083,-33.417678],[-70.542085,-33.417636],[-70.542717,-33.417707]],[[-70.543334,-33.418151],[-70.543344,-33.417746],[-70.543961,-33.417805],[-70.543953,-33.418224],[-70.543334,-33.418151]],[[-70.541458,-33.418422],[-70.541458,-33.418975],[-70.54117,-33.418941],[-70.541191,-33.418387],[-70.541458,-33.418422]],[[-70.543006,-33.419181],[-70.543008,-33.418618],[-70.543262,-33.418649],[-70.543334,-33.418662],[-70.543312,-33.419223],[-70.543006,-33.419181]],[[-70.545652,-33.418957],[-70.54526,-33.418907],[-70.545194,-33.418897],[-70.545168,-33.418898],[-70.545156,-33.418901],[-70.545135,-33.418914],[-70.54515,-33.418399],[-70.545651,-33.418463],[-70.545652,-33.418957]],[[-70.548622,-33.419303],[-70.54853,-33.419784],[-70.547989,-33.419715],[-70.54808,-33.419246],[-70.548622,-33.419303]],[[-70.545135,-33.419445],[-70.545126,-33.419839],[-70.544534,-33.419764],[-70.54454,-33.41938],[-70.545073,-33.419443],[-70.545135,-33.419445]],[[-70.542692,-33.419596],[-70.542686,-33.419883],[-70.542067,-33.419809],[-70.542076,-33.419563],[-70.542076,-33.419514],[-70.542692,-33.419596]],[[-70.543298,-33.420126],[-70.543303,-33.419785],[-70.543926,-33.419854],[-70.54392,-33.420201],[-70.543298,-33.420126]],[[-70.545116,-33.420228],[-70.545121,-33.420039],[-70.545709,-33.420097],[-70.545704,-33.420272],[-70.545701,-33.420396],[-70.5457,-33.420439],[-70.545113,-33.420372],[-70.545113,-33.420353],[-70.545116,-33.420228]],[[-70.546383,-33.420202],[-70.546388,-33.419717],[-70.546395,-33.419581],[-70.546495,-33.419581],[-70.546521,-33.419581],[-70.546633,-33.419569],[-70.546688,-33.419561],[-70.54676,-33.419562],[-70.546852,-33.419565],[-70.547355,-33.419624],[-70.547256,-33.42012],[-70.547212,-33.420388],[-70.546382,-33.420286],[-70.546383,-33.420202]],[[-70.541427,-33.420002],[-70.541425,-33.420244],[-70.540833,-33.420187],[-70.54084,-33.419929],[-70.541427,-33.420002]],[[-70.55117,-33.421279],[-70.551109,-33.421699],[-70.550774,-33.421661],[-70.550659,-33.421642],[-70.55056,-33.421615],[-70.550369,-33.421508],[-70.551269,-33.420635],[-70.55117,-33.421279]],[[-70.542655,-33.421375],[-70.542652,-33.421607],[-70.542021,-33.421533],[-70.542024,-33.421297],[-70.542655,-33.421375]],[[-70.541409,-33.42153],[-70.541404,-33.421817],[-70.540817,-33.421749],[-70.54082,-33.421466],[-70.541409,-33.42153]],[[-70.545085,-33.421932],[-70.545089,-33.421566],[-70.5457,-33.421638],[-70.545693,-33.421991],[-70.545085,-33.421932]],[[-70.544487,-33.421493],[-70.544481,-33.421727],[-70.543883,-33.421656],[-70.543888,-33.421366],[-70.544488,-33.421438],[-70.544487,-33.421493]],[[-70.54678,-33.422823],[-70.547426,-33.423318],[-70.547338,-33.423402],[-70.547022,-33.423702],[-70.547668,-33.424196],[-70.547661,-33.42424],[-70.547577,-33.424755],[-70.546284,-33.424612],[-70.546217,-33.424606],[-70.546261,-33.424432],[-70.546336,-33.424359],[-70.546326,-33.42407],[-70.546329,-33.423949],[-70.546335,-33.423491],[-70.546342,-33.423081],[-70.546349,-33.42292],[-70.546353,-33.42286],[-70.546569,-33.422851],[-70.546645,-33.422848],[-70.546755,-33.422829],[-70.54678,-33.422823]],[[-70.542625,-33.423038],[-70.542619,-33.423286],[-70.542008,-33.423211],[-70.542015,-33.422966],[-70.542625,-33.423038]],[[-70.541385,-33.423245],[-70.541381,-33.423515],[-70.540786,-33.423431],[-70.540789,-33.423207],[-70.54079,-33.423174],[-70.541052,-33.423205],[-70.541385,-33.423245]],[[-70.543847,-33.423436],[-70.543853,-33.423191],[-70.544448,-33.423263],[-70.544442,-33.423509],[-70.543847,-33.423436]],[[-70.54863,-33.423854],[-70.549255,-33.423278],[-70.549362,-33.423362],[-70.549484,-33.423435],[-70.549378,-33.423489],[-70.549302,-33.423934],[-70.54863,-33.423854]],[[-70.551025,-33.425125],[-70.550888,-33.426044],[-70.549774,-33.425926],[-70.549855,-33.425437],[-70.549919,-33.425003],[-70.551025,-33.425125]],[[-70.546669,-33.426082],[-70.546608,-33.426571],[-70.545986,-33.426505],[-70.545914,-33.426498],[-70.54593,-33.426471],[-70.546,-33.426008],[-70.546064,-33.426015],[-70.546669,-33.426082]],[[-70.547842,-33.426703],[-70.547919,-33.42621],[-70.547995,-33.426218],[-70.548561,-33.426284],[-70.549095,-33.426338],[-70.549026,-33.426826],[-70.548469,-33.426773],[-70.54792,-33.426709],[-70.547842,-33.426703]],[[-70.551147,-33.428009],[-70.55174,-33.428076],[-70.551766,-33.428073],[-70.551794,-33.428061],[-70.551814,-33.428052],[-70.551834,-33.428035],[-70.551758,-33.428543],[-70.551422,-33.428508],[-70.551086,-33.428474],[-70.550529,-33.428413],[-70.550606,-33.427936],[-70.551147,-33.428009]]]}},{"type":"Feature","properties":{"zona":"UV1/EAa+ca","nombre":"UV1/EAa+ca Zona de Uso de Vivienda N°1 Equipamiento en (baja intensidad)/ Edificación Aislada Alta","upref":"Mixto","uperm":"Residencial; equipamiento.","uproh":"Actividad productiva; infraestructura; espacio público y áreas verdes.","url":"http://www.observatoriourbano.cl/Ipt/cehu_resultado_decreto.asp?r=0&c=193&i=25"},"geometry":{"type":"MultiPolygon","coordinates":[[[[-70.55301,-33.419297],[-70.553029,-33.41939],[-70.555086,-33.41907],[-70.555034,-33.418858],[-70.555848,-33.418741],[-70.555809,-33.418588],[-70.554374,-33.418819],[-70.552975,-33.419065],[-70.55301,-33.419297]]],[[[-70.554599,-33.41724],[-70.554609,-33.417403],[-70.555518,-33.417258],[-70.55539,-33.416591],[-70.554474,-33.41674],[-70.554512,-33.416809],[-70.554524,-33.416855],[-70.554576,-33.417074],[-70.554593,-33.417154],[-70.554599,-33.41724]]]]}},{"type":"Feature","properties":{"zona":"UV1/EAm1p","nombre":"UV1/EAm1p Zona de Uso de Vivienda N°1 Equipamiento en (baja Intensidad)/ Edificación Aislada Media N°1 Prima","upref":"Mixto","uperm":"Residencial; equipamiento.","uproh":"Actividad productiva; infraestructura; espacio público y áreas verdes.","url":"http://www.observatoriourbano.cl/Ipt/cehu_resultado_decreto.asp?r=0&c=193&i=25"},"geometry":{"type":"Polygon","coordinates":[[[-70.545852,-33.408759],[-70.547699,-33.408904],[-70.547704,-33.408843],[-70.55175,-33.409184],[-70.551974,-33.409174],[-70.551971,-33.409157],[-70.551941,-33.408984],[-70.551582,-33.409022],[-70.551025,-33.408984],[-70.550529,-33.408942],[-70.549804,-33.408889],[-70.548426,-33.40877],[-70.545922,-33.408584],[-70.545852,-33.408759]]]}},{"type":"Feature","properties":{"zona":"UV1/EAm1p","nombre":"UV1/EAm1p Zona de Uso de Vivienda N°1 Equipamiento en (baja Intensidad)/ Edificación Aislada Media N°1 Prima","upref":"Mixto","uperm":"Residencial; equipamiento.","uproh":"Actividad productiva; infraestructura; espacio público y áreas verdes.","url":"http://www.observatoriourbano.cl/Ipt/cehu_resultado_decreto.asp?r=0&c=193&i=25"},"geometry":{"type":"Polygon","coordinates":[[[-70.554855,-33.403831],[-70.555115,-33.40433],[-70.555389,-33.404849],[-70.555122,-33.404956],[-70.555267,-33.405238],[-70.555382,-33.40533],[-70.555466,-33.405383],[-70.555573,-33.405452],[-70.555664,-33.405543],[-70.555817,-33.405788],[-70.556114,-33.406245],[-70.556526,-33.406898],[-70.556656,-33.407115],[-70.556678,-33.407153],[-70.556975,-33.407074],[-70.557302,-33.406958],[-70.556546,-33.405529],[-70.555754,-33.404094],[-70.555716,-33.404108],[-70.555162,-33.403064],[-70.555222,-33.403041],[-70.554607,-33.401891],[-70.554428,-33.401557],[-70.55378,-33.401797],[-70.554035,-33.402291],[-70.554558,-33.4033],[-70.554855,-33.403831]]]}},{"type":"Feature","properties":{"zona":"UV1/EAa1","nombre":"UV1/EAa1 Zona de Uso de Vivienda N°1 Equipamiento en (baja intensidad)/ Edificación Aislada Alta Nº1","upref":"Mixto","uperm":"Residencial; equipamiento.","uproh":"Actividad productiva; infraestructura; espacio público y áreas verdes.","url":"http://www.observatoriourbano.cl/Ipt/cehu_resultado_decreto.asp?r=0&c=193&i=25"},"geometry":{"type":"MultiPolygon","coordinates":[[[[-70.555848,-33.418741],[-70.555893,-33.418922],[-70.55645,-33.418834],[-70.55716,-33.418708],[-70.557564,-33.41864],[-70.55749,-33.418304],[-70.555809,-33.418588],[-70.555848,-33.418741]]],[[[-70.558739,-33.418304],[-70.558777,-33.41846],[-70.560921,-33.418094],[-70.56075,-33.417751],[-70.558692,-33.4181],[-70.558739,-33.418304]]]]}},{"type":"Feature","properties":{"zona":"UV1/EAm4","nombre":"UV1/EAm4 Zona de Uso de Vivienda N°1 Equipamiento en (baja Intensidad)/ Edificación Aislada Media N°4","upref":"Mixto","uperm":"Residencial; equipamiento.","uproh":"Actividad productiva; infraestructura; espacio público y áreas verdes.","url":"http://www.observatoriourbano.cl/Ipt/cehu_resultado_decreto.asp?r=0&c=193&i=25"},"geometry":{"type":"Polygon","coordinates":[[[-70.55539,-33.416591],[-70.555518,-33.417258],[-70.556073,-33.417172],[-70.559101,-33.41665],[-70.562766,-33.416054],[-70.563016,-33.415999],[-70.562731,-33.414783],[-70.562478,-33.414825],[-70.561669,-33.414954],[-70.560891,-33.415088],[-70.559563,-33.415332],[-70.559815,-33.415832],[-70.55893,-33.415981],[-70.557068,-33.416301],[-70.55539,-33.416591]]]}},{"type":"Feature","properties":{"zona":"UV1/EAm2","nombre":"UV1/EAm2 Zona de Uso de Vivienda N°1 Equipamiento en (baja Intensidad)/ Edificación Aislada Media N°2","upref":"Mixto","uperm":"Residencial; equipamiento.","uproh":"Actividad productiva; infraestructura; espacio público y áreas verdes.","url":"http://www.observatoriourbano.cl/Ipt/cehu_resultado_decreto.asp?r=0&c=193&i=25"},"geometry":{"type":"Polygon","coordinates":[[[-70.555428,-33.416057],[-70.554474,-33.41674],[-70.55539,-33.416591],[-70.557068,-33.416301],[-70.556939,-33.415802],[-70.556937,-33.415781],[-70.556941,-33.415754],[-70.556952,-33.415718],[-70.556983,-33.415679],[-70.557168,-33.415562],[-70.557299,-33.415478],[-70.557329,-33.415443],[-70.557334,-33.415396],[-70.557311,-33.41529],[-70.557262,-33.415092],[-70.55721,-33.414863],[-70.557183,-33.414794],[-70.555893,-33.415717],[-70.555428,-33.416057]]]}},{"type":"Feature","properties":{"zona":"UV1/EAm4","nombre":"UV1/EAm4 Zona de Uso de Vivienda N°1 Equipamiento en (baja Intensidad)/ Edificación Aislada Media N°4","upref":"Mixto","uperm":"Residencial; equipamiento.","uproh":"Actividad productiva; infraestructura; espacio público y áreas verdes.","url":"http://www.observatoriourbano.cl/Ipt/cehu_resultado_decreto.asp?r=0&c=193&i=25"},"geometry":{"type":"Polygon","coordinates":[[[-70.560921,-33.418094],[-70.558777,-33.41846],[-70.558739,-33.418304],[-70.558692,-33.4181],[-70.55749,-33.418304],[-70.557564,-33.41864],[-70.55716,-33.418708],[-70.55645,-33.418834],[-70.555893,-33.418922],[-70.555848,-33.418741],[-70.555034,-33.418858],[-70.555086,-33.41907],[-70.553029,-33.41939],[-70.55304,-33.419446],[-70.553177,-33.420119],[-70.553205,-33.420331],[-70.553215,-33.420391],[-70.553402,-33.420361],[-70.553825,-33.420284],[-70.55407,-33.420246],[-70.55436,-33.420199],[-70.554733,-33.420139],[-70.555321,-33.42004],[-70.556114,-33.419902],[-70.556954,-33.419765],[-70.557808,-33.41962],[-70.558998,-33.419425],[-70.559899,-33.419277],[-70.560822,-33.419113],[-70.561364,-33.419017],[-70.561593,-33.419444],[-70.561792,-33.419375],[-70.562166,-33.419254],[-70.562344,-33.419202],[-70.562446,-33.419176],[-70.562559,-33.419148],[-70.562662,-33.419128],[-70.562772,-33.419111],[-70.562983,-33.419083],[-70.563114,-33.419069],[-70.56326,-33.419061],[-70.563479,-33.419058],[-70.56347,-33.418191],[-70.563481,-33.418094],[-70.563533,-33.417668],[-70.563646,-33.417261],[-70.56075,-33.417751],[-70.560921,-33.418094]],[[-70.553821,-33.419881],[-70.553761,-33.419888],[-70.553734,-33.419733],[-70.553925,-33.419704],[-70.55395,-33.419702],[-70.55396,-33.419704],[-70.553966,-33.41971],[-70.55397,-33.41972],[-70.553988,-33.419834],[-70.553986,-33.419848],[-70.553982,-33.419856],[-70.553975,-33.41986],[-70.553954,-33.419864],[-70.553821,-33.419881]]]}},{"type":"Feature","properties":{"zona":"UV1/EAm2","nombre":"UV1/EAm2 Zona de Uso de Vivienda N°1 Equipamiento en (baja Intensidad)/ Edificación Aislada Media N°2","upref":"Mixto","uperm":"Residencial; equipamiento.","uproh":"Actividad productiva; infraestructura; espacio público y áreas verdes.","url":"http://www.observatoriourbano.cl/Ipt/cehu_resultado_decreto.asp?r=0&c=193&i=25"},"geometry":{"type":"MultiPolygon","coordinates":[[[[-70.564201,-33.430902],[-70.564235,-33.430904],[-70.563297,-33.427145],[-70.563261,-33.427141],[-70.562783,-33.427089],[-70.562905,-33.427608],[-70.562917,-33.427657],[-70.562994,-33.427967],[-70.563038,-33.428143],[-70.563081,-33.428285],[-70.563087,-33.428319],[-70.563158,-33.428607],[-70.563256,-33.428966],[-70.563393,-33.429519],[-70.563416,-33.429626],[-70.563515,-33.430042],[-70.563723,-33.430843],[-70.563753,-33.430887],[-70.564201,-33.430902]]],[[[-70.563119,-33.42044],[-70.563141,-33.420833],[-70.563439,-33.420829],[-70.563519,-33.420828],[-70.563479,-33.419058],[-70.56326,-33.419061],[-70.563122,-33.419084],[-70.563019,-33.419123],[-70.562907,-33.419194],[-70.562863,-33.419233],[-70.562819,-33.419299],[-70.562779,-33.419369],[-70.562768,-33.419439],[-70.562767,-33.419511],[-70.562776,-33.419591],[-70.562996,-33.42007],[-70.563042,-33.420158],[-70.563103,-33.420356],[-70.563119,-33.42044]]]]}},{"type":"Feature","properties":{"zona":"UV1/EAm2","nombre":"UV1/EAm2 Zona de Uso de Vivienda N°1 Equipamiento en (baja Intensidad)/ Edificación Aislada Media N°2","upref":"Mixto","uperm":"Residencial; equipamiento.","uproh":"Actividad productiva; infraestructura; espacio público y áreas verdes.","url":"http://www.observatoriourbano.cl/Ipt/cehu_resultado_decreto.asp?r=0&c=193&i=25"},"geometry":{"type":"MultiPolygon","coordinates":[[[[-70.54231,-33.409158],[-70.542114,-33.409644],[-70.541808,-33.410342],[-70.541641,-33.41077],[-70.54161,-33.410838],[-70.541473,-33.411174],[-70.541435,-33.411273],[-70.541305,-33.411594],[-70.541267,-33.411678],[-70.540816,-33.412749],[-70.540643,-33.413078],[-70.5406,-33.413169],[-70.540326,-33.41357],[-70.540369,-33.413591],[-70.540478,-33.413643],[-70.54059,-33.413697],[-70.54079,-33.413797],[-70.54096,-33.413882],[-70.541015,-33.413905],[-70.54129,-33.414073],[-70.54132,-33.414092],[-70.541366,-33.4141],[-70.541477,-33.414351],[-70.54181,-33.414543],[-70.541838,-33.414446],[-70.542058,-33.414519],[-70.54232,-33.413844],[-70.542419,-33.413875],[-70.542761,-33.413009],[-70.543251,-33.411769],[-70.543495,-33.411174],[-70.543739,-33.410541],[-70.543878,-33.41022],[-70.543915,-33.410143],[-70.543934,-33.410112],[-70.543963,-33.41007],[-70.543998,-33.410027],[-70.544042,-33.409986],[-70.544104,-33.409931],[-70.544224,-33.409825],[-70.544256,-33.4098],[-70.543942,-33.409497],[-70.543859,-33.409369],[-70.543809,-33.409372],[-70.543634,-33.409385],[-70.54354,-33.409381],[-70.54343,-33.409382],[-70.543282,-33.40938],[-70.54318,-33.409378],[-70.543024,-33.409371],[-70.542871,-33.409356],[-70.542807,-33.409344],[-70.542495,-33.409257],[-70.542412,-33.409232],[-70.542357,-33.409209],[-70.542329,-33.409188],[-70.54231,-33.409158]]],[[[-70.544309,-33.409852],[-70.544517,-33.410018],[-70.545229,-33.409457],[-70.545532,-33.409183],[-70.545654,-33.409038],[-70.545694,-33.408986],[-70.545784,-33.408874],[-70.545852,-33.408759],[-70.545922,-33.408584],[-70.545707,-33.40857],[-70.545613,-33.408779],[-70.545474,-33.408984],[-70.545253,-33.409231],[-70.545026,-33.409413],[-70.544828,-33.409539],[-70.544477,-33.409752],[-70.544309,-33.409852]]],[[[-70.543698,-33.405472],[-70.543507,-33.406222],[-70.543549,-33.406235],[-70.543767,-33.40631],[-70.543945,-33.406379],[-70.544151,-33.406463],[-70.544342,-33.406169],[-70.544403,-33.406066],[-70.544435,-33.405947],[-70.544523,-33.405995],[-70.544735,-33.406111],[-70.545076,-33.406379],[-70.545327,-33.406634],[-70.545519,-33.406912],[-70.545697,-33.407316],[-70.546451,-33.407349],[-70.546458,-33.407262],[-70.546447,-33.407172],[-70.546028,-33.407184],[-70.545951,-33.407184],[-70.54589,-33.407172],[-70.54586,-33.407149],[-70.545829,-33.407104],[-70.545806,-33.407062],[-70.54573,-33.406882],[-70.545631,-33.406688],[-70.545562,-33.406573],[-70.545478,-33.406463],[-70.545173,-33.406169],[-70.54512,-33.406097],[-70.545046,-33.406161],[-70.544791,-33.405982],[-70.544473,-33.405799],[-70.543744,-33.405486],[-70.543698,-33.405472]]]]}},{"type":"Feature","properties":{"zona":"UV1/EAb3","nombre":"UV1/EAb3 Zona de Uso de Vivienda N°1 Equipamiento en (Baja Intensidad)/ Edificación Aislada Baja Nº3","upref":"Mixto","uperm":"Residencial; equipamiento.","uproh":"Actividad productiva; infraestructura; espacio público y áreas verdes.","url":"http://www.observatoriourbano.cl/Ipt/cehu_resultado_decreto.asp?r=0&c=193&i=25"},"geometry":{"type":"Polygon","coordinates":[[[-70.55032,-33.397735],[-70.546825,-33.399339],[-70.54705,-33.399669],[-70.547599,-33.4005],[-70.548156,-33.401355],[-70.548309,-33.401599],[-70.5485,-33.401969],[-70.547187,-33.402453],[-70.546936,-33.402526],[-70.546722,-33.402591],[-70.546354,-33.40267],[-70.546304,-33.402679],[-70.546196,-33.402682],[-70.546073,-33.402694],[-70.545776,-33.402709],[-70.54531,-33.402705],[-70.545215,-33.402704],[-70.545161,-33.402697],[-70.544701,-33.402634],[-70.544518,-33.40261],[-70.544391,-33.402596],[-70.544339,-33.40259],[-70.544323,-33.402805],[-70.544312,-33.402954],[-70.544145,-33.403688],[-70.54384,-33.404918],[-70.543698,-33.405472],[-70.543744,-33.405486],[-70.544473,-33.405799],[-70.544791,-33.405982],[-70.545046,-33.406161],[-70.54512,-33.406097],[-70.545173,-33.406169],[-70.545478,-33.406463],[-70.545562,-33.406573],[-70.545631,-33.406688],[-70.54573,-33.406882],[-70.545806,-33.407062],[-70.545829,-33.407104],[-70.54586,-33.407149],[-70.54589,-33.407172],[-70.545951,-33.407184],[-70.546028,-33.407184],[-70.546447,-33.407172],[-70.546458,-33.407262],[-70.546451,-33.407349],[-70.548218,-33.407479],[-70.548233,-33.407329],[-70.548112,-33.40732],[-70.548194,-33.406816],[-70.548103,-33.40681],[-70.548121,-33.406333],[-70.548015,-33.406326],[-70.548023,-33.405848],[-70.54789,-33.40584],[-70.547731,-33.40583],[-70.54775,-33.40535],[-70.547607,-33.405345],[-70.547338,-33.405325],[-70.547342,-33.404863],[-70.546636,-33.404387],[-70.546754,-33.404053],[-70.547441,-33.403851],[-70.547533,-33.403964],[-70.547609,-33.40391],[-70.547691,-33.403991],[-70.54762,-33.404042],[-70.547601,-33.40406],[-70.547965,-33.404436],[-70.547828,-33.404529],[-70.547732,-33.404602],[-70.548067,-33.404952],[-70.547966,-33.405017],[-70.548334,-33.405408],[-70.548219,-33.405486],[-70.548577,-33.405852],[-70.548494,-33.405908],[-70.548409,-33.405961],[-70.5488,-33.406346],[-70.548938,-33.406232],[-70.549105,-33.406406],[-70.549293,-33.406593],[-70.549508,-33.406831],[-70.549562,-33.407],[-70.549608,-33.407332],[-70.549453,-33.407344],[-70.549426,-33.407577],[-70.551474,-33.407729],[-70.551464,-33.407712],[-70.551373,-33.407551],[-70.551079,-33.407004],[-70.552639,-33.406407],[-70.552817,-33.406339],[-70.55263,-33.405987],[-70.552611,-33.40595],[-70.554137,-33.405374],[-70.554352,-33.405757],[-70.554588,-33.406222],[-70.554832,-33.406688],[-70.555193,-33.407334],[-70.555198,-33.407343],[-70.555237,-33.407413],[-70.555725,-33.40731],[-70.556152,-33.407222],[-70.556656,-33.407115],[-70.556526,-33.406898],[-70.556114,-33.406245],[-70.555817,-33.405788],[-70.555664,-33.405543],[-70.555573,-33.405452],[-70.555466,-33.405383],[-70.555382,-33.40533],[-70.555267,-33.405238],[-70.555122,-33.404956],[-70.555389,-33.404849],[-70.555115,-33.40433],[-70.554855,-33.403831],[-70.554558,-33.4033],[-70.554035,-33.402291],[-70.55378,-33.401797],[-70.554428,-33.401557],[-70.554514,-33.401523],[-70.554409,-33.401354],[-70.552914,-33.400314],[-70.55291,-33.400264],[-70.552811,-33.400124],[-70.552736,-33.400072],[-70.552621,-33.400129],[-70.552544,-33.400008],[-70.552478,-33.400036],[-70.552408,-33.399931],[-70.55236,-33.399949],[-70.552292,-33.399851],[-70.55227,-33.399855],[-70.551986,-33.399465],[-70.551944,-33.399482],[-70.551819,-33.399293],[-70.551782,-33.399306],[-70.551709,-33.399198],[-70.551685,-33.399208],[-70.551052,-33.39853],[-70.55032,-33.397735]],[[-70.550262,-33.400691],[-70.550865,-33.401759],[-70.550377,-33.401946],[-70.550337,-33.40188],[-70.550204,-33.401655],[-70.549774,-33.400928],[-70.550262,-33.400691]],[[-70.553271,-33.40103],[-70.553325,-33.400945],[-70.553395,-33.400984],[-70.553438,-33.401016],[-70.553473,-33.40105],[-70.553493,-33.401077],[-70.553508,-33.40112],[-70.553531,-33.401218],[-70.553532,-33.40124],[-70.553529,-33.401259],[-70.55352,-33.401291],[-70.553319,-33.401172],[-70.553292,-33.401151],[-70.553275,-33.401132],[-70.553262,-33.401113],[-70.553253,-33.401094],[-70.553253,-33.401076],[-70.553256,-33.40106],[-70.553271,-33.40103]],[[-70.551155,-33.403014],[-70.551399,-33.403483],[-70.551338,-33.403513],[-70.551146,-33.403585],[-70.550901,-33.403117],[-70.550987,-33.403083],[-70.551155,-33.403014]],[[-70.552097,-33.403222],[-70.552254,-33.403159],[-70.552452,-33.403556],[-70.552387,-33.403583],[-70.552311,-33.403612],[-70.552097,-33.403222]],[[-70.550507,-33.403826],[-70.550706,-33.404206],[-70.55068,-33.404216],[-70.550566,-33.404257],[-70.550539,-33.404246],[-70.550529,-33.404235],[-70.550343,-33.403888],[-70.550507,-33.403826]],[[-70.551535,-33.403901],[-70.55172,-33.403832],[-70.551744,-33.403877],[-70.551954,-33.404274],[-70.551862,-33.404309],[-70.551742,-33.404352],[-70.551718,-33.404306],[-70.551687,-33.404203],[-70.551554,-33.403943],[-70.551535,-33.403901]]]}},{"type":"Feature","properties":{"zona":"UV1/EAb1","nombre":"UV1/EAb1 Zona de Uso de Vivienda N°1 Equipamiento en (baja intensidad)/ Edificación Aislada Baja Nº1","upref":"Mixto","uperm":"Residencial; equipamiento.","uproh":"Actividad productiva; infraestructura; espacio público y áreas verdes.","url":"http://www.observatoriourbano.cl/Ipt/cehu_resultado_decreto.asp?r=0&c=193&i=25"},"geometry":{"type":"Polygon","coordinates":[[[-70.537386,-33.392727],[-70.537629,-33.39292],[-70.537679,-33.392895],[-70.538776,-33.39364],[-70.539074,-33.394059],[-70.539285,-33.394435],[-70.539411,-33.394806],[-70.539508,-33.395213],[-70.539535,-33.395421],[-70.539582,-33.395415],[-70.539907,-33.39536],[-70.539889,-33.395184],[-70.539855,-33.394995],[-70.539799,-33.394787],[-70.539736,-33.394593],[-70.539641,-33.39436],[-70.539516,-33.394085],[-70.539462,-33.393997],[-70.539307,-33.393753],[-70.539246,-33.393665],[-70.539203,-33.393596],[-70.539121,-33.393481],[-70.53905,-33.393402],[-70.538863,-33.393131],[-70.538574,-33.39273],[-70.53836,-33.392425],[-70.538323,-33.392361],[-70.53824,-33.392379],[-70.538178,-33.392403],[-70.538022,-33.392468],[-70.537874,-33.392529],[-70.537799,-33.392549],[-70.537601,-33.392594],[-70.537496,-33.39261],[-70.537387,-33.392615],[-70.537386,-33.392727]]]}},{"type":"Feature","properties":{"zona":"UV1/EAb2","nombre":"UV1/EAb2 Zona de Uso de Vivienda N°1 Equipamiento en (Baja Intensidad)/ Edificación Aislada Baja Nº2","upref":"Mixto","uperm":"Residencial; equipamiento.","uproh":"Actividad productiva; infraestructura; espacio público y áreas verdes.","url":"http://www.observatoriourbano.cl/Ipt/cehu_resultado_decreto.asp?r=0&c=193&i=25"},"geometry":{"type":"Polygon","coordinates":[[[-70.558341,-33.408559],[-70.557613,-33.40872],[-70.557527,-33.408524],[-70.556604,-33.408691],[-70.556352,-33.408776],[-70.55632,-33.40871],[-70.555252,-33.408969],[-70.554771,-33.40908],[-70.554352,-33.409183],[-70.55381,-33.409328],[-70.553078,-33.409507],[-70.552963,-33.40953],[-70.552406,-33.409663],[-70.552214,-33.409698],[-70.552101,-33.409724],[-70.552132,-33.409906],[-70.552175,-33.41011],[-70.552254,-33.410484],[-70.552284,-33.41088],[-70.552307,-33.411124],[-70.552347,-33.411784],[-70.552368,-33.412139],[-70.552415,-33.412705],[-70.552429,-33.412872],[-70.552467,-33.413276],[-70.552635,-33.414104],[-70.552676,-33.414345],[-70.552727,-33.414642],[-70.552803,-33.414996],[-70.552826,-33.415099],[-70.553189,-33.415037],[-70.553422,-33.41604],[-70.553101,-33.416091],[-70.553032,-33.416103],[-70.553141,-33.41663],[-70.553172,-33.416908],[-70.553172,-33.416919],[-70.553172,-33.416921],[-70.553173,-33.416963],[-70.553258,-33.416947],[-70.554474,-33.41674],[-70.555428,-33.416057],[-70.555893,-33.415717],[-70.557183,-33.414794],[-70.55721,-33.414863],[-70.557262,-33.415092],[-70.557311,-33.41529],[-70.557334,-33.415396],[-70.557329,-33.415443],[-70.557299,-33.415478],[-70.557168,-33.415562],[-70.556983,-33.415679],[-70.556952,-33.415718],[-70.556941,-33.415754],[-70.556937,-33.415781],[-70.556939,-33.415802],[-70.557068,-33.416301],[-70.55893,-33.415981],[-70.559815,-33.415832],[-70.559563,-33.415332],[-70.560891,-33.415088],[-70.561669,-33.414954],[-70.562478,-33.414825],[-70.562731,-33.414783],[-70.562756,-33.414779],[-70.563549,-33.41465],[-70.563836,-33.414603],[-70.564129,-33.414552],[-70.56434,-33.41452],[-70.564392,-33.414514],[-70.564447,-33.414513],[-70.5645,-33.414514],[-70.564552,-33.41452],[-70.564576,-33.414525],[-70.564641,-33.414291],[-70.565245,-33.412141],[-70.565581,-33.410943],[-70.565339,-33.41088],[-70.565186,-33.410842],[-70.564767,-33.410735],[-70.564614,-33.410689],[-70.564454,-33.410609],[-70.563759,-33.409957],[-70.56369,-33.410007],[-70.563118,-33.410415],[-70.562902,-33.410203],[-70.562686,-33.409991],[-70.562625,-33.409908],[-70.562587,-33.409845],[-70.56254,-33.409756],[-70.562432,-33.409488],[-70.56218,-33.409511],[-70.561943,-33.409515],[-70.561455,-33.409526],[-70.560906,-33.409541],[-70.560352,-33.409558],[-70.560172,-33.409348],[-70.560129,-33.409304],[-70.560066,-33.409242],[-70.560002,-33.409067],[-70.55996,-33.409012],[-70.559726,-33.408869],[-70.559362,-33.408647],[-70.55901,-33.408433],[-70.558341,-33.408559]],[[-70.561837,-33.410827],[-70.5619,-33.410857],[-70.56197,-33.41089],[-70.562057,-33.410912],[-70.562213,-33.410916],[-70.562315,-33.410906],[-70.562406,-33.410891],[-70.56255,-33.41084],[-70.562512,-33.410934],[-70.562479,-33.411019],[-70.56244,-33.41112],[-70.562429,-33.411194],[-70.562421,-33.411284],[-70.562424,-33.411345],[-70.562433,-33.411388],[-70.562308,-33.411231],[-70.562261,-33.411176],[-70.56218,-33.411098],[-70.56206,-33.410983],[-70.561837,-33.410827]],[[-70.561347,-33.413541],[-70.561287,-33.413552],[-70.561116,-33.413011],[-70.561324,-33.412964],[-70.561497,-33.41351],[-70.561347,-33.413541]]]}},{"type":"Feature","properties":{"zona":"UV1/EAb2","nombre":"UV1/EAb2 Zona de Uso de Vivienda N°1 Equipamiento en (Baja Intensidad)/ Edificación Aislada Baja Nº2","upref":"Mixto","uperm":"Residencial; equipamiento.","uproh":"Actividad productiva; infraestructura; espacio público y áreas verdes.","url":"http://www.observatoriourbano.cl/Ipt/cehu_resultado_decreto.asp?r=0&c=193&i=25"},"geometry":{"type":"Polygon","coordinates":[[[-70.558998,-33.419425],[-70.557808,-33.41962],[-70.556954,-33.419765],[-70.556114,-33.419902],[-70.555321,-33.42004],[-70.554733,-33.420139],[-70.55436,-33.420199],[-70.55407,-33.420246],[-70.553825,-33.420284],[-70.553402,-33.420361],[-70.553215,-33.420391],[-70.553291,-33.420818],[-70.553528,-33.422233],[-70.553636,-33.422868],[-70.553657,-33.422985],[-70.55371,-33.423307],[-70.553864,-33.42416],[-70.553986,-33.424148],[-70.554749,-33.424068],[-70.554932,-33.424049],[-70.555359,-33.424034],[-70.556481,-33.424182],[-70.55645,-33.424301],[-70.556458,-33.424438],[-70.556511,-33.424613],[-70.556587,-33.424804],[-70.556748,-33.425396],[-70.55629,-33.42546],[-70.555725,-33.425525],[-70.555888,-33.426476],[-70.554168,-33.426711],[-70.554161,-33.426818],[-70.554192,-33.427429],[-70.554206,-33.427719],[-70.55423,-33.428222],[-70.554238,-33.428756],[-70.55426,-33.429214],[-70.554268,-33.429348],[-70.554283,-33.429691],[-70.554306,-33.430298],[-70.554371,-33.430302],[-70.554422,-33.430313],[-70.554487,-33.430337],[-70.554534,-33.430356],[-70.554566,-33.430372],[-70.554605,-33.430409],[-70.554612,-33.430448],[-70.554612,-33.430481],[-70.554662,-33.430481],[-70.555045,-33.430484],[-70.555058,-33.430484],[-70.555451,-33.430502],[-70.556133,-33.430533],[-70.557321,-33.430587],[-70.55787,-33.43061],[-70.558489,-33.430636],[-70.559543,-33.430681],[-70.55966,-33.430686],[-70.56014,-33.430713],[-70.560797,-33.430749],[-70.560921,-33.430754],[-70.561685,-33.43079],[-70.562217,-33.430815],[-70.563555,-33.430878],[-70.563753,-33.430887],[-70.563723,-33.430843],[-70.563515,-33.430042],[-70.563416,-33.429626],[-70.563393,-33.429519],[-70.563256,-33.428966],[-70.563158,-33.428607],[-70.563087,-33.428319],[-70.563081,-33.428285],[-70.563038,-33.428143],[-70.562994,-33.427967],[-70.562917,-33.427657],[-70.562905,-33.427608],[-70.562783,-33.427089],[-70.562747,-33.426976],[-70.562298,-33.425128],[-70.562264,-33.425048],[-70.562688,-33.42511],[-70.562821,-33.425125],[-70.562909,-33.424735],[-70.563025,-33.424387],[-70.563155,-33.42418],[-70.563378,-33.423831],[-70.563404,-33.423612],[-70.563473,-33.42193],[-70.563519,-33.420828],[-70.563439,-33.420829],[-70.563141,-33.420833],[-70.563119,-33.42044],[-70.563103,-33.420356],[-70.563042,-33.420158],[-70.562996,-33.42007],[-70.562776,-33.419591],[-70.562559,-33.419148],[-70.562446,-33.419176],[-70.562344,-33.419202],[-70.562166,-33.419254],[-70.561792,-33.419375],[-70.561593,-33.419444],[-70.561364,-33.419017],[-70.560822,-33.419113],[-70.559899,-33.419277],[-70.558998,-33.419425]],[[-70.554207,-33.420963],[-70.554286,-33.421345],[-70.554078,-33.421385],[-70.554001,-33.420993],[-70.554207,-33.420963]],[[-70.558182,-33.421455],[-70.559372,-33.42126],[-70.559419,-33.421433],[-70.559472,-33.421681],[-70.559504,-33.421797],[-70.558299,-33.421994],[-70.558289,-33.421939],[-70.558182,-33.421455]],[[-70.559945,-33.425022],[-70.559044,-33.425132],[-70.558933,-33.425146],[-70.559056,-33.424552],[-70.559189,-33.424572],[-70.559231,-33.424375],[-70.559668,-33.424438],[-70.560364,-33.424534],[-70.560318,-33.424728],[-70.560914,-33.424823],[-70.560831,-33.424868],[-70.560766,-33.424895],[-70.560712,-33.424911],[-70.560639,-33.424927],[-70.559945,-33.425022]]]}},{"type":"Feature","properties":{"zona":"UV1/EAb2","nombre":"UV1/EAb2 Zona de Uso de Vivienda N°1 Equipamiento en (Baja Intensidad)/ Edificación Aislada Baja Nº2","upref":"Mixto","uperm":"Residencial; equipamiento.","uproh":"Actividad productiva; infraestructura; espacio público y áreas verdes.","url":"http://www.observatoriourbano.cl/Ipt/cehu_resultado_decreto.asp?r=0&c=193&i=25"},"geometry":{"type":"Polygon","coordinates":[[[-70.57905,-33.427288],[-70.578844,-33.427471],[-70.578233,-33.426963],[-70.577501,-33.427543],[-70.578889,-33.428794],[-70.580171,-33.42995],[-70.578613,-33.431304],[-70.5786,-33.431342],[-70.5792,-33.431381],[-70.579442,-33.431396],[-70.580139,-33.431442],[-70.580497,-33.431465],[-70.580942,-33.431493],[-70.581629,-33.431536],[-70.582329,-33.43158],[-70.582537,-33.431593],[-70.583252,-33.431638],[-70.583626,-33.431657],[-70.583776,-33.431664],[-70.583782,-33.43162],[-70.583793,-33.431529],[-70.583792,-33.431496],[-70.583787,-33.431442],[-70.583773,-33.431403],[-70.583755,-33.431371],[-70.583689,-33.431249],[-70.583381,-33.430591],[-70.583372,-33.430551],[-70.583371,-33.430526],[-70.583375,-33.430504],[-70.583396,-33.430472],[-70.583434,-33.430432],[-70.58367,-33.430231],[-70.583765,-33.430141],[-70.583818,-33.430011],[-70.583208,-33.42984],[-70.582697,-33.42971],[-70.582826,-33.429389],[-70.582872,-33.429313],[-70.583216,-33.429027],[-70.582819,-33.428718],[-70.58246,-33.428409],[-70.582623,-33.428247],[-70.582461,-33.428063],[-70.583222,-33.427394],[-70.58357,-33.427113],[-70.58409,-33.426638],[-70.583872,-33.426586],[-70.583307,-33.426456],[-70.583238,-33.426441],[-70.582727,-33.426326],[-70.582201,-33.426212],[-70.581682,-33.426086],[-70.580904,-33.425929],[-70.58069,-33.42588],[-70.580202,-33.425765],[-70.579992,-33.42572],[-70.579637,-33.425643],[-70.578958,-33.425495],[-70.57866,-33.426391],[-70.579355,-33.426547],[-70.579462,-33.42657],[-70.579454,-33.426616],[-70.579317,-33.426933],[-70.579172,-33.427124],[-70.579132,-33.427178],[-70.57905,-33.427288]]]}},{"type":"Feature","properties":{"zona":"UV1/EAm4","nombre":"UV1/EAm4 Zona de Uso de Vivienda N°1 Equipamiento en (baja Intensidad)/ Edificación Aislada Media N°4","upref":"Mixto","uperm":"Residencial; equipamiento.","uproh":"Actividad productiva; infraestructura; espacio público y áreas verdes.","url":"http://www.observatoriourbano.cl/Ipt/cehu_resultado_decreto.asp?r=0&c=193&i=25"},"geometry":{"type":"Polygon","coordinates":[[[-70.587633,-33.427448],[-70.588617,-33.427688],[-70.58935,-33.42712],[-70.589978,-33.426631],[-70.589174,-33.426446],[-70.588043,-33.426184],[-70.583638,-33.425186],[-70.581312,-33.424664],[-70.581209,-33.424987],[-70.580904,-33.425929],[-70.581682,-33.426086],[-70.582201,-33.426212],[-70.582727,-33.426326],[-70.583238,-33.426441],[-70.583307,-33.426456],[-70.583872,-33.426586],[-70.58409,-33.426638],[-70.584848,-33.426818],[-70.585749,-33.427013],[-70.586324,-33.427152],[-70.586855,-33.427268],[-70.587633,-33.427448]]]}},{"type":"Feature","properties":{"zona":"UV1/EAm2","nombre":"UV1/EAm2 Zona de Uso de Vivienda N°1 Equipamiento en (baja Intensidad)/ Edificación Aislada Media N°2","upref":"Mixto","uperm":"Residencial; equipamiento.","uproh":"Actividad productiva; infraestructura; espacio público y áreas verdes.","url":"http://www.observatoriourbano.cl/Ipt/cehu_resultado_decreto.asp?r=0&c=193&i=25"},"geometry":{"type":"Polygon","coordinates":[[[-70.57841,-33.425363],[-70.578288,-33.425738],[-70.578171,-33.425713],[-70.578006,-33.42578],[-70.577446,-33.426247],[-70.577491,-33.426288],[-70.577103,-33.426595],[-70.577225,-33.426708],[-70.576853,-33.426982],[-70.576715,-33.427075],[-70.576489,-33.42728],[-70.57641,-33.427218],[-70.576195,-33.427395],[-70.576302,-33.427489],[-70.576183,-33.427624],[-70.576076,-33.427755],[-70.576001,-33.427853],[-70.575972,-33.427907],[-70.576007,-33.427935],[-70.575601,-33.428241],[-70.575607,-33.428246],[-70.575639,-33.428272],[-70.575754,-33.428367],[-70.575828,-33.428418],[-70.575937,-33.428482],[-70.576196,-33.428649],[-70.576578,-33.428878],[-70.57686,-33.429111],[-70.577424,-33.429679],[-70.577783,-33.42944],[-70.578037,-33.429279],[-70.578165,-33.42921],[-70.578216,-33.429193],[-70.578368,-33.429168],[-70.578426,-33.429148],[-70.578474,-33.429117],[-70.578889,-33.428794],[-70.577501,-33.427543],[-70.578233,-33.426963],[-70.578416,-33.426814],[-70.578508,-33.426715],[-70.578584,-33.426589],[-70.57863,-33.426483],[-70.57866,-33.426391],[-70.578958,-33.425495],[-70.578485,-33.42538],[-70.57841,-33.425363]]]}},{"type":"Feature","properties":{"zona":"UV1/EAa1","nombre":"UV1/EAa1 Zona de Uso de Vivienda N°1 Equipamiento en (baja intensidad)/ Edificación Aislada Alta Nº1","upref":"Mixto","uperm":"Residencial; equipamiento.","uproh":"Actividad productiva; infraestructura; espacio público y áreas verdes.","url":"http://www.observatoriourbano.cl/Ipt/cehu_resultado_decreto.asp?r=0&c=193&i=25"},"geometry":{"type":"Polygon","coordinates":[[[-70.579512,-33.42425],[-70.579417,-33.424583],[-70.579157,-33.424524],[-70.579022,-33.424958],[-70.5786,-33.424867],[-70.578545,-33.425042],[-70.578584,-33.425044],[-70.578485,-33.42538],[-70.578958,-33.425495],[-70.579637,-33.425643],[-70.579992,-33.42572],[-70.580202,-33.425765],[-70.58069,-33.42588],[-70.580904,-33.425929],[-70.581209,-33.424987],[-70.581312,-33.424664],[-70.579512,-33.42425]]]}},{"type":"Feature","properties":{"zona":"UV1/EAm1","nombre":"UV1/EAm1 Zona de Uso de Vivienda N°1 Equipamiento en (baja Intensidad)/ Edificación Aislada Media N°1","upref":"Mixto","uperm":"Residencial; equipamiento.","uproh":"Actividad productiva; infraestructura; espacio público y áreas verdes.","url":"http://www.observatoriourbano.cl/Ipt/cehu_resultado_decreto.asp?r=0&c=193&i=25"},"geometry":{"type":"Polygon","coordinates":[[[-70.58549,-33.427962],[-70.585222,-33.428184],[-70.584685,-33.427758],[-70.584584,-33.427966],[-70.584534,-33.428021],[-70.58447,-33.428081],[-70.584116,-33.428355],[-70.584075,-33.428387],[-70.583944,-33.428489],[-70.583418,-33.428897],[-70.583216,-33.429027],[-70.582872,-33.429313],[-70.582826,-33.429389],[-70.582697,-33.42971],[-70.583208,-33.42984],[-70.583818,-33.430011],[-70.583765,-33.430141],[-70.58367,-33.430231],[-70.583434,-33.430432],[-70.583396,-33.430472],[-70.583375,-33.430504],[-70.583371,-33.430526],[-70.583372,-33.430551],[-70.583381,-33.430591],[-70.583689,-33.431249],[-70.583755,-33.431371],[-70.583773,-33.431403],[-70.583787,-33.431442],[-70.583792,-33.431496],[-70.583793,-33.431529],[-70.583782,-33.43162],[-70.583776,-33.431664],[-70.583777,-33.431664],[-70.58412,-33.431681],[-70.584188,-33.431649],[-70.584467,-33.431316],[-70.584848,-33.430896],[-70.585269,-33.430439],[-70.585344,-33.4304],[-70.585543,-33.430316],[-70.585657,-33.430236],[-70.58626,-33.429691],[-70.586702,-33.429279],[-70.587236,-33.428806],[-70.587526,-33.428577],[-70.587839,-33.428302],[-70.588617,-33.427688],[-70.587633,-33.427448],[-70.586855,-33.427268],[-70.586324,-33.427152],[-70.585749,-33.427013],[-70.584848,-33.426818],[-70.584792,-33.427022],[-70.584695,-33.427699],[-70.585463,-33.427887],[-70.585483,-33.427905],[-70.58549,-33.427923],[-70.585494,-33.42795],[-70.58549,-33.427962]]]}},{"type":"Feature","properties":{"zona":"UV1/EAb2","nombre":"UV1/EAb2 Zona de Uso de Vivienda N°1 Equipamiento en (Baja Intensidad)/ Edificación Aislada Baja Nº2","upref":"Mixto","uperm":"Residencial; equipamiento.","uproh":"Actividad productiva; infraestructura; espacio público y áreas verdes.","url":"http://www.observatoriourbano.cl/Ipt/cehu_resultado_decreto.asp?r=0&c=193&i=25"},"geometry":{"type":"Polygon","coordinates":[[[-70.597867,-33.41056],[-70.59649,-33.411129],[-70.595708,-33.411282],[-70.595084,-33.411414],[-70.595069,-33.411214],[-70.594885,-33.411102],[-70.594442,-33.411136],[-70.59392,-33.41121],[-70.593827,-33.411755],[-70.593793,-33.411864],[-70.594994,-33.412112],[-70.595014,-33.412122],[-70.595038,-33.412132],[-70.595063,-33.41214],[-70.595092,-33.412145],[-70.595121,-33.412145],[-70.595157,-33.412142],[-70.595293,-33.412132],[-70.596017,-33.412079],[-70.596027,-33.412079],[-70.596194,-33.41207],[-70.596339,-33.412066],[-70.597567,-33.412169],[-70.597849,-33.412158],[-70.598345,-33.412089],[-70.59842,-33.412064],[-70.59849,-33.41204],[-70.599215,-33.411635],[-70.599345,-33.41157],[-70.599429,-33.411452],[-70.599459,-33.411395],[-70.599467,-33.411315],[-70.599459,-33.411254],[-70.599439,-33.411085],[-70.599281,-33.410987],[-70.598826,-33.41072],[-70.598452,-33.410861],[-70.598353,-33.410888],[-70.597981,-33.410921],[-70.597909,-33.410927],[-70.597867,-33.41056]]]}},{"type":"Feature","properties":{"zona":"UEe5/Ee5","nombre":"UEe5/Ee5 Zona Especial 5 Uso de Interés Patrimonial/ Edificación Espacial N°5 Áreas de Interés Patrimonial","upref":"Equipamiento","uperm":"Equipamiento de comercio, culto, deporte, educación, salud, servicios y social.","uproh":"Residencial; actividad productiva; infraestructura; espacio público y áreas verdes.","url":"http://www.observatoriourbano.cl/Ipt/cehu_resultado_decreto.asp?r=0&c=193&i=25"},"geometry":{"type":"Polygon","coordinates":[[[-70.505239,-33.374983],[-70.505162,-33.374991],[-70.505071,-33.374991],[-70.505002,-33.374983],[-70.504933,-33.374968],[-70.504071,-33.374724],[-70.503674,-33.375735],[-70.503173,-33.377112],[-70.503169,-33.377123],[-70.502916,-33.377818],[-70.502842,-33.37801],[-70.504249,-33.37814],[-70.506216,-33.375452],[-70.506383,-33.375194],[-70.506639,-33.374794],[-70.506589,-33.374776],[-70.505612,-33.374411],[-70.505345,-33.374915],[-70.5053,-33.374957],[-70.505239,-33.374983]]]}},{"type":"Feature","properties":{"zona":"UEe2/Ee2","nombre":"UEe2/Ee2 Zona Especial 2 Equipamiento Recreacional Deportivo/ Edificación Especial N°2, Equipamiento Recreacional Deportivo","upref":"Equipamiento","uperm":"Equipamiento de deporte.","uproh":"Residencial; equipamiento de comercio, culto, educación, esparcimiento, salud, seguridad y servicio, actividad productiva; infraestructura; espacio público y áreas verdes.","url":"http://www.observatoriourbano.cl/Ipt/cehu_resultado_decreto.asp?r=0&c=193&i=25"},"geometry":{"type":"Polygon","coordinates":[[[-70.500442,-33.373368],[-70.500438,-33.373738],[-70.50051,-33.373756],[-70.501027,-33.373885],[-70.501417,-33.373994],[-70.501452,-33.374003],[-70.501706,-33.373353],[-70.502437,-33.37356],[-70.502465,-33.373506],[-70.502538,-33.373366],[-70.502889,-33.372645],[-70.503293,-33.371848],[-70.503465,-33.371481],[-70.503685,-33.371033],[-70.501846,-33.37018],[-70.501095,-33.371714],[-70.500696,-33.372315],[-70.500663,-33.372456],[-70.500524,-33.372797],[-70.500483,-33.373057],[-70.500442,-33.373368]]]}},{"type":"Feature","properties":{"zona":"UEe2/Ee2","nombre":"UEe2/Ee2 Zona Especial 2 Equipamiento Recreacional Deportivo/ Edificación Especial N°2, Equipamiento Recreacional Deportivo","upref":"Equipamiento","uperm":"Equipamiento de deporte.","uproh":"Residencial; equipamiento de comercio, culto, educación, esparcimiento, salud, seguridad y servicio, actividad productiva; infraestructura; espacio público y áreas verdes.","url":"http://www.observatoriourbano.cl/Ipt/cehu_resultado_decreto.asp?r=0&c=193&i=25"},"geometry":{"type":"Polygon","coordinates":[[[-70.554845,-33.394444],[-70.554936,-33.394832],[-70.554994,-33.394823],[-70.55594,-33.39468],[-70.556173,-33.394142],[-70.556183,-33.394117],[-70.556199,-33.394081],[-70.555405,-33.393878],[-70.555251,-33.393861],[-70.554913,-33.393872],[-70.554714,-33.393882],[-70.554845,-33.394444]]]}},{"type":"Feature","properties":{"zona":"UEe2/Ee2","nombre":"UEe2/Ee2 Zona Especial 2 Equipamiento Recreacional Deportivo/ Edificación Especial N°2, Equipamiento Recreacional Deportivo","upref":"Equipamiento","uperm":"Equipamiento de deporte.","uproh":"Residencial; equipamiento de comercio, culto, educación, esparcimiento, salud, seguridad y servicio, actividad productiva; infraestructura; espacio público y áreas verdes.","url":"http://www.observatoriourbano.cl/Ipt/cehu_resultado_decreto.asp?r=0&c=193&i=25"},"geometry":{"type":"Polygon","coordinates":[[[-70.595529,-33.41893],[-70.594962,-33.41943],[-70.594489,-33.419322],[-70.594431,-33.419398],[-70.594001,-33.419932],[-70.593798,-33.420187],[-70.593794,-33.420191],[-70.593774,-33.420217],[-70.593764,-33.420237],[-70.594965,-33.421085],[-70.594985,-33.4211],[-70.595212,-33.42126],[-70.595266,-33.421298],[-70.595251,-33.421404],[-70.596629,-33.421489],[-70.597475,-33.420859],[-70.597064,-33.420451],[-70.595563,-33.418964],[-70.595529,-33.41893]]]}},{"type":"Feature","properties":{"zona":"UEe2/Ee2","nombre":"UEe2/Ee2 Zona Especial 2 Equipamiento Recreacional Deportivo/ Edificación Especial N°2, Equipamiento Recreacional Deportivo","upref":"Equipamiento","uperm":"Equipamiento de deporte.","uproh":"Residencial; equipamiento de comercio, culto, educación, esparcimiento, salud, seguridad y servicio, actividad productiva; infraestructura; espacio público y áreas verdes.","url":"http://www.observatoriourbano.cl/Ipt/cehu_resultado_decreto.asp?r=0&c=193&i=25"},"geometry":{"type":"Polygon","coordinates":[[[-70.586914,-33.404996],[-70.587317,-33.406061],[-70.587408,-33.406028],[-70.587461,-33.406009],[-70.58748,-33.406043],[-70.587695,-33.406424],[-70.588042,-33.407182],[-70.588109,-33.407382],[-70.588181,-33.407889],[-70.588198,-33.4085],[-70.5881,-33.408914],[-70.587926,-33.409374],[-70.587493,-33.410307],[-70.587569,-33.41033],[-70.588888,-33.410722],[-70.588692,-33.41117],[-70.58877,-33.411194],[-70.588908,-33.411238],[-70.589243,-33.41133],[-70.589643,-33.411443],[-70.589674,-33.411451],[-70.590554,-33.411699],[-70.590627,-33.41171],[-70.590687,-33.411724],[-70.590891,-33.411784],[-70.591433,-33.411941],[-70.592013,-33.412051],[-70.592102,-33.412068],[-70.592592,-33.412162],[-70.593633,-33.412372],[-70.593793,-33.411864],[-70.593827,-33.411755],[-70.59392,-33.41121],[-70.594442,-33.411136],[-70.594885,-33.411102],[-70.595069,-33.411214],[-70.595084,-33.411414],[-70.595708,-33.411282],[-70.59649,-33.411129],[-70.597867,-33.41056],[-70.597916,-33.41054],[-70.598947,-33.410257],[-70.59942,-33.410282],[-70.599461,-33.410308],[-70.599925,-33.410345],[-70.600036,-33.410303],[-70.600817,-33.410007],[-70.600594,-33.409461],[-70.600459,-33.409072],[-70.600282,-33.408749],[-70.600327,-33.408723],[-70.600516,-33.408614],[-70.600433,-33.408572],[-70.600366,-33.40855],[-70.600308,-33.408504],[-70.60023,-33.408432],[-70.600175,-33.408368],[-70.600166,-33.408357],[-70.600117,-33.408296],[-70.600079,-33.408227],[-70.600049,-33.408161],[-70.600028,-33.408095],[-70.600026,-33.408081],[-70.599966,-33.408079],[-70.599321,-33.408056],[-70.59916,-33.40805],[-70.598961,-33.40802],[-70.598333,-33.407837],[-70.598279,-33.407819],[-70.597517,-33.407563],[-70.596951,-33.407294],[-70.596929,-33.407287],[-70.596857,-33.407262],[-70.59519,-33.40668],[-70.59518,-33.406677],[-70.594857,-33.406564],[-70.594714,-33.406514],[-70.593812,-33.406202],[-70.593226,-33.405999],[-70.592997,-33.405921],[-70.59258,-33.405777],[-70.592204,-33.405648],[-70.592195,-33.405645],[-70.591602,-33.405414],[-70.590768,-33.40514],[-70.590721,-33.405125],[-70.590639,-33.4051],[-70.590224,-33.404972],[-70.589988,-33.404899],[-70.58973,-33.404819],[-70.589341,-33.404728],[-70.589094,-33.404666],[-70.589032,-33.404654],[-70.588735,-33.404594],[-70.587794,-33.404408],[-70.587717,-33.404394],[-70.587586,-33.40437],[-70.587539,-33.404362],[-70.587324,-33.404323],[-70.587267,-33.404313],[-70.587118,-33.404728],[-70.586914,-33.404996]]]}},{"type":"Feature","properties":{"zona":"UEe2/Ee2","nombre":"UEe2/Ee2 Zona Especial 2 Equipamiento Recreacional Deportivo/ Edificación Especial N°2, Equipamiento Recreacional Deportivo","upref":"Equipamiento","uperm":"Equipamiento de deporte.","uproh":"Residencial; equipamiento de comercio, culto, educación, esparcimiento, salud, seguridad y servicio, actividad productiva; infraestructura; espacio público y áreas verdes.","url":"http://www.observatoriourbano.cl/Ipt/cehu_resultado_decreto.asp?r=0&c=193&i=25"},"geometry":{"type":"Polygon","coordinates":[[[-70.560419,-33.407713],[-70.5603,-33.408184],[-70.560259,-33.408178],[-70.560154,-33.408547],[-70.559445,-33.408478],[-70.559385,-33.4086],[-70.559362,-33.408647],[-70.559726,-33.408869],[-70.55996,-33.409012],[-70.560002,-33.409067],[-70.560066,-33.409242],[-70.560129,-33.409304],[-70.560172,-33.409348],[-70.560352,-33.409558],[-70.560906,-33.409541],[-70.561455,-33.409526],[-70.561943,-33.409515],[-70.56218,-33.409511],[-70.562432,-33.409488],[-70.562548,-33.409439],[-70.562707,-33.409353],[-70.562852,-33.409173],[-70.562922,-33.409019],[-70.562938,-33.408981],[-70.562985,-33.408852],[-70.563109,-33.408496],[-70.563187,-33.408272],[-70.563343,-33.407839],[-70.563236,-33.40781],[-70.562827,-33.407708],[-70.562807,-33.407703],[-70.562533,-33.407635],[-70.561957,-33.4075],[-70.56163,-33.407471],[-70.561324,-33.407463],[-70.561186,-33.407464],[-70.560826,-33.407469],[-70.560478,-33.407481],[-70.560419,-33.407713]]]}},{"type":"Feature","properties":{"zona":"UEe1/Ee1","nombre":"UEe1/Ee1 Zona Especial 1 Equipamientos Intercomunales y Comunal/ Edificación Especial N°1, Equipamientos","upref":"Equipamiento","uperm":"Equipamiento de todo tipo.","uproh":"Residencial; actividad productiva.","url":"http://www.observatoriourbano.cl/Ipt/cehu_resultado_decreto.asp?r=0&c=193&i=25"},"geometry":{"type":"Polygon","coordinates":[[[-70.534395,-33.387307],[-70.535391,-33.388179],[-70.535956,-33.387762],[-70.534938,-33.386866],[-70.534919,-33.386882],[-70.534395,-33.387307]]]}},{"type":"Feature","properties":{"zona":"UEe2/Ee2","nombre":"UEe2/Ee2 Zona Especial 2 Equipamiento Recreacional Deportivo/ Edificación Especial N°2, Equipamiento Recreacional Deportivo","upref":"Equipamiento","uperm":"Equipamiento de deporte.","uproh":"Residencial; equipamiento de comercio, culto, educación, esparcimiento, salud, seguridad y servicio, actividad productiva; infraestructura; espacio público y áreas verdes.","url":"http://www.observatoriourbano.cl/Ipt/cehu_resultado_decreto.asp?r=0&c=193&i=25"},"geometry":{"type":"Polygon","coordinates":[[[-70.5421,-33.390172],[-70.542492,-33.390629],[-70.542535,-33.390578],[-70.543756,-33.391359],[-70.544837,-33.388657],[-70.544492,-33.388541],[-70.544159,-33.388424],[-70.543626,-33.388224],[-70.543447,-33.388153],[-70.543063,-33.387999],[-70.542667,-33.387849],[-70.541999,-33.387594],[-70.541493,-33.387413],[-70.540837,-33.387187],[-70.540347,-33.387002],[-70.540023,-33.386871],[-70.539687,-33.386741],[-70.539572,-33.386696],[-70.539088,-33.386537],[-70.538737,-33.38641],[-70.538699,-33.386396],[-70.538599,-33.386379],[-70.538972,-33.386774],[-70.539988,-33.38754],[-70.540089,-33.387658],[-70.540805,-33.388714],[-70.540945,-33.38879],[-70.541263,-33.389078],[-70.541372,-33.389235],[-70.541612,-33.389519],[-70.5421,-33.390172]]]}},{"type":"Feature","properties":{"zona":"UEe2/Ee2","nombre":"UEe2/Ee2 Zona Especial 2 Equipamiento Recreacional Deportivo/ Edificación Especial N°2, Equipamiento Recreacional Deportivo","upref":"Equipamiento","uperm":"Equipamiento de deporte.","uproh":"Residencial; equipamiento de comercio, culto, educación, esparcimiento, salud, seguridad y servicio, actividad productiva; infraestructura; espacio público y áreas verdes.","url":"http://www.observatoriourbano.cl/Ipt/cehu_resultado_decreto.asp?r=0&c=193&i=25"},"geometry":{"type":"Polygon","coordinates":[[[-70.522903,-33.377058],[-70.523881,-33.377625],[-70.524402,-33.376899],[-70.524613,-33.376604],[-70.525068,-33.37597],[-70.524906,-33.37588],[-70.524624,-33.375727],[-70.524413,-33.375637],[-70.52326,-33.375147],[-70.522846,-33.374971],[-70.522675,-33.374898],[-70.522026,-33.374639],[-70.5219,-33.374588],[-70.52183,-33.37456],[-70.521633,-33.374482],[-70.521441,-33.374405],[-70.521424,-33.374398],[-70.521203,-33.374682],[-70.520456,-33.375639],[-70.522555,-33.37689],[-70.522903,-33.377058]]]}},{"type":"Feature","properties":{"zona":"UEe2/Ee2","nombre":"UEe2/Ee2 Zona Especial 2 Equipamiento Recreacional Deportivo/ Edificación Especial N°2, Equipamiento Recreacional Deportivo","upref":"Equipamiento","uperm":"Equipamiento de deporte.","uproh":"Residencial; equipamiento de comercio, culto, educación, esparcimiento, salud, seguridad y servicio, actividad productiva; infraestructura; espacio público y áreas verdes.","url":"http://www.observatoriourbano.cl/Ipt/cehu_resultado_decreto.asp?r=0&c=193&i=25"},"geometry":{"type":"Polygon","coordinates":[[[-70.535746,-33.390479],[-70.533629,-33.391964],[-70.532761,-33.392574],[-70.532801,-33.392583],[-70.533049,-33.392638],[-70.533393,-33.392722],[-70.533522,-33.392768],[-70.533784,-33.392768],[-70.534222,-33.392749],[-70.534568,-33.392735],[-70.53475,-33.392723],[-70.535016,-33.392677],[-70.535407,-33.392605],[-70.535554,-33.392584],[-70.535657,-33.392573],[-70.535782,-33.392572],[-70.536288,-33.392594],[-70.536868,-33.39262],[-70.537039,-33.392623],[-70.537172,-33.39261],[-70.537283,-33.392599],[-70.537407,-33.39255],[-70.537549,-33.392512],[-70.537697,-33.392475],[-70.537832,-33.392433],[-70.537963,-33.392382],[-70.537979,-33.392376],[-70.538166,-33.392289],[-70.538243,-33.392248],[-70.538177,-33.392166],[-70.537836,-33.391684],[-70.537558,-33.391289],[-70.53752,-33.39123],[-70.53723,-33.390837],[-70.537131,-33.39075],[-70.536879,-33.390845],[-70.53646,-33.391017],[-70.536299,-33.391086],[-70.535888,-33.39061],[-70.535746,-33.390479]]]}},{"type":"Feature","properties":{"zona":"UEe2/Ee2","nombre":"UEe2/Ee2 Zona Especial 2 Equipamiento Recreacional Deportivo/ Edificación Especial N°2, Equipamiento Recreacional Deportivo","upref":"Equipamiento","uperm":"Equipamiento de deporte.","uproh":"Residencial; equipamiento de comercio, culto, educación, esparcimiento, salud, seguridad y servicio, actividad productiva; infraestructura; espacio público y áreas verdes.","url":"http://www.observatoriourbano.cl/Ipt/cehu_resultado_decreto.asp?r=0&c=193&i=25"},"geometry":{"type":"Polygon","coordinates":[[[-70.5466,-33.399009],[-70.546825,-33.399339],[-70.55032,-33.397735],[-70.550748,-33.397538],[-70.550727,-33.397515],[-70.550503,-33.397265],[-70.550239,-33.396972],[-70.549519,-33.396197],[-70.549504,-33.396181],[-70.545857,-33.397867],[-70.546134,-33.398303],[-70.5466,-33.399009]]]}},{"type":"Feature","properties":{"zona":"UEe1/Ee1","nombre":"UEe1/Ee1 Zona Especial 1 Equipamientos Intercomunales y Comunal/ Edificación Especial N°1, Equipamientos","upref":"Equipamiento","uperm":"Equipamiento de todo tipo.","uproh":"Residencial; actividad productiva.","url":"http://www.observatoriourbano.cl/Ipt/cehu_resultado_decreto.asp?r=0&c=193&i=25"},"geometry":{"type":"Polygon","coordinates":[[[-70.539603,-33.406584],[-70.540458,-33.406781],[-70.54086,-33.405567],[-70.540169,-33.405418],[-70.540061,-33.405395],[-70.539825,-33.406055],[-70.539634,-33.406501],[-70.539603,-33.406584]]]}},{"type":"Feature","properties":{"zona":"UEe2/Ee2","nombre":"UEe2/Ee2 Zona Especial 2 Equipamiento Recreacional Deportivo/ Edificación Especial N°2, Equipamiento Recreacional Deportivo","upref":"Equipamiento","uperm":"Equipamiento de deporte.","uproh":"Residencial; equipamiento de comercio, culto, educación, esparcimiento, salud, seguridad y servicio, actividad productiva; infraestructura; espacio público y áreas verdes.","url":"http://www.observatoriourbano.cl/Ipt/cehu_resultado_decreto.asp?r=0&c=193&i=25"},"geometry":{"type":"Polygon","coordinates":[[[-70.536378,-33.406824],[-70.537445,-33.407132],[-70.537454,-33.407109],[-70.537482,-33.40704],[-70.537543,-33.406886],[-70.537894,-33.405997],[-70.538304,-33.405007],[-70.538321,-33.404966],[-70.537615,-33.404702],[-70.537124,-33.404507],[-70.53696,-33.404431],[-70.536514,-33.404225],[-70.535872,-33.403873],[-70.535435,-33.404226],[-70.535188,-33.404432],[-70.534969,-33.404602],[-70.53487,-33.404678],[-70.535195,-33.404938],[-70.535184,-33.404959],[-70.535313,-33.405064],[-70.535411,-33.40522],[-70.535722,-33.405811],[-70.535824,-33.406049],[-70.535827,-33.406316],[-70.535728,-33.406636],[-70.536378,-33.406824]]]}},{"type":"Feature","properties":{"zona":"UEe2/Ee2","nombre":"UEe2/Ee2 Zona Especial 2 Equipamiento Recreacional Deportivo/ Edificación Especial N°2, Equipamiento Recreacional Deportivo","upref":"Equipamiento","uperm":"Equipamiento de deporte.","uproh":"Residencial; equipamiento de comercio, culto, educación, esparcimiento, salud, seguridad y servicio, actividad productiva; infraestructura; espacio público y áreas verdes.","url":"http://www.observatoriourbano.cl/Ipt/cehu_resultado_decreto.asp?r=0&c=193&i=25"},"geometry":{"type":"Polygon","coordinates":[[[-70.536491,-33.412113],[-70.536683,-33.412163],[-70.537507,-33.410121],[-70.536379,-33.409781],[-70.536025,-33.41072],[-70.535773,-33.411346],[-70.535583,-33.411872],[-70.536491,-33.412113]]]}},{"type":"Feature","properties":{"zona":"UC2/EAm1p","nombre":"UC2/EAm1p Zona de Uso de Comercio N°2 e Instituciones Metropolitanas/ Edificación Aislada Media Nº1 Prima","upref":"Equipamiento","uperm":"Equipamiento de comercio.","uproh":"Residencial; equipamiento de culto, deporte, educación, esparcimiento, salud, seguridad y servicio, actividad productiva; infraestructura; espacio público y áreas verdes.","url":"http://www.observatoriourbano.cl/Ipt/cehu_resultado_decreto.asp?r=0&c=193&i=25"},"geometry":{"type":"Polygon","coordinates":[[[-70.517555,-33.373927],[-70.517968,-33.374],[-70.518331,-33.374019],[-70.51877,-33.373988],[-70.51922,-33.3742],[-70.519709,-33.374473],[-70.519718,-33.374477],[-70.520219,-33.373854],[-70.520179,-33.373835],[-70.519735,-33.373637],[-70.518956,-33.37329],[-70.518834,-33.373236],[-70.517805,-33.372809],[-70.517597,-33.372722],[-70.517594,-33.372721],[-70.517242,-33.372574],[-70.516799,-33.37239],[-70.516784,-33.372384],[-70.51637,-33.372211],[-70.516352,-33.372203],[-70.516263,-33.372166],[-70.516147,-33.372124],[-70.515825,-33.372006],[-70.515806,-33.372001],[-70.51545,-33.371894],[-70.515391,-33.371877],[-70.514931,-33.371745],[-70.514638,-33.371656],[-70.514273,-33.371546],[-70.513794,-33.371388],[-70.513638,-33.371336],[-70.513306,-33.371226],[-70.513304,-33.371225],[-70.513011,-33.371131],[-70.512971,-33.371118],[-70.512523,-33.371006],[-70.512286,-33.370946],[-70.512089,-33.370897],[-70.511405,-33.370737],[-70.511303,-33.37072],[-70.510469,-33.370579],[-70.510051,-33.370509],[-70.509824,-33.370476],[-70.509259,-33.370395],[-70.508639,-33.370305],[-70.508621,-33.370303],[-70.508566,-33.370296],[-70.508168,-33.37101],[-70.508637,-33.371079],[-70.509971,-33.371282],[-70.510702,-33.371414],[-70.511242,-33.371473],[-70.51256,-33.371793],[-70.512847,-33.371821],[-70.515399,-33.372609],[-70.515573,-33.372822],[-70.51586,-33.373119],[-70.516188,-33.373372],[-70.516628,-33.373628],[-70.517084,-33.373826],[-70.517555,-33.373927]]]}},{"type":"Feature","properties":{"zona":"UC2/EAm1p","nombre":"UC2/EAm1p Zona de Uso de Comercio N°2 e Instituciones Metropolitanas/ Edificación Aislada Media Nº1 Prima","upref":"Equipamiento","uperm":"Equipamiento de comercio.","uproh":"Residencial; equipamiento de culto, deporte, educación, esparcimiento, salud, seguridad y servicio, actividad productiva; infraestructura; espacio público y áreas verdes.","url":"http://www.observatoriourbano.cl/Ipt/cehu_resultado_decreto.asp?r=0&c=193&i=25"},"geometry":{"type":"Polygon","coordinates":[[[-70.529453,-33.384494],[-70.52866,-33.385119],[-70.52855,-33.385213],[-70.528792,-33.38534],[-70.528952,-33.385405],[-70.529097,-33.385443],[-70.529295,-33.385489],[-70.529486,-33.385512],[-70.529692,-33.385504],[-70.529845,-33.385489],[-70.530013,-33.385459],[-70.53018,-33.385413],[-70.530287,-33.385401],[-70.530409,-33.385401],[-70.530516,-33.385421],[-70.530646,-33.385462],[-70.530745,-33.385524],[-70.530829,-33.385604],[-70.531233,-33.38605],[-70.531769,-33.385643],[-70.531027,-33.385002],[-70.53091,-33.385078],[-70.52988,-33.384148],[-70.529453,-33.384494]]]}},{"type":"Feature","properties":{"zona":"UV/EAm1p","nombre":"UV/EAm1p Zona de Uso de Suelo de Vivienda/ Edificación Aislada Media Nº1 Prima","upref":"Residencial","uperm":"Residencial.","uproh":"Equipamiento; actividad productiva; infraestructura; espacio público y áreas verdes.","url":"http://www.observatoriourbano.cl/Ipt/cehu_resultado_decreto.asp?r=0&c=193&i=25"},"geometry":{"type":"Polygon","coordinates":[[[-70.506227,-33.37115],[-70.508104,-33.371372],[-70.509569,-33.371603],[-70.511041,-33.371833],[-70.511369,-33.371866],[-70.51254,-33.372171],[-70.512718,-33.372178],[-70.51522,-33.372947],[-70.516115,-33.373744],[-70.516288,-33.373867],[-70.516521,-33.374011],[-70.517094,-33.374239],[-70.51744,-33.374319],[-70.518064,-33.374624],[-70.518637,-33.374871],[-70.519215,-33.375102],[-70.519718,-33.374477],[-70.519709,-33.374473],[-70.51922,-33.3742],[-70.51877,-33.373988],[-70.518331,-33.374019],[-70.517968,-33.374],[-70.517555,-33.373927],[-70.517084,-33.373826],[-70.516628,-33.373628],[-70.516188,-33.373372],[-70.51586,-33.373119],[-70.515573,-33.372822],[-70.515399,-33.372609],[-70.512847,-33.371821],[-70.51256,-33.371793],[-70.511242,-33.371473],[-70.510702,-33.371414],[-70.509971,-33.371282],[-70.508637,-33.371079],[-70.508168,-33.37101],[-70.507992,-33.371325],[-70.507815,-33.371256],[-70.50789,-33.371115],[-70.507589,-33.370997],[-70.507627,-33.370931],[-70.507491,-33.370912],[-70.506339,-33.370775],[-70.505712,-33.370663],[-70.505582,-33.37063],[-70.505467,-33.37086],[-70.505965,-33.371054],[-70.505947,-33.371089],[-70.506227,-33.37115]]]}},{"type":"Feature","properties":{"zona":"UV/EAb1","nombre":"UV/EAb1 Zona de Uso de Suelo de Vivienda/ Edificación Aislada Baja Nº1","upref":"Residencial","uperm":"Residencial.","uproh":"Equipamiento; actividad productiva; infraestructura; espacio público y áreas verdes.","url":"http://www.observatoriourbano.cl/Ipt/cehu_resultado_decreto.asp?r=0&c=193&i=25"},"geometry":{"type":"Polygon","coordinates":[[[-70.479578,-33.364324],[-70.479417,-33.364343],[-70.479215,-33.364345],[-70.478953,-33.364314],[-70.478559,-33.364336],[-70.477963,-33.364369],[-70.477864,-33.364375],[-70.477785,-33.364379],[-70.477523,-33.364348],[-70.47732,-33.3643],[-70.477225,-33.364269],[-70.477235,-33.364525],[-70.477323,-33.364529],[-70.477671,-33.364537],[-70.477893,-33.364524],[-70.478101,-33.364493],[-70.478508,-33.364463],[-70.478641,-33.36445],[-70.478829,-33.364463],[-70.479338,-33.364457],[-70.479721,-33.364408],[-70.479991,-33.364389],[-70.48067,-33.364411],[-70.48087,-33.364483],[-70.481103,-33.364582],[-70.48138,-33.36477],[-70.481601,-33.365003],[-70.481779,-33.365251],[-70.481854,-33.365504],[-70.4819,-33.365709],[-70.481897,-33.366141],[-70.482114,-33.366124],[-70.482427,-33.366144],[-70.482882,-33.366174],[-70.483052,-33.365919],[-70.483171,-33.365813],[-70.483382,-33.365652],[-70.483632,-33.365518],[-70.484061,-33.36528],[-70.484687,-33.365282],[-70.485,-33.365311],[-70.485522,-33.36546],[-70.485619,-33.365524],[-70.485805,-33.3656],[-70.485963,-33.365714],[-70.486103,-33.365784],[-70.486233,-33.365905],[-70.486288,-33.365908],[-70.486776,-33.36657],[-70.486953,-33.366544],[-70.488044,-33.365893],[-70.488663,-33.365904],[-70.489335,-33.365687],[-70.489568,-33.365642],[-70.489887,-33.365537],[-70.490411,-33.365465],[-70.490888,-33.365489],[-70.491359,-33.365555],[-70.491823,-33.365711],[-70.49229,-33.365985],[-70.492804,-33.366498],[-70.49301,-33.367184],[-70.494053,-33.367171],[-70.494143,-33.367481],[-70.494145,-33.367583],[-70.494138,-33.367625],[-70.49414,-33.367658],[-70.494149,-33.3677],[-70.494168,-33.367739],[-70.494185,-33.367761],[-70.494213,-33.367777],[-70.49432,-33.367812],[-70.494419,-33.367838],[-70.494511,-33.367873],[-70.494564,-33.367911],[-70.49461,-33.367953],[-70.494633,-33.368002],[-70.494648,-33.368063],[-70.494625,-33.368178],[-70.494564,-33.368247],[-70.494442,-33.3683],[-70.493077,-33.368529],[-70.492443,-33.368674],[-70.492466,-33.368743],[-70.492527,-33.368746],[-70.492756,-33.368762],[-70.492924,-33.368796],[-70.493092,-33.368846],[-70.493226,-33.36891],[-70.493313,-33.368952],[-70.493527,-33.369113],[-70.493885,-33.369505],[-70.493998,-33.369612],[-70.494168,-33.369727],[-70.494305,-33.369788],[-70.494549,-33.369948],[-70.494725,-33.370116],[-70.494854,-33.370307],[-70.494946,-33.370539],[-70.494999,-33.370764],[-70.495022,-33.371108],[-70.494983,-33.371346],[-70.494969,-33.371432],[-70.494847,-33.371741],[-70.49474,-33.371917],[-70.494618,-33.372077],[-70.49416,-33.372504],[-70.494069,-33.372595],[-70.493946,-33.372737],[-70.493855,-33.37287],[-70.493824,-33.372908],[-70.493809,-33.37295],[-70.493802,-33.372981],[-70.493802,-33.373019],[-70.493541,-33.373259],[-70.49375,-33.373272],[-70.493822,-33.373313],[-70.49388,-33.373401],[-70.493904,-33.373538],[-70.493877,-33.373622],[-70.493764,-33.373695],[-70.493537,-33.373728],[-70.49347,-33.373722],[-70.49269,-33.374637],[-70.492731,-33.37466],[-70.492639,-33.374785],[-70.492752,-33.374797],[-70.492768,-33.374807],[-70.492787,-33.374817],[-70.492824,-33.37483],[-70.492846,-33.374836],[-70.492864,-33.374839],[-70.493055,-33.374872],[-70.493167,-33.374891],[-70.493197,-33.374897],[-70.49323,-33.374904],[-70.493257,-33.374911],[-70.493281,-33.374919],[-70.493312,-33.374929],[-70.493341,-33.37494],[-70.49337,-33.374952],[-70.493397,-33.374965],[-70.493405,-33.374969],[-70.49346,-33.375],[-70.493586,-33.375082],[-70.493988,-33.375411],[-70.494302,-33.375667],[-70.494442,-33.375792],[-70.494463,-33.375814],[-70.494487,-33.375844],[-70.494506,-33.37587],[-70.494528,-33.375905],[-70.494547,-33.375939],[-70.494568,-33.375983],[-70.494585,-33.376029],[-70.4946,-33.376083],[-70.494607,-33.376115],[-70.494726,-33.376827],[-70.494899,-33.37787],[-70.494909,-33.377928],[-70.494918,-33.378001],[-70.494923,-33.378078],[-70.494925,-33.378165],[-70.494918,-33.378298],[-70.494903,-33.378412],[-70.494867,-33.378789],[-70.494448,-33.378801],[-70.493821,-33.378742],[-70.493365,-33.378657],[-70.493369,-33.378866],[-70.493379,-33.378877],[-70.493498,-33.378874],[-70.493693,-33.378883],[-70.494079,-33.378974],[-70.494421,-33.379048],[-70.494915,-33.379015],[-70.495082,-33.379016],[-70.495385,-33.379057],[-70.495543,-33.379087],[-70.495719,-33.379117],[-70.49583,-33.379155],[-70.495942,-33.379221],[-70.49617,-33.379297],[-70.496605,-33.379303],[-70.496771,-33.379283],[-70.497081,-33.379193],[-70.49737,-33.379158],[-70.497516,-33.379199],[-70.49767,-33.379218],[-70.497802,-33.37925],[-70.498036,-33.379343],[-70.498259,-33.379402],[-70.498476,-33.379438],[-70.498766,-33.37942],[-70.499129,-33.379392],[-70.499594,-33.3793],[-70.500267,-33.379058],[-70.501561,-33.378501],[-70.50178,-33.37841],[-70.502101,-33.378206],[-70.502384,-33.378116],[-70.502708,-33.378103],[-70.502755,-33.378179],[-70.502764,-33.378379],[-70.502273,-33.378669],[-70.502345,-33.378694],[-70.502404,-33.378741],[-70.502444,-33.378782],[-70.50246,-33.378846],[-70.502478,-33.378896],[-70.502503,-33.378943],[-70.502509,-33.378993],[-70.502534,-33.379076],[-70.502576,-33.379113],[-70.502597,-33.379145],[-70.5026,-33.379247],[-70.502552,-33.379323],[-70.502465,-33.379416],[-70.502363,-33.379513],[-70.502276,-33.379612],[-70.502169,-33.379687],[-70.502177,-33.379727],[-70.502218,-33.379763],[-70.502258,-33.379766],[-70.502344,-33.379735],[-70.502919,-33.379519],[-70.503016,-33.379504],[-70.503136,-33.379508],[-70.50323,-33.379534],[-70.503302,-33.379529],[-70.503502,-33.379469],[-70.503651,-33.379416],[-70.503811,-33.37931],[-70.504031,-33.379165],[-70.504166,-33.379108],[-70.50427,-33.379086],[-70.50441,-33.37908],[-70.504516,-33.379109],[-70.504681,-33.379167],[-70.504899,-33.379249],[-70.505019,-33.379263],[-70.505142,-33.379262],[-70.505447,-33.379245],[-70.505492,-33.379271],[-70.505564,-33.37934],[-70.50557,-33.379371],[-70.505537,-33.379407],[-70.505338,-33.379554],[-70.505259,-33.379624],[-70.505184,-33.379712],[-70.505119,-33.379759],[-70.504993,-33.379818],[-70.50486,-33.379875],[-70.50462,-33.379894],[-70.504527,-33.379928],[-70.504334,-33.380041],[-70.504207,-33.380081],[-70.503961,-33.380168],[-70.503799,-33.380246],[-70.503616,-33.380331],[-70.503509,-33.380401],[-70.503384,-33.380467],[-70.503347,-33.380498],[-70.503327,-33.380542],[-70.503344,-33.380591],[-70.503433,-33.380627],[-70.503486,-33.380651],[-70.503458,-33.380665],[-70.503544,-33.380694],[-70.503727,-33.380754],[-70.503858,-33.380788],[-70.504162,-33.380768],[-70.504268,-33.380778],[-70.504371,-33.380822],[-70.504432,-33.380888],[-70.504499,-33.38099],[-70.504603,-33.38108],[-70.504675,-33.381117],[-70.504754,-33.381111],[-70.504836,-33.38105],[-70.504908,-33.380966],[-70.50499,-33.380929],[-70.505083,-33.380861],[-70.505275,-33.380795],[-70.505482,-33.380749],[-70.505769,-33.380743],[-70.50586,-33.380756],[-70.506029,-33.380836],[-70.506254,-33.380974],[-70.506455,-33.381088],[-70.506563,-33.381094],[-70.506645,-33.381083],[-70.507256,-33.380871],[-70.507426,-33.380816],[-70.507593,-33.380817],[-70.507762,-33.380869],[-70.507915,-33.380965],[-70.508135,-33.381075],[-70.508468,-33.381233],[-70.508646,-33.381326],[-70.50873,-33.381383],[-70.508742,-33.381461],[-70.508703,-33.381512],[-70.50854,-33.381635],[-70.508366,-33.381766],[-70.50826,-33.381854],[-70.508177,-33.381988],[-70.508107,-33.382058],[-70.508003,-33.382141],[-70.507908,-33.382211],[-70.507957,-33.382288],[-70.507984,-33.382339],[-70.50816,-33.382267],[-70.508186,-33.382239],[-70.508392,-33.38216],[-70.508494,-33.382127],[-70.508632,-33.382081],[-70.508728,-33.382039],[-70.508824,-33.381993],[-70.508915,-33.381947],[-70.509015,-33.381887],[-70.509132,-33.381809],[-70.509228,-33.381745],[-70.509329,-33.381685],[-70.509414,-33.381639],[-70.509515,-33.381584],[-70.509557,-33.381565],[-70.509637,-33.381528],[-70.509728,-33.381487],[-70.509866,-33.381426],[-70.509967,-33.38138],[-70.510058,-33.381343],[-70.510143,-33.381301],[-70.510182,-33.381285],[-70.510196,-33.381278],[-70.510265,-33.381241],[-70.510356,-33.381191],[-70.510451,-33.381136],[-70.510504,-33.381099],[-70.510579,-33.381062],[-70.51069,-33.380998],[-70.510834,-33.380937],[-70.510999,-33.380872],[-70.511074,-33.38084],[-70.511228,-33.380776],[-70.51125,-33.380765],[-70.511278,-33.380746],[-70.511312,-33.380711],[-70.511321,-33.380698],[-70.511347,-33.380668],[-70.511478,-33.38071],[-70.511577,-33.38075],[-70.51168,-33.380796],[-70.512385,-33.381143],[-70.512764,-33.381368],[-70.512995,-33.381521],[-70.513269,-33.381702],[-70.513672,-33.381962],[-70.51382,-33.382057],[-70.512936,-33.382982],[-70.513196,-33.38323],[-70.514475,-33.38386],[-70.515004,-33.384038],[-70.515127,-33.384088],[-70.515416,-33.384253],[-70.515603,-33.384277],[-70.515773,-33.384449],[-70.516097,-33.384754],[-70.516232,-33.384826],[-70.516455,-33.384925],[-70.516572,-33.384956],[-70.516659,-33.384997],[-70.516879,-33.385138],[-70.517067,-33.385355],[-70.517173,-33.385553],[-70.51705,-33.385901],[-70.517027,-33.385932],[-70.51692,-33.386106],[-70.516851,-33.386218],[-70.516722,-33.386603],[-70.516637,-33.386836],[-70.516613,-33.386904],[-70.51659,-33.386956],[-70.516546,-33.387027],[-70.516279,-33.387309],[-70.516104,-33.387481],[-70.516042,-33.387534],[-70.516027,-33.387555],[-70.516004,-33.387587],[-70.515991,-33.387626],[-70.515989,-33.387671],[-70.516064,-33.388104],[-70.516063,-33.388371],[-70.516027,-33.388464],[-70.516037,-33.388844],[-70.515999,-33.389078],[-70.515975,-33.38923],[-70.515949,-33.389957],[-70.515547,-33.390086],[-70.51547,-33.390113],[-70.515277,-33.390178],[-70.515191,-33.390207],[-70.51489,-33.390307],[-70.515012,-33.390559],[-70.515241,-33.391044],[-70.515714,-33.39207],[-70.516004,-33.392692],[-70.516165,-33.393043],[-70.516194,-33.393109],[-70.516332,-33.39342],[-70.5165,-33.39379],[-70.516661,-33.394137],[-70.516912,-33.394721],[-70.517012,-33.394988],[-70.517095,-33.395232],[-70.51708,-33.395316],[-70.517118,-33.395801],[-70.517187,-33.396312],[-70.51721,-33.396747],[-70.517233,-33.397193],[-70.517309,-33.398261],[-70.517355,-33.398837],[-70.517355,-33.39899],[-70.51734,-33.399093],[-70.517309,-33.3992],[-70.517263,-33.399345],[-70.517258,-33.399491],[-70.517258,-33.399491],[-70.517297,-33.399686],[-70.517336,-33.399788],[-70.517396,-33.399942],[-70.517467,-33.400157],[-70.517485,-33.400295],[-70.517479,-33.400392],[-70.517468,-33.400478],[-70.517446,-33.400544],[-70.517404,-33.400651],[-70.51737,-33.400744],[-70.517336,-33.400814],[-70.517298,-33.40088],[-70.517279,-33.40095],[-70.517257,-33.401013],[-70.517258,-33.401106],[-70.517244,-33.401175],[-70.517209,-33.40124],[-70.517302,-33.401252],[-70.517462,-33.401267],[-70.517423,-33.401454],[-70.517381,-33.401649],[-70.517358,-33.401784],[-70.517348,-33.401936],[-70.517344,-33.402076],[-70.517358,-33.402173],[-70.517428,-33.40247],[-70.517481,-33.402678],[-70.517483,-33.402685],[-70.517567,-33.403005],[-70.517576,-33.403075],[-70.517583,-33.403116],[-70.517561,-33.40325],[-70.517544,-33.403411],[-70.517515,-33.403521],[-70.517487,-33.403622],[-70.51742,-33.403784],[-70.517342,-33.403953],[-70.517138,-33.404344],[-70.516973,-33.404684],[-70.516867,-33.40493],[-70.516742,-33.405294],[-70.516628,-33.405676],[-70.516565,-33.40585],[-70.516487,-33.405977],[-70.516243,-33.406403],[-70.516119,-33.4066],[-70.515669,-33.407325],[-70.515507,-33.407556],[-70.515158,-33.408054],[-70.514662,-33.408718],[-70.514353,-33.409112],[-70.51424,-33.409277],[-70.513997,-33.40915],[-70.513919,-33.4093],[-70.513866,-33.409444],[-70.513829,-33.409579],[-70.513798,-33.40989],[-70.513786,-33.410049],[-70.513752,-33.410623],[-70.51374,-33.410899],[-70.513712,-33.411102],[-70.513686,-33.411214],[-70.513632,-33.411376],[-70.513582,-33.411495],[-70.513535,-33.411586],[-70.513484,-33.411695],[-70.51339,-33.411827],[-70.513351,-33.411882],[-70.513103,-33.412226],[-70.512743,-33.412724],[-70.513076,-33.412981],[-70.513242,-33.413046],[-70.513425,-33.413096],[-70.514038,-33.413323],[-70.514314,-33.413515],[-70.514504,-33.41366],[-70.514597,-33.413764],[-70.514693,-33.413725],[-70.514686,-33.41362],[-70.514885,-33.413637],[-70.515046,-33.413687],[-70.515093,-33.413787],[-70.51519,-33.413838],[-70.515267,-33.41399],[-70.515381,-33.413998],[-70.5155,-33.413939],[-70.51563,-33.413943],[-70.515755,-33.413917],[-70.515931,-33.413906],[-70.516576,-33.413688],[-70.516935,-33.413683],[-70.517138,-33.413604],[-70.517449,-33.413477],[-70.517654,-33.413465],[-70.517746,-33.413511],[-70.517848,-33.41351],[-70.518014,-33.413579],[-70.518075,-33.413493],[-70.518153,-33.413406],[-70.518351,-33.413298],[-70.518668,-33.413223],[-70.518897,-33.413282],[-70.518966,-33.413348],[-70.519147,-33.413298],[-70.519329,-33.413277],[-70.51946,-33.413285],[-70.519563,-33.413312],[-70.519745,-33.41331],[-70.51984,-33.413233],[-70.519981,-33.413159],[-70.52007,-33.413034],[-70.520332,-33.41304],[-70.520656,-33.412998],[-70.520936,-33.413057],[-70.521795,-33.413056],[-70.521939,-33.41313],[-70.522052,-33.413134],[-70.522402,-33.413297],[-70.522506,-33.413348],[-70.522569,-33.413404],[-70.522747,-33.413502],[-70.522828,-33.413568],[-70.523016,-33.413561],[-70.523227,-33.413578],[-70.523375,-33.4136],[-70.523513,-33.413708],[-70.523839,-33.413799],[-70.524223,-33.413947],[-70.524349,-33.413988],[-70.524509,-33.414034],[-70.524674,-33.414037],[-70.524788,-33.414016],[-70.524959,-33.414029],[-70.525176,-33.414088],[-70.52525,-33.414059],[-70.525557,-33.414055],[-70.525694,-33.414082],[-70.525687,-33.41401],[-70.525593,-33.413854],[-70.525493,-33.413674],[-70.52528,-33.4135],[-70.525238,-33.413419],[-70.525257,-33.41319],[-70.525216,-33.413128],[-70.52513,-33.413106],[-70.525031,-33.412935],[-70.524886,-33.412917],[-70.524856,-33.412853],[-70.524535,-33.412281],[-70.524518,-33.412246],[-70.524508,-33.412222],[-70.524497,-33.412155],[-70.525377,-33.412148],[-70.525631,-33.412657],[-70.525811,-33.413011],[-70.525932,-33.413219],[-70.526094,-33.413449],[-70.526124,-33.413478],[-70.52609,-33.413633],[-70.526178,-33.413775],[-70.526243,-33.413917],[-70.526335,-33.413974],[-70.526433,-33.414058],[-70.526463,-33.414139],[-70.52647,-33.414234],[-70.526523,-33.414286],[-70.526536,-33.414429],[-70.526805,-33.414502],[-70.527212,-33.41465],[-70.527491,-33.414651],[-70.527707,-33.414663],[-70.527866,-33.414661],[-70.528061,-33.414716],[-70.528313,-33.414823],[-70.528555,-33.414963],[-70.528709,-33.415018],[-70.528894,-33.415173],[-70.529101,-33.415309],[-70.529365,-33.415416],[-70.529565,-33.415447],[-70.529579,-33.414949],[-70.529593,-33.414738],[-70.529728,-33.414077],[-70.529807,-33.4137],[-70.52986,-33.413429],[-70.529952,-33.413028],[-70.530089,-33.41265],[-70.530226,-33.412387],[-70.530371,-33.412143],[-70.530707,-33.411704],[-70.530982,-33.411395],[-70.530883,-33.411414],[-70.530684,-33.411506],[-70.530616,-33.411545],[-70.530163,-33.411525],[-70.528777,-33.410244],[-70.52881,-33.410213],[-70.528843,-33.410182],[-70.52903,-33.409971],[-70.529215,-33.409719],[-70.529366,-33.409458],[-70.529492,-33.409197],[-70.529605,-33.408866],[-70.529661,-33.408603],[-70.529662,-33.4086],[-70.529671,-33.408556],[-70.52969,-33.408256],[-70.529685,-33.408007],[-70.529655,-33.407648],[-70.529591,-33.407409],[-70.529523,-33.40722],[-70.529447,-33.406994],[-70.529424,-33.406948],[-70.529424,-33.406948],[-70.529341,-33.406774],[-70.529253,-33.406563],[-70.529153,-33.406358],[-70.52906,-33.406207],[-70.528974,-33.406047],[-70.528905,-33.405912],[-70.528879,-33.405806],[-70.528872,-33.405716],[-70.528876,-33.40562],[-70.528902,-33.405479],[-70.528973,-33.405279],[-70.528976,-33.40527],[-70.52905,-33.405062],[-70.529067,-33.404987],[-70.529069,-33.404922],[-70.529065,-33.404878],[-70.529057,-33.40483],[-70.529046,-33.404786],[-70.528953,-33.404535],[-70.52892,-33.404491],[-70.529081,-33.403445],[-70.529413,-33.403466],[-70.529911,-33.403507],[-70.530275,-33.40361],[-70.530453,-33.403629],[-70.530715,-33.403619],[-70.530928,-33.403717],[-70.531284,-33.403918],[-70.531595,-33.404129],[-70.531884,-33.404373],[-70.532075,-33.404562],[-70.532325,-33.404831],[-70.532575,-33.405119],[-70.532973,-33.405561],[-70.533014,-33.405682],[-70.533074,-33.405848],[-70.533128,-33.406014],[-70.533324,-33.405883],[-70.533912,-33.405444],[-70.534354,-33.405078],[-70.53487,-33.404678],[-70.534969,-33.404602],[-70.535188,-33.404432],[-70.535435,-33.404226],[-70.535872,-33.403873],[-70.536364,-33.403426],[-70.536379,-33.403437],[-70.536407,-33.403459],[-70.536918,-33.403046],[-70.536888,-33.402998],[-70.536795,-33.402847],[-70.536601,-33.402538],[-70.536513,-33.402408],[-70.536178,-33.401839],[-70.536002,-33.401565],[-70.535682,-33.401031],[-70.535415,-33.400584],[-70.535216,-33.400214],[-70.53514,-33.399989],[-70.535071,-33.39973],[-70.535069,-33.399722],[-70.535025,-33.399535],[-70.535003,-33.399398],[-70.534987,-33.399287],[-70.53498,-33.399169],[-70.534926,-33.39854],[-70.534881,-33.398051],[-70.534867,-33.397909],[-70.534812,-33.397688],[-70.534736,-33.39746],[-70.534667,-33.3973],[-70.534568,-33.397098],[-70.534453,-33.396876],[-70.534377,-33.39672],[-70.534224,-33.396407],[-70.534102,-33.396167],[-70.533965,-33.395888],[-70.533828,-33.395617],[-70.533721,-33.395381],[-70.533614,-33.395095],[-70.533454,-33.394679],[-70.533406,-33.394556],[-70.532836,-33.394687],[-70.532881,-33.394515],[-70.532927,-33.394412],[-70.533049,-33.394122],[-70.53308,-33.393981],[-70.533103,-33.39379],[-70.533049,-33.393577],[-70.533049,-33.393412],[-70.533065,-33.393317],[-70.533103,-33.393203],[-70.533171,-33.3931],[-70.533248,-33.393012],[-70.533385,-33.392886],[-70.533522,-33.392768],[-70.533393,-33.392722],[-70.533049,-33.392638],[-70.532801,-33.392583],[-70.532761,-33.392574],[-70.532553,-33.392527],[-70.531634,-33.392265],[-70.530119,-33.391669],[-70.529978,-33.391605],[-70.529149,-33.391275],[-70.528663,-33.391065],[-70.528488,-33.390969],[-70.528247,-33.390827],[-70.527876,-33.390561],[-70.52728,-33.390111],[-70.527277,-33.390109],[-70.526905,-33.389828],[-70.526758,-33.389727],[-70.526507,-33.389538],[-70.524211,-33.38792],[-70.523173,-33.387188],[-70.523166,-33.387183],[-70.52303,-33.387087],[-70.522749,-33.386888],[-70.522512,-33.386765],[-70.522068,-33.38655],[-70.52158,-33.386335],[-70.521276,-33.386236],[-70.521192,-33.38621],[-70.521114,-33.386179],[-70.521031,-33.386133],[-70.520688,-33.38601],[-70.520136,-33.385813],[-70.519693,-33.38567],[-70.519579,-33.385621],[-70.519503,-33.385582],[-70.519448,-33.385533],[-70.519377,-33.385457],[-70.519317,-33.38539],[-70.519268,-33.38535],[-70.519203,-33.385306],[-70.519116,-33.385252],[-70.519106,-33.385248],[-70.519269,-33.385047],[-70.519431,-33.385167],[-70.519733,-33.385374],[-70.519921,-33.385479],[-70.520039,-33.385536],[-70.520489,-33.385678],[-70.521148,-33.385858],[-70.521674,-33.385986],[-70.521801,-33.386023],[-70.522026,-33.386112],[-70.522046,-33.38612],[-70.522439,-33.386275],[-70.522746,-33.38642],[-70.522823,-33.386474],[-70.522927,-33.386518],[-70.52303,-33.38658],[-70.523228,-33.386714],[-70.523524,-33.386924],[-70.524121,-33.387353],[-70.524516,-33.38763],[-70.524954,-33.387938],[-70.525053,-33.387874],[-70.525669,-33.387453],[-70.525787,-33.387372],[-70.525932,-33.387258],[-70.526068,-33.38713],[-70.526267,-33.386921],[-70.526382,-33.386825],[-70.525864,-33.386473],[-70.525812,-33.386433],[-70.525797,-33.386403],[-70.525796,-33.386384],[-70.525818,-33.386356],[-70.526458,-33.385847],[-70.526497,-33.385816],[-70.526534,-33.385806],[-70.526549,-33.385806],[-70.526578,-33.385815],[-70.527158,-33.386244],[-70.527238,-33.386185],[-70.5279,-33.385705],[-70.528361,-33.385362],[-70.52855,-33.385213],[-70.52866,-33.385119],[-70.529453,-33.384494],[-70.52988,-33.384148],[-70.529926,-33.384111],[-70.531015,-33.383229],[-70.531022,-33.383224],[-70.531351,-33.382957],[-70.529568,-33.381338],[-70.528531,-33.380363],[-70.528557,-33.380344],[-70.528148,-33.379979],[-70.527746,-33.379588],[-70.527112,-33.378712],[-70.527029,-33.378609],[-70.526786,-33.378383],[-70.526444,-33.37809],[-70.526145,-33.377851],[-70.524402,-33.376899],[-70.523881,-33.377625],[-70.522903,-33.377058],[-70.522555,-33.37689],[-70.520456,-33.375639],[-70.519215,-33.375102],[-70.518637,-33.374871],[-70.518064,-33.374624],[-70.51744,-33.374319],[-70.517094,-33.374239],[-70.516521,-33.374011],[-70.516288,-33.373867],[-70.516115,-33.373744],[-70.51522,-33.372947],[-70.512718,-33.372178],[-70.51254,-33.372171],[-70.511369,-33.371866],[-70.511041,-33.371833],[-70.509569,-33.371603],[-70.508104,-33.371372],[-70.506227,-33.37115],[-70.505947,-33.371089],[-70.505506,-33.371933],[-70.504889,-33.371754],[-70.504499,-33.371655],[-70.504886,-33.37086],[-70.503902,-33.370589],[-70.503516,-33.370469],[-70.502059,-33.369761],[-70.501682,-33.369566],[-70.500723,-33.369143],[-70.500741,-33.369126],[-70.500757,-33.369106],[-70.500765,-33.369086],[-70.500764,-33.369068],[-70.50076,-33.36906],[-70.500755,-33.36905],[-70.50075,-33.369041],[-70.500742,-33.369031],[-70.500731,-33.369023],[-70.500716,-33.369016],[-70.500712,-33.369014],[-70.500705,-33.369011],[-70.500696,-33.369009],[-70.500686,-33.369006],[-70.500678,-33.369004],[-70.500537,-33.368935],[-70.500775,-33.368589],[-70.500701,-33.368557],[-70.501011,-33.368052],[-70.500826,-33.367963],[-70.500731,-33.367851],[-70.500624,-33.367799],[-70.500141,-33.367563],[-70.499703,-33.367345],[-70.499691,-33.367339],[-70.499522,-33.367266],[-70.499264,-33.36719],[-70.49919,-33.367168],[-70.499143,-33.367156],[-70.499005,-33.367127],[-70.498807,-33.367088],[-70.498531,-33.36705],[-70.498314,-33.367036],[-70.49792,-33.367032],[-70.497429,-33.367032],[-70.497139,-33.36702],[-70.497126,-33.367386],[-70.497245,-33.367506],[-70.497168,-33.367524],[-70.496722,-33.367395],[-70.496578,-33.367819],[-70.496565,-33.367868],[-70.496507,-33.367868],[-70.49647,-33.367872],[-70.496432,-33.367879],[-70.496402,-33.367892],[-70.496375,-33.367911],[-70.496352,-33.367935],[-70.49633,-33.367963],[-70.496318,-33.367986],[-70.496314,-33.368007],[-70.496314,-33.368035],[-70.496214,-33.368064],[-70.496171,-33.367798],[-70.496123,-33.367803],[-70.496101,-33.367548],[-70.496022,-33.367323],[-70.495997,-33.367201],[-70.496076,-33.366972],[-70.496036,-33.366972],[-70.496017,-33.366971],[-70.495927,-33.36697],[-70.495828,-33.366966],[-70.49576,-33.366958],[-70.495688,-33.366943],[-70.495565,-33.366909],[-70.495491,-33.366883],[-70.495439,-33.366856],[-70.495326,-33.366792],[-70.495274,-33.366754],[-70.495237,-33.366721],[-70.495001,-33.366405],[-70.494809,-33.366191],[-70.49473,-33.3661],[-70.494576,-33.365921],[-70.494494,-33.36584],[-70.494371,-33.365635],[-70.494231,-33.365469],[-70.49405,-33.365289],[-70.493583,-33.365017],[-70.493098,-33.364749],[-70.492914,-33.364674],[-70.492656,-33.364634],[-70.492386,-33.364599],[-70.491906,-33.364591],[-70.491887,-33.364586],[-70.491701,-33.364545],[-70.491691,-33.364542],[-70.49161,-33.364524],[-70.491369,-33.36447],[-70.491289,-33.364468],[-70.491281,-33.364468],[-70.491061,-33.364462],[-70.490642,-33.364482],[-70.490584,-33.364484],[-70.490285,-33.364496],[-70.489898,-33.364503],[-70.489595,-33.364522],[-70.489238,-33.364593],[-70.489041,-33.364636],[-70.48878,-33.364693],[-70.488763,-33.364694],[-70.488532,-33.364714],[-70.488487,-33.364712],[-70.488319,-33.364708],[-70.488135,-33.364694],[-70.487871,-33.364684],[-70.487806,-33.364677],[-70.487381,-33.364656],[-70.487065,-33.364635],[-70.486492,-33.364609],[-70.486106,-33.364572],[-70.485592,-33.364545],[-70.485465,-33.36452],[-70.485366,-33.3645],[-70.485354,-33.364498],[-70.485261,-33.364476],[-70.485087,-33.364435],[-70.484839,-33.364363],[-70.484611,-33.364308],[-70.484482,-33.364301],[-70.484304,-33.364303],[-70.484029,-33.36439],[-70.483834,-33.364533],[-70.483698,-33.364659],[-70.483493,-33.364811],[-70.483347,-33.364879],[-70.483179,-33.364914],[-70.482814,-33.364927],[-70.482346,-33.364714],[-70.482019,-33.364481],[-70.481796,-33.364416],[-70.481554,-33.364385],[-70.481393,-33.36437],[-70.481171,-33.364356],[-70.480847,-33.364258],[-70.480624,-33.364227],[-70.480221,-33.364231],[-70.479879,-33.364236],[-70.479578,-33.364324]],[[-70.503293,-33.371848],[-70.502889,-33.372645],[-70.502538,-33.373366],[-70.502465,-33.373506],[-70.502437,-33.37356],[-70.501706,-33.373353],[-70.501452,-33.374003],[-70.501417,-33.373994],[-70.501027,-33.373885],[-70.50051,-33.373756],[-70.500438,-33.373738],[-70.500442,-33.373368],[-70.500483,-33.373057],[-70.500524,-33.372797],[-70.500663,-33.372456],[-70.500696,-33.372315],[-70.501095,-33.371714],[-70.501846,-33.37018],[-70.503685,-33.371033],[-70.503465,-33.371481],[-70.503293,-33.371848]],[[-70.500313,-33.373707],[-70.500021,-33.374693],[-70.499914,-33.374843],[-70.499754,-33.375698],[-70.499687,-33.375937],[-70.499561,-33.376234],[-70.499141,-33.376131],[-70.499211,-33.376054],[-70.499239,-33.375985],[-70.49926,-33.375904],[-70.499244,-33.375805],[-70.499225,-33.375556],[-70.499223,-33.375451],[-70.499264,-33.375239],[-70.499304,-33.374983],[-70.499323,-33.374821],[-70.499321,-33.374684],[-70.499317,-33.374652],[-70.499303,-33.374517],[-70.499248,-33.374312],[-70.49917,-33.374114],[-70.498917,-33.37362],[-70.498788,-33.373361],[-70.499433,-33.373511],[-70.499632,-33.373538],[-70.500313,-33.373707]],[[-70.503674,-33.375735],[-70.504071,-33.374724],[-70.504933,-33.374968],[-70.505002,-33.374983],[-70.505071,-33.374991],[-70.505162,-33.374991],[-70.505239,-33.374983],[-70.5053,-33.374957],[-70.505345,-33.374915],[-70.505612,-33.374411],[-70.506589,-33.374776],[-70.506639,-33.374794],[-70.506383,-33.375194],[-70.506216,-33.375452],[-70.504249,-33.37814],[-70.502842,-33.37801],[-70.502916,-33.377818],[-70.503169,-33.377123],[-70.503173,-33.377112],[-70.503674,-33.375735]],[[-70.509785,-33.376528],[-70.510092,-33.376009],[-70.510297,-33.376089],[-70.511158,-33.376404],[-70.511291,-33.376452],[-70.511702,-33.376627],[-70.511819,-33.37667],[-70.509582,-33.380217],[-70.509374,-33.380153],[-70.509149,-33.380065],[-70.509035,-33.380003],[-70.508641,-33.379679],[-70.508346,-33.379494],[-70.508048,-33.379325],[-70.508812,-33.378094],[-70.508858,-33.378102],[-70.509468,-33.377038],[-70.509483,-33.377014],[-70.509785,-33.376528]],[[-70.520537,-33.401431],[-70.520857,-33.401466],[-70.521391,-33.401466],[-70.521773,-33.401454],[-70.52183,-33.401448],[-70.521965,-33.402675],[-70.520243,-33.402825],[-70.520135,-33.401443],[-70.520292,-33.401427],[-70.520414,-33.401429],[-70.520537,-33.401431]],[[-70.524006,-33.411593],[-70.523946,-33.411622],[-70.52384,-33.411616],[-70.523565,-33.411519],[-70.52356,-33.411491],[-70.523088,-33.411353],[-70.522835,-33.411263],[-70.522684,-33.411186],[-70.522247,-33.411117],[-70.522197,-33.411182],[-70.522335,-33.411252],[-70.522326,-33.411391],[-70.522204,-33.411401],[-70.521702,-33.411472],[-70.521444,-33.411509],[-70.520392,-33.411651],[-70.52027,-33.410903],[-70.52027,-33.410686],[-70.5203,-33.410507],[-70.520318,-33.410444],[-70.521069,-33.410675],[-70.521181,-33.410696],[-70.521623,-33.410817],[-70.521625,-33.410637],[-70.521663,-33.410401],[-70.521911,-33.409678],[-70.522008,-33.409405],[-70.522317,-33.409498],[-70.522467,-33.409528],[-70.522562,-33.409563],[-70.522717,-33.409668],[-70.522882,-33.40982],[-70.522951,-33.409862],[-70.52308,-33.409907],[-70.523149,-33.409946],[-70.523228,-33.410056],[-70.523276,-33.410152],[-70.523362,-33.410205],[-70.523393,-33.410236],[-70.523607,-33.410302],[-70.523732,-33.410322],[-70.523792,-33.410389],[-70.523867,-33.410478],[-70.523872,-33.410553],[-70.523883,-33.410678],[-70.524041,-33.410908],[-70.524063,-33.410983],[-70.524076,-33.411252],[-70.524099,-33.411337],[-70.524101,-33.411448],[-70.524069,-33.411531],[-70.524006,-33.411593]]]}},{"type":"Feature","properties":{"zona":"UV/EAb4","nombre":"UV/EAb4 Zona de Uso de Suelo de Vivienda/ Edificación Aislada Baja Nº4","upref":"Residencial","uperm":"Residencial.","uproh":"Equipamiento; actividad productiva; infraestructura; espacio público y áreas verdes.","url":"http://www.observatoriourbano.cl/Ipt/cehu_resultado_decreto.asp?r=0&c=193&i=25"},"geometry":{"type":"Polygon","coordinates":[[[-70.49497,-33.384633],[-70.49458,-33.384673],[-70.494238,-33.384647],[-70.494097,-33.384703],[-70.49387,-33.384759],[-70.493744,-33.384868],[-70.493624,-33.384917],[-70.493363,-33.385004],[-70.49315,-33.385024],[-70.492909,-33.385111],[-70.493235,-33.386229],[-70.493301,-33.386565],[-70.49365,-33.387505],[-70.493522,-33.38755],[-70.493225,-33.387611],[-70.49327,-33.387739],[-70.493325,-33.387982],[-70.493382,-33.388346],[-70.493407,-33.388811],[-70.493498,-33.389139],[-70.493665,-33.389395],[-70.493786,-33.389501],[-70.493775,-33.389816],[-70.493869,-33.389813],[-70.494346,-33.389775],[-70.494593,-33.389753],[-70.495082,-33.389749],[-70.495727,-33.389873],[-70.496129,-33.389904],[-70.496391,-33.38992],[-70.496533,-33.389908],[-70.49676,-33.389886],[-70.496868,-33.389864],[-70.497247,-33.389752],[-70.497544,-33.389641],[-70.497859,-33.389526],[-70.498443,-33.389829],[-70.498763,-33.389987],[-70.498826,-33.390014],[-70.499087,-33.390128],[-70.49976,-33.390389],[-70.499906,-33.390165],[-70.498705,-33.389673],[-70.49798,-33.389285],[-70.497876,-33.389224],[-70.497313,-33.388565],[-70.496914,-33.388052],[-70.496562,-33.387551],[-70.496169,-33.386933],[-70.495964,-33.38658],[-70.495838,-33.386335],[-70.495747,-33.386117],[-70.495687,-33.385973],[-70.495649,-33.385867],[-70.495643,-33.385525],[-70.495637,-33.385058],[-70.495851,-33.385061],[-70.496079,-33.385112],[-70.496228,-33.385158],[-70.496372,-33.385223],[-70.496524,-33.385319],[-70.496642,-33.385441],[-70.496717,-33.385526],[-70.496747,-33.385581],[-70.496832,-33.385733],[-70.497105,-33.386278],[-70.497317,-33.386718],[-70.497429,-33.386871],[-70.497564,-33.387016],[-70.497739,-33.387156],[-70.498026,-33.387316],[-70.498095,-33.387338],[-70.498319,-33.387397],[-70.498687,-33.387492],[-70.498874,-33.38752],[-70.499086,-33.387548],[-70.499282,-33.387551],[-70.499368,-33.387549],[-70.499889,-33.387534],[-70.500119,-33.387553],[-70.500361,-33.387597],[-70.500537,-33.387647],[-70.501069,-33.387804],[-70.501078,-33.387728],[-70.501078,-33.38763],[-70.500922,-33.387574],[-70.500806,-33.387538],[-70.500685,-33.387499],[-70.500509,-33.387448],[-70.500317,-33.387406],[-70.500152,-33.387373],[-70.499983,-33.38736],[-70.49986,-33.387352],[-70.499751,-33.38735],[-70.499643,-33.387351],[-70.499505,-33.387353],[-70.499374,-33.387355],[-70.499235,-33.387356],[-70.49916,-33.387351],[-70.499067,-33.387343],[-70.498954,-33.387335],[-70.498861,-33.387326],[-70.498805,-33.387321],[-70.498737,-33.387296],[-70.498706,-33.387234],[-70.498633,-33.38721],[-70.498412,-33.387156],[-70.498172,-33.387093],[-70.497953,-33.386976],[-70.497751,-33.386794],[-70.49762,-33.386617],[-70.497156,-33.385686],[-70.496973,-33.38536],[-70.496785,-33.385165],[-70.496563,-33.385019],[-70.496349,-33.384968],[-70.496127,-33.384905],[-70.495991,-33.384829],[-70.49587,-33.384837],[-70.495699,-33.384845],[-70.495571,-33.384798],[-70.495477,-33.384734],[-70.495413,-33.384729],[-70.495277,-33.384689],[-70.495099,-33.384691],[-70.49497,-33.384633]]]}},{"type":"Feature","properties":{"zona":"UV/EAb4","nombre":"UV/EAb4 Zona de Uso de Suelo de Vivienda/ Edificación Aislada Baja Nº4","upref":"Residencial","uperm":"Residencial.","uproh":"Equipamiento; actividad productiva; infraestructura; espacio público y áreas verdes.","url":"http://www.observatoriourbano.cl/Ipt/cehu_resultado_decreto.asp?r=0&c=193&i=25"},"geometry":{"type":"Polygon","coordinates":[[[-70.502984,-33.409223],[-70.502807,-33.409273],[-70.502728,-33.409223],[-70.502647,-33.409204],[-70.502589,-33.409189],[-70.502502,-33.40911],[-70.50224,-33.408979],[-70.50209,-33.40893],[-70.502178,-33.409062],[-70.502247,-33.409085],[-70.502366,-33.409131],[-70.502459,-33.409208],[-70.502535,-33.409257],[-70.502671,-33.409301],[-70.502789,-33.409374],[-70.502913,-33.409339],[-70.503151,-33.40928],[-70.5034,-33.409327],[-70.503631,-33.409319],[-70.503745,-33.409305],[-70.504002,-33.409386],[-70.504107,-33.409447],[-70.504201,-33.409553],[-70.5043,-33.409609],[-70.504443,-33.409641],[-70.504597,-33.409673],[-70.504885,-33.409903],[-70.505051,-33.409915],[-70.505354,-33.410026],[-70.505467,-33.409972],[-70.505609,-33.409952],[-70.505854,-33.409987],[-70.505997,-33.410014],[-70.506139,-33.409998],[-70.506247,-33.410035],[-70.506335,-33.410113],[-70.506371,-33.410027],[-70.506519,-33.409605],[-70.506545,-33.409521],[-70.506689,-33.409115],[-70.506974,-33.40829],[-70.507223,-33.407577],[-70.507515,-33.406835],[-70.507398,-33.406804],[-70.50364,-33.407897],[-70.503161,-33.409188],[-70.502984,-33.409223]]]}},{"type":"Feature","properties":{"zona":"UV/EAb2","nombre":"UV/EAb2 Zona de Uso de Suelo de Vivienda/ Edificación Aislada Baja Nº2","upref":"Residencial","uperm":"Residencial.","uproh":"Equipamiento; actividad productiva; infraestructura; espacio público y áreas verdes.","url":"http://www.observatoriourbano.cl/Ipt/cehu_resultado_decreto.asp?r=0&c=193&i=25"},"geometry":{"type":"Polygon","coordinates":[[[-70.507068,-33.38358],[-70.506826,-33.383686],[-70.506606,-33.383771],[-70.506539,-33.383829],[-70.506216,-33.383944],[-70.506,-33.384026],[-70.505834,-33.384068],[-70.505596,-33.384292],[-70.505899,-33.38418],[-70.506105,-33.38413],[-70.506278,-33.384069],[-70.506614,-33.383948],[-70.506705,-33.383866],[-70.50698,-33.383765],[-70.507086,-33.383716],[-70.507156,-33.383682],[-70.507198,-33.383619],[-70.50777,-33.38374],[-70.507216,-33.384428],[-70.504917,-33.385716],[-70.503981,-33.384876],[-70.503942,-33.384878],[-70.503826,-33.384889],[-70.503693,-33.384911],[-70.503662,-33.384919],[-70.503277,-33.384967],[-70.503167,-33.38498],[-70.503057,-33.385074],[-70.502978,-33.385099],[-70.502743,-33.385145],[-70.502573,-33.385197],[-70.502466,-33.385258],[-70.502336,-33.38546],[-70.50222,-33.385509],[-70.502081,-33.385547],[-70.50204,-33.385573],[-70.501961,-33.385632],[-70.501918,-33.385669],[-70.501874,-33.385711],[-70.501812,-33.38578],[-70.501762,-33.385841],[-70.501707,-33.385918],[-70.501672,-33.385977],[-70.501643,-33.386032],[-70.501612,-33.386104],[-70.501562,-33.386237],[-70.501449,-33.38655],[-70.501242,-33.387114],[-70.501098,-33.387515],[-70.501089,-33.387559],[-70.501078,-33.38763],[-70.501078,-33.387728],[-70.501069,-33.387804],[-70.501048,-33.387971],[-70.500989,-33.388358],[-70.500691,-33.388957],[-70.50031,-33.389529],[-70.499906,-33.390165],[-70.49976,-33.390389],[-70.500909,-33.390975],[-70.501074,-33.390753],[-70.501433,-33.390892],[-70.501485,-33.390915],[-70.501616,-33.390967],[-70.501719,-33.391008],[-70.501802,-33.391042],[-70.501872,-33.391072],[-70.501951,-33.391113],[-70.502006,-33.391145],[-70.502033,-33.391158],[-70.502102,-33.391202],[-70.502234,-33.391295],[-70.502369,-33.391399],[-70.502437,-33.391458],[-70.502472,-33.391495],[-70.502941,-33.391872],[-70.503193,-33.392065],[-70.503457,-33.392282],[-70.503662,-33.39244],[-70.503718,-33.392493],[-70.503778,-33.392577],[-70.503837,-33.392689],[-70.503965,-33.392675],[-70.504163,-33.392631],[-70.50439,-33.392567],[-70.504512,-33.392522],[-70.504646,-33.392456],[-70.505457,-33.393663],[-70.505003,-33.393843],[-70.505152,-33.393974],[-70.505264,-33.394092],[-70.505356,-33.394205],[-70.505429,-33.394312],[-70.505489,-33.394431],[-70.50578,-33.395172],[-70.505822,-33.395292],[-70.506094,-33.395995],[-70.505892,-33.39604],[-70.505934,-33.396138],[-70.506018,-33.396385],[-70.506152,-33.39687],[-70.506181,-33.396974],[-70.506304,-33.39749],[-70.506375,-33.397889],[-70.506432,-33.398282],[-70.506476,-33.398591],[-70.506506,-33.398905],[-70.506532,-33.399272],[-70.50656,-33.399588],[-70.506759,-33.399544],[-70.506881,-33.399533],[-70.507162,-33.399507],[-70.507371,-33.399496],[-70.507947,-33.399493],[-70.509205,-33.399515],[-70.509217,-33.400852],[-70.51016,-33.400906],[-70.510158,-33.400275],[-70.510143,-33.399631],[-70.509897,-33.399573],[-70.509754,-33.399548],[-70.50959,-33.399527],[-70.509298,-33.399516],[-70.509281,-33.399367],[-70.509284,-33.399347],[-70.509297,-33.39933],[-70.509319,-33.399317],[-70.509356,-33.399306],[-70.510044,-33.399198],[-70.510157,-33.399177],[-70.510255,-33.399351],[-70.510362,-33.399473],[-70.510517,-33.399619],[-70.510598,-33.399682],[-70.510976,-33.399852],[-70.511587,-33.400027],[-70.511747,-33.400069],[-70.512388,-33.40026],[-70.512716,-33.400359],[-70.513264,-33.400522],[-70.513569,-33.400654],[-70.513574,-33.400764],[-70.513707,-33.400873],[-70.513809,-33.400893],[-70.513904,-33.400906],[-70.514021,-33.400917],[-70.51421,-33.400933],[-70.514356,-33.400939],[-70.515066,-33.401004],[-70.515308,-33.401038],[-70.515837,-33.401096],[-70.516386,-33.401164],[-70.517209,-33.40124],[-70.517244,-33.401175],[-70.517258,-33.401106],[-70.517257,-33.401013],[-70.517279,-33.40095],[-70.517298,-33.40088],[-70.517336,-33.400814],[-70.51737,-33.400744],[-70.517404,-33.400651],[-70.517446,-33.400544],[-70.517468,-33.400478],[-70.517479,-33.400392],[-70.517485,-33.400295],[-70.517467,-33.400157],[-70.517396,-33.399942],[-70.517336,-33.399788],[-70.517297,-33.399686],[-70.517258,-33.399491],[-70.517258,-33.399491],[-70.517263,-33.399345],[-70.517309,-33.3992],[-70.51734,-33.399093],[-70.517355,-33.39899],[-70.517355,-33.398837],[-70.517309,-33.398261],[-70.517233,-33.397193],[-70.51721,-33.396747],[-70.517187,-33.396312],[-70.517118,-33.395801],[-70.51708,-33.395316],[-70.517095,-33.395232],[-70.517012,-33.394988],[-70.516912,-33.394721],[-70.516661,-33.394137],[-70.5165,-33.39379],[-70.516332,-33.39342],[-70.516194,-33.393109],[-70.516165,-33.393043],[-70.516004,-33.392692],[-70.515714,-33.39207],[-70.515241,-33.391044],[-70.515012,-33.390559],[-70.51489,-33.390307],[-70.515191,-33.390207],[-70.515138,-33.390078],[-70.514988,-33.389774],[-70.514799,-33.389375],[-70.514756,-33.389312],[-70.514691,-33.389228],[-70.51382,-33.388077],[-70.513697,-33.387932],[-70.513488,-33.387667],[-70.513346,-33.387491],[-70.513254,-33.387348],[-70.513222,-33.387289],[-70.513195,-33.387239],[-70.513128,-33.387144],[-70.513011,-33.386981],[-70.512952,-33.386865],[-70.512868,-33.386723],[-70.512774,-33.386525],[-70.512699,-33.386396],[-70.512615,-33.386294],[-70.512523,-33.386185],[-70.512483,-33.386141],[-70.512432,-33.386084],[-70.512298,-33.385921],[-70.510581,-33.38672],[-70.509318,-33.386058],[-70.508469,-33.385668],[-70.507575,-33.385297],[-70.506099,-33.386116],[-70.505497,-33.385522],[-70.508687,-33.383716],[-70.508237,-33.3835],[-70.507957,-33.383404],[-70.507917,-33.38339],[-70.507586,-33.383327],[-70.507418,-33.38325],[-70.507399,-33.383236],[-70.507272,-33.383273],[-70.507168,-33.383435],[-70.507068,-33.38358]],[[-70.503359,-33.386359],[-70.503868,-33.386837],[-70.503769,-33.386824],[-70.503711,-33.386807],[-70.5032,-33.386579],[-70.50317,-33.386563],[-70.503161,-33.386552],[-70.503158,-33.386534],[-70.503162,-33.386521],[-70.503173,-33.386505],[-70.503194,-33.386486],[-70.503319,-33.386386],[-70.503359,-33.386359]],[[-70.504735,-33.388331],[-70.505384,-33.388926],[-70.504782,-33.388581],[-70.504692,-33.388528],[-70.504125,-33.388247],[-70.504308,-33.387958],[-70.504476,-33.388099],[-70.505384,-33.387404],[-70.505628,-33.387626],[-70.504796,-33.388267],[-70.504763,-33.388295],[-70.504735,-33.388331]],[[-70.5137,-33.389876],[-70.513647,-33.38988],[-70.513578,-33.389876],[-70.513509,-33.389876],[-70.51341,-33.389857],[-70.513273,-33.389808],[-70.513349,-33.389708],[-70.513364,-33.389693],[-70.513395,-33.38967],[-70.513448,-33.38964],[-70.513769,-33.389491],[-70.513998,-33.389842],[-70.51386,-33.389857],[-70.5137,-33.389876]],[[-70.504262,-33.389869],[-70.504445,-33.390013],[-70.504007,-33.390381],[-70.503554,-33.390746],[-70.503412,-33.390652],[-70.503756,-33.390207],[-70.50411,-33.389773],[-70.504262,-33.389869]],[[-70.50903,-33.390384],[-70.50907,-33.390371],[-70.510084,-33.39188],[-70.510396,-33.391726],[-70.511045,-33.391421],[-70.511396,-33.391253],[-70.511648,-33.391158],[-70.512113,-33.391021],[-70.512268,-33.390964],[-70.51254,-33.390849],[-70.512688,-33.390769],[-70.512941,-33.390634],[-70.513069,-33.390563],[-70.513277,-33.390526],[-70.513745,-33.39047],[-70.51454,-33.390399],[-70.514707,-33.390376],[-70.514529,-33.390511],[-70.514298,-33.39068],[-70.514035,-33.390884],[-70.513967,-33.390935],[-70.513869,-33.391008],[-70.513804,-33.391063],[-70.513599,-33.391174],[-70.513423,-33.391268],[-70.513326,-33.391311],[-70.513006,-33.391414],[-70.512754,-33.391471],[-70.512632,-33.39149],[-70.512518,-33.391501],[-70.512205,-33.39154],[-70.511999,-33.391582],[-70.51193,-33.391601],[-70.5118,-33.391631],[-70.511671,-33.391673],[-70.511526,-33.391734],[-70.511381,-33.391807],[-70.511266,-33.391871],[-70.51045,-33.392268],[-70.509177,-33.392887],[-70.508832,-33.393054],[-70.50874,-33.393089],[-70.508022,-33.393426],[-70.507921,-33.393467],[-70.507652,-33.393591],[-70.507545,-33.393658],[-70.507515,-33.393698],[-70.507481,-33.393764],[-70.507483,-33.393844],[-70.507493,-33.393957],[-70.507499,-33.394019],[-70.507491,-33.394055],[-70.507343,-33.393827],[-70.507182,-33.393578],[-70.507094,-33.393611],[-70.507049,-33.393629],[-70.507053,-33.393601],[-70.50705,-33.393573],[-70.506955,-33.393388],[-70.506929,-33.393335],[-70.506923,-33.393318],[-70.506923,-33.393294],[-70.506928,-33.393283],[-70.506933,-33.39327],[-70.506968,-33.393244],[-70.507256,-33.393086],[-70.507564,-33.392939],[-70.507664,-33.392902],[-70.507742,-33.39301],[-70.50782,-33.392979],[-70.508343,-33.392729],[-70.508762,-33.392529],[-70.50871,-33.392444],[-70.508544,-33.392205],[-70.508193,-33.392376],[-70.508167,-33.392384],[-70.508145,-33.392382],[-70.508126,-33.392375],[-70.508095,-33.392332],[-70.508092,-33.39231],[-70.508098,-33.392292],[-70.508109,-33.392281],[-70.508415,-33.392134],[-70.508446,-33.39212],[-70.508555,-33.392064],[-70.508217,-33.391585],[-70.508139,-33.391612],[-70.508139,-33.391625],[-70.508131,-33.391638],[-70.508113,-33.391647],[-70.507783,-33.391809],[-70.507765,-33.39181],[-70.507747,-33.391807],[-70.507731,-33.391796],[-70.507716,-33.391779],[-70.507699,-33.391755],[-70.507701,-33.391723],[-70.507714,-33.391713],[-70.5079,-33.391624],[-70.507958,-33.391595],[-70.508085,-33.391534],[-70.50772,-33.390989],[-70.507984,-33.390857],[-70.508275,-33.390718],[-70.508575,-33.390578],[-70.508706,-33.390512],[-70.50903,-33.390384]],[[-70.506374,-33.392373],[-70.506471,-33.392507],[-70.506563,-33.392657],[-70.506599,-33.392718],[-70.506439,-33.392796],[-70.506297,-33.392589],[-70.506248,-33.39251],[-70.506179,-33.392382],[-70.506321,-33.392313],[-70.506374,-33.392373]],[[-70.505461,-33.392791],[-70.505529,-33.392876],[-70.505597,-33.392976],[-70.505647,-33.393059],[-70.505702,-33.39315],[-70.50555,-33.393227],[-70.505493,-33.393151],[-70.505391,-33.393],[-70.505277,-33.392819],[-70.505418,-33.392751],[-70.505461,-33.392791]],[[-70.510994,-33.393682],[-70.511097,-33.393651],[-70.511142,-33.393761],[-70.511192,-33.393888],[-70.511107,-33.393911],[-70.510896,-33.39397],[-70.510845,-33.393979],[-70.510814,-33.393975],[-70.510767,-33.39395],[-70.510712,-33.39389],[-70.510712,-33.393786],[-70.510733,-33.393764],[-70.510758,-33.39375],[-70.510851,-33.393728],[-70.510994,-33.393682]],[[-70.512699,-33.393192],[-70.513343,-33.393006],[-70.513403,-33.39313],[-70.513444,-33.393254],[-70.513367,-33.393269],[-70.512795,-33.393438],[-70.512739,-33.393321],[-70.512699,-33.393192]],[[-70.507362,-33.394379],[-70.507316,-33.394548],[-70.507211,-33.394386],[-70.507133,-33.394261],[-70.507468,-33.394095],[-70.507362,-33.394379]],[[-70.515018,-33.397514],[-70.515044,-33.397823],[-70.514258,-33.397759],[-70.514219,-33.398048],[-70.514082,-33.398036],[-70.51364,-33.398025],[-70.51347,-33.39644],[-70.513593,-33.39643],[-70.513708,-33.396392],[-70.514192,-33.395952],[-70.514867,-33.396485],[-70.514951,-33.396867],[-70.515018,-33.397514]],[[-70.510877,-33.396247],[-70.510461,-33.396321],[-70.510412,-33.396321],[-70.510375,-33.396318],[-70.510331,-33.396304],[-70.510297,-33.396286],[-70.510274,-33.396263],[-70.510252,-33.396228],[-70.510196,-33.396072],[-70.510293,-33.396057],[-70.510581,-33.396013],[-70.510616,-33.396007],[-70.51067,-33.396004],[-70.510721,-33.396011],[-70.510756,-33.396023],[-70.510782,-33.396039],[-70.510804,-33.396063],[-70.510814,-33.396079],[-70.510821,-33.396096],[-70.510877,-33.396247]],[[-70.508657,-33.3963],[-70.508682,-33.396444],[-70.508682,-33.3965],[-70.508664,-33.396553],[-70.508633,-33.396594],[-70.508598,-33.396622],[-70.508505,-33.396661],[-70.508101,-33.39672],[-70.508081,-33.39657],[-70.508083,-33.396522],[-70.50809,-33.396484],[-70.50811,-33.396453],[-70.508135,-33.396423],[-70.508169,-33.396396],[-70.508234,-33.396371],[-70.50829,-33.396358],[-70.508657,-33.3963]],[[-70.512945,-33.396491],[-70.513075,-33.396472],[-70.513189,-33.397491],[-70.512548,-33.397597],[-70.512327,-33.39669],[-70.512312,-33.396598],[-70.512945,-33.396491]],[[-70.51117,-33.397562],[-70.511228,-33.397809],[-70.510861,-33.397876],[-70.510802,-33.397881],[-70.510754,-33.397883],[-70.510703,-33.39787],[-70.510663,-33.397849],[-70.510627,-33.397826],[-70.510596,-33.397783],[-70.510575,-33.397735],[-70.510518,-33.397493],[-70.510605,-33.397478],[-70.510897,-33.397426],[-70.510976,-33.397419],[-70.511029,-33.397425],[-70.511056,-33.397433],[-70.511062,-33.397434],[-70.511102,-33.397461],[-70.511132,-33.397491],[-70.511151,-33.397522],[-70.51117,-33.397562]],[[-70.508984,-33.397737],[-70.509037,-33.398011],[-70.509031,-33.398067],[-70.509014,-33.398108],[-70.508982,-33.398153],[-70.508943,-33.398178],[-70.508909,-33.3982],[-70.508849,-33.398213],[-70.508465,-33.398263],[-70.508411,-33.397992],[-70.508409,-33.397941],[-70.508429,-33.397883],[-70.508465,-33.397838],[-70.508519,-33.397812],[-70.508568,-33.397793],[-70.508984,-33.397737]],[[-70.514751,-33.398345],[-70.514715,-33.398082],[-70.515028,-33.398101],[-70.515631,-33.398139],[-70.515639,-33.398403],[-70.514751,-33.398345]],[[-70.511537,-33.399275],[-70.511526,-33.399322],[-70.511396,-33.399291],[-70.511299,-33.399261],[-70.511185,-33.39922],[-70.511043,-33.399152],[-70.511007,-33.399116],[-70.510976,-33.399093],[-70.510954,-33.39907],[-70.510946,-33.399043],[-70.511008,-33.399018],[-70.511062,-33.399005],[-70.511242,-33.398972],[-70.511311,-33.398969],[-70.511349,-33.398974],[-70.511375,-33.398979],[-70.511408,-33.398986],[-70.511447,-33.399011],[-70.511482,-33.399041],[-70.511502,-33.399077],[-70.511536,-33.399217],[-70.511537,-33.399275]],[[-70.512713,-33.399569],[-70.512682,-33.399668],[-70.511999,-33.39947],[-70.512054,-33.399334],[-70.512136,-33.399367],[-70.512165,-33.399371],[-70.512198,-33.399376],[-70.512241,-33.399374],[-70.512254,-33.399374],[-70.512277,-33.399373],[-70.512316,-33.399365],[-70.512526,-33.399323],[-70.512576,-33.399315],[-70.512606,-33.399315],[-70.512639,-33.399319],[-70.512668,-33.399332],[-70.512694,-33.399352],[-70.512713,-33.39938],[-70.512722,-33.399407],[-70.512725,-33.399463],[-70.512724,-33.399514],[-70.512713,-33.399569]]]}},{"type":"Feature","properties":{"zona":"UV/EAm1","nombre":"UV/EAm1 Zona de Uso de Suelo de Vivienda/ Edificación Aislada Media Nº1","upref":"Residencial","uperm":"Residencial.","uproh":"Equipamiento; actividad productiva; infraestructura; espacio público y áreas verdes.","url":"http://www.observatoriourbano.cl/Ipt/cehu_resultado_decreto.asp?r=0&c=193&i=25"},"geometry":{"type":"Polygon","coordinates":[[[-70.496101,-33.367548],[-70.496123,-33.367803],[-70.496171,-33.367798],[-70.496214,-33.368064],[-70.496314,-33.368035],[-70.496314,-33.368007],[-70.496318,-33.367986],[-70.49633,-33.367963],[-70.496352,-33.367935],[-70.496375,-33.367911],[-70.496402,-33.367892],[-70.496432,-33.367879],[-70.49647,-33.367872],[-70.496507,-33.367868],[-70.496565,-33.367868],[-70.496578,-33.367819],[-70.496722,-33.367395],[-70.496022,-33.367323],[-70.496101,-33.367548]]]}},{"type":"Feature","properties":{"zona":"UV/EAm1p","nombre":"UV/EAm1p Zona de Uso de Suelo de Vivienda/ Edificación Aislada Media Nº1 Prima","upref":"Residencial","uperm":"Residencial.","uproh":"Equipamiento; actividad productiva; infraestructura; espacio público y áreas verdes.","url":"http://www.observatoriourbano.cl/Ipt/cehu_resultado_decreto.asp?r=0&c=193&i=25"},"geometry":{"type":"Polygon","coordinates":[[[-70.503902,-33.370589],[-70.504886,-33.37086],[-70.505062,-33.370499],[-70.504068,-33.370248],[-70.503153,-33.369883],[-70.502106,-33.369347],[-70.501154,-33.368887],[-70.500765,-33.369086],[-70.500757,-33.369106],[-70.500741,-33.369126],[-70.500723,-33.369143],[-70.501682,-33.369566],[-70.502059,-33.369761],[-70.503516,-33.370469],[-70.503902,-33.370589]]]}},{"type":"Feature","properties":{"zona":"UV/EAm1p","nombre":"UV/EAm1p Zona de Uso de Suelo de Vivienda/ Edificación Aislada Media Nº1 Prima","upref":"Residencial","uperm":"Residencial.","uproh":"Equipamiento; actividad productiva; infraestructura; espacio público y áreas verdes.","url":"http://www.observatoriourbano.cl/Ipt/cehu_resultado_decreto.asp?r=0&c=193&i=25"},"geometry":{"type":"Polygon","coordinates":[[[-70.529568,-33.381338],[-70.531351,-33.382957],[-70.531366,-33.382945],[-70.531684,-33.382687],[-70.528386,-33.379642],[-70.527672,-33.378741],[-70.527278,-33.378274],[-70.52683,-33.377879],[-70.526447,-33.377561],[-70.524677,-33.376636],[-70.524613,-33.376604],[-70.524402,-33.376899],[-70.526145,-33.377851],[-70.526444,-33.37809],[-70.526786,-33.378383],[-70.527029,-33.378609],[-70.527112,-33.378712],[-70.527746,-33.379588],[-70.528148,-33.379979],[-70.528557,-33.380344],[-70.528531,-33.380363],[-70.529568,-33.381338]]]}},{"type":"Feature","properties":{"zona":"UV/EAm1","nombre":"UV/EAm1 Zona de Uso de Suelo de Vivienda/ Edificación Aislada Media Nº1","upref":"Residencial","uperm":"Residencial.","uproh":"Equipamiento; actividad productiva; infraestructura; espacio público y áreas verdes.","url":"http://www.observatoriourbano.cl/Ipt/cehu_resultado_decreto.asp?r=0&c=193&i=25"},"geometry":{"type":"Polygon","coordinates":[[[-70.528361,-33.385362],[-70.5279,-33.385705],[-70.527238,-33.386185],[-70.527158,-33.386244],[-70.526981,-33.386375],[-70.526951,-33.386397],[-70.527355,-33.386757],[-70.527326,-33.386786],[-70.527391,-33.386842],[-70.527412,-33.386828],[-70.52772,-33.387135],[-70.52804,-33.387382],[-70.526791,-33.38841],[-70.526483,-33.388142],[-70.52653,-33.388102],[-70.525669,-33.387453],[-70.525053,-33.387874],[-70.524954,-33.387938],[-70.525975,-33.38866],[-70.526996,-33.389382],[-70.527064,-33.389464],[-70.527937,-33.388724],[-70.529768,-33.387221],[-70.531233,-33.38605],[-70.530829,-33.385604],[-70.530745,-33.385524],[-70.530646,-33.385462],[-70.530516,-33.385421],[-70.530409,-33.385401],[-70.530287,-33.385401],[-70.53018,-33.385413],[-70.530013,-33.385459],[-70.529845,-33.385489],[-70.529692,-33.385504],[-70.529486,-33.385512],[-70.529295,-33.385489],[-70.529097,-33.385443],[-70.528952,-33.385405],[-70.528792,-33.38534],[-70.52855,-33.385213],[-70.528361,-33.385362]]]}},{"type":"Feature","properties":{"zona":"UV/EAb2","nombre":"UV/EAb2 Zona de Uso de Suelo de Vivienda/ Edificación Aislada Baja Nº2","upref":"Residencial","uperm":"Residencial.","uproh":"Equipamiento; actividad productiva; infraestructura; espacio público y áreas verdes.","url":"http://www.observatoriourbano.cl/Ipt/cehu_resultado_decreto.asp?r=0&c=193&i=25"},"geometry":{"type":"Polygon","coordinates":[[[-70.533245,-33.406438],[-70.533265,-33.406607],[-70.533276,-33.406696],[-70.533278,-33.406863],[-70.533263,-33.407119],[-70.533187,-33.407752],[-70.533126,-33.408096],[-70.533057,-33.408447],[-70.532958,-33.408809],[-70.532843,-33.409099],[-70.532492,-33.409923],[-70.532378,-33.410171],[-70.532203,-33.410404],[-70.532084,-33.410524],[-70.531966,-33.410644],[-70.531562,-33.410964],[-70.530982,-33.411395],[-70.530707,-33.411704],[-70.530371,-33.412143],[-70.530226,-33.412387],[-70.530089,-33.41265],[-70.529952,-33.413028],[-70.52986,-33.413429],[-70.529807,-33.4137],[-70.529728,-33.414077],[-70.529593,-33.414738],[-70.529579,-33.414949],[-70.529565,-33.415447],[-70.529558,-33.415685],[-70.531597,-33.415726],[-70.532794,-33.415836],[-70.533058,-33.416013],[-70.533194,-33.416105],[-70.533272,-33.416093],[-70.53345,-33.416093],[-70.533915,-33.416093],[-70.533997,-33.416094],[-70.534083,-33.416095],[-70.53409,-33.416048],[-70.534116,-33.415893],[-70.53416,-33.415694],[-70.534184,-33.415629],[-70.534217,-33.415495],[-70.534269,-33.415322],[-70.534302,-33.41522],[-70.534324,-33.415154],[-70.534329,-33.415128],[-70.534331,-33.415114],[-70.53433,-33.415108],[-70.534326,-33.415102],[-70.534318,-33.415094],[-70.534301,-33.415088],[-70.534522,-33.414634],[-70.534843,-33.41381],[-70.535143,-33.413003],[-70.535313,-33.412575],[-70.535405,-33.412342],[-70.535431,-33.412279],[-70.535583,-33.411872],[-70.535773,-33.411346],[-70.536025,-33.41072],[-70.536379,-33.409781],[-70.53649,-33.409484],[-70.536498,-33.409461],[-70.536819,-33.408664],[-70.537231,-33.407665],[-70.537445,-33.407132],[-70.536378,-33.406824],[-70.53617,-33.407373],[-70.536081,-33.407348],[-70.535571,-33.407202],[-70.53545,-33.407164],[-70.535143,-33.407067],[-70.534784,-33.40694],[-70.534714,-33.406911],[-70.534853,-33.406782],[-70.535086,-33.406581],[-70.535168,-33.406508],[-70.535631,-33.406649],[-70.535728,-33.406636],[-70.535827,-33.406316],[-70.535824,-33.406049],[-70.535722,-33.405811],[-70.535411,-33.40522],[-70.535313,-33.405064],[-70.535184,-33.404959],[-70.535195,-33.404938],[-70.53487,-33.404678],[-70.534354,-33.405078],[-70.533912,-33.405444],[-70.533324,-33.405883],[-70.533128,-33.406014],[-70.53319,-33.406205],[-70.533245,-33.406438]],[[-70.532462,-33.413795],[-70.532502,-33.414269],[-70.532484,-33.414239],[-70.532452,-33.414185],[-70.532407,-33.414124],[-70.532362,-33.414075],[-70.532327,-33.414045],[-70.532258,-33.414003],[-70.532209,-33.41398],[-70.532144,-33.413956],[-70.532084,-33.413939],[-70.532021,-33.413914],[-70.531981,-33.41389],[-70.53212,-33.413872],[-70.532197,-33.41386],[-70.532249,-33.413847],[-70.532356,-33.413821],[-70.532462,-33.413795]]]}},{"type":"Feature","properties":{"zona":"UV/EAb4","nombre":"UV/EAb4 Zona de Uso de Suelo de Vivienda/ Edificación Aislada Baja Nº4","upref":"Residencial","uperm":"Residencial.","uproh":"Equipamiento; actividad productiva; infraestructura; espacio público y áreas verdes.","url":"http://www.observatoriourbano.cl/Ipt/cehu_resultado_decreto.asp?r=0&c=193&i=25"},"geometry":{"type":"Polygon","coordinates":[[[-70.502908,-33.409851],[-70.502812,-33.409867],[-70.502719,-33.409868],[-70.502847,-33.410058],[-70.503701,-33.410203],[-70.504449,-33.410342],[-70.504661,-33.410406],[-70.504953,-33.410527],[-70.505417,-33.410717],[-70.505544,-33.410796],[-70.505846,-33.411184],[-70.505968,-33.411289],[-70.50614,-33.410602],[-70.506058,-33.410561],[-70.505976,-33.410471],[-70.50584,-33.410459],[-70.505708,-33.410408],[-70.505612,-33.410457],[-70.505488,-33.410506],[-70.505334,-33.410503],[-70.505157,-33.410467],[-70.50495,-33.410374],[-70.504717,-33.410363],[-70.504573,-33.410283],[-70.504331,-33.410086],[-70.504211,-33.410078],[-70.504022,-33.410013],[-70.50393,-33.409967],[-70.503865,-33.409902],[-70.503812,-33.409902],[-70.503721,-33.409784],[-70.503575,-33.409783],[-70.503305,-33.409786],[-70.503208,-33.409752],[-70.503119,-33.409753],[-70.503028,-33.409804],[-70.502908,-33.409851]]]}},{"type":"Feature","properties":{"zona":"UV/EAb4p","nombre":"UV/EAb4p Zona de Uso de Suelo de Vivienda/ Edificación Aislada Baja Nº4 Prima","upref":"Residencial","uperm":"Residencial.","uproh":"Equipamiento; actividad productiva; infraestructura; espacio público y áreas verdes.","url":"http://www.observatoriourbano.cl/Ipt/cehu_resultado_decreto.asp?r=0&c=193&i=25"},"geometry":{"type":"Polygon","coordinates":[[[-70.506335,-33.410113],[-70.506408,-33.410194],[-70.506632,-33.410182],[-70.506951,-33.410163],[-70.506997,-33.410165],[-70.507115,-33.410171],[-70.50727,-33.410179],[-70.507642,-33.410201],[-70.507839,-33.41021],[-70.508,-33.410216],[-70.508124,-33.410229],[-70.508324,-33.410304],[-70.508491,-33.410308],[-70.508577,-33.410334],[-70.50873,-33.410335],[-70.508784,-33.410382],[-70.508876,-33.410357],[-70.509009,-33.410353],[-70.509093,-33.410368],[-70.509257,-33.410406],[-70.509562,-33.410523],[-70.509795,-33.410639],[-70.509946,-33.410741],[-70.510063,-33.410836],[-70.510106,-33.410882],[-70.510154,-33.410913],[-70.510334,-33.410972],[-70.510416,-33.411028],[-70.510541,-33.411077],[-70.510627,-33.411133],[-70.510776,-33.411142],[-70.510875,-33.411159],[-70.51103,-33.411239],[-70.511184,-33.411266],[-70.511304,-33.411315],[-70.511374,-33.411364],[-70.511498,-33.411377],[-70.511631,-33.411425],[-70.511725,-33.41146],[-70.511841,-33.411494],[-70.511996,-33.411564],[-70.51339,-33.411827],[-70.513484,-33.411695],[-70.513535,-33.411586],[-70.513582,-33.411495],[-70.513632,-33.411376],[-70.513686,-33.411214],[-70.513712,-33.411102],[-70.51374,-33.410899],[-70.513752,-33.410623],[-70.513786,-33.410049],[-70.513798,-33.40989],[-70.513829,-33.409579],[-70.513866,-33.409444],[-70.513919,-33.4093],[-70.513997,-33.40915],[-70.514933,-33.407934],[-70.515487,-33.407137],[-70.515683,-33.406819],[-70.516021,-33.406269],[-70.515687,-33.406123],[-70.515409,-33.405999],[-70.515219,-33.405902],[-70.514889,-33.40572],[-70.514653,-33.405568],[-70.514272,-33.405287],[-70.513805,-33.404876],[-70.513664,-33.404745],[-70.513612,-33.404694],[-70.513414,-33.404501],[-70.513192,-33.404294],[-70.512962,-33.404073],[-70.512847,-33.403988],[-70.512766,-33.403898],[-70.512659,-33.403821],[-70.512348,-33.403595],[-70.512344,-33.403593],[-70.512343,-33.403592],[-70.512264,-33.403545],[-70.512222,-33.403509],[-70.512172,-33.403467],[-70.512073,-33.403408],[-70.512044,-33.40339],[-70.51188,-33.403292],[-70.511682,-33.403174],[-70.511524,-33.403085],[-70.511264,-33.402947],[-70.511017,-33.402817],[-70.510916,-33.402772],[-70.510411,-33.402485],[-70.509567,-33.402047],[-70.509561,-33.402057],[-70.5095,-33.402169],[-70.509351,-33.402534],[-70.509104,-33.403107],[-70.508904,-33.403589],[-70.508806,-33.403806],[-70.508672,-33.404104],[-70.508592,-33.404295],[-70.508582,-33.404322],[-70.508513,-33.404487],[-70.508343,-33.40488],[-70.508307,-33.40497],[-70.507515,-33.406835],[-70.507223,-33.407577],[-70.506974,-33.40829],[-70.506689,-33.409115],[-70.506545,-33.409521],[-70.506519,-33.409605],[-70.506371,-33.410027],[-70.506335,-33.410113]]]}},{"type":"Feature","properties":{"zona":"UV/EAb4p","nombre":"UV/EAb4p Zona de Uso de Suelo de Vivienda/ Edificación Aislada Baja Nº4 Prima","upref":"Residencial","uperm":"Residencial.","uproh":"Equipamiento; actividad productiva; infraestructura; espacio público y áreas verdes.","url":"http://www.observatoriourbano.cl/Ipt/cehu_resultado_decreto.asp?r=0&c=193&i=25"},"geometry":{"type":"Polygon","coordinates":[[[-70.50614,-33.410602],[-70.505968,-33.411289],[-70.50606,-33.411368],[-70.506662,-33.411656],[-70.507309,-33.411839],[-70.507805,-33.411924],[-70.508728,-33.411999],[-70.50915,-33.412027],[-70.50988,-33.412113],[-70.510873,-33.412283],[-70.512169,-33.412544],[-70.51262,-33.412629],[-70.512743,-33.412724],[-70.513103,-33.412226],[-70.511863,-33.412002],[-70.511639,-33.41193],[-70.511579,-33.411884],[-70.511438,-33.411871],[-70.51136,-33.411815],[-70.511227,-33.411802],[-70.511077,-33.41175],[-70.511025,-33.411708],[-70.510781,-33.411647],[-70.51069,-33.411594],[-70.510443,-33.411576],[-70.510309,-33.411516],[-70.510175,-33.411432],[-70.510078,-33.411386],[-70.510015,-33.411353],[-70.509831,-33.411269],[-70.50967,-33.411171],[-70.509612,-33.411095],[-70.509405,-33.410964],[-70.509181,-33.410867],[-70.509061,-33.410825],[-70.508924,-33.410822],[-70.508811,-33.410852],[-70.50872,-33.410853],[-70.508412,-33.410785],[-70.508303,-33.410758],[-70.508206,-33.410769],[-70.508098,-33.410742],[-70.507943,-33.410658],[-70.507562,-33.410672],[-70.507408,-33.41065],[-70.507219,-33.410609],[-70.50677,-33.410614],[-70.506571,-33.410631],[-70.506469,-33.410666],[-70.506418,-33.410647],[-70.506224,-33.410645],[-70.50614,-33.410602]]]}},{"type":"Feature","properties":{"zona":"UV/EAb4p","nombre":"UV/EAb4p Zona de Uso de Suelo de Vivienda/ Edificación Aislada Baja Nº4 Prima","upref":"Residencial","uperm":"Residencial.","uproh":"Equipamiento; actividad productiva; infraestructura; espacio público y áreas verdes.","url":"http://www.observatoriourbano.cl/Ipt/cehu_resultado_decreto.asp?r=0&c=193&i=25"},"geometry":{"type":"Polygon","coordinates":[[[-70.498436,-33.384764],[-70.497352,-33.385033],[-70.49719,-33.385119],[-70.497048,-33.385127],[-70.49692,-33.385104],[-70.496848,-33.385057],[-70.496755,-33.385011],[-70.496563,-33.385019],[-70.496785,-33.385165],[-70.496973,-33.38536],[-70.497156,-33.385686],[-70.49762,-33.386617],[-70.497751,-33.386794],[-70.497953,-33.386976],[-70.498172,-33.387093],[-70.498412,-33.387156],[-70.498633,-33.38721],[-70.498706,-33.387234],[-70.498737,-33.387296],[-70.498805,-33.387321],[-70.498861,-33.387326],[-70.498954,-33.387335],[-70.499067,-33.387343],[-70.49916,-33.387351],[-70.499235,-33.387356],[-70.499374,-33.387355],[-70.499505,-33.387353],[-70.499643,-33.387351],[-70.499751,-33.38735],[-70.49986,-33.387352],[-70.499983,-33.38736],[-70.500152,-33.387373],[-70.500317,-33.387406],[-70.500509,-33.387448],[-70.500685,-33.387499],[-70.500806,-33.387538],[-70.500922,-33.387574],[-70.501078,-33.38763],[-70.501089,-33.387559],[-70.501098,-33.387515],[-70.501242,-33.387114],[-70.501449,-33.38655],[-70.501562,-33.386237],[-70.501612,-33.386104],[-70.501643,-33.386032],[-70.501672,-33.385977],[-70.501707,-33.385918],[-70.501762,-33.385841],[-70.501812,-33.38578],[-70.501874,-33.385711],[-70.501918,-33.385669],[-70.501961,-33.385632],[-70.50204,-33.385573],[-70.502081,-33.385547],[-70.501586,-33.385345],[-70.501683,-33.385224],[-70.501253,-33.385196],[-70.501133,-33.385145],[-70.500938,-33.385154],[-70.500831,-33.385142],[-70.500733,-33.385146],[-70.500667,-33.385147],[-70.500575,-33.385109],[-70.500217,-33.384996],[-70.500151,-33.384957],[-70.500089,-33.384969],[-70.49974,-33.385002],[-70.499552,-33.385021],[-70.499389,-33.384928],[-70.49932,-33.384896],[-70.499182,-33.384934],[-70.499,-33.3849],[-70.498871,-33.384854],[-70.498763,-33.38479],[-70.498664,-33.384791],[-70.498528,-33.384751],[-70.498436,-33.384764]]]}},{"type":"Feature","properties":{"zona":"UV/EAb4","nombre":"UV/EAb4 Zona de Uso de Suelo de Vivienda/ Edificación Aislada Baja Nº4","upref":"Residencial","uperm":"Residencial.","uproh":"Equipamiento; actividad productiva; infraestructura; espacio público y áreas verdes.","url":"http://www.observatoriourbano.cl/Ipt/cehu_resultado_decreto.asp?r=0&c=193&i=25"},"geometry":{"type":"Polygon","coordinates":[[[-70.492735,-33.384176],[-70.492721,-33.384391],[-70.492753,-33.384663],[-70.492804,-33.384659],[-70.493054,-33.384591],[-70.493156,-33.384579],[-70.493245,-33.384535],[-70.493419,-33.384497],[-70.493528,-33.384371],[-70.493694,-33.384322],[-70.493868,-33.384299],[-70.494037,-33.384211],[-70.494251,-33.384208],[-70.494537,-33.384215],[-70.49481,-33.384212],[-70.495117,-33.384198],[-70.495224,-33.384239],[-70.495403,-33.384237],[-70.495515,-33.38429],[-70.495677,-33.384298],[-70.495723,-33.384311],[-70.495767,-33.384171],[-70.495917,-33.38394],[-70.496186,-33.383707],[-70.496365,-33.383466],[-70.496489,-33.383242],[-70.496562,-33.382998],[-70.496616,-33.382697],[-70.496622,-33.382507],[-70.496584,-33.382289],[-70.496455,-33.381968],[-70.496314,-33.381748],[-70.496188,-33.381547],[-70.496174,-33.381551],[-70.496018,-33.381744],[-70.49578,-33.38178],[-70.495496,-33.381827],[-70.495316,-33.381934],[-70.4951,-33.38196],[-70.494962,-33.382191],[-70.494752,-33.382232],[-70.494629,-33.382309],[-70.494465,-33.382407],[-70.494119,-33.382425],[-70.494035,-33.382508],[-70.493945,-33.382571],[-70.493798,-33.382625],[-70.493782,-33.382706],[-70.493603,-33.382871],[-70.493497,-33.382878],[-70.493398,-33.383033],[-70.493209,-33.383232],[-70.493,-33.383489],[-70.492826,-33.383813],[-70.492735,-33.384176]]]}},{"type":"Feature","properties":{"zona":"UV/EAb4p","nombre":"UV/EAb4p Zona de Uso de Suelo de Vivienda/ Edificación Aislada Baja Nº4 Prima","upref":"Residencial","uperm":"Residencial.","uproh":"Equipamiento; actividad productiva; infraestructura; espacio público y áreas verdes.","url":"http://www.observatoriourbano.cl/Ipt/cehu_resultado_decreto.asp?r=0&c=193&i=25"},"geometry":{"type":"Polygon","coordinates":[[[-70.500469,-33.379478],[-70.498585,-33.380157],[-70.498483,-33.380182],[-70.498269,-33.380323],[-70.498231,-33.380386],[-70.498039,-33.380517],[-70.497627,-33.380708],[-70.497537,-33.380752],[-70.49742,-33.380878],[-70.497394,-33.381002],[-70.497293,-33.381122],[-70.497169,-33.381157],[-70.496977,-33.381236],[-70.496858,-33.381295],[-70.496756,-33.381329],[-70.4965,-33.381337],[-70.49644,-33.381438],[-70.496327,-33.381502],[-70.496188,-33.381547],[-70.496314,-33.381748],[-70.496455,-33.381968],[-70.496584,-33.382289],[-70.496622,-33.382507],[-70.496616,-33.382697],[-70.496562,-33.382998],[-70.496489,-33.383242],[-70.496365,-33.383466],[-70.496186,-33.383707],[-70.495917,-33.38394],[-70.495767,-33.384171],[-70.495723,-33.384311],[-70.495767,-33.384322],[-70.495854,-33.384382],[-70.496101,-33.384365],[-70.496216,-33.384396],[-70.496338,-33.384494],[-70.496578,-33.384552],[-70.4968,-33.384557],[-70.497074,-33.384639],[-70.497227,-33.38458],[-70.49732,-33.384572],[-70.498369,-33.384302],[-70.49863,-33.384295],[-70.498788,-33.38434],[-70.498942,-33.384356],[-70.499131,-33.38445],[-70.49925,-33.384416],[-70.499503,-33.384474],[-70.499679,-33.384544],[-70.499952,-33.38453],[-70.500084,-33.384489],[-70.500288,-33.384479],[-70.50034,-33.384493],[-70.500485,-33.384541],[-70.500538,-33.384619],[-70.500654,-33.384643],[-70.500774,-33.384688],[-70.500923,-33.384665],[-70.501025,-33.384678],[-70.501141,-33.384673],[-70.50126,-33.384689],[-70.501393,-33.384745],[-70.501534,-33.384739],[-70.501633,-33.384767],[-70.501722,-33.384748],[-70.501859,-33.384743],[-70.501978,-33.384759],[-70.502046,-33.384723],[-70.502139,-33.384686],[-70.502515,-33.384692],[-70.502659,-33.384654],[-70.502753,-33.384667],[-70.502816,-33.384606],[-70.502918,-33.384551],[-70.503088,-33.384527],[-70.503087,-33.384456],[-70.503415,-33.384427],[-70.503556,-33.384475],[-70.503697,-33.384463],[-70.503773,-33.384426],[-70.503901,-33.384417],[-70.504079,-33.384336],[-70.504189,-33.384299],[-70.50444,-33.384268],[-70.504611,-33.384262],[-70.504738,-33.384232],[-70.504823,-33.384213],[-70.504903,-33.384165],[-70.505009,-33.384118],[-70.505047,-33.384078],[-70.505089,-33.384049],[-70.505096,-33.383973],[-70.505311,-33.38382],[-70.505569,-33.38366],[-70.505815,-33.383596],[-70.506108,-33.383492],[-70.506226,-33.383451],[-70.506289,-33.38339],[-70.50642,-33.383339],[-70.506487,-33.383261],[-70.50651,-33.383261],[-70.506529,-33.383253],[-70.506558,-33.383232],[-70.506578,-33.383213],[-70.506645,-33.383152],[-70.506763,-33.383062],[-70.50691,-33.382948],[-70.506966,-33.382909],[-70.507025,-33.382858],[-70.507207,-33.382727],[-70.507316,-33.382652],[-70.507353,-33.382631],[-70.507453,-33.382575],[-70.507632,-33.382482],[-70.507718,-33.382444],[-70.507764,-33.382426],[-70.507898,-33.382374],[-70.507984,-33.382339],[-70.507957,-33.382288],[-70.507908,-33.382211],[-70.508003,-33.382141],[-70.508107,-33.382058],[-70.508177,-33.381988],[-70.50826,-33.381854],[-70.508366,-33.381766],[-70.50854,-33.381635],[-70.508703,-33.381512],[-70.508742,-33.381461],[-70.50873,-33.381383],[-70.508646,-33.381326],[-70.508468,-33.381233],[-70.508135,-33.381075],[-70.507915,-33.380965],[-70.507762,-33.380869],[-70.507593,-33.380817],[-70.507426,-33.380816],[-70.507256,-33.380871],[-70.506645,-33.381083],[-70.506563,-33.381094],[-70.506455,-33.381088],[-70.506254,-33.380974],[-70.506029,-33.380836],[-70.50586,-33.380756],[-70.505769,-33.380743],[-70.505482,-33.380749],[-70.505275,-33.380795],[-70.505083,-33.380861],[-70.50499,-33.380929],[-70.504908,-33.380966],[-70.504836,-33.38105],[-70.504754,-33.381111],[-70.504675,-33.381117],[-70.504603,-33.38108],[-70.504499,-33.38099],[-70.504432,-33.380888],[-70.504371,-33.380822],[-70.504268,-33.380778],[-70.504162,-33.380768],[-70.503858,-33.380788],[-70.503727,-33.380754],[-70.503544,-33.380694],[-70.503458,-33.380665],[-70.503486,-33.380651],[-70.503433,-33.380627],[-70.503344,-33.380591],[-70.503327,-33.380542],[-70.503347,-33.380498],[-70.503384,-33.380467],[-70.503509,-33.380401],[-70.503616,-33.380331],[-70.503799,-33.380246],[-70.503961,-33.380168],[-70.504207,-33.380081],[-70.504334,-33.380041],[-70.504527,-33.379928],[-70.50462,-33.379894],[-70.50486,-33.379875],[-70.504993,-33.379818],[-70.505119,-33.379759],[-70.505184,-33.379712],[-70.505259,-33.379624],[-70.505338,-33.379554],[-70.505537,-33.379407],[-70.50557,-33.379371],[-70.505564,-33.37934],[-70.505492,-33.379271],[-70.505447,-33.379245],[-70.505142,-33.379262],[-70.505019,-33.379263],[-70.504899,-33.379249],[-70.504681,-33.379167],[-70.504516,-33.379109],[-70.50441,-33.37908],[-70.50427,-33.379086],[-70.504166,-33.379108],[-70.504031,-33.379165],[-70.503811,-33.37931],[-70.503651,-33.379416],[-70.503502,-33.379469],[-70.503302,-33.379529],[-70.50323,-33.379534],[-70.503136,-33.379508],[-70.503016,-33.379504],[-70.502919,-33.379519],[-70.502344,-33.379735],[-70.502258,-33.379766],[-70.502218,-33.379763],[-70.502177,-33.379727],[-70.502169,-33.379687],[-70.502276,-33.379612],[-70.502363,-33.379513],[-70.502465,-33.379416],[-70.502552,-33.379323],[-70.5026,-33.379247],[-70.502597,-33.379145],[-70.502576,-33.379113],[-70.502534,-33.379076],[-70.502509,-33.378993],[-70.502503,-33.378943],[-70.502478,-33.378896],[-70.50246,-33.378846],[-70.502444,-33.378782],[-70.502404,-33.378741],[-70.502345,-33.378694],[-70.502273,-33.378669],[-70.50202,-33.378818],[-70.501427,-33.379063],[-70.500911,-33.379295],[-70.500469,-33.379478]]]}},{"type":"Feature","properties":{"zona":"UV/EAb4","nombre":"UV/EAb4 Zona de Uso de Suelo de Vivienda/ Edificación Aislada Baja Nº4","upref":"Residencial","uperm":"Residencial.","uproh":"Equipamiento; actividad productiva; infraestructura; espacio público y áreas verdes.","url":"http://www.observatoriourbano.cl/Ipt/cehu_resultado_decreto.asp?r=0&c=193&i=25"},"geometry":{"type":"Polygon","coordinates":[[[-70.489491,-33.373717],[-70.489301,-33.373803],[-70.489105,-33.37396],[-70.489127,-33.374049],[-70.48908,-33.374199],[-70.489349,-33.374136],[-70.489696,-33.374066],[-70.489967,-33.374069],[-70.490259,-33.374113],[-70.490524,-33.374217],[-70.490754,-33.374358],[-70.490949,-33.374552],[-70.49111,-33.374849],[-70.49115,-33.375063],[-70.491133,-33.375343],[-70.491024,-33.375637],[-70.490864,-33.375836],[-70.490704,-33.376011],[-70.490656,-33.376119],[-70.490695,-33.376315],[-70.490854,-33.37648],[-70.491033,-33.37655],[-70.491339,-33.376546],[-70.491403,-33.376569],[-70.491545,-33.376567],[-70.491955,-33.376449],[-70.492267,-33.376398],[-70.492538,-33.3764],[-70.492816,-33.376439],[-70.493267,-33.376618],[-70.493547,-33.376824],[-70.493757,-33.377042],[-70.493906,-33.377392],[-70.493939,-33.377684],[-70.493913,-33.377816],[-70.493755,-33.378128],[-70.493533,-33.378446],[-70.493365,-33.378657],[-70.493821,-33.378742],[-70.494448,-33.378801],[-70.494867,-33.378789],[-70.494903,-33.378412],[-70.494918,-33.378298],[-70.494925,-33.378165],[-70.494923,-33.378078],[-70.494918,-33.378001],[-70.494909,-33.377928],[-70.494899,-33.37787],[-70.494726,-33.376827],[-70.494607,-33.376115],[-70.4946,-33.376083],[-70.494585,-33.376029],[-70.494568,-33.375983],[-70.494547,-33.375939],[-70.494528,-33.375905],[-70.494506,-33.37587],[-70.494487,-33.375844],[-70.494463,-33.375814],[-70.494442,-33.375792],[-70.494302,-33.375667],[-70.493988,-33.375411],[-70.493586,-33.375082],[-70.49346,-33.375],[-70.493405,-33.374969],[-70.493397,-33.374965],[-70.49337,-33.374952],[-70.493341,-33.37494],[-70.493312,-33.374929],[-70.493281,-33.374919],[-70.493257,-33.374911],[-70.49323,-33.374904],[-70.493197,-33.374897],[-70.493167,-33.374891],[-70.493055,-33.374872],[-70.492864,-33.374839],[-70.492846,-33.374836],[-70.492824,-33.37483],[-70.492787,-33.374817],[-70.492768,-33.374807],[-70.492752,-33.374797],[-70.492639,-33.374785],[-70.492731,-33.37466],[-70.49269,-33.374637],[-70.49347,-33.373722],[-70.493224,-33.373702],[-70.493001,-33.373585],[-70.492889,-33.373652],[-70.492762,-33.373689],[-70.492406,-33.373688],[-70.492285,-33.373653],[-70.49211,-33.373822],[-70.491819,-33.37385],[-70.491662,-33.373816],[-70.491612,-33.373846],[-70.491385,-33.373855],[-70.491106,-33.373763],[-70.490942,-33.373753],[-70.490757,-33.37369],[-70.490487,-33.373747],[-70.490359,-33.373712],[-70.490208,-33.373648],[-70.490007,-33.373543],[-70.489901,-33.373539],[-70.489703,-33.373595],[-70.489491,-33.373717]]]}},{"type":"Feature","properties":{"zona":"UV/EAb4","nombre":"UV/EAb4 Zona de Uso de Suelo de Vivienda/ Edificación Aislada Baja Nº4","upref":"Residencial","uperm":"Residencial.","uproh":"Equipamiento; actividad productiva; infraestructura; espacio público y áreas verdes.","url":"http://www.observatoriourbano.cl/Ipt/cehu_resultado_decreto.asp?r=0&c=193&i=25"},"geometry":{"type":"Polygon","coordinates":[[[-70.49172,-33.373076],[-70.491203,-33.373201],[-70.490813,-33.373224],[-70.491327,-33.373343],[-70.491448,-33.373377],[-70.491625,-33.373351],[-70.491832,-33.37339],[-70.492008,-33.373251],[-70.492177,-33.373195],[-70.492405,-33.373193],[-70.492519,-33.373227],[-70.492619,-33.373238],[-70.492908,-33.373109],[-70.493129,-33.373124],[-70.493415,-33.373252],[-70.493541,-33.373259],[-70.493802,-33.373019],[-70.493802,-33.372981],[-70.493809,-33.37295],[-70.493824,-33.372908],[-70.493855,-33.37287],[-70.493946,-33.372737],[-70.494069,-33.372595],[-70.49416,-33.372504],[-70.494618,-33.372077],[-70.49474,-33.371917],[-70.494847,-33.371741],[-70.494969,-33.371432],[-70.494983,-33.371346],[-70.495022,-33.371108],[-70.494999,-33.370764],[-70.494946,-33.370539],[-70.494854,-33.370307],[-70.494725,-33.370116],[-70.494549,-33.369948],[-70.494305,-33.369788],[-70.494168,-33.369727],[-70.493998,-33.369612],[-70.493885,-33.369505],[-70.493527,-33.369113],[-70.493313,-33.368952],[-70.493226,-33.36891],[-70.493092,-33.368846],[-70.492924,-33.368796],[-70.492756,-33.368762],[-70.492527,-33.368746],[-70.492466,-33.368743],[-70.492443,-33.368674],[-70.493077,-33.368529],[-70.494442,-33.3683],[-70.494564,-33.368247],[-70.494625,-33.368178],[-70.494648,-33.368063],[-70.494633,-33.368002],[-70.49461,-33.367953],[-70.494564,-33.367911],[-70.494511,-33.367873],[-70.494419,-33.367838],[-70.49432,-33.367812],[-70.494213,-33.367777],[-70.494185,-33.367761],[-70.494168,-33.367739],[-70.494149,-33.3677],[-70.49414,-33.367658],[-70.494138,-33.367625],[-70.494145,-33.367583],[-70.494143,-33.367481],[-70.494053,-33.367171],[-70.49301,-33.367184],[-70.493045,-33.367301],[-70.492873,-33.368042],[-70.492574,-33.368428],[-70.492168,-33.36882],[-70.492167,-33.368859],[-70.492165,-33.369065],[-70.492141,-33.36931],[-70.491921,-33.369766],[-70.491741,-33.370025],[-70.49122,-33.370359],[-70.492061,-33.371152],[-70.492322,-33.37175],[-70.492303,-33.372347],[-70.492155,-33.372718],[-70.49172,-33.373076]]]}},{"type":"Feature","properties":{"zona":"UV/EAb2","nombre":"UV/EAb2 Zona de Uso de Suelo de Vivienda/ Edificación Aislada Baja Nº2","upref":"Residencial","uperm":"Residencial.","uproh":"Equipamiento; actividad productiva; infraestructura; espacio público y áreas verdes.","url":"http://www.observatoriourbano.cl/Ipt/cehu_resultado_decreto.asp?r=0&c=193&i=25"},"geometry":{"type":"Polygon","coordinates":[[[-70.508687,-33.383716],[-70.505497,-33.385522],[-70.506099,-33.386116],[-70.507575,-33.385297],[-70.508469,-33.385668],[-70.509318,-33.386058],[-70.510581,-33.38672],[-70.512298,-33.385921],[-70.512007,-33.385616],[-70.511824,-33.385427],[-70.511708,-33.385318],[-70.51155,-33.385135],[-70.511475,-33.385054],[-70.510551,-33.384611],[-70.508687,-33.383716]]]}},{"type":"Feature","properties":{"zona":"UC2/EAa1","nombre":"UC2/EAa1 Zona de Uso de Comercio N°2 e Instituciones Metropolitanas/ Edificación Aislada Alta Nº1","upref":"Equipamiento","uperm":"Equipamiento de comercio.","uproh":"Residencial; equipamiento de culto, deporte, educación, esparcimiento, salud, seguridad y servicio, actividad productiva; infraestructura; espacio público y áreas verdes.","url":"http://www.observatoriourbano.cl/Ipt/cehu_resultado_decreto.asp?r=0&c=193&i=25"},"geometry":{"type":"Polygon","coordinates":[[[-70.58171,-33.404836],[-70.581808,-33.404966],[-70.582053,-33.404901],[-70.582942,-33.404701],[-70.583702,-33.404532],[-70.583801,-33.404499],[-70.583839,-33.404462],[-70.58389,-33.404389],[-70.583936,-33.404307],[-70.583907,-33.404243],[-70.583879,-33.404165],[-70.583868,-33.404129],[-70.583859,-33.404091],[-70.583782,-33.403915],[-70.583599,-33.403334],[-70.583584,-33.403297],[-70.583566,-33.403275],[-70.583543,-33.403252],[-70.583507,-33.403229],[-70.583155,-33.403069],[-70.583077,-33.403037],[-70.582033,-33.402608],[-70.581417,-33.402355],[-70.581087,-33.402219],[-70.580897,-33.402139],[-70.580789,-33.402094],[-70.579647,-33.403987],[-70.579673,-33.403998],[-70.580008,-33.404137],[-70.580926,-33.404527],[-70.58171,-33.404836]]]}},{"type":"Feature","properties":{"zona":"UV1/EAa1","nombre":"UV1/EAa1 Zona de Uso de Vivienda N°1 Equipamiento en (baja intensidad)/ Edificación Aislada Alta Nº1","upref":"Mixto","uperm":"Residencial; equipamiento.","uproh":"Actividad productiva; infraestructura; espacio público y áreas verdes.","url":"http://www.observatoriourbano.cl/Ipt/cehu_resultado_decreto.asp?r=0&c=193&i=25"},"geometry":{"type":"Polygon","coordinates":[[[-70.583673,-33.405898],[-70.584718,-33.406337],[-70.585913,-33.406832],[-70.585991,-33.406864],[-70.586078,-33.406894],[-70.586166,-33.40691],[-70.586264,-33.406921],[-70.586353,-33.406919],[-70.58645,-33.406904],[-70.586537,-33.406884],[-70.586644,-33.406847],[-70.586709,-33.406826],[-70.58658,-33.406627],[-70.58649,-33.406493],[-70.586429,-33.406365],[-70.586337,-33.406169],[-70.586256,-33.40596],[-70.586039,-33.405982],[-70.585958,-33.40598],[-70.585905,-33.405967],[-70.585879,-33.405939],[-70.585855,-33.405862],[-70.585843,-33.405647],[-70.585808,-33.405259],[-70.585796,-33.405217],[-70.585773,-33.405182],[-70.585734,-33.405159],[-70.585584,-33.405081],[-70.584957,-33.404841],[-70.584811,-33.404782],[-70.584748,-33.404691],[-70.584708,-33.404617],[-70.584362,-33.404574],[-70.584249,-33.404594],[-70.584187,-33.404602],[-70.584122,-33.40461],[-70.584021,-33.404627],[-70.583803,-33.404676],[-70.583267,-33.404791],[-70.582731,-33.404908],[-70.58218,-33.405033],[-70.581899,-33.4051],[-70.58195,-33.40516],[-70.581991,-33.405185],[-70.58225,-33.405308],[-70.582875,-33.405566],[-70.582967,-33.405606],[-70.582982,-33.405612],[-70.583463,-33.405818],[-70.583673,-33.405898]]]}},{"type":"Feature","properties":{"zona":"UC2/EAa1","nombre":"UC2/EAa1 Zona de Uso de Comercio N°2 e Instituciones Metropolitanas/ Edificación Aislada Alta Nº1","upref":"Equipamiento","uperm":"Equipamiento de comercio.","uproh":"Residencial; equipamiento de culto, deporte, educación, esparcimiento, salud, seguridad y servicio, actividad productiva; infraestructura; espacio público y áreas verdes.","url":"http://www.observatoriourbano.cl/Ipt/cehu_resultado_decreto.asp?r=0&c=193&i=25"},"geometry":{"type":"Polygon","coordinates":[[[-70.575842,-33.406453],[-70.575973,-33.406931],[-70.575973,-33.406945],[-70.575967,-33.406955],[-70.575952,-33.406964],[-70.575932,-33.406971],[-70.57582,-33.406997],[-70.575798,-33.406996],[-70.57578,-33.406986],[-70.57577,-33.406965],[-70.575611,-33.406503],[-70.573713,-33.406926],[-70.574125,-33.407107],[-70.574372,-33.407207],[-70.575213,-33.407605],[-70.575784,-33.407878],[-70.576387,-33.408156],[-70.577241,-33.40858],[-70.577371,-33.408668],[-70.577638,-33.408881],[-70.577813,-33.409068],[-70.578178,-33.409604],[-70.579092,-33.408178],[-70.579864,-33.406851],[-70.58113,-33.407764],[-70.58113,-33.407764],[-70.581904,-33.408322],[-70.582662,-33.40888],[-70.583456,-33.409478],[-70.584608,-33.410263],[-70.585421,-33.410801],[-70.585751,-33.41091],[-70.58601,-33.410977],[-70.586279,-33.410417],[-70.5858,-33.410237],[-70.585718,-33.410194],[-70.58555,-33.410089],[-70.584647,-33.409441],[-70.583792,-33.408831],[-70.583154,-33.408378],[-70.581477,-33.407175],[-70.581248,-33.407005],[-70.580776,-33.406655],[-70.57983,-33.405977],[-70.579762,-33.405928],[-70.579365,-33.405669],[-70.578253,-33.405917],[-70.578241,-33.40592],[-70.577432,-33.406101],[-70.576845,-33.406231],[-70.576838,-33.406233],[-70.575842,-33.406453]]]}},{"type":"Feature","properties":{"zona":"UVO/EAa1","nombre":"UVO/EAa1 Zona de Uso de Vivienda y Equipamiento de Oficina/ Edificación Aislada Alta N°1","upref":"Mixto","uperm":"Residencial; equipamiento.","uproh":"Actividad productiva; infraestructura; espacio público y áreas verdes.","url":"http://www.observatoriourbano.cl/Ipt/cehu_resultado_decreto.asp?r=0&c=193&i=25"},"geometry":{"type":"Polygon","coordinates":[[[-70.586697,-33.405954],[-70.5868,-33.406165],[-70.587122,-33.406698],[-70.587317,-33.407014],[-70.587396,-33.407182],[-70.587463,-33.407393],[-70.587503,-33.40754],[-70.58753,-33.407656],[-70.587558,-33.407814],[-70.587587,-33.408004],[-70.587579,-33.408227],[-70.587557,-33.408407],[-70.587523,-33.408619],[-70.587476,-33.408841],[-70.587417,-33.409032],[-70.587223,-33.409458],[-70.586934,-33.410054],[-70.586696,-33.410545],[-70.586385,-33.411227],[-70.58633,-33.411291],[-70.58607,-33.411876],[-70.58582,-33.412372],[-70.58573,-33.412551],[-70.586261,-33.412735],[-70.587203,-33.410704],[-70.587249,-33.410718],[-70.587295,-33.410732],[-70.587493,-33.410307],[-70.587926,-33.409374],[-70.5881,-33.408914],[-70.588198,-33.4085],[-70.588181,-33.407889],[-70.588109,-33.407382],[-70.588042,-33.407182],[-70.587695,-33.406424],[-70.58748,-33.406043],[-70.587461,-33.406009],[-70.587408,-33.406028],[-70.587317,-33.406061],[-70.586914,-33.404996],[-70.587118,-33.404728],[-70.587267,-33.404313],[-70.587151,-33.404292],[-70.587027,-33.40427],[-70.586947,-33.404256],[-70.586776,-33.404225],[-70.586773,-33.404225],[-70.586555,-33.404185],[-70.586545,-33.40423],[-70.586508,-33.4044],[-70.586486,-33.404525],[-70.586473,-33.404644],[-70.58648,-33.405005],[-70.586502,-33.405261],[-70.586534,-33.405443],[-70.586573,-33.405605],[-70.586617,-33.405753],[-70.586633,-33.405795],[-70.586697,-33.405954]]]}},{"type":"Feature","properties":{"zona":"UV2/EAa1","nombre":"UV2/EAa1 Zona de Uso de Vivienda N°2 Equipamiento (Media Intensidad)/ Edificación Aislada Alta N°1","upref":"Mixto","uperm":"Residencial; equipamiento.","uproh":"Actividad productiva; infraestructura; espacio público y áreas verdes.","url":"http://www.observatoriourbano.cl/Ipt/cehu_resultado_decreto.asp?r=0&c=193&i=25"},"geometry":{"type":"Polygon","coordinates":[[[-70.597941,-33.412551],[-70.597514,-33.412585],[-70.59643,-33.412589],[-70.595493,-33.412595],[-70.594996,-33.412616],[-70.594889,-33.412608],[-70.594713,-33.412585],[-70.594103,-33.412467],[-70.593654,-33.412376],[-70.593633,-33.412372],[-70.592592,-33.412162],[-70.592379,-33.413058],[-70.592517,-33.413123],[-70.59254,-33.413141],[-70.592554,-33.413156],[-70.592574,-33.413187],[-70.592581,-33.413207],[-70.592586,-33.413233],[-70.592587,-33.413259],[-70.592581,-33.41329],[-70.592577,-33.413308],[-70.594821,-33.413701],[-70.595899,-33.413869],[-70.5963,-33.413868],[-70.597743,-33.413681],[-70.598842,-33.413569],[-70.599919,-33.413448],[-70.602237,-33.413252],[-70.602205,-33.413151],[-70.601713,-33.411878],[-70.601679,-33.411792],[-70.600649,-33.412005],[-70.599656,-33.412212],[-70.599383,-33.412261],[-70.598994,-33.412341],[-70.598811,-33.412379],[-70.598528,-33.412436],[-70.597941,-33.412551]]]}},{"type":"Feature","properties":{"zona":"UV2/EAm4","nombre":"UV2/EAm4 Zona de Uso de Vivienda N°2 Equipamiento (Media Intensidad)/ Edificación Aislada Media N°4","upref":"Mixto","uperm":"Residencial; equipamiento.","uproh":"Actividad productiva; infraestructura; espacio público y áreas verdes.","url":"http://www.observatoriourbano.cl/Ipt/cehu_resultado_decreto.asp?r=0&c=193&i=25"},"geometry":{"type":"Polygon","coordinates":[[[-70.599925,-33.410345],[-70.600154,-33.410942],[-70.600987,-33.410783],[-70.60115,-33.411214],[-70.599338,-33.411606],[-70.599329,-33.411651],[-70.599322,-33.411689],[-70.599291,-33.411803],[-70.599299,-33.41196],[-70.599307,-33.412028],[-70.599383,-33.412261],[-70.599656,-33.412212],[-70.600649,-33.412005],[-70.601679,-33.411792],[-70.602084,-33.411708],[-70.601718,-33.410754],[-70.601374,-33.409892],[-70.601346,-33.409817],[-70.601283,-33.409715],[-70.601246,-33.409668],[-70.600606,-33.408877],[-70.600615,-33.408785],[-70.600623,-33.408762],[-70.600631,-33.408743],[-70.600645,-33.408724],[-70.600682,-33.408697],[-70.600744,-33.408655],[-70.600638,-33.408645],[-70.600565,-33.408628],[-70.600516,-33.408614],[-70.600327,-33.408723],[-70.600282,-33.408749],[-70.600459,-33.409072],[-70.600594,-33.409461],[-70.600817,-33.410007],[-70.600036,-33.410303],[-70.599925,-33.410345]]]}},{"type":"Feature","properties":{"zona":"UC1/EAb3","nombre":"UC1/EAb3 Zona de Uso de Comercio N°1 e Instituciones Comunal/ Edificación Aislada Baja N°3","upref":"Equipamiento","uperm":"Equipamiento de comercio.","uproh":"Residencial; equipamiento de culto, deporte, educación, esparcimiento, salud, seguridad y servicio, actividad productiva; infraestructura; espacio público y áreas verdes.","url":"http://www.observatoriourbano.cl/Ipt/cehu_resultado_decreto.asp?r=0&c=193&i=25"},"geometry":{"type":"MultiPolygon","coordinates":[[[[-70.549416,-33.417695],[-70.549403,-33.417723],[-70.549295,-33.41771],[-70.549267,-33.417833],[-70.549251,-33.417931],[-70.549214,-33.418123],[-70.550935,-33.418358],[-70.550989,-33.418079],[-70.551009,-33.417977],[-70.551065,-33.417984],[-70.551754,-33.418077],[-70.551784,-33.417977],[-70.551794,-33.417894],[-70.551827,-33.417734],[-70.551841,-33.417658],[-70.549479,-33.417336],[-70.54943,-33.417572],[-70.549416,-33.417695]]],[[[-70.552387,-33.415059],[-70.552735,-33.416697],[-70.552832,-33.416688],[-70.552885,-33.416964],[-70.553097,-33.416931],[-70.553172,-33.416919],[-70.553172,-33.416908],[-70.553141,-33.41663],[-70.553032,-33.416103],[-70.553,-33.415945],[-70.552925,-33.415576],[-70.552826,-33.415099],[-70.552803,-33.414996],[-70.552387,-33.415059]]]]}},{"type":"Feature","properties":{"zona":"UC1/EAa+ca","nombre":"UC1/EAa+ca Zona de Uso de Comercio N°1 e Instituciones Comunal/ Edificación Aislada Alta","upref":"Equipamiento","uperm":"Equipamiento de comercio.","uproh":"Residencial; equipamiento de culto, deporte, educación, esparcimiento, salud, seguridad y servicio, actividad productiva; infraestructura; espacio público y áreas verdes.","url":"http://www.observatoriourbano.cl/Ipt/cehu_resultado_decreto.asp?r=0&c=193&i=25"},"geometry":{"type":"Polygon","coordinates":[[[-70.553258,-33.416947],[-70.553173,-33.416963],[-70.553172,-33.416921],[-70.553172,-33.416919],[-70.553097,-33.416931],[-70.552885,-33.416964],[-70.552513,-33.417022],[-70.552444,-33.417041],[-70.552397,-33.417057],[-70.552351,-33.41708],[-70.552277,-33.417126],[-70.552216,-33.417178],[-70.551933,-33.417396],[-70.551897,-33.417465],[-70.551863,-33.417542],[-70.551846,-33.41763],[-70.551841,-33.417658],[-70.551827,-33.417734],[-70.551794,-33.417894],[-70.551784,-33.417977],[-70.551754,-33.418077],[-70.551065,-33.417984],[-70.551009,-33.417977],[-70.550989,-33.418079],[-70.550935,-33.418358],[-70.550886,-33.418608],[-70.550861,-33.418776],[-70.550835,-33.418918],[-70.550816,-33.418983],[-70.55078,-33.419049],[-70.550735,-33.419105],[-70.551376,-33.419521],[-70.551716,-33.419189],[-70.551957,-33.419344],[-70.551989,-33.419356],[-70.552027,-33.419362],[-70.552307,-33.419391],[-70.552509,-33.419414],[-70.552566,-33.419423],[-70.552631,-33.419441],[-70.552728,-33.419463],[-70.552797,-33.41947],[-70.552953,-33.419461],[-70.55304,-33.419446],[-70.553029,-33.41939],[-70.55301,-33.419297],[-70.552975,-33.419065],[-70.554374,-33.418819],[-70.555809,-33.418588],[-70.555659,-33.417986],[-70.555642,-33.417903],[-70.555624,-33.417777],[-70.555518,-33.417258],[-70.554609,-33.417403],[-70.554599,-33.41724],[-70.554593,-33.417154],[-70.554576,-33.417074],[-70.554524,-33.416855],[-70.554512,-33.416809],[-70.554474,-33.41674],[-70.553258,-33.416947]],[[-70.553146,-33.418358],[-70.553118,-33.418362],[-70.553088,-33.418362],[-70.55304,-33.418358],[-70.552981,-33.41835],[-70.552977,-33.418349],[-70.552911,-33.418336],[-70.552801,-33.418306],[-70.552786,-33.4183],[-70.552763,-33.418287],[-70.552726,-33.41826],[-70.55269,-33.418224],[-70.552673,-33.4182],[-70.552672,-33.418199],[-70.55265,-33.418165],[-70.552629,-33.418124],[-70.552609,-33.41807],[-70.552595,-33.418019],[-70.55259,-33.417963],[-70.552596,-33.417898],[-70.552607,-33.417855],[-70.552623,-33.41781],[-70.552647,-33.417768],[-70.552657,-33.417747],[-70.552675,-33.417727],[-70.5527,-33.417699],[-70.552737,-33.417668],[-70.552777,-33.417639],[-70.552825,-33.417614],[-70.552847,-33.417603],[-70.552877,-33.417594],[-70.552909,-33.417586],[-70.552952,-33.417578],[-70.552984,-33.417574],[-70.553022,-33.41757],[-70.553049,-33.417569],[-70.553098,-33.417572],[-70.553121,-33.417574],[-70.553151,-33.417578],[-70.553197,-33.417585],[-70.553243,-33.417598],[-70.553264,-33.417609],[-70.553301,-33.417625],[-70.553339,-33.41764],[-70.553386,-33.417668],[-70.553417,-33.41769],[-70.553428,-33.417702],[-70.553446,-33.417727],[-70.553467,-33.417757],[-70.553483,-33.41779],[-70.553511,-33.417856],[-70.553518,-33.417883],[-70.553525,-33.417946],[-70.553529,-33.41799],[-70.553523,-33.418029],[-70.553492,-33.418123],[-70.553449,-33.418193],[-70.553376,-33.418257],[-70.553369,-33.418263],[-70.553279,-33.418317],[-70.553207,-33.418345],[-70.553146,-33.418358]]]}},{"type":"Feature","properties":{"zona":"UC1/EAb2","nombre":"UC1/EAb2 Zona de Uso de Comercio N°1 e Instituciones Comunal/ Edificación Aislada Baja N°2","upref":"Equipamiento","uperm":"Equipamiento de comercio.","uproh":"Residencial; equipamiento de culto, deporte, educación, esparcimiento, salud, seguridad y servicio, actividad productiva; infraestructura; espacio público y áreas verdes.","url":"http://www.observatoriourbano.cl/Ipt/cehu_resultado_decreto.asp?r=0&c=193&i=25"},"geometry":{"type":"Polygon","coordinates":[[[-70.553,-33.415945],[-70.553032,-33.416103],[-70.553101,-33.416091],[-70.553422,-33.41604],[-70.553189,-33.415037],[-70.552826,-33.415099],[-70.552925,-33.415576],[-70.553,-33.415945]]]}},{"type":"Feature","properties":{"zona":"UV3/EAa1","nombre":"UV3/EAa1 Zona de Uso de Vivienda N°3 y Equipamiento de Oficina Restringido (Media Intensidad)/ Edificación Aislada Alta N°1","upref":"Mixto","uperm":"Residencial; equipamiento; actividad productiva; infraestructura; espacio público y áreas verdes.","uproh":"Equipamiento de servicio.","url":"http://www.observatoriourbano.cl/Ipt/cehu_resultado_decreto.asp?r=0&c=193&i=25"},"geometry":{"type":"Polygon","coordinates":[[[-70.563392,-33.400166],[-70.562989,-33.40037],[-70.562645,-33.400538],[-70.562119,-33.400802],[-70.5635,-33.401378],[-70.563927,-33.401557],[-70.564121,-33.401638],[-70.564683,-33.401873],[-70.565064,-33.402038],[-70.565215,-33.401783],[-70.565604,-33.401943],[-70.565453,-33.402198],[-70.565819,-33.402347],[-70.5663,-33.402549],[-70.56704,-33.401313],[-70.567071,-33.401267],[-70.56659,-33.401076],[-70.566216,-33.400908],[-70.565827,-33.400752],[-70.565438,-33.400596],[-70.565234,-33.40051],[-70.564674,-33.40147],[-70.564078,-33.401215],[-70.564147,-33.401095],[-70.564187,-33.401104],[-70.564502,-33.400587],[-70.564498,-33.400551],[-70.564444,-33.40053],[-70.564499,-33.40041],[-70.564608,-33.400459],[-70.564703,-33.400288],[-70.564829,-33.400341],[-70.566,-33.399846],[-70.565933,-33.399755],[-70.565825,-33.399574],[-70.565694,-33.399358],[-70.565575,-33.399157],[-70.564492,-33.399623],[-70.563881,-33.39992],[-70.563392,-33.400166]]]}},{"type":"Feature","properties":{"zona":"UV3/EAm4","nombre":"UV3/EAm4 Zona de Uso de Vivienda N°3 y Equipamiento de Oficina Restringido (Media Intensidad)/ Edificación Aislada Media N°4","upref":"Mixto","uperm":"Residencial; equipamiento; actividad productiva; infraestructura; espacio público y áreas verdes.","uproh":"Equipamiento de servicio.","url":"http://www.observatoriourbano.cl/Ipt/cehu_resultado_decreto.asp?r=0&c=193&i=25"},"geometry":{"type":"Polygon","coordinates":[[[-70.560746,-33.401683],[-70.561409,-33.40198],[-70.561936,-33.402217],[-70.56279,-33.402598],[-70.563195,-33.402778],[-70.563401,-33.40287],[-70.564121,-33.401638],[-70.563927,-33.401557],[-70.563823,-33.401731],[-70.563402,-33.401546],[-70.5635,-33.401378],[-70.562119,-33.400802],[-70.561669,-33.401046],[-70.56118,-33.401305],[-70.560944,-33.401454],[-70.560776,-33.401626],[-70.560746,-33.401683]]]}},{"type":"Feature","properties":{"zona":"UC2/EAa1","nombre":"UC2/EAa1 Zona de Uso de Comercio N°2 e Instituciones Metropolitanas/ Edificación Aislada Alta Nº1","upref":"Equipamiento","uperm":"Equipamiento de comercio.","uproh":"Residencial; equipamiento de culto, deporte, educación, esparcimiento, salud, seguridad y servicio, actividad productiva; infraestructura; espacio público y áreas verdes.","url":"http://www.observatoriourbano.cl/Ipt/cehu_resultado_decreto.asp?r=0&c=193&i=25"},"geometry":{"type":"Polygon","coordinates":[[[-70.570087,-33.40047],[-70.570185,-33.400509],[-70.570524,-33.399548],[-70.569022,-33.398953],[-70.568601,-33.399723],[-70.568836,-33.399852],[-70.56923,-33.400069],[-70.569706,-33.400311],[-70.570087,-33.40047]]]}},{"type":"Feature","properties":{"zona":"UC2/EAa1","nombre":"UC2/EAa1 Zona de Uso de Comercio N°2 e Instituciones Metropolitanas/ Edificación Aislada Alta Nº1","upref":"Equipamiento","uperm":"Equipamiento de comercio.","uproh":"Residencial; equipamiento de culto, deporte, educación, esparcimiento, salud, seguridad y servicio, actividad productiva; infraestructura; espacio público y áreas verdes.","url":"http://www.observatoriourbano.cl/Ipt/cehu_resultado_decreto.asp?r=0&c=193&i=25"},"geometry":{"type":"Polygon","coordinates":[[[-70.573586,-33.401461],[-70.574047,-33.401659],[-70.575103,-33.399769],[-70.5747,-33.399618],[-70.573636,-33.399202],[-70.573037,-33.398976],[-70.572873,-33.398913],[-70.572872,-33.398912],[-70.572462,-33.398755],[-70.572342,-33.398744],[-70.572259,-33.398749],[-70.572162,-33.398762],[-70.571482,-33.398941],[-70.571277,-33.398997],[-70.571195,-33.399033],[-70.571072,-33.399101],[-70.570876,-33.39927],[-70.570747,-33.399393],[-70.570367,-33.400556],[-70.571981,-33.400877],[-70.572275,-33.400944],[-70.572379,-33.400973],[-70.572648,-33.401072],[-70.573083,-33.401255],[-70.573586,-33.401461]]]}},{"type":"Feature","properties":{"zona":"UC2/EAa3","nombre":"UC2/EAa3 Zona de Uso de Comercio N°2 e Instituciones Metropolitanas/ Edificación Aislada Alta Nº3","upref":"Equipamiento","uperm":"Equipamiento de comercio.","uproh":"Residencial; equipamiento de culto, deporte, educación, esparcimiento, salud, seguridad y servicio, actividad productiva; infraestructura; espacio público y áreas verdes.","url":"http://www.observatoriourbano.cl/Ipt/cehu_resultado_decreto.asp?r=0&c=193&i=25"},"geometry":{"type":"Polygon","coordinates":[[[-70.568419,-33.405113],[-70.568543,-33.405163],[-70.569046,-33.403712],[-70.569177,-33.403341],[-70.569527,-33.402363],[-70.56954,-33.402299],[-70.569388,-33.402243],[-70.56829,-33.401788],[-70.568076,-33.401696],[-70.567651,-33.401529],[-70.567153,-33.401317],[-70.567071,-33.401267],[-70.56704,-33.401313],[-70.5663,-33.402549],[-70.565537,-33.403823],[-70.56614,-33.404082],[-70.566236,-33.404135],[-70.567097,-33.404522],[-70.568185,-33.405008],[-70.568213,-33.40502],[-70.568419,-33.405113]]]}},{"type":"Feature","properties":{"zona":"UC2/EAa3","nombre":"UC2/EAa3 Zona de Uso de Comercio N°2 e Instituciones Metropolitanas/ Edificación Aislada Alta Nº3","upref":"Equipamiento","uperm":"Equipamiento de comercio.","uproh":"Residencial; equipamiento de culto, deporte, educación, esparcimiento, salud, seguridad y servicio, actividad productiva; infraestructura; espacio público y áreas verdes.","url":"http://www.observatoriourbano.cl/Ipt/cehu_resultado_decreto.asp?r=0&c=193&i=25"},"geometry":{"type":"Polygon","coordinates":[[[-70.573202,-33.40673],[-70.573435,-33.406813],[-70.57353,-33.406785],[-70.573778,-33.406729],[-70.574228,-33.406652],[-70.575248,-33.40643],[-70.575461,-33.406391],[-70.575555,-33.406369],[-70.576342,-33.406189],[-70.576942,-33.406056],[-70.578548,-33.405693],[-70.578554,-33.405633],[-70.578552,-33.405606],[-70.578537,-33.405564],[-70.578517,-33.405521],[-70.578065,-33.405463],[-70.577836,-33.405434],[-70.577689,-33.405406],[-70.577592,-33.40536],[-70.577485,-33.405349],[-70.577346,-33.405334],[-70.577119,-33.405303],[-70.576812,-33.405221],[-70.575971,-33.404929],[-70.574953,-33.404515],[-70.574357,-33.404279],[-70.57339,-33.403896],[-70.572271,-33.403449],[-70.571175,-33.402991],[-70.5707,-33.402789],[-70.570094,-33.402537],[-70.569714,-33.402373],[-70.569692,-33.40243],[-70.569594,-33.402714],[-70.56952,-33.402921],[-70.569207,-33.403771],[-70.568686,-33.405221],[-70.568808,-33.405254],[-70.569323,-33.405401],[-70.569444,-33.405433],[-70.570107,-33.405631],[-70.570794,-33.405837],[-70.571954,-33.40626],[-70.572466,-33.406451],[-70.573202,-33.40673]]]}},{"type":"Feature","properties":{"zona":"UC2/EAa1","nombre":"UC2/EAa1 Zona de Uso de Comercio N°2 e Instituciones Metropolitanas/ Edificación Aislada Alta Nº1","upref":"Equipamiento","uperm":"Equipamiento de comercio.","uproh":"Residencial; equipamiento de culto, deporte, educación, esparcimiento, salud, seguridad y servicio, actividad productiva; infraestructura; espacio público y áreas verdes.","url":"http://www.observatoriourbano.cl/Ipt/cehu_resultado_decreto.asp?r=0&c=193&i=25"},"geometry":{"type":"Polygon","coordinates":[[[-70.578113,-33.431326],[-70.5786,-33.431342],[-70.578613,-33.431304],[-70.57856,-33.4313],[-70.578355,-33.430886],[-70.578323,-33.430825],[-70.577997,-33.430385],[-70.577631,-33.429931],[-70.577424,-33.429679],[-70.57686,-33.429111],[-70.576578,-33.428878],[-70.576196,-33.428649],[-70.575937,-33.428482],[-70.575828,-33.428418],[-70.575754,-33.428367],[-70.575639,-33.428272],[-70.575607,-33.428246],[-70.575601,-33.428241],[-70.575559,-33.428208],[-70.575516,-33.428184],[-70.575427,-33.42815],[-70.57535,-33.428126],[-70.575324,-33.428262],[-70.575251,-33.428696],[-70.575093,-33.429643],[-70.575086,-33.429724],[-70.574812,-33.431184],[-70.574809,-33.431221],[-70.575217,-33.431237],[-70.575664,-33.431255],[-70.576295,-33.431267],[-70.576537,-33.431275],[-70.576598,-33.431277],[-70.578113,-33.431326]]]}},{"type":"Feature","properties":{"zona":"UV2/EAa2","nombre":"UV2/EAa2 Zona de Uso de Vivienda N°2 Equipamiento (Media Intensidad)/ Edificación Aislada Alta N°2","upref":"Mixto","uperm":"Residencial; equipamiento.","uproh":"Actividad productiva; infraestructura; espacio público y áreas verdes.","url":"http://www.observatoriourbano.cl/Ipt/cehu_resultado_decreto.asp?r=0&c=193&i=25"},"geometry":{"type":"Polygon","coordinates":[[[-70.553657,-33.39363],[-70.55374,-33.394003],[-70.554714,-33.393882],[-70.554913,-33.393872],[-70.555251,-33.393861],[-70.555405,-33.393878],[-70.556199,-33.394081],[-70.556305,-33.393836],[-70.557053,-33.394099],[-70.557732,-33.394332],[-70.558434,-33.394557],[-70.559105,-33.394812],[-70.559784,-33.395037],[-70.560478,-33.395274],[-70.561226,-33.395526],[-70.561943,-33.395777],[-70.562554,-33.395987],[-70.563177,-33.396198],[-70.563208,-33.396208],[-70.56327,-33.396229],[-70.564873,-33.396769],[-70.564629,-33.397284],[-70.56462,-33.39732],[-70.564232,-33.398085],[-70.564494,-33.398159],[-70.564827,-33.398244],[-70.565002,-33.398329],[-70.565082,-33.39837],[-70.565119,-33.398394],[-70.565153,-33.39842],[-70.565194,-33.398459],[-70.565228,-33.398498],[-70.565271,-33.398564],[-70.565335,-33.398676],[-70.565575,-33.399157],[-70.566537,-33.398684],[-70.567147,-33.398375],[-70.568304,-33.39781],[-70.568185,-33.397626],[-70.567934,-33.397281],[-70.566552,-33.397948],[-70.566099,-33.398181],[-70.566269,-33.397849],[-70.566833,-33.396716],[-70.566231,-33.396505],[-70.565747,-33.396335],[-70.565186,-33.396142],[-70.564617,-33.395941],[-70.564078,-33.395753],[-70.563512,-33.395556],[-70.562425,-33.395174],[-70.562393,-33.395163],[-70.561538,-33.394863],[-70.561299,-33.394798],[-70.560107,-33.394389],[-70.55874,-33.39391],[-70.556936,-33.39331],[-70.55692,-33.393305],[-70.556642,-33.393213],[-70.55553,-33.392803],[-70.554968,-33.392613],[-70.554539,-33.392456],[-70.553997,-33.392266],[-70.553425,-33.392065],[-70.553444,-33.39255],[-70.553535,-33.393069],[-70.553657,-33.39363]]]}},{"type":"Feature","properties":{"zona":"UV2/EAm2","nombre":"UV2/EAm2 Zona de Uso de Vivienda N°2 Equipamiento (Media Intensidad)/ Edificación Aislada Media N°2","upref":"Mixto","uperm":"Residencial; equipamiento.","uproh":"Actividad productiva; infraestructura; espacio público y áreas verdes.","url":"http://www.observatoriourbano.cl/Ipt/cehu_resultado_decreto.asp?r=0&c=193&i=25"},"geometry":{"type":"Polygon","coordinates":[[[-70.553146,-33.392546],[-70.553444,-33.39255],[-70.553425,-33.392065],[-70.552948,-33.391882],[-70.552626,-33.391759],[-70.551422,-33.391284],[-70.550829,-33.39106],[-70.55014,-33.39079],[-70.549709,-33.390622],[-70.549598,-33.390844],[-70.549423,-33.391192],[-70.550468,-33.39157],[-70.55056,-33.391623],[-70.551132,-33.391825],[-70.551674,-33.392028],[-70.55217,-33.392207],[-70.553009,-33.392516],[-70.553065,-33.392535],[-70.553146,-33.392546]]]}},{"type":"Feature","properties":{"zona":"UV1/EAb3","nombre":"UV1/EAb3 Zona de Uso de Vivienda N°1 Equipamiento en (Baja Intensidad)/ Edificación Aislada Baja Nº3","upref":"Mixto","uperm":"Residencial; equipamiento.","uproh":"Actividad productiva; infraestructura; espacio público y áreas verdes.","url":"http://www.observatoriourbano.cl/Ipt/cehu_resultado_decreto.asp?r=0&c=193&i=25"},"geometry":{"type":"Polygon","coordinates":[[[-70.548179,-33.391243],[-70.547701,-33.392135],[-70.547882,-33.392203],[-70.547683,-33.392592],[-70.547653,-33.39268],[-70.547569,-33.392802],[-70.547355,-33.393065],[-70.547019,-33.393466],[-70.546985,-33.393506],[-70.546931,-33.393588],[-70.546752,-33.393935],[-70.54792,-33.394328],[-70.54837,-33.394473],[-70.548668,-33.394584],[-70.548927,-33.394706],[-70.549156,-33.39482],[-70.549316,-33.394912],[-70.549545,-33.395095],[-70.549728,-33.395255],[-70.549858,-33.395382],[-70.550155,-33.395671],[-70.550514,-33.396083],[-70.550918,-33.396518],[-70.551338,-33.396956],[-70.551742,-33.397384],[-70.552147,-33.39783],[-70.55262,-33.398337],[-70.552993,-33.398753],[-70.553098,-33.398685],[-70.553217,-33.398624],[-70.553367,-33.398555],[-70.553484,-33.398507],[-70.553582,-33.398473],[-70.553703,-33.398436],[-70.553937,-33.398389],[-70.553993,-33.398658],[-70.553906,-33.39867],[-70.553724,-33.39871],[-70.553628,-33.398746],[-70.553474,-33.398816],[-70.553298,-33.398906],[-70.553185,-33.398965],[-70.553665,-33.399489],[-70.553745,-33.399451],[-70.55384,-33.399412],[-70.553907,-33.399383],[-70.554015,-33.399349],[-70.554138,-33.399329],[-70.554863,-33.399211],[-70.554871,-33.399251],[-70.555442,-33.399436],[-70.555443,-33.399487],[-70.555997,-33.399651],[-70.556,-33.399753],[-70.556007,-33.4],[-70.556084,-33.400332],[-70.556233,-33.401059],[-70.556381,-33.401786],[-70.556671,-33.403148],[-70.557167,-33.403041],[-70.557717,-33.402953],[-70.557923,-33.403609],[-70.557999,-33.403728],[-70.558106,-33.403842],[-70.558251,-33.403949],[-70.558892,-33.404319],[-70.559361,-33.404586],[-70.55953,-33.404687],[-70.55962,-33.404756],[-70.559696,-33.404846],[-70.559767,-33.404978],[-70.559793,-33.405081],[-70.559815,-33.405212],[-70.55982,-33.405308],[-70.559805,-33.405402],[-70.560226,-33.405508],[-70.560579,-33.4055],[-70.560585,-33.405526],[-70.560601,-33.405589],[-70.560616,-33.405623],[-70.560646,-33.40565],[-70.5607,-33.40565],[-70.561295,-33.405551],[-70.561174,-33.405059],[-70.561127,-33.404868],[-70.560982,-33.404311],[-70.56086,-33.403747],[-70.56073,-33.403201],[-70.560562,-33.402522],[-70.560536,-33.402433],[-70.560518,-33.402305],[-70.560509,-33.402234],[-70.560511,-33.402172],[-70.560514,-33.402119],[-70.560521,-33.40209],[-70.560536,-33.402055],[-70.56055,-33.402028],[-70.560583,-33.401965],[-70.560637,-33.401881],[-70.560678,-33.401819],[-70.560698,-33.401785],[-70.560709,-33.401762],[-70.560746,-33.401683],[-70.560776,-33.401626],[-70.560944,-33.401454],[-70.56118,-33.401305],[-70.561669,-33.401046],[-70.562119,-33.400802],[-70.562645,-33.400538],[-70.562989,-33.40037],[-70.563392,-33.400166],[-70.563881,-33.39992],[-70.564492,-33.399623],[-70.565575,-33.399157],[-70.565335,-33.398676],[-70.565271,-33.398564],[-70.565228,-33.398498],[-70.565194,-33.398459],[-70.565153,-33.39842],[-70.565119,-33.398394],[-70.565082,-33.39837],[-70.565002,-33.398329],[-70.564827,-33.398244],[-70.564494,-33.398159],[-70.564232,-33.398085],[-70.564095,-33.39804],[-70.563721,-33.397891],[-70.563622,-33.397857],[-70.563179,-33.397738],[-70.5626,-33.39759],[-70.56218,-33.39749],[-70.562027,-33.397448],[-70.561455,-33.397307],[-70.561234,-33.397246],[-70.560456,-33.397059],[-70.559899,-33.396926],[-70.559693,-33.396876],[-70.559487,-33.396823],[-70.559082,-33.396704],[-70.558991,-33.396674],[-70.558624,-33.396563],[-70.558296,-33.396464],[-70.5578,-33.396327],[-70.557587,-33.39627],[-70.556885,-33.396067],[-70.556337,-33.395918],[-70.556191,-33.395869],[-70.555504,-33.395716],[-70.555435,-33.395701],[-70.554047,-33.395392],[-70.553958,-33.39498],[-70.553947,-33.394931],[-70.553907,-33.394749],[-70.55387,-33.394586],[-70.553825,-33.394385],[-70.55374,-33.394003],[-70.553657,-33.39363],[-70.553535,-33.393069],[-70.553444,-33.39255],[-70.553146,-33.392546],[-70.553065,-33.392535],[-70.553009,-33.392516],[-70.55217,-33.392207],[-70.551674,-33.392028],[-70.551132,-33.391825],[-70.55056,-33.391623],[-70.550468,-33.39157],[-70.549423,-33.391192],[-70.549186,-33.391616],[-70.549057,-33.39157],[-70.548932,-33.391522],[-70.549158,-33.391088],[-70.549075,-33.391059],[-70.548457,-33.390834],[-70.548418,-33.39082],[-70.548179,-33.391243]],[[-70.552384,-33.392797],[-70.552154,-33.393223],[-70.551727,-33.393065],[-70.551956,-33.392638],[-70.552373,-33.392793],[-70.552384,-33.392797]],[[-70.551155,-33.394641],[-70.550819,-33.394786],[-70.550176,-33.394131],[-70.550537,-33.394242],[-70.551179,-33.394482],[-70.551338,-33.394564],[-70.551155,-33.394641]],[[-70.552577,-33.396351],[-70.552788,-33.396858],[-70.552734,-33.396876],[-70.55244,-33.396978],[-70.552311,-33.396773],[-70.552145,-33.39651],[-70.552177,-33.396495],[-70.552577,-33.396351]],[[-70.556022,-33.396881],[-70.555836,-33.396823],[-70.555785,-33.396818],[-70.555723,-33.39682],[-70.555501,-33.39683],[-70.555486,-33.396463],[-70.555959,-33.396584],[-70.556008,-33.396593],[-70.556053,-33.396595],[-70.556342,-33.396594],[-70.556345,-33.396982],[-70.556022,-33.396881]],[[-70.55944,-33.39793],[-70.559373,-33.398048],[-70.559212,-33.397994],[-70.558815,-33.397872],[-70.558456,-33.397692],[-70.558533,-33.397532],[-70.558706,-33.397493],[-70.559102,-33.397627],[-70.559503,-33.397761],[-70.559461,-33.397851],[-70.55944,-33.39793]],[[-70.562238,-33.39897],[-70.562205,-33.398984],[-70.562155,-33.398974],[-70.561833,-33.398889],[-70.561968,-33.398482],[-70.562269,-33.39856],[-70.562314,-33.398574],[-70.562336,-33.398593],[-70.562355,-33.398626],[-70.562356,-33.398673],[-70.56235,-33.398722],[-70.562329,-33.398772],[-70.562262,-33.398938],[-70.562238,-33.39897]],[[-70.556458,-33.399295],[-70.555992,-33.399447],[-70.555939,-33.399215],[-70.555927,-33.399145],[-70.556457,-33.399133],[-70.556458,-33.399295]]]}},{"type":"Feature","properties":{"zona":"UV1/EAm2","nombre":"UV1/EAm2 Zona de Uso de Vivienda N°1 Equipamiento en (baja Intensidad)/ Edificación Aislada Media N°2","upref":"Mixto","uperm":"Residencial; equipamiento.","uproh":"Actividad productiva; infraestructura; espacio público y áreas verdes.","url":"http://www.observatoriourbano.cl/Ipt/cehu_resultado_decreto.asp?r=0&c=193&i=25"},"geometry":{"type":"Polygon","coordinates":[[[-70.546665,-33.393911],[-70.546752,-33.393935],[-70.546931,-33.393588],[-70.546985,-33.393506],[-70.547019,-33.393466],[-70.547355,-33.393065],[-70.547569,-33.392802],[-70.547653,-33.39268],[-70.547683,-33.392592],[-70.547882,-33.392203],[-70.547701,-33.392135],[-70.547627,-33.392107],[-70.547318,-33.392702],[-70.547036,-33.393052],[-70.546402,-33.393786],[-70.546665,-33.393911]]]}},{"type":"Feature","properties":{"zona":"UV1/EAm1p","nombre":"UV1/EAm1p Zona de Uso de Vivienda N°1 Equipamiento en (baja Intensidad)/ Edificación Aislada Media N°1 Prima","upref":"Mixto","uperm":"Residencial; equipamiento.","uproh":"Actividad productiva; infraestructura; espacio público y áreas verdes.","url":"http://www.observatoriourbano.cl/Ipt/cehu_resultado_decreto.asp?r=0&c=193&i=25"},"geometry":{"type":"Polygon","coordinates":[[[-70.55978,-33.40551],[-70.560369,-33.405761],[-70.560579,-33.4055],[-70.560226,-33.405508],[-70.559805,-33.405402],[-70.559805,-33.405403],[-70.55978,-33.40551]]]}},{"type":"Feature","properties":{"zona":"UV1/EAm4","nombre":"UV1/EAm4 Zona de Uso de Vivienda N°1 Equipamiento en (baja Intensidad)/ Edificación Aislada Media N°4","upref":"Mixto","uperm":"Residencial; equipamiento.","uproh":"Actividad productiva; infraestructura; espacio público y áreas verdes.","url":"http://www.observatoriourbano.cl/Ipt/cehu_resultado_decreto.asp?r=0&c=193&i=25"},"geometry":{"type":"Polygon","coordinates":[[[-70.561127,-33.404868],[-70.561174,-33.405059],[-70.562316,-33.404973],[-70.562402,-33.406823],[-70.562366,-33.406823],[-70.562366,-33.406876],[-70.56242,-33.406888],[-70.56276,-33.406968],[-70.56276,-33.406932],[-70.562874,-33.40694],[-70.56392,-33.407207],[-70.564069,-33.407243],[-70.564086,-33.407248],[-70.56485,-33.407435],[-70.564683,-33.407134],[-70.565438,-33.406817],[-70.56585,-33.407432],[-70.565903,-33.407493],[-70.565987,-33.407531],[-70.566209,-33.407592],[-70.566157,-33.407734],[-70.566783,-33.407872],[-70.567071,-33.407917],[-70.567113,-33.407704],[-70.567337,-33.407099],[-70.567358,-33.406903],[-70.567433,-33.406755],[-70.567479,-33.406552],[-70.567626,-33.406365],[-70.567633,-33.406281],[-70.567785,-33.406077],[-70.567643,-33.406033],[-70.567693,-33.405904],[-70.567729,-33.405904],[-70.567944,-33.405583],[-70.56798,-33.405547],[-70.56803,-33.405325],[-70.568124,-33.405168],[-70.568213,-33.40502],[-70.568185,-33.405008],[-70.567097,-33.404522],[-70.566236,-33.404135],[-70.56614,-33.404082],[-70.565537,-33.403823],[-70.564927,-33.403548],[-70.564324,-33.403277],[-70.563721,-33.403014],[-70.563401,-33.40287],[-70.563195,-33.402778],[-70.56279,-33.402598],[-70.561936,-33.402217],[-70.561409,-33.40198],[-70.560746,-33.401683],[-70.560709,-33.401762],[-70.560698,-33.401785],[-70.560678,-33.401819],[-70.560637,-33.401881],[-70.560583,-33.401965],[-70.56055,-33.402028],[-70.560536,-33.402055],[-70.560521,-33.40209],[-70.560514,-33.402119],[-70.560511,-33.402172],[-70.560509,-33.402234],[-70.560518,-33.402305],[-70.560536,-33.402433],[-70.560562,-33.402522],[-70.56073,-33.403201],[-70.56086,-33.403747],[-70.560982,-33.404311],[-70.561127,-33.404868]]]}},{"type":"Feature","properties":{"zona":"UV1/EAm4","nombre":"UV1/EAm4 Zona de Uso de Vivienda N°1 Equipamiento en (baja Intensidad)/ Edificación Aislada Media N°4","upref":"Mixto","uperm":"Residencial; equipamiento.","uproh":"Actividad productiva; infraestructura; espacio público y áreas verdes.","url":"http://www.observatoriourbano.cl/Ipt/cehu_resultado_decreto.asp?r=0&c=193&i=25"},"geometry":{"type":"Polygon","coordinates":[[[-70.564095,-33.39804],[-70.564232,-33.398085],[-70.56462,-33.39732],[-70.564629,-33.397284],[-70.564873,-33.396769],[-70.56327,-33.396229],[-70.563208,-33.396208],[-70.563177,-33.396198],[-70.562554,-33.395987],[-70.561943,-33.395777],[-70.561226,-33.395526],[-70.560478,-33.395274],[-70.559784,-33.395037],[-70.559105,-33.394812],[-70.558434,-33.394557],[-70.557732,-33.394332],[-70.557053,-33.394099],[-70.556305,-33.393836],[-70.556199,-33.394081],[-70.556183,-33.394117],[-70.556173,-33.394142],[-70.55594,-33.39468],[-70.555931,-33.394702],[-70.555557,-33.395568],[-70.555504,-33.395716],[-70.556191,-33.395869],[-70.556337,-33.395918],[-70.556885,-33.396067],[-70.557587,-33.39627],[-70.5578,-33.396327],[-70.558296,-33.396464],[-70.558624,-33.396563],[-70.558991,-33.396674],[-70.559082,-33.396704],[-70.559487,-33.396823],[-70.559693,-33.396876],[-70.559899,-33.396926],[-70.560456,-33.397059],[-70.561234,-33.397246],[-70.561455,-33.397307],[-70.562027,-33.397448],[-70.56218,-33.39749],[-70.5626,-33.39759],[-70.563179,-33.397738],[-70.563622,-33.397857],[-70.563721,-33.397891],[-70.564095,-33.39804]]]}},{"type":"Feature","properties":{"zona":"UV1/EAm4","nombre":"UV1/EAm4 Zona de Uso de Vivienda N°1 Equipamiento en (baja Intensidad)/ Edificación Aislada Media N°4","upref":"Mixto","uperm":"Residencial; equipamiento.","uproh":"Actividad productiva; infraestructura; espacio público y áreas verdes.","url":"http://www.observatoriourbano.cl/Ipt/cehu_resultado_decreto.asp?r=0&c=193&i=25"},"geometry":{"type":"Polygon","coordinates":[[[-70.590064,-33.425227],[-70.591382,-33.425516],[-70.591486,-33.425433],[-70.592089,-33.424973],[-70.592641,-33.424535],[-70.59181,-33.424348],[-70.59181,-33.424348],[-70.591806,-33.424347],[-70.590387,-33.42403],[-70.589746,-33.42388],[-70.58906,-33.423724],[-70.588312,-33.42356],[-70.58777,-33.423435],[-70.587267,-33.423324],[-70.586542,-33.423152],[-70.586208,-33.423079],[-70.586196,-33.423076],[-70.585644,-33.422954],[-70.585039,-33.42282],[-70.583948,-33.422572],[-70.583475,-33.422469],[-70.582972,-33.422357],[-70.582923,-33.422346],[-70.582452,-33.422237],[-70.581964,-33.422138],[-70.581895,-33.422295],[-70.581687,-33.422872],[-70.581585,-33.423191],[-70.581547,-33.423314],[-70.581551,-33.423315],[-70.584653,-33.424031],[-70.586033,-33.424313],[-70.587938,-33.424747],[-70.588011,-33.424763],[-70.588085,-33.42478],[-70.590036,-33.425221],[-70.590064,-33.425227]]]}},{"type":"Feature","properties":{"zona":"UV1/EAa1","nombre":"UV1/EAa1 Zona de Uso de Vivienda N°1 Equipamiento en (baja intensidad)/ Edificación Aislada Alta Nº1","upref":"Mixto","uperm":"Residencial; equipamiento.","uproh":"Actividad productiva; infraestructura; espacio público y áreas verdes.","url":"http://www.observatoriourbano.cl/Ipt/cehu_resultado_decreto.asp?r=0&c=193&i=25"},"geometry":{"type":"Polygon","coordinates":[[[-70.581258,-33.422313],[-70.581238,-33.422376],[-70.580924,-33.422237],[-70.580885,-33.42222],[-70.580882,-33.422287],[-70.580461,-33.422828],[-70.58041,-33.422892],[-70.58076,-33.423096],[-70.580726,-33.423139],[-70.580783,-33.423151],[-70.581547,-33.423314],[-70.581585,-33.423191],[-70.581687,-33.422872],[-70.581895,-33.422295],[-70.581964,-33.422138],[-70.581531,-33.422037],[-70.581521,-33.422035],[-70.581354,-33.421996],[-70.581258,-33.422313]],[[-70.581145,-33.422667],[-70.581007,-33.423118],[-70.580845,-33.423083],[-70.580755,-33.423028],[-70.581124,-33.422548],[-70.581173,-33.422489],[-70.581222,-33.422429],[-70.581145,-33.422667]]]}},{"type":"Feature","properties":{"zona":"UV2/EAb2","nombre":"UV2/EAb2 Zona de Uso de Vivienda N°2 Equipamiento (Media Intensidad)/ Edificación Aislada Baja N°2","upref":"Mixto","uperm":"Residencial; equipamiento.","uproh":"Actividad productiva; infraestructura; espacio público y áreas verdes.","url":"http://www.observatoriourbano.cl/Ipt/cehu_resultado_decreto.asp?r=0&c=193&i=25"},"geometry":{"type":"Polygon","coordinates":[[[-70.583345,-33.419663],[-70.583171,-33.420028],[-70.582694,-33.42081],[-70.582521,-33.42076],[-70.581964,-33.422138],[-70.582452,-33.422237],[-70.582923,-33.422346],[-70.582972,-33.422357],[-70.583475,-33.422469],[-70.583948,-33.422572],[-70.585039,-33.42282],[-70.585644,-33.422954],[-70.586196,-33.423076],[-70.586208,-33.423079],[-70.586542,-33.423152],[-70.587267,-33.423324],[-70.58777,-33.423435],[-70.588312,-33.42356],[-70.58906,-33.423724],[-70.589746,-33.42388],[-70.590387,-33.42403],[-70.591806,-33.424347],[-70.591911,-33.424034],[-70.592174,-33.423825],[-70.592127,-33.423782],[-70.592982,-33.423122],[-70.593821,-33.422473],[-70.594695,-33.421796],[-70.59456,-33.421669],[-70.594528,-33.421639],[-70.594297,-33.421704],[-70.594084,-33.421731],[-70.593896,-33.421748],[-70.593817,-33.421755],[-70.593877,-33.421585],[-70.593381,-33.421498],[-70.59337,-33.42154],[-70.593056,-33.421479],[-70.593005,-33.421654],[-70.592786,-33.421613],[-70.592803,-33.421547],[-70.592334,-33.421456],[-70.592366,-33.421362],[-70.592374,-33.421329],[-70.592069,-33.421272],[-70.59202,-33.421433],[-70.591815,-33.421325],[-70.591436,-33.421258],[-70.591192,-33.421259],[-70.590578,-33.421137],[-70.590622,-33.420973],[-70.590325,-33.420918],[-70.590254,-33.421156],[-70.589768,-33.421056],[-70.589701,-33.421042],[-70.589519,-33.421685],[-70.58877,-33.421535],[-70.588027,-33.421376],[-70.587931,-33.421355],[-70.587854,-33.421333],[-70.587934,-33.421215],[-70.588036,-33.421032],[-70.588104,-33.420883],[-70.58815,-33.420753],[-70.588167,-33.420695],[-70.587558,-33.420585],[-70.587499,-33.420805],[-70.587397,-33.421036],[-70.586776,-33.421712],[-70.586578,-33.421962],[-70.586922,-33.422173],[-70.586961,-33.422201],[-70.587061,-33.42226],[-70.586799,-33.4227],[-70.58677,-33.422741],[-70.586188,-33.422608],[-70.586099,-33.422633],[-70.584112,-33.422178],[-70.58413,-33.422134],[-70.58442,-33.421437],[-70.584946,-33.4216],[-70.585407,-33.42016],[-70.585412,-33.420144],[-70.584996,-33.420043],[-70.584972,-33.420102],[-70.584422,-33.419939],[-70.584405,-33.419992],[-70.583345,-33.419663]]]}},{"type":"Feature","properties":{"zona":"UV2/EAm1","nombre":"UV2/EAm1 Zona de Uso de Vivienda N°2 Equipamiento (Media Intensidad)/ Edificación Aislada Media N°1","upref":"Mixto","uperm":"Residencial; equipamiento.","uproh":"Actividad productiva; infraestructura; espacio público y áreas verdes.","url":"http://www.observatoriourbano.cl/Ipt/cehu_resultado_decreto.asp?r=0&c=193&i=25"},"geometry":{"type":"Polygon","coordinates":[[[-70.594695,-33.421796],[-70.593821,-33.422473],[-70.592982,-33.423122],[-70.592127,-33.423782],[-70.592174,-33.423825],[-70.591911,-33.424034],[-70.591806,-33.424347],[-70.59181,-33.424348],[-70.59181,-33.424348],[-70.592641,-33.424535],[-70.592723,-33.424478],[-70.5928,-33.42441],[-70.593676,-33.423743],[-70.594508,-33.423095],[-70.59606,-33.421892],[-70.595854,-33.421704],[-70.5954,-33.421813],[-70.595375,-33.421819],[-70.595299,-33.421881],[-70.595241,-33.421928],[-70.594875,-33.421626],[-70.59482,-33.421691],[-70.594752,-33.421752],[-70.594717,-33.421779],[-70.594695,-33.421796]]]}},{"type":"Feature","properties":{"zona":"UV2/EAm4","nombre":"UV2/EAm4 Zona de Uso de Vivienda N°2 Equipamiento (Media Intensidad)/ Edificación Aislada Media N°4","upref":"Mixto","uperm":"Residencial; equipamiento.","uproh":"Actividad productiva; infraestructura; espacio público y áreas verdes.","url":"http://www.observatoriourbano.cl/Ipt/cehu_resultado_decreto.asp?r=0&c=193&i=25"},"geometry":{"type":"Polygon","coordinates":[[[-70.582521,-33.42076],[-70.582694,-33.42081],[-70.583171,-33.420028],[-70.583345,-33.419663],[-70.583008,-33.419558],[-70.582966,-33.419545],[-70.582445,-33.420737],[-70.582521,-33.42076]]]}},{"type":"Feature","properties":{"zona":"UV1/EAa1","nombre":"UV1/EAa1 Zona de Uso de Vivienda N°1 Equipamiento en (baja intensidad)/ Edificación Aislada Alta Nº1","upref":"Mixto","uperm":"Residencial; equipamiento.","uproh":"Actividad productiva; infraestructura; espacio público y áreas verdes.","url":"http://www.observatoriourbano.cl/Ipt/cehu_resultado_decreto.asp?r=0&c=193&i=25"},"geometry":{"type":"Polygon","coordinates":[[[-70.586312,-33.412753],[-70.586672,-33.412878],[-70.58762,-33.410834],[-70.587295,-33.410732],[-70.587249,-33.410718],[-70.587203,-33.410704],[-70.586261,-33.412735],[-70.586312,-33.412753]]]}},{"type":"Feature","properties":{"zona":"UV1/EAa2","nombre":"UV1/EAa2 Zona de Uso de Vivienda N°1 Equipamiento en (baja intensidad)/ Edificación Aislada Alta Nº2","upref":"Mixto","uperm":"Residencial; equipamiento.","uproh":"Actividad productiva; infraestructura; espacio público y áreas verdes.","url":"http://www.observatoriourbano.cl/Ipt/cehu_resultado_decreto.asp?r=0&c=193&i=25"},"geometry":{"type":"Polygon","coordinates":[[[-70.586694,-33.412886],[-70.587618,-33.413207],[-70.587633,-33.413253],[-70.587444,-33.413695],[-70.587404,-33.413787],[-70.587229,-33.414222],[-70.587049,-33.414813],[-70.587139,-33.41483],[-70.587683,-33.414942],[-70.587732,-33.414824],[-70.587794,-33.414706],[-70.587981,-33.414385],[-70.588014,-33.414333],[-70.58805,-33.414307],[-70.588093,-33.414297],[-70.588126,-33.414299],[-70.5882,-33.414316],[-70.588445,-33.414365],[-70.589174,-33.414512],[-70.590174,-33.41471],[-70.590487,-33.414611],[-70.590761,-33.414512],[-70.59096,-33.414416],[-70.591022,-33.414463],[-70.591094,-33.41453],[-70.591154,-33.41458],[-70.59122,-33.414625],[-70.591304,-33.414673],[-70.591405,-33.414716],[-70.591486,-33.414742],[-70.591643,-33.414771],[-70.59178,-33.414791],[-70.591817,-33.414633],[-70.591892,-33.414278],[-70.591164,-33.414172],[-70.59109,-33.413978],[-70.591139,-33.41362],[-70.591239,-33.413493],[-70.591441,-33.413326],[-70.592075,-33.413411],[-70.592114,-33.413224],[-70.592156,-33.413045],[-70.592379,-33.413058],[-70.592592,-33.412162],[-70.592102,-33.412068],[-70.592013,-33.412051],[-70.591433,-33.411941],[-70.590891,-33.411784],[-70.590687,-33.411724],[-70.590627,-33.41171],[-70.590554,-33.411699],[-70.589674,-33.411451],[-70.589643,-33.411443],[-70.589243,-33.41133],[-70.588908,-33.411238],[-70.58877,-33.411194],[-70.588692,-33.41117],[-70.58762,-33.410834],[-70.586672,-33.412878],[-70.586694,-33.412886]]]}},{"type":"Feature","properties":{"zona":"UV1/EAm4","nombre":"UV1/EAm4 Zona de Uso de Vivienda N°1 Equipamiento en (baja Intensidad)/ Edificación Aislada Media N°4","upref":"Mixto","uperm":"Residencial; equipamiento.","uproh":"Actividad productiva; infraestructura; espacio público y áreas verdes.","url":"http://www.observatoriourbano.cl/Ipt/cehu_resultado_decreto.asp?r=0&c=193&i=25"},"geometry":{"type":"Polygon","coordinates":[[[-70.58762,-33.410834],[-70.588692,-33.41117],[-70.588888,-33.410722],[-70.587569,-33.41033],[-70.587493,-33.410307],[-70.587295,-33.410732],[-70.58762,-33.410834]]]}},{"type":"Feature","properties":{"zona":"UC2/EAa1","nombre":"UC2/EAa1 Zona de Uso de Comercio N°2 e Instituciones Metropolitanas/ Edificación Aislada Alta Nº1","upref":"Equipamiento","uperm":"Equipamiento de comercio.","uproh":"Residencial; equipamiento de culto, deporte, educación, esparcimiento, salud, seguridad y servicio, actividad productiva; infraestructura; espacio público y áreas verdes.","url":"http://www.observatoriourbano.cl/Ipt/cehu_resultado_decreto.asp?r=0&c=193&i=25"},"geometry":{"type":"Polygon","coordinates":[[[-70.585471,-33.413127],[-70.586408,-33.413447],[-70.586672,-33.412878],[-70.586312,-33.412753],[-70.586261,-33.412735],[-70.58573,-33.412551],[-70.585546,-33.412885],[-70.585551,-33.412958],[-70.585545,-33.412972],[-70.585529,-33.413005],[-70.585471,-33.413127]]]}},{"type":"Feature","properties":{"zona":"UC2/EAa2","nombre":"UC2/EAa2 Zona de Uso de Comercio N°2 e Instituciones Metropolitanas/ Edificación Aislada Alta Nº2","upref":"Equipamiento","uperm":"Equipamiento de comercio.","uproh":"Residencial; equipamiento de culto, deporte, educación, esparcimiento, salud, seguridad y servicio, actividad productiva; infraestructura; espacio público y áreas verdes.","url":"http://www.observatoriourbano.cl/Ipt/cehu_resultado_decreto.asp?r=0&c=193&i=25"},"geometry":{"type":"Polygon","coordinates":[[[-70.586408,-33.413447],[-70.587404,-33.413787],[-70.587444,-33.413695],[-70.587633,-33.413253],[-70.587618,-33.413207],[-70.586694,-33.412886],[-70.586672,-33.412878],[-70.586408,-33.413447]]]}},{"type":"Feature","properties":{"zona":"UC2/EAa+cm","nombre":"UC2/EAa+cm Zona de Uso de Comercio N°2 e Instituciones Metropolitanas/ Edificación Aislada Alta con Continuidad Media","upref":"Equipamiento","uperm":"Equipamiento de comercio.","uproh":"Residencial; equipamiento de culto, deporte, educación, esparcimiento, salud, seguridad y servicio, actividad productiva; infraestructura; espacio público y áreas verdes.","url":"http://www.observatoriourbano.cl/Ipt/cehu_resultado_decreto.asp?r=0&c=193&i=25"},"geometry":{"type":"Polygon","coordinates":[[[-70.585829,-33.414957],[-70.585752,-33.415127],[-70.585479,-33.415065],[-70.584872,-33.414903],[-70.58484,-33.414884],[-70.584807,-33.414857],[-70.584786,-33.414835],[-70.58476,-33.414761],[-70.584641,-33.414888],[-70.584615,-33.414914],[-70.584594,-33.414939],[-70.584566,-33.414987],[-70.584494,-33.415129],[-70.584433,-33.415206],[-70.5844,-33.415279],[-70.584366,-33.415359],[-70.584321,-33.415459],[-70.584274,-33.415569],[-70.584241,-33.415631],[-70.584212,-33.415672],[-70.584179,-33.415703],[-70.584153,-33.415768],[-70.584541,-33.41587],[-70.584535,-33.415885],[-70.585313,-33.416108],[-70.585324,-33.416084],[-70.585347,-33.416033],[-70.585539,-33.415601],[-70.585609,-33.415444],[-70.586199,-33.415622],[-70.586269,-33.415431],[-70.586853,-33.415554],[-70.587872,-33.415762],[-70.58949,-33.416091],[-70.590224,-33.416248],[-70.590272,-33.416258],[-70.590501,-33.416307],[-70.591632,-33.416548],[-70.592148,-33.41665],[-70.593828,-33.417001],[-70.595458,-33.417307],[-70.59787,-33.417842],[-70.598713,-33.418099],[-70.598712,-33.418101],[-70.598716,-33.4181],[-70.599727,-33.4184],[-70.599627,-33.418708],[-70.599276,-33.41965],[-70.599265,-33.419809],[-70.599473,-33.419654],[-70.599835,-33.419385],[-70.600322,-33.419022],[-70.600763,-33.418695],[-70.600975,-33.418537],[-70.601458,-33.418178],[-70.60158,-33.417979],[-70.601664,-33.417834],[-70.601831,-33.417729],[-70.601928,-33.417672],[-70.602202,-33.417525],[-70.602603,-33.417373],[-70.602863,-33.417303],[-70.603111,-33.417242],[-70.603459,-33.417193],[-70.604032,-33.417145],[-70.604232,-33.417122],[-70.604569,-33.417059],[-70.604861,-33.416984],[-70.605927,-33.416406],[-70.606466,-33.416107],[-70.60678,-33.416029],[-70.606648,-33.415883],[-70.606171,-33.415358],[-70.605693,-33.414832],[-70.605463,-33.414693],[-70.605321,-33.414609],[-70.605075,-33.414488],[-70.604798,-33.41433],[-70.604465,-33.414157],[-70.604389,-33.414127],[-70.604118,-33.414021],[-70.603947,-33.413963],[-70.603897,-33.413946],[-70.603776,-33.413905],[-70.603577,-33.413883],[-70.603421,-33.413888],[-70.603147,-33.413914],[-70.602707,-33.414096],[-70.602496,-33.414193],[-70.602205,-33.414333],[-70.602274,-33.414263],[-70.602322,-33.414211],[-70.602362,-33.414156],[-70.602382,-33.4141],[-70.602389,-33.414031],[-70.602389,-33.41392],[-70.601252,-33.414016],[-70.600062,-33.414119],[-70.599009,-33.414245],[-70.599017,-33.414386],[-70.599055,-33.41471],[-70.59904,-33.415118],[-70.599001,-33.415336],[-70.598895,-33.415931],[-70.598811,-33.416328],[-70.598738,-33.416526],[-70.59873,-33.416547],[-70.598464,-33.416466],[-70.597571,-33.416241],[-70.59634,-33.415989],[-70.596329,-33.416026],[-70.596266,-33.41623],[-70.596125,-33.41669],[-70.595721,-33.416606],[-70.595286,-33.416521],[-70.595485,-33.415873],[-70.595502,-33.415817],[-70.591992,-33.415097],[-70.592016,-33.41499],[-70.592031,-33.414935],[-70.592045,-33.41491],[-70.592115,-33.414819],[-70.59204,-33.414824],[-70.592002,-33.414817],[-70.591919,-33.414804],[-70.591885,-33.414798],[-70.59178,-33.414791],[-70.591643,-33.414771],[-70.591486,-33.414742],[-70.591405,-33.414716],[-70.591304,-33.414673],[-70.59122,-33.414625],[-70.591154,-33.41458],[-70.591094,-33.41453],[-70.591022,-33.414463],[-70.59096,-33.414416],[-70.590761,-33.414512],[-70.590487,-33.414611],[-70.590174,-33.41471],[-70.589174,-33.414512],[-70.588445,-33.414365],[-70.5882,-33.414316],[-70.588126,-33.414299],[-70.588093,-33.414297],[-70.58805,-33.414307],[-70.588014,-33.414333],[-70.587981,-33.414385],[-70.587794,-33.414706],[-70.587732,-33.414824],[-70.587683,-33.414942],[-70.587139,-33.41483],[-70.587049,-33.414813],[-70.587229,-33.414222],[-70.587404,-33.413787],[-70.586408,-33.413447],[-70.585471,-33.413127],[-70.585352,-33.413324],[-70.585351,-33.413385],[-70.585292,-33.413501],[-70.585239,-33.41361],[-70.585222,-33.413693],[-70.585217,-33.413758],[-70.585681,-33.413885],[-70.586112,-33.413979],[-70.586156,-33.414001],[-70.585996,-33.414583],[-70.585905,-33.414793],[-70.585829,-33.414957]],[[-70.591858,-33.415244],[-70.591743,-33.415771],[-70.590833,-33.415582],[-70.590725,-33.41556],[-70.590696,-33.415554],[-70.590825,-33.415059],[-70.590901,-33.415073],[-70.591858,-33.415244]]]}},{"type":"Feature","properties":{"zona":"UC2/EAa1","nombre":"UC2/EAa1 Zona de Uso de Comercio N°2 e Instituciones Metropolitanas/ Edificación Aislada Alta Nº1","upref":"Equipamiento","uperm":"Equipamiento de comercio.","uproh":"Residencial; equipamiento de culto, deporte, educación, esparcimiento, salud, seguridad y servicio, actividad productiva; infraestructura; espacio público y áreas verdes.","url":"http://www.observatoriourbano.cl/Ipt/cehu_resultado_decreto.asp?r=0&c=193&i=25"},"geometry":{"type":"MultiPolygon","coordinates":[[[[-70.597064,-33.420451],[-70.597475,-33.420859],[-70.597561,-33.420795],[-70.598452,-33.420144],[-70.598466,-33.420134],[-70.598669,-33.419985],[-70.598679,-33.419978],[-70.598983,-33.419755],[-70.59904,-33.419721],[-70.599098,-33.419697],[-70.59917,-33.419671],[-70.599219,-33.419657],[-70.599276,-33.41965],[-70.599627,-33.418708],[-70.599727,-33.4184],[-70.598716,-33.4181],[-70.598712,-33.418101],[-70.598216,-33.419383],[-70.598364,-33.41942],[-70.598366,-33.419519],[-70.597133,-33.420395],[-70.597064,-33.420451]]],[[[-70.591546,-33.416844],[-70.591453,-33.417164],[-70.590721,-33.417006],[-70.590715,-33.417028],[-70.59059,-33.417492],[-70.590676,-33.417508],[-70.590593,-33.417842],[-70.590577,-33.417906],[-70.590129,-33.417819],[-70.590078,-33.418002],[-70.590613,-33.41811],[-70.590649,-33.418117],[-70.591069,-33.418193],[-70.591109,-33.4182],[-70.591124,-33.418149],[-70.591574,-33.418233],[-70.591775,-33.41827],[-70.592151,-33.416972],[-70.592121,-33.416966],[-70.592067,-33.416954],[-70.592148,-33.41665],[-70.591632,-33.416548],[-70.591622,-33.416582],[-70.591615,-33.416604],[-70.591546,-33.416844]]],[[[-70.586269,-33.415431],[-70.586199,-33.415622],[-70.585609,-33.415444],[-70.585539,-33.415601],[-70.586712,-33.41591],[-70.58673,-33.415864],[-70.586819,-33.415642],[-70.586853,-33.415554],[-70.586269,-33.415431]]]]}},{"type":"Feature","properties":{"zona":"UC2/EAa+cm","nombre":"UC2/EAa+cm Zona de Uso de Comercio N°2 e Instituciones Metropolitanas/ Edificación Aislada Alta con Continuidad Media","upref":"Equipamiento","uperm":"Equipamiento de comercio.","uproh":"Residencial; equipamiento de culto, deporte, educación, esparcimiento, salud, seguridad y servicio, actividad productiva; infraestructura; espacio público y áreas verdes.","url":"http://www.observatoriourbano.cl/Ipt/cehu_resultado_decreto.asp?r=0&c=193&i=25"},"geometry":{"type":"Polygon","coordinates":[[[-70.596282,-33.414719],[-70.597926,-33.41505],[-70.597956,-33.414943],[-70.597964,-33.414878],[-70.597949,-33.414752],[-70.597903,-33.414393],[-70.596316,-33.414573],[-70.596282,-33.414719]]]}},{"type":"Feature","properties":{"zona":"UC2/EAa+cm","nombre":"UC2/EAa+cm Zona de Uso de Comercio N°2 e Instituciones Metropolitanas/ Edificación Aislada Alta con Continuidad Media","upref":"Equipamiento","uperm":"Equipamiento de comercio.","uproh":"Residencial; equipamiento de culto, deporte, educación, esparcimiento, salud, seguridad y servicio, actividad productiva; infraestructura; espacio público y áreas verdes.","url":"http://www.observatoriourbano.cl/Ipt/cehu_resultado_decreto.asp?r=0&c=193&i=25"},"geometry":{"type":"Polygon","coordinates":[[[-70.60086,-33.408649],[-70.60079,-33.408655],[-70.600744,-33.408655],[-70.600682,-33.408697],[-70.600645,-33.408724],[-70.600631,-33.408743],[-70.600623,-33.408762],[-70.600615,-33.408785],[-70.600606,-33.408877],[-70.601246,-33.409668],[-70.601283,-33.409715],[-70.601346,-33.409817],[-70.601374,-33.409892],[-70.601718,-33.410754],[-70.602084,-33.411708],[-70.601679,-33.411792],[-70.601713,-33.411878],[-70.602205,-33.413151],[-70.602237,-33.413252],[-70.602298,-33.413445],[-70.602378,-33.413776],[-70.602389,-33.41392],[-70.60249,-33.413883],[-70.60261,-33.413858],[-70.602686,-33.413847],[-70.603535,-33.413759],[-70.603636,-33.413749],[-70.603683,-33.413731],[-70.603823,-33.413655],[-70.604481,-33.413394],[-70.604587,-33.413353],[-70.605438,-33.414491],[-70.605423,-33.413423],[-70.605328,-33.411973],[-70.605247,-33.410996],[-70.60339,-33.411465],[-70.603275,-33.411486],[-70.603185,-33.411464],[-70.603086,-33.411459],[-70.603001,-33.411459],[-70.602906,-33.41148],[-70.602771,-33.411544],[-70.602412,-33.410563],[-70.602029,-33.409542],[-70.601122,-33.408564],[-70.601034,-33.4086],[-70.600991,-33.408611],[-70.600933,-33.408635],[-70.60086,-33.408649]]]}},{"type":"Feature","properties":{"zona":"UC2/EAa4","nombre":"UC2/EAa4 Zona de Uso de Comercio N°2 e Instituciones Metropolitanas/ Edificación Aislada Alta Nº4","upref":"Equipamiento","uperm":"Equipamiento de comercio.","uproh":"Residencial; equipamiento de culto, deporte, educación, esparcimiento, salud, seguridad y servicio, actividad productiva; infraestructura; espacio público y áreas verdes.","url":"http://www.observatoriourbano.cl/Ipt/cehu_resultado_decreto.asp?r=0&c=193&i=25"},"geometry":{"type":"Polygon","coordinates":[[[-70.592577,-33.413308],[-70.592426,-33.413982],[-70.592348,-33.414326],[-70.592287,-33.414639],[-70.592271,-33.414688],[-70.592243,-33.414751],[-70.592214,-33.414773],[-70.59219,-33.414801],[-70.592128,-33.414819],[-70.592115,-33.414819],[-70.592045,-33.41491],[-70.592031,-33.414935],[-70.592016,-33.41499],[-70.591992,-33.415097],[-70.595502,-33.415817],[-70.595511,-33.415787],[-70.595568,-33.415603],[-70.595988,-33.415683],[-70.596407,-33.415771],[-70.596343,-33.415979],[-70.59634,-33.415989],[-70.597571,-33.416241],[-70.598464,-33.416466],[-70.59873,-33.416547],[-70.598738,-33.416526],[-70.598811,-33.416328],[-70.598895,-33.415931],[-70.599001,-33.415336],[-70.597926,-33.41505],[-70.596282,-33.414719],[-70.596316,-33.414573],[-70.597903,-33.414393],[-70.599009,-33.414245],[-70.600062,-33.414119],[-70.601252,-33.414016],[-70.602389,-33.41392],[-70.602378,-33.413776],[-70.602298,-33.413445],[-70.602237,-33.413252],[-70.599919,-33.413448],[-70.598842,-33.413569],[-70.597743,-33.413681],[-70.5963,-33.413868],[-70.595899,-33.413869],[-70.594821,-33.413701],[-70.592577,-33.413308]]]}},{"type":"Feature","properties":{"zona":"UV2/EAa2","nombre":"UV2/EAa2 Zona de Uso de Vivienda N°2 Equipamiento (Media Intensidad)/ Edificación Aislada Alta N°2","upref":"Mixto","uperm":"Residencial; equipamiento.","uproh":"Actividad productiva; infraestructura; espacio público y áreas verdes.","url":"http://www.observatoriourbano.cl/Ipt/cehu_resultado_decreto.asp?r=0&c=193&i=25"},"geometry":{"type":"Polygon","coordinates":[[[-70.569157,-33.410361],[-70.568253,-33.410911],[-70.568673,-33.411391],[-70.568673,-33.411392],[-70.568673,-33.411392],[-70.569322,-33.412143],[-70.569924,-33.411784],[-70.569969,-33.411757],[-70.570064,-33.411694],[-70.570159,-33.411639],[-70.570202,-33.411615],[-70.570238,-33.411599],[-70.570314,-33.411561],[-70.570352,-33.411546],[-70.570413,-33.411526],[-70.570482,-33.411511],[-70.570551,-33.4115],[-70.570586,-33.411496],[-70.570695,-33.411495],[-70.570813,-33.411507],[-70.570861,-33.411518],[-70.570917,-33.411533],[-70.571626,-33.411735],[-70.572763,-33.412063],[-70.573625,-33.412349],[-70.574217,-33.412535],[-70.574433,-33.412601],[-70.574842,-33.412736],[-70.574947,-33.412771],[-70.57525,-33.412871],[-70.576051,-33.41313],[-70.576349,-33.413226],[-70.576921,-33.413417],[-70.577704,-33.413663],[-70.577791,-33.413691],[-70.578676,-33.413982],[-70.579247,-33.414172],[-70.579454,-33.414241],[-70.579759,-33.414329],[-70.580232,-33.414546],[-70.580995,-33.414909],[-70.58175,-33.415214],[-70.582567,-33.4155],[-70.5826,-33.415414],[-70.582856,-33.414881],[-70.583056,-33.414465],[-70.580892,-33.413595],[-70.580498,-33.413422],[-70.579211,-33.413022],[-70.578253,-33.412799],[-70.578163,-33.412778],[-70.575635,-33.412035],[-70.575593,-33.412131],[-70.574746,-33.411857],[-70.573905,-33.411584],[-70.57393,-33.411516],[-70.573946,-33.411474],[-70.571789,-33.410839],[-70.570188,-33.410367],[-70.570161,-33.410426],[-70.569421,-33.410201],[-70.569157,-33.410361]]]}},{"type":"Feature","properties":{"zona":"UV2/EAm2","nombre":"UV2/EAm2 Zona de Uso de Vivienda N°2 Equipamiento (Media Intensidad)/ Edificación Aislada Media N°2","upref":"Mixto","uperm":"Residencial; equipamiento.","uproh":"Actividad productiva; infraestructura; espacio público y áreas verdes.","url":"http://www.observatoriourbano.cl/Ipt/cehu_resultado_decreto.asp?r=0&c=193&i=25"},"geometry":{"type":"Polygon","coordinates":[[[-70.567019,-33.412074],[-70.566842,-33.412517],[-70.5672,-33.412295],[-70.568673,-33.411392],[-70.568673,-33.411391],[-70.568253,-33.410911],[-70.567181,-33.41157],[-70.56716,-33.411585],[-70.56714,-33.411601],[-70.567127,-33.411615],[-70.567119,-33.411636],[-70.567016,-33.412033],[-70.567014,-33.412047],[-70.567014,-33.412061],[-70.567019,-33.412074]]]}},{"type":"Feature","properties":{"zona":"UVO/EAa2","nombre":"UVO/EAa2 Zona de Uso de Vivienda y Equipamiento de Oficina/ Edificación Aislada Alta N°2","upref":"Mixto","uperm":"Residencial; equipamiento.","uproh":"Actividad productiva; infraestructura; espacio público y áreas verdes.","url":"http://www.observatoriourbano.cl/Ipt/cehu_resultado_decreto.asp?r=0&c=193&i=25"},"geometry":{"type":"Polygon","coordinates":[[[-70.568076,-33.406578],[-70.567582,-33.407812],[-70.567455,-33.408123],[-70.567442,-33.408157],[-70.568757,-33.407854],[-70.56877,-33.407882],[-70.568827,-33.408053],[-70.57093,-33.408653],[-70.572325,-33.409044],[-70.573272,-33.409332],[-70.573942,-33.409536],[-70.574784,-33.409792],[-70.578828,-33.41097],[-70.578859,-33.410895],[-70.578927,-33.410785],[-70.579057,-33.410666],[-70.578821,-33.41043],[-70.57879,-33.410399],[-70.578584,-33.410193],[-70.57818,-33.409606],[-70.578178,-33.409604],[-70.577813,-33.409068],[-70.577638,-33.408881],[-70.577371,-33.408668],[-70.577241,-33.40858],[-70.576387,-33.408156],[-70.575784,-33.407878],[-70.575213,-33.407605],[-70.574372,-33.407207],[-70.574125,-33.407107],[-70.573713,-33.406926],[-70.573564,-33.406962],[-70.573476,-33.406981],[-70.573433,-33.406989],[-70.573371,-33.406992],[-70.573111,-33.406986],[-70.572846,-33.406955],[-70.571901,-33.406379],[-70.571954,-33.40626],[-70.570794,-33.405837],[-70.570107,-33.405631],[-70.569444,-33.405433],[-70.569323,-33.405401],[-70.568808,-33.405254],[-70.568686,-33.405221],[-70.568622,-33.405195],[-70.568076,-33.406578]]]}},{"type":"Feature","properties":{"zona":"UVO/EAm4","nombre":"UVO/EAm4 Zona de Uso de Vivienda y Equipamiento de Oficina/ Edificación Aislada Media N°4","upref":"Mixto","uperm":"Residencial; equipamiento.","uproh":"Actividad productiva; infraestructura; espacio público y áreas verdes.","url":"http://www.observatoriourbano.cl/Ipt/cehu_resultado_decreto.asp?r=0&c=193&i=25"},"geometry":{"type":"Polygon","coordinates":[[[-70.567944,-33.405583],[-70.567729,-33.405904],[-70.567693,-33.405904],[-70.567643,-33.406033],[-70.567785,-33.406077],[-70.567633,-33.406281],[-70.567626,-33.406365],[-70.567479,-33.406552],[-70.567433,-33.406755],[-70.567358,-33.406903],[-70.567337,-33.407099],[-70.567113,-33.407704],[-70.567143,-33.407708],[-70.567446,-33.40778],[-70.567533,-33.407801],[-70.567582,-33.407812],[-70.568076,-33.406578],[-70.568622,-33.405195],[-70.568543,-33.405163],[-70.568419,-33.405113],[-70.568213,-33.40502],[-70.568124,-33.405168],[-70.56803,-33.405325],[-70.56798,-33.405547],[-70.567944,-33.405583]]]}},{"type":"Feature","properties":{"zona":"UC2/EAb2","nombre":"UC2/EAb2 Zona de Uso de Comercio N°2 e Instituciones Metropolitanas/ Edificación Aislada Baja Nº2","upref":"Equipamiento","uperm":"Equipamiento de comercio.","uproh":"Residencial; equipamiento de culto, deporte, educación, esparcimiento, salud, seguridad y servicio, actividad productiva; infraestructura; espacio público y áreas verdes.","url":"http://www.observatoriourbano.cl/Ipt/cehu_resultado_decreto.asp?r=0&c=193&i=25"},"geometry":{"type":"Polygon","coordinates":[[[-70.541176,-33.390863],[-70.541831,-33.391781],[-70.541894,-33.391752],[-70.542012,-33.391926],[-70.542076,-33.392],[-70.542264,-33.392148],[-70.542461,-33.392468],[-70.54261,-33.392899],[-70.54272,-33.393077],[-70.54304,-33.393559],[-70.54312,-33.393498],[-70.543403,-33.393744],[-70.543441,-33.393645],[-70.543616,-33.393496],[-70.543688,-33.393435],[-70.545118,-33.39467],[-70.545259,-33.394494],[-70.545476,-33.394246],[-70.545515,-33.394201],[-70.545405,-33.394154],[-70.545301,-33.394086],[-70.545036,-33.393875],[-70.544379,-33.39333],[-70.544251,-33.39323],[-70.544082,-33.3931],[-70.543955,-33.392987],[-70.543708,-33.392768],[-70.543151,-33.392295],[-70.542698,-33.391918],[-70.542641,-33.391871],[-70.542532,-33.391766],[-70.542135,-33.391399],[-70.541931,-33.391212],[-70.541484,-33.390697],[-70.54143,-33.390726],[-70.541176,-33.390863]]]}},{"type":"Feature","properties":{"zona":"UC2/EAm1p","nombre":"UC2/EAm1p Zona de Uso de Comercio N°2 e Instituciones Metropolitanas/ Edificación Aislada Media Nº1 Prima","upref":"Equipamiento","uperm":"Equipamiento de comercio.","uproh":"Residencial; equipamiento de culto, deporte, educación, esparcimiento, salud, seguridad y servicio, actividad productiva; infraestructura; espacio público y áreas verdes.","url":"http://www.observatoriourbano.cl/Ipt/cehu_resultado_decreto.asp?r=0&c=193&i=25"},"geometry":{"type":"Polygon","coordinates":[[[-70.552551,-33.399459],[-70.55307,-33.399966],[-70.55325,-33.400096],[-70.553635,-33.400373],[-70.553683,-33.400409],[-70.554268,-33.400821],[-70.554695,-33.400649],[-70.555122,-33.400477],[-70.555199,-33.400842],[-70.555202,-33.400857],[-70.555225,-33.400968],[-70.555231,-33.401073],[-70.555225,-33.401139],[-70.555199,-33.401206],[-70.555166,-33.401257],[-70.555099,-33.401302],[-70.554962,-33.401347],[-70.554514,-33.401523],[-70.554428,-33.401557],[-70.554607,-33.401891],[-70.555222,-33.403041],[-70.555162,-33.403064],[-70.555716,-33.404108],[-70.555754,-33.404094],[-70.556546,-33.405529],[-70.557302,-33.406958],[-70.558003,-33.40671],[-70.557989,-33.406684],[-70.557945,-33.406603],[-70.557907,-33.40655],[-70.557846,-33.406436],[-70.557717,-33.4062],[-70.557572,-33.405925],[-70.557236,-33.405307],[-70.557218,-33.405271],[-70.557015,-33.404868],[-70.556877,-33.404604],[-70.55682,-33.404338],[-70.556816,-33.404319],[-70.557488,-33.404769],[-70.557729,-33.404911],[-70.557825,-33.404968],[-70.55896,-33.405639],[-70.559486,-33.405941],[-70.559977,-33.406233],[-70.560369,-33.405761],[-70.55978,-33.40551],[-70.559805,-33.405403],[-70.559805,-33.405402],[-70.55982,-33.405308],[-70.559815,-33.405212],[-70.559793,-33.405081],[-70.559767,-33.404978],[-70.559696,-33.404846],[-70.55962,-33.404756],[-70.55953,-33.404687],[-70.559361,-33.404586],[-70.558892,-33.404319],[-70.558251,-33.403949],[-70.558106,-33.403842],[-70.557999,-33.403728],[-70.557923,-33.403609],[-70.557717,-33.402953],[-70.557167,-33.403041],[-70.556671,-33.403148],[-70.556381,-33.401786],[-70.556233,-33.401059],[-70.556084,-33.400332],[-70.556007,-33.4],[-70.556,-33.399753],[-70.555997,-33.399651],[-70.555443,-33.399487],[-70.555442,-33.399436],[-70.554871,-33.399251],[-70.554863,-33.399211],[-70.554138,-33.399329],[-70.554015,-33.399349],[-70.553907,-33.399383],[-70.55384,-33.399412],[-70.553745,-33.399451],[-70.553665,-33.399489],[-70.553185,-33.398965],[-70.552993,-33.398753],[-70.55262,-33.398337],[-70.552147,-33.39783],[-70.551742,-33.397384],[-70.551338,-33.396956],[-70.550918,-33.396518],[-70.550514,-33.396083],[-70.550155,-33.395671],[-70.549858,-33.395382],[-70.549728,-33.395255],[-70.549545,-33.395095],[-70.549316,-33.394912],[-70.549156,-33.39482],[-70.548927,-33.394706],[-70.548668,-33.394584],[-70.54837,-33.394473],[-70.54792,-33.394328],[-70.546752,-33.393935],[-70.546665,-33.393911],[-70.546402,-33.393786],[-70.546284,-33.39373],[-70.546251,-33.393714],[-70.546139,-33.393661],[-70.546069,-33.393631],[-70.545995,-33.393587],[-70.545602,-33.394043],[-70.545515,-33.394201],[-70.546243,-33.394534],[-70.546294,-33.394558],[-70.546394,-33.394603],[-70.546943,-33.394801],[-70.547336,-33.394923],[-70.547469,-33.394968],[-70.54752,-33.394986],[-70.548028,-33.395159],[-70.548113,-33.395192],[-70.548178,-33.395216],[-70.548329,-33.395274],[-70.548558,-33.395384],[-70.548767,-33.395511],[-70.549194,-33.395848],[-70.549504,-33.396181],[-70.549519,-33.396197],[-70.550239,-33.396972],[-70.550503,-33.397265],[-70.550727,-33.397515],[-70.550748,-33.397538],[-70.550941,-33.397754],[-70.551445,-33.39828],[-70.551904,-33.398769],[-70.552551,-33.399459]]]}},{"type":"Feature","properties":{"zona":"UC2/EAa1","nombre":"UC2/EAa1 Zona de Uso de Comercio N°2 e Instituciones Metropolitanas/ Edificación Aislada Alta Nº1","upref":"Equipamiento","uperm":"Equipamiento de comercio.","uproh":"Residencial; equipamiento de culto, deporte, educación, esparcimiento, salud, seguridad y servicio, actividad productiva; infraestructura; espacio público y áreas verdes.","url":"http://www.observatoriourbano.cl/Ipt/cehu_resultado_decreto.asp?r=0&c=193&i=25"},"geometry":{"type":"Polygon","coordinates":[[[-70.540786,-33.389853],[-70.541484,-33.390697],[-70.541931,-33.391212],[-70.542135,-33.391399],[-70.542532,-33.391766],[-70.542641,-33.391871],[-70.542698,-33.391918],[-70.543151,-33.392295],[-70.543708,-33.392768],[-70.543955,-33.392987],[-70.544082,-33.3931],[-70.544251,-33.39323],[-70.544379,-33.39333],[-70.545036,-33.393875],[-70.545301,-33.394086],[-70.545405,-33.394154],[-70.545515,-33.394201],[-70.545602,-33.394043],[-70.545995,-33.393587],[-70.546524,-33.392946],[-70.544867,-33.3916],[-70.544186,-33.391299],[-70.544249,-33.391175],[-70.54438,-33.390846],[-70.544805,-33.389888],[-70.544933,-33.389574],[-70.544942,-33.38955],[-70.54517,-33.388991],[-70.54525,-33.388795],[-70.544871,-33.388668],[-70.544837,-33.388657],[-70.543756,-33.391359],[-70.542535,-33.390578],[-70.542492,-33.390629],[-70.5421,-33.390172],[-70.541612,-33.389519],[-70.541372,-33.389235],[-70.541263,-33.389078],[-70.540945,-33.38879],[-70.540805,-33.388714],[-70.540089,-33.387658],[-70.539988,-33.38754],[-70.538972,-33.386774],[-70.538599,-33.386379],[-70.538596,-33.386379],[-70.538499,-33.386391],[-70.538468,-33.386403],[-70.538426,-33.386424],[-70.538374,-33.386462],[-70.53833,-33.386503],[-70.538293,-33.386552],[-70.538276,-33.386593],[-70.53827,-33.386638],[-70.538271,-33.38675],[-70.538401,-33.386905],[-70.538441,-33.386974],[-70.538456,-33.387042],[-70.538795,-33.38743],[-70.539493,-33.388309],[-70.539707,-33.388578],[-70.539863,-33.388774],[-70.540281,-33.389249],[-70.540366,-33.389346],[-70.540542,-33.38956],[-70.540786,-33.389853]]]}},{"type":"Feature","properties":{"zona":"UC2/EAb3","nombre":"UC2/EAb3 Zona de Uso de Comercio N°2 e Instituciones Metropolitanas/ Edificación Aislada Baja Nº3","upref":"Equipamiento","uperm":"Equipamiento de comercio.","uproh":"Residencial; equipamiento de culto, deporte, educación, esparcimiento, salud, seguridad y servicio, actividad productiva; infraestructura; espacio público y áreas verdes.","url":"http://www.observatoriourbano.cl/Ipt/cehu_resultado_decreto.asp?r=0&c=193&i=25"},"geometry":{"type":"Polygon","coordinates":[[[-70.551052,-33.39853],[-70.551685,-33.399208],[-70.551709,-33.399198],[-70.551782,-33.399306],[-70.551819,-33.399293],[-70.551944,-33.399482],[-70.551986,-33.399465],[-70.55227,-33.399855],[-70.552292,-33.399851],[-70.55236,-33.399949],[-70.552408,-33.399931],[-70.552478,-33.400036],[-70.552544,-33.400008],[-70.552621,-33.400129],[-70.552736,-33.400072],[-70.552811,-33.400124],[-70.55291,-33.400264],[-70.552914,-33.400314],[-70.554409,-33.401354],[-70.554514,-33.401523],[-70.554962,-33.401347],[-70.554268,-33.400821],[-70.553683,-33.400409],[-70.553635,-33.400373],[-70.55325,-33.400096],[-70.55307,-33.399966],[-70.552551,-33.399459],[-70.551904,-33.398769],[-70.551445,-33.39828],[-70.550941,-33.397754],[-70.550748,-33.397538],[-70.55032,-33.397735],[-70.551052,-33.39853]]]}},{"type":"Feature","properties":{"zona":"UC2/EAm1p","nombre":"UC2/EAm1p Zona de Uso de Comercio N°2 e Instituciones Metropolitanas/ Edificación Aislada Media Nº1 Prima","upref":"Equipamiento","uperm":"Equipamiento de comercio.","uproh":"Residencial; equipamiento de culto, deporte, educación, esparcimiento, salud, seguridad y servicio, actividad productiva; infraestructura; espacio público y áreas verdes.","url":"http://www.observatoriourbano.cl/Ipt/cehu_resultado_decreto.asp?r=0&c=193&i=25"},"geometry":{"type":"Polygon","coordinates":[[[-70.531022,-33.383224],[-70.532049,-33.384204],[-70.531883,-33.384351],[-70.532592,-33.385014],[-70.533181,-33.384558],[-70.53373,-33.384171],[-70.533805,-33.384171],[-70.533842,-33.384164],[-70.533871,-33.384154],[-70.533984,-33.384092],[-70.534158,-33.383986],[-70.534219,-33.383948],[-70.534237,-33.383937],[-70.533804,-33.383596],[-70.533696,-33.383511],[-70.533392,-33.383253],[-70.533353,-33.38322],[-70.533164,-33.383028],[-70.533117,-33.382978],[-70.533007,-33.382864],[-70.532812,-33.382659],[-70.532666,-33.382507],[-70.532654,-33.382495],[-70.532611,-33.38245],[-70.532346,-33.382167],[-70.532134,-33.381948],[-70.532121,-33.381934],[-70.531952,-33.381748],[-70.531669,-33.381502],[-70.531221,-33.381091],[-70.53098,-33.38087],[-70.530562,-33.380487],[-70.530313,-33.380258],[-70.530306,-33.380252],[-70.530109,-33.380071],[-70.529665,-33.379684],[-70.529448,-33.379484],[-70.529381,-33.379423],[-70.529134,-33.379165],[-70.529072,-33.3791],[-70.528793,-33.37877],[-70.528697,-33.378658],[-70.52851,-33.378436],[-70.528327,-33.37822],[-70.528161,-33.378023],[-70.528157,-33.378018],[-70.527911,-33.377746],[-70.527679,-33.377535],[-70.527539,-33.377407],[-70.527308,-33.377222],[-70.526855,-33.376915],[-70.526752,-33.376857],[-70.526553,-33.376746],[-70.526494,-33.376713],[-70.526482,-33.376706],[-70.526293,-33.376601],[-70.525876,-33.376368],[-70.525866,-33.376362],[-70.525702,-33.376281],[-70.525693,-33.376277],[-70.52548,-33.376172],[-70.525111,-33.375994],[-70.525068,-33.37597],[-70.524613,-33.376604],[-70.524677,-33.376636],[-70.526447,-33.377561],[-70.52683,-33.377879],[-70.527278,-33.378274],[-70.527672,-33.378741],[-70.528386,-33.379642],[-70.531684,-33.382687],[-70.531366,-33.382945],[-70.531351,-33.382957],[-70.531022,-33.383224]]]}},{"type":"Feature","properties":{"zona":"UC2/EAm1p","nombre":"UC2/EAm1p Zona de Uso de Comercio N°2 e Instituciones Metropolitanas/ Edificación Aislada Media Nº1 Prima","upref":"Equipamiento","uperm":"Equipamiento de comercio.","uproh":"Residencial; equipamiento de culto, deporte, educación, esparcimiento, salud, seguridad y servicio, actividad productiva; infraestructura; espacio público y áreas verdes.","url":"http://www.observatoriourbano.cl/Ipt/cehu_resultado_decreto.asp?r=0&c=193&i=25"},"geometry":{"type":"Polygon","coordinates":[[[-70.531464,-33.384634],[-70.532203,-33.385313],[-70.532304,-33.385237],[-70.532406,-33.385158],[-70.532331,-33.385087],[-70.531681,-33.384472],[-70.531464,-33.384634]]]}},{"type":"Feature","properties":{"zona":"UC2/EAb3","nombre":"UC2/EAb3 Zona de Uso de Comercio N°2 e Instituciones Metropolitanas/ Edificación Aislada Baja Nº3","upref":"Equipamiento","uperm":"Equipamiento de comercio.","uproh":"Residencial; equipamiento de culto, deporte, educación, esparcimiento, salud, seguridad y servicio, actividad productiva; infraestructura; espacio público y áreas verdes.","url":"http://www.observatoriourbano.cl/Ipt/cehu_resultado_decreto.asp?r=0&c=193&i=25"},"geometry":{"type":"Polygon","coordinates":[[[-70.533181,-33.384558],[-70.532592,-33.385014],[-70.532406,-33.385158],[-70.532304,-33.385237],[-70.532203,-33.385313],[-70.532168,-33.38534],[-70.532851,-33.386023],[-70.532889,-33.385993],[-70.53377,-33.385277],[-70.533889,-33.38518],[-70.534253,-33.384878],[-70.535241,-33.385515],[-70.535179,-33.385561],[-70.535849,-33.386147],[-70.53604,-33.386],[-70.536469,-33.386414],[-70.536432,-33.386438],[-70.536762,-33.386752],[-70.536619,-33.386863],[-70.536859,-33.387106],[-70.537078,-33.386934],[-70.537467,-33.387363],[-70.537973,-33.387994],[-70.53852,-33.387737],[-70.539033,-33.388383],[-70.539369,-33.388803],[-70.539451,-33.38899],[-70.539591,-33.389158],[-70.539687,-33.389116],[-70.539706,-33.389105],[-70.539729,-33.389085],[-70.539767,-33.389172],[-70.539784,-33.38921],[-70.539874,-33.389344],[-70.540017,-33.389499],[-70.540318,-33.38983],[-70.54028,-33.389856],[-70.540368,-33.389974],[-70.540351,-33.389979],[-70.540274,-33.390022],[-70.540248,-33.390036],[-70.540326,-33.390134],[-70.540341,-33.390152],[-70.540141,-33.390265],[-70.540096,-33.390291],[-70.540756,-33.391071],[-70.540961,-33.390979],[-70.541176,-33.390863],[-70.54143,-33.390726],[-70.541484,-33.390697],[-70.540786,-33.389853],[-70.540542,-33.38956],[-70.540366,-33.389346],[-70.540281,-33.389249],[-70.539863,-33.388774],[-70.539707,-33.388578],[-70.539493,-33.388309],[-70.538795,-33.38743],[-70.538456,-33.387042],[-70.538375,-33.386991],[-70.538299,-33.386929],[-70.538163,-33.386763],[-70.537973,-33.386507],[-70.537777,-33.386299],[-70.537688,-33.386193],[-70.537604,-33.38607],[-70.537488,-33.38603],[-70.537395,-33.385976],[-70.537212,-33.385869],[-70.537101,-33.38581],[-70.536985,-33.385751],[-70.536825,-33.38568],[-70.536655,-33.385614],[-70.53656,-33.385576],[-70.536493,-33.385545],[-70.536415,-33.385495],[-70.536319,-33.38541],[-70.535695,-33.385181],[-70.535306,-33.385006],[-70.535029,-33.384875],[-70.534703,-33.384697],[-70.534561,-33.384622],[-70.534378,-33.38452],[-70.533851,-33.384237],[-70.53373,-33.384171],[-70.533181,-33.384558]]]}},{"type":"Feature","properties":{"zona":"UC1/EAm1p","nombre":"UC1/EAm1p Zona de Uso de Comercio N°1 e Instituciones Comunal/ Edificación Aislada Media N°1 Prima","upref":"Equipamiento","uperm":"Equipamiento de comercio.","uproh":"Residencial; equipamiento de culto, deporte, educación, esparcimiento, salud, seguridad y servicio, actividad productiva; infraestructura; espacio público y áreas verdes.","url":"http://www.observatoriourbano.cl/Ipt/cehu_resultado_decreto.asp?r=0&c=193&i=25"},"geometry":{"type":"Polygon","coordinates":[[[-70.548233,-33.407329],[-70.548218,-33.407479],[-70.546451,-33.407349],[-70.546417,-33.407738],[-70.546392,-33.407956],[-70.546379,-33.408021],[-70.546069,-33.407995],[-70.546005,-33.408345],[-70.54596,-33.408487],[-70.545922,-33.408584],[-70.548426,-33.40877],[-70.549804,-33.408889],[-70.550529,-33.408942],[-70.551025,-33.408984],[-70.551582,-33.409022],[-70.551941,-33.408984],[-70.551843,-33.408464],[-70.551822,-33.408407],[-70.552587,-33.408446],[-70.552688,-33.408448],[-70.552402,-33.407921],[-70.551722,-33.408178],[-70.551701,-33.408131],[-70.551474,-33.407729],[-70.549426,-33.407577],[-70.549453,-33.407344],[-70.549415,-33.40723],[-70.549385,-33.407153],[-70.549331,-33.407081],[-70.54927,-33.407024],[-70.549202,-33.406978],[-70.549125,-33.406947],[-70.549064,-33.406921],[-70.548942,-33.406898],[-70.548797,-33.40689],[-70.548645,-33.406921],[-70.5485,-33.40697],[-70.548385,-33.407066],[-70.548309,-33.407161],[-70.548263,-33.407256],[-70.548233,-33.407329]]]}},{"type":"Feature","properties":{"zona":"UC1/EAm2","nombre":"UC1/EAm2 Zona de Uso de Comercio N°1 e Instituciones Comunal/ Edificación Aislada Media N°2","upref":"Equipamiento","uperm":"Equipamiento de comercio.","uproh":"Residencial; equipamiento de culto, deporte, educación, esparcimiento, salud, seguridad y servicio, actividad productiva; infraestructura; espacio público y áreas verdes.","url":"http://www.observatoriourbano.cl/Ipt/cehu_resultado_decreto.asp?r=0&c=193&i=25"},"geometry":{"type":"Polygon","coordinates":[[[-70.545158,-33.407918],[-70.545174,-33.40801],[-70.545179,-33.408097],[-70.545177,-33.40818],[-70.545174,-33.408263],[-70.545153,-33.408356],[-70.545121,-33.408458],[-70.545081,-33.408558],[-70.54501,-33.408664],[-70.544924,-33.408764],[-70.544842,-33.408851],[-70.544745,-33.408948],[-70.54461,-33.409055],[-70.544482,-33.40914],[-70.544365,-33.409209],[-70.54424,-33.409268],[-70.544115,-33.409314],[-70.544018,-33.409339],[-70.543902,-33.409362],[-70.543859,-33.409369],[-70.543942,-33.409497],[-70.544256,-33.4098],[-70.544266,-33.409809],[-70.544309,-33.409852],[-70.544477,-33.409752],[-70.544828,-33.409539],[-70.545026,-33.409413],[-70.545253,-33.409231],[-70.545474,-33.408984],[-70.545613,-33.408779],[-70.545707,-33.40857],[-70.545922,-33.408584],[-70.54596,-33.408487],[-70.546005,-33.408345],[-70.546069,-33.407995],[-70.546379,-33.408021],[-70.546392,-33.407956],[-70.546417,-33.407738],[-70.546451,-33.407349],[-70.545697,-33.407316],[-70.545519,-33.406912],[-70.545327,-33.406634],[-70.545076,-33.406379],[-70.544735,-33.406111],[-70.544523,-33.405995],[-70.544435,-33.405947],[-70.544403,-33.406066],[-70.544342,-33.406169],[-70.544151,-33.406463],[-70.544256,-33.406531],[-70.544345,-33.406593],[-70.544433,-33.406657],[-70.544501,-33.406713],[-70.544536,-33.40675],[-70.544631,-33.406844],[-70.54467,-33.406885],[-70.54471,-33.406924],[-70.544823,-33.407012],[-70.544882,-33.407084],[-70.544968,-33.407229],[-70.545006,-33.407311],[-70.545052,-33.407442],[-70.54509,-33.407554],[-70.545113,-33.407642],[-70.545146,-33.40786],[-70.545158,-33.407918]]]}},{"type":"Feature","properties":{"zona":"UEe5/Ee5","nombre":"UEe5/Ee5 Zona Especial 5 Uso de Interés Patrimonial/ Edificación Espacial N°5 Áreas de Interés Patrimonial","upref":"Equipamiento","uperm":"Equipamiento de comercio, culto, deporte, educación, salud, servicios y social.","uproh":"Residencial; actividad productiva; infraestructura; espacio público y áreas verdes.","url":"http://www.observatoriourbano.cl/Ipt/cehu_resultado_decreto.asp?r=0&c=193&i=25"},"geometry":{"type":"Polygon","coordinates":[[[-70.56132,-33.406782],[-70.561263,-33.406923],[-70.56144,-33.407019],[-70.56154,-33.407086],[-70.561887,-33.407258],[-70.562279,-33.407397],[-70.562309,-33.407235],[-70.562382,-33.407252],[-70.562366,-33.406876],[-70.562366,-33.406823],[-70.562402,-33.406823],[-70.562316,-33.404973],[-70.561174,-33.405059],[-70.561295,-33.405551],[-70.561328,-33.405662],[-70.561359,-33.405814],[-70.561378,-33.405927],[-70.561386,-33.405974],[-70.561408,-33.406142],[-70.561402,-33.406335],[-70.561385,-33.406464],[-70.56135,-33.406641],[-70.56132,-33.406782]]]}},{"type":"Feature","properties":{"zona":"UV2/EAa1","nombre":"UV2/EAa1 Zona de Uso de Vivienda N°2 Equipamiento (Media Intensidad)/ Edificación Aislada Alta N°1","upref":"Mixto","uperm":"Residencial; equipamiento.","uproh":"Actividad productiva; infraestructura; espacio público y áreas verdes.","url":"http://www.observatoriourbano.cl/Ipt/cehu_resultado_decreto.asp?r=0&c=193&i=25"},"geometry":{"type":"Polygon","coordinates":[[[-70.58673,-33.415864],[-70.586712,-33.41591],[-70.585539,-33.415601],[-70.585347,-33.416033],[-70.585324,-33.416084],[-70.585313,-33.416108],[-70.585154,-33.416465],[-70.585121,-33.416539],[-70.585115,-33.416552],[-70.585003,-33.416803],[-70.585002,-33.416807],[-70.584757,-33.417358],[-70.585977,-33.417667],[-70.587244,-33.41793],[-70.588861,-33.418262],[-70.589945,-33.418479],[-70.590477,-33.418583],[-70.590613,-33.41811],[-70.590078,-33.418002],[-70.590129,-33.417819],[-70.590577,-33.417906],[-70.590593,-33.417842],[-70.590676,-33.417508],[-70.59059,-33.417492],[-70.590715,-33.417028],[-70.590721,-33.417006],[-70.590106,-33.416873],[-70.59006,-33.416863],[-70.590224,-33.416248],[-70.58949,-33.416091],[-70.587872,-33.415762],[-70.586853,-33.415554],[-70.586819,-33.415642],[-70.58673,-33.415864]]]}},{"type":"Feature","properties":{"zona":"UV2/EAb2","nombre":"UV2/EAb2 Zona de Uso de Vivienda N°2 Equipamiento (Media Intensidad)/ Edificación Aislada Baja N°2","upref":"Mixto","uperm":"Residencial; equipamiento.","uproh":"Actividad productiva; infraestructura; espacio público y áreas verdes.","url":"http://www.observatoriourbano.cl/Ipt/cehu_resultado_decreto.asp?r=0&c=193&i=25"},"geometry":{"type":"Polygon","coordinates":[[[-70.584892,-33.418938],[-70.585402,-33.419078],[-70.585383,-33.419124],[-70.585373,-33.419148],[-70.585954,-33.419247],[-70.58596,-33.419228],[-70.586042,-33.418966],[-70.586083,-33.418974],[-70.586894,-33.419143],[-70.586812,-33.419418],[-70.587218,-33.419498],[-70.587261,-33.419357],[-70.587525,-33.419411],[-70.587583,-33.419218],[-70.587639,-33.419228],[-70.587817,-33.419263],[-70.58775,-33.419484],[-70.587814,-33.419495],[-70.588473,-33.419615],[-70.588574,-33.419264],[-70.58966,-33.419467],[-70.58957,-33.419782],[-70.590003,-33.41987],[-70.590042,-33.419736],[-70.590104,-33.419528],[-70.590154,-33.41936],[-70.590035,-33.419328],[-70.590138,-33.418977],[-70.590188,-33.418987],[-70.590353,-33.419014],[-70.590477,-33.418583],[-70.589945,-33.418479],[-70.588861,-33.418262],[-70.587244,-33.41793],[-70.585977,-33.417667],[-70.584757,-33.417358],[-70.584731,-33.417421],[-70.584439,-33.418081],[-70.584279,-33.418443],[-70.584258,-33.418491],[-70.584217,-33.418582],[-70.584201,-33.418619],[-70.58485,-33.418821],[-70.584846,-33.418833],[-70.584814,-33.418916],[-70.584892,-33.418938]]]}},{"type":"Feature","properties":{"zona":"UEe4/Ee4","nombre":"UEe4/Ee4 Zona Especial 5 Uso de Interés Patrimonial/ Edificación Espacial N°5 Áreas de Interés Patrimonial","upref":"Equipamiento","uperm":"Equipamiento de esparcimiento.","uproh":"Residencial; equipamiento de comercio, culto, culto, deporte, educación, salud, seguridad, servicio y social; actividad productiva; infraestructura; espacio público y áreas verdes.","url":"http://www.observatoriourbano.cl/Ipt/cehu_resultado_decreto.asp?r=0&c=193&i=25"},"geometry":{"type":"Polygon","coordinates":[[[-70.602275,-33.409706],[-70.60317,-33.411117],[-70.603182,-33.411137],[-70.60339,-33.411465],[-70.605247,-33.410996],[-70.605328,-33.411973],[-70.605423,-33.413423],[-70.605438,-33.414491],[-70.605693,-33.414832],[-70.606171,-33.415358],[-70.606648,-33.415883],[-70.60678,-33.416029],[-70.606905,-33.416164],[-70.607448,-33.416105],[-70.607771,-33.416074],[-70.607266,-33.414935],[-70.606838,-33.413351],[-70.606581,-33.4124],[-70.606469,-33.412105],[-70.606461,-33.412086],[-70.60546,-33.409283],[-70.604717,-33.40904],[-70.604501,-33.408969],[-70.604429,-33.408945],[-70.604119,-33.408844],[-70.603726,-33.408715],[-70.60338,-33.408601],[-70.603218,-33.408548],[-70.602758,-33.408399],[-70.601961,-33.408208],[-70.601863,-33.408195],[-70.601544,-33.408153],[-70.601291,-33.408138],[-70.601291,-33.408151],[-70.601281,-33.408244],[-70.601263,-33.40834],[-70.601246,-33.408381],[-70.601245,-33.408384],[-70.601232,-33.40841],[-70.601213,-33.408446],[-70.601194,-33.408475],[-70.601175,-33.408501],[-70.601157,-33.408525],[-70.601122,-33.408564],[-70.602029,-33.409542],[-70.602275,-33.409706]]]}},{"type":"Feature","properties":{"zona":"UC2/EAa+cm","nombre":"UC2/EAa+cm Zona de Uso de Comercio N°2 e Instituciones Metropolitanas/ Edificación Aislada Alta con Continuidad Media","upref":"Equipamiento","uperm":"Equipamiento de comercio.","uproh":"Residencial; equipamiento de culto, deporte, educación, esparcimiento, salud, seguridad y servicio, actividad productiva; infraestructura; espacio público y áreas verdes.","url":"http://www.observatoriourbano.cl/Ipt/cehu_resultado_decreto.asp?r=0&c=193&i=25"},"geometry":{"type":"Polygon","coordinates":[[[-70.55954,-33.407347],[-70.559549,-33.407487],[-70.559552,-33.407537],[-70.559881,-33.407514],[-70.560421,-33.407483],[-70.560426,-33.407483],[-70.560478,-33.407481],[-70.560826,-33.407469],[-70.561186,-33.407464],[-70.561274,-33.407406],[-70.561312,-33.407359],[-70.561328,-33.407324],[-70.561335,-33.407254],[-70.561217,-33.407122],[-70.561263,-33.406923],[-70.561039,-33.406802],[-70.561011,-33.406784],[-70.560865,-33.406699],[-70.560518,-33.406495],[-70.560264,-33.406357],[-70.560178,-33.406316],[-70.560107,-33.406282],[-70.559998,-33.406245],[-70.559807,-33.406474],[-70.559716,-33.406608],[-70.559555,-33.406943],[-70.559544,-33.407239],[-70.55954,-33.407347]]]}},{"type":"Feature","properties":{"zona":"UC2/EAm1p","nombre":"UC2/EAm1p Zona de Uso de Comercio N°2 e Instituciones Metropolitanas/ Edificación Aislada Media Nº1 Prima","upref":"Equipamiento","uperm":"Equipamiento de comercio.","uproh":"Residencial; equipamiento de culto, deporte, educación, esparcimiento, salud, seguridad y servicio, actividad productiva; infraestructura; espacio público y áreas verdes.","url":"http://www.observatoriourbano.cl/Ipt/cehu_resultado_decreto.asp?r=0&c=193&i=25"},"geometry":{"type":"Polygon","coordinates":[[[-70.560552,-33.405862],[-70.560178,-33.406316],[-70.560264,-33.406357],[-70.560518,-33.406495],[-70.560865,-33.406699],[-70.561011,-33.406784],[-70.561039,-33.406802],[-70.561263,-33.406923],[-70.56132,-33.406782],[-70.56135,-33.406641],[-70.561385,-33.406464],[-70.561402,-33.406335],[-70.561408,-33.406142],[-70.561386,-33.405974],[-70.561378,-33.405927],[-70.560781,-33.406052],[-70.560552,-33.405862]]]}},{"type":"Feature","properties":{"zona":"UC2/EAa+cm","nombre":"UC2/EAa+cm Zona de Uso de Comercio N°2 e Instituciones Metropolitanas/ Edificación Aislada Alta con Continuidad Media","upref":"Equipamiento","uperm":"Equipamiento de comercio.","uproh":"Residencial; equipamiento de culto, deporte, educación, esparcimiento, salud, seguridad y servicio, actividad productiva; infraestructura; espacio público y áreas verdes.","url":"http://www.observatoriourbano.cl/Ipt/cehu_resultado_decreto.asp?r=0&c=193&i=25"},"geometry":{"type":"Polygon","coordinates":[[[-70.564683,-33.407134],[-70.56485,-33.407435],[-70.564086,-33.407248],[-70.564069,-33.407243],[-70.56392,-33.407207],[-70.562874,-33.40694],[-70.56276,-33.406932],[-70.56276,-33.406968],[-70.56242,-33.406888],[-70.562366,-33.406876],[-70.562382,-33.407252],[-70.562413,-33.407251],[-70.562754,-33.407242],[-70.562657,-33.407552],[-70.562886,-33.407622],[-70.563377,-33.407745],[-70.563343,-33.407839],[-70.563187,-33.408272],[-70.563109,-33.408496],[-70.56449,-33.408847],[-70.564549,-33.408903],[-70.564718,-33.409062],[-70.564746,-33.409088],[-70.564805,-33.409154],[-70.564836,-33.409182],[-70.564915,-33.409128],[-70.565031,-33.409051],[-70.565279,-33.408895],[-70.565822,-33.408655],[-70.566249,-33.408492],[-70.57049,-33.409667],[-70.570461,-33.409726],[-70.570337,-33.410047],[-70.570202,-33.410337],[-70.570188,-33.410367],[-70.571789,-33.410839],[-70.573946,-33.411474],[-70.57393,-33.411516],[-70.573905,-33.411584],[-70.574746,-33.411857],[-70.575593,-33.412131],[-70.575635,-33.412035],[-70.578163,-33.412778],[-70.578253,-33.412799],[-70.579211,-33.413022],[-70.580498,-33.413422],[-70.580892,-33.413595],[-70.583056,-33.414465],[-70.582856,-33.414881],[-70.5826,-33.415414],[-70.582567,-33.4155],[-70.583011,-33.41565],[-70.58308,-33.415673],[-70.583456,-33.415799],[-70.583647,-33.415867],[-70.583772,-33.415653],[-70.583782,-33.415582],[-70.583801,-33.415517],[-70.583858,-33.415385],[-70.583939,-33.415234],[-70.584012,-33.415112],[-70.584025,-33.41504],[-70.58404,-33.414998],[-70.58409,-33.4149],[-70.584135,-33.414809],[-70.584157,-33.414761],[-70.584163,-33.414735],[-70.58416,-33.414694],[-70.584159,-33.414633],[-70.58418,-33.414571],[-70.584212,-33.414494],[-70.584156,-33.414546],[-70.584116,-33.414571],[-70.584068,-33.414585],[-70.584011,-33.414587],[-70.583949,-33.414575],[-70.583373,-33.414345],[-70.583256,-33.414313],[-70.583229,-33.414306],[-70.583208,-33.414305],[-70.583189,-33.414305],[-70.58317,-33.41431],[-70.583112,-33.414349],[-70.583131,-33.414279],[-70.583279,-33.413973],[-70.583286,-33.413946],[-70.58329,-33.41391],[-70.583277,-33.413879],[-70.583252,-33.413847],[-70.583204,-33.413783],[-70.583001,-33.413699],[-70.583056,-33.413587],[-70.583071,-33.413593],[-70.583142,-33.413567],[-70.583173,-33.413556],[-70.583189,-33.413547],[-70.583213,-33.413529],[-70.583231,-33.413513],[-70.583255,-33.413483],[-70.583371,-33.413322],[-70.583427,-33.413243],[-70.583441,-33.413225],[-70.583457,-33.413212],[-70.583475,-33.413199],[-70.583496,-33.413187],[-70.583517,-33.413178],[-70.583543,-33.413169],[-70.582674,-33.412795],[-70.582155,-33.412528],[-70.580659,-33.411655],[-70.579362,-33.410869],[-70.579057,-33.410666],[-70.578927,-33.410785],[-70.578859,-33.410895],[-70.578828,-33.41097],[-70.574784,-33.409792],[-70.573942,-33.409536],[-70.573272,-33.409332],[-70.572325,-33.409044],[-70.57093,-33.408653],[-70.568827,-33.408053],[-70.56877,-33.407882],[-70.568757,-33.407854],[-70.567442,-33.408157],[-70.567455,-33.408123],[-70.567582,-33.407812],[-70.567533,-33.407801],[-70.567446,-33.40778],[-70.567143,-33.407708],[-70.567113,-33.407704],[-70.567071,-33.407917],[-70.566783,-33.407872],[-70.566157,-33.407734],[-70.566209,-33.407592],[-70.565987,-33.407531],[-70.565903,-33.407493],[-70.56585,-33.407432],[-70.565438,-33.406817],[-70.564683,-33.407134]],[[-70.573828,-33.409664],[-70.573419,-33.410491],[-70.572785,-33.410305],[-70.573192,-33.409486],[-70.573216,-33.40944],[-70.573828,-33.409664]]]}},{"type":"Feature","properties":{"zona":"UC2/EAm2","nombre":"UC2/EAm2 Zona de Uso de Comercio N°2 e Instituciones Metropolitanas/ Edificación Aislada Media Nº2","upref":"Equipamiento","uperm":"Equipamiento de comercio.","uproh":"Residencial; equipamiento de culto, deporte, educación, esparcimiento, salud, seguridad y servicio, actividad productiva; infraestructura; espacio público y áreas verdes.","url":"http://www.observatoriourbano.cl/Ipt/cehu_resultado_decreto.asp?r=0&c=193&i=25"},"geometry":{"type":"Polygon","coordinates":[[[-70.565339,-33.41088],[-70.565581,-33.410943],[-70.565825,-33.410053],[-70.565265,-33.409909],[-70.565239,-33.409892],[-70.564652,-33.409312],[-70.564751,-33.409239],[-70.564833,-33.409184],[-70.564836,-33.409182],[-70.564805,-33.409154],[-70.564746,-33.409088],[-70.564718,-33.409062],[-70.564549,-33.408903],[-70.56449,-33.408847],[-70.563109,-33.408496],[-70.562985,-33.408852],[-70.562938,-33.408981],[-70.562922,-33.409019],[-70.563284,-33.409227],[-70.563542,-33.409338],[-70.563995,-33.409786],[-70.563759,-33.409957],[-70.564454,-33.410609],[-70.564614,-33.410689],[-70.564767,-33.410735],[-70.565186,-33.410842],[-70.565339,-33.41088]]]}},{"type":"Feature","properties":{"zona":"UC2/EAa+cm","nombre":"UC2/EAa+cm Zona de Uso de Comercio N°2 e Instituciones Metropolitanas/ Edificación Aislada Alta con Continuidad Media","upref":"Equipamiento","uperm":"Equipamiento de comercio.","uproh":"Residencial; equipamiento de culto, deporte, educación, esparcimiento, salud, seguridad y servicio, actividad productiva; infraestructura; espacio público y áreas verdes.","url":"http://www.observatoriourbano.cl/Ipt/cehu_resultado_decreto.asp?r=0&c=193&i=25"},"geometry":{"type":"Polygon","coordinates":[[[-70.565825,-33.410053],[-70.565581,-33.410943],[-70.566278,-33.411123],[-70.56627,-33.411157],[-70.566268,-33.411176],[-70.566264,-33.411205],[-70.56627,-33.411314],[-70.566003,-33.412281],[-70.565983,-33.41235],[-70.566211,-33.412388],[-70.566842,-33.412517],[-70.567019,-33.412074],[-70.567014,-33.412061],[-70.567014,-33.412047],[-70.567016,-33.412033],[-70.567119,-33.411636],[-70.567127,-33.411615],[-70.56714,-33.411601],[-70.56716,-33.411585],[-70.567181,-33.41157],[-70.568253,-33.410911],[-70.569157,-33.410361],[-70.569421,-33.410201],[-70.56917,-33.41012],[-70.567989,-33.410648],[-70.567763,-33.410749],[-70.567775,-33.41077],[-70.567518,-33.410895],[-70.56727,-33.410545],[-70.566644,-33.410393],[-70.566673,-33.410316],[-70.56668,-33.410296],[-70.566712,-33.410202],[-70.566152,-33.410065],[-70.566193,-33.409917],[-70.565372,-33.409713],[-70.565239,-33.409892],[-70.565265,-33.409909],[-70.565825,-33.410053]]]}},{"type":"Feature","properties":{"zona":"UC2/EAm2","nombre":"UC2/EAm2 Zona de Uso de Comercio N°2 e Instituciones Metropolitanas/ Edificación Aislada Media Nº2","upref":"Equipamiento","uperm":"Equipamiento de comercio.","uproh":"Residencial; equipamiento de culto, deporte, educación, esparcimiento, salud, seguridad y servicio, actividad productiva; infraestructura; espacio público y áreas verdes.","url":"http://www.observatoriourbano.cl/Ipt/cehu_resultado_decreto.asp?r=0&c=193&i=25"},"geometry":{"type":"Polygon","coordinates":[[[-70.565487,-33.412187],[-70.566003,-33.412281],[-70.56627,-33.411314],[-70.566264,-33.411205],[-70.566268,-33.411176],[-70.56627,-33.411157],[-70.566278,-33.411123],[-70.565581,-33.410943],[-70.565245,-33.412141],[-70.565324,-33.412155],[-70.565487,-33.412187]]]}},{"type":"Feature","properties":{"zona":"UC1/EAm4","nombre":"UC1/EAm4 Zona de Uso de Comercio N°1 e Instituciones Comunal/ Edificación Aislada Media N°4","upref":"Equipamiento","uperm":"Equipamiento de comercio.","uproh":"Residencial; equipamiento de culto, deporte, educación, esparcimiento, salud, seguridad y servicio, actividad productiva; infraestructura; espacio público y áreas verdes.","url":"http://www.observatoriourbano.cl/Ipt/cehu_resultado_decreto.asp?r=0&c=193&i=25"},"geometry":{"type":"Polygon","coordinates":[[[-70.553527,-33.423229],[-70.553511,-33.423238],[-70.553497,-33.423238],[-70.553424,-33.423383],[-70.553419,-33.423393],[-70.55323,-33.423767],[-70.553086,-33.424104],[-70.552868,-33.424548],[-70.552633,-33.424989],[-70.552561,-33.425124],[-70.55249,-33.425285],[-70.554093,-33.425464],[-70.553879,-33.424224],[-70.553864,-33.42416],[-70.55371,-33.423307],[-70.553657,-33.422985],[-70.553553,-33.423196],[-70.553539,-33.423217],[-70.553527,-33.423229]]]}},{"type":"Feature","properties":{"zona":"UV1/EAb2","nombre":"UV1/EAb2 Zona de Uso de Vivienda N°1 Equipamiento en (Baja Intensidad)/ Edificación Aislada Baja Nº2","upref":"Mixto","uperm":"Residencial; equipamiento.","uproh":"Actividad productiva; infraestructura; espacio público y áreas verdes.","url":"http://www.observatoriourbano.cl/Ipt/cehu_resultado_decreto.asp?r=0&c=193&i=25"},"geometry":{"type":"Polygon","coordinates":[[[-70.568971,-33.412364],[-70.568085,-33.412906],[-70.56749,-33.413264],[-70.566926,-33.413623],[-70.567101,-33.413821],[-70.567147,-33.413882],[-70.567178,-33.413955],[-70.56717,-33.414027],[-70.567162,-33.4141],[-70.567117,-33.414165],[-70.566735,-33.414359],[-70.566499,-33.41447],[-70.566437,-33.414504],[-70.566392,-33.414584],[-70.566346,-33.414687],[-70.566216,-33.414993],[-70.566415,-33.415054],[-70.566911,-33.415202],[-70.567689,-33.415446],[-70.568154,-33.415591],[-70.568353,-33.415652],[-70.568696,-33.415759],[-70.56891,-33.415828],[-70.569358,-33.41596],[-70.570168,-33.416198],[-70.570596,-33.416339],[-70.570817,-33.416408],[-70.570963,-33.41645],[-70.571389,-33.416579],[-70.572015,-33.41677],[-70.572284,-33.416849],[-70.572663,-33.416961],[-70.572791,-33.416999],[-70.573304,-33.417152],[-70.573403,-33.417205],[-70.574258,-33.417461],[-70.574464,-33.417522],[-70.575105,-33.417716],[-70.575224,-33.417752],[-70.575235,-33.417756],[-70.57567,-33.417888],[-70.576204,-33.418044],[-70.576463,-33.418155],[-70.576581,-33.418221],[-70.576722,-33.4183],[-70.57699,-33.418491],[-70.577211,-33.418689],[-70.577386,-33.41888],[-70.57763,-33.419238],[-70.578004,-33.419742],[-70.578424,-33.420326],[-70.578447,-33.42036],[-70.578714,-33.420718],[-70.57892,-33.42094],[-70.579225,-33.421199],[-70.579393,-33.421302],[-70.579988,-33.420612],[-70.580326,-33.420184],[-70.580408,-33.420081],[-70.580652,-33.419753],[-70.580911,-33.419391],[-70.581094,-33.419135],[-70.581155,-33.419055],[-70.581277,-33.418826],[-70.581425,-33.41888],[-70.581914,-33.417882],[-70.581476,-33.417731],[-70.582567,-33.4155],[-70.58175,-33.415214],[-70.580995,-33.414909],[-70.580232,-33.414546],[-70.579759,-33.414329],[-70.579454,-33.414241],[-70.579247,-33.414172],[-70.577764,-33.416328],[-70.577478,-33.416232],[-70.576959,-33.416076],[-70.576333,-33.415885],[-70.575715,-33.415694],[-70.575174,-33.41553],[-70.574941,-33.415462],[-70.576051,-33.41313],[-70.57525,-33.412871],[-70.574947,-33.412771],[-70.574842,-33.412736],[-70.574433,-33.412601],[-70.574217,-33.412535],[-70.573625,-33.412349],[-70.572763,-33.412063],[-70.571626,-33.411735],[-70.570917,-33.411533],[-70.570861,-33.411518],[-70.570813,-33.411507],[-70.570695,-33.411495],[-70.570586,-33.411496],[-70.570551,-33.4115],[-70.570482,-33.411511],[-70.570413,-33.411526],[-70.570352,-33.411546],[-70.570314,-33.411561],[-70.570238,-33.411599],[-70.570202,-33.411615],[-70.570159,-33.411639],[-70.570064,-33.411694],[-70.569969,-33.411757],[-70.569924,-33.411784],[-70.569322,-33.412143],[-70.568971,-33.412364]],[[-70.56997,-33.413711],[-70.569764,-33.413715],[-70.569634,-33.41368],[-70.569489,-33.4136],[-70.569453,-33.413532],[-70.569437,-33.413462],[-70.569432,-33.413417],[-70.569434,-33.413368],[-70.569442,-33.413315],[-70.56946,-33.413258],[-70.569494,-33.413177],[-70.569533,-33.413117],[-70.569565,-33.413081],[-70.56965,-33.412978],[-70.569894,-33.412784],[-70.570006,-33.41272],[-70.570053,-33.412698],[-70.570101,-33.41268],[-70.570184,-33.412651],[-70.570302,-33.412618],[-70.570372,-33.412606],[-70.570403,-33.412601],[-70.570462,-33.412597],[-70.570516,-33.412595],[-70.570557,-33.412593],[-70.570616,-33.412602],[-70.570714,-33.412631],[-70.570798,-33.412661],[-70.570871,-33.412694],[-70.570931,-33.41273],[-70.570946,-33.412788],[-70.570957,-33.412834],[-70.570964,-33.412865],[-70.57097,-33.41291],[-70.570969,-33.412961],[-70.570965,-33.413008],[-70.570955,-33.413073],[-70.57094,-33.413117],[-70.570916,-33.413169],[-70.570832,-33.413287],[-70.57071,-33.413398],[-70.570527,-33.413524],[-70.570283,-33.413638],[-70.570153,-33.413673],[-70.56997,-33.413711]]]}},{"type":"Feature","properties":{"zona":"UV1/EAa1","nombre":"UV1/EAa1 Zona de Uso de Vivienda N°1 Equipamiento en (baja intensidad)/ Edificación Aislada Alta Nº1","upref":"Mixto","uperm":"Residencial; equipamiento.","uproh":"Actividad productiva; infraestructura; espacio público y áreas verdes.","url":"http://www.observatoriourbano.cl/Ipt/cehu_resultado_decreto.asp?r=0&c=193&i=25"},"geometry":{"type":"MultiPolygon","coordinates":[[[[-70.577142,-33.420966],[-70.578338,-33.422607],[-70.578665,-33.422677],[-70.578875,-33.42236],[-70.57919,-33.422458],[-70.579189,-33.422377],[-70.57932,-33.422094],[-70.579177,-33.422048],[-70.578863,-33.421985],[-70.579167,-33.421831],[-70.579274,-33.421932],[-70.579468,-33.421765],[-70.579384,-33.421678],[-70.579688,-33.42149],[-70.579669,-33.42148],[-70.579577,-33.421432],[-70.579461,-33.421362],[-70.579393,-33.421302],[-70.579225,-33.421199],[-70.57892,-33.42094],[-70.578714,-33.420718],[-70.578447,-33.42036],[-70.577554,-33.420768],[-70.577142,-33.420966]]],[[[-70.581664,-33.418968],[-70.582078,-33.41912],[-70.582214,-33.418847],[-70.582218,-33.418837],[-70.582282,-33.41871],[-70.582579,-33.418101],[-70.581998,-33.417911],[-70.581914,-33.417882],[-70.581425,-33.41888],[-70.581517,-33.418914],[-70.581631,-33.418956],[-70.581664,-33.418968]]]]}},{"type":"Feature","properties":{"zona":"UV1/EAm4","nombre":"UV1/EAm4 Zona de Uso de Vivienda N°1 Equipamiento en (baja Intensidad)/ Edificación Aislada Media N°4","upref":"Mixto","uperm":"Residencial; equipamiento.","uproh":"Actividad productiva; infraestructura; espacio público y áreas verdes.","url":"http://www.observatoriourbano.cl/Ipt/cehu_resultado_decreto.asp?r=0&c=193&i=25"},"geometry":{"type":"Polygon","coordinates":[[[-70.576158,-33.419614],[-70.577142,-33.420966],[-70.577554,-33.420768],[-70.578447,-33.42036],[-70.578424,-33.420326],[-70.578004,-33.419742],[-70.57763,-33.419238],[-70.577386,-33.41888],[-70.577211,-33.418689],[-70.57699,-33.418491],[-70.576722,-33.4183],[-70.576175,-33.419003],[-70.576285,-33.419058],[-70.576332,-33.419108],[-70.576293,-33.419144],[-70.576338,-33.419205],[-70.576194,-33.419366],[-70.576006,-33.419459],[-70.576037,-33.419491],[-70.576158,-33.419614]]]}},{"type":"Feature","properties":{"zona":"UV1/EAm4","nombre":"UV1/EAm4 Zona de Uso de Vivienda N°1 Equipamiento en (baja Intensidad)/ Edificación Aislada Media N°4","upref":"Mixto","uperm":"Residencial; equipamiento.","uproh":"Actividad productiva; infraestructura; espacio público y áreas verdes.","url":"http://www.observatoriourbano.cl/Ipt/cehu_resultado_decreto.asp?r=0&c=193&i=25"},"geometry":{"type":"Polygon","coordinates":[[[-70.581914,-33.417882],[-70.581998,-33.417911],[-70.58308,-33.415673],[-70.583011,-33.41565],[-70.582567,-33.4155],[-70.581476,-33.417731],[-70.581914,-33.417882]]]}},{"type":"Feature","properties":{"zona":"UV1/EAm4","nombre":"UV1/EAm4 Zona de Uso de Vivienda N°1 Equipamiento en (baja Intensidad)/ Edificación Aislada Media N°4","upref":"Mixto","uperm":"Residencial; equipamiento.","uproh":"Actividad productiva; infraestructura; espacio público y áreas verdes.","url":"http://www.observatoriourbano.cl/Ipt/cehu_resultado_decreto.asp?r=0&c=193&i=25"},"geometry":{"type":"Polygon","coordinates":[[[-70.57213,-33.418133],[-70.572919,-33.418381],[-70.573671,-33.418606],[-70.573805,-33.418303],[-70.574307,-33.418461],[-70.574181,-33.418759],[-70.574183,-33.41876],[-70.574687,-33.418914],[-70.575224,-33.417752],[-70.575105,-33.417716],[-70.574464,-33.417522],[-70.574258,-33.417461],[-70.573403,-33.417205],[-70.573304,-33.417152],[-70.572791,-33.416999],[-70.572663,-33.416961],[-70.572284,-33.416849],[-70.572015,-33.41677],[-70.571389,-33.416579],[-70.570963,-33.41645],[-70.570817,-33.416408],[-70.570596,-33.416339],[-70.570168,-33.416198],[-70.569358,-33.41596],[-70.56891,-33.415828],[-70.568696,-33.415759],[-70.568353,-33.415652],[-70.568154,-33.415591],[-70.567689,-33.415446],[-70.566911,-33.415202],[-70.566415,-33.415054],[-70.566216,-33.414993],[-70.565837,-33.416219],[-70.566402,-33.416376],[-70.56764,-33.416736],[-70.568396,-33.416972],[-70.569095,-33.417183],[-70.570905,-33.417764],[-70.57213,-33.418133]]]}},{"type":"Feature","properties":{"zona":"UV1/EAm4","nombre":"UV1/EAm4 Zona de Uso de Vivienda N°1 Equipamiento en (baja Intensidad)/ Edificación Aislada Media N°4","upref":"Mixto","uperm":"Residencial; equipamiento.","uproh":"Actividad productiva; infraestructura; espacio público y áreas verdes.","url":"http://www.observatoriourbano.cl/Ipt/cehu_resultado_decreto.asp?r=0&c=193&i=25"},"geometry":{"type":"Polygon","coordinates":[[[-70.579688,-33.42149],[-70.579721,-33.421507],[-70.581288,-33.419396],[-70.581517,-33.418914],[-70.581425,-33.41888],[-70.581277,-33.418826],[-70.581155,-33.419055],[-70.581094,-33.419135],[-70.580911,-33.419391],[-70.580652,-33.419753],[-70.580408,-33.420081],[-70.580326,-33.420184],[-70.579988,-33.420612],[-70.579393,-33.421302],[-70.579461,-33.421362],[-70.579577,-33.421432],[-70.579669,-33.42148],[-70.579688,-33.42149]]]}},{"type":"Feature","properties":{"zona":"UV1/EAm2","nombre":"UV1/EAm2 Zona de Uso de Vivienda N°1 Equipamiento en (baja Intensidad)/ Edificación Aislada Media N°2","upref":"Mixto","uperm":"Residencial; equipamiento.","uproh":"Actividad productiva; infraestructura; espacio público y áreas verdes.","url":"http://www.observatoriourbano.cl/Ipt/cehu_resultado_decreto.asp?r=0&c=193&i=25"},"geometry":{"type":"Polygon","coordinates":[[[-70.566566,-33.413783],[-70.566216,-33.414993],[-70.566346,-33.414687],[-70.566392,-33.414584],[-70.566437,-33.414504],[-70.566499,-33.41447],[-70.566735,-33.414359],[-70.567117,-33.414165],[-70.567162,-33.4141],[-70.56717,-33.414027],[-70.567178,-33.413955],[-70.567147,-33.413882],[-70.567101,-33.413821],[-70.566926,-33.413623],[-70.56749,-33.413264],[-70.568085,-33.412906],[-70.568971,-33.412364],[-70.569322,-33.412143],[-70.568673,-33.411392],[-70.568673,-33.411392],[-70.5672,-33.412295],[-70.566842,-33.412517],[-70.56691,-33.412595],[-70.566566,-33.413783]]]}},{"type":"Feature","properties":{"zona":"UVO/EAa1","nombre":"UVO/EAa1 Zona de Uso de Vivienda y Equipamiento de Oficina/ Edificación Aislada Alta N°1","upref":"Mixto","uperm":"Residencial; equipamiento.","uproh":"Actividad productiva; infraestructura; espacio público y áreas verdes.","url":"http://www.observatoriourbano.cl/Ipt/cehu_resultado_decreto.asp?r=0&c=193&i=25"},"geometry":{"type":"Polygon","coordinates":[[[-70.583571,-33.417009],[-70.583479,-33.417234],[-70.583244,-33.417715],[-70.583849,-33.4179],[-70.584193,-33.417192],[-70.584757,-33.417358],[-70.585002,-33.416807],[-70.584238,-33.416576],[-70.584535,-33.415885],[-70.584541,-33.41587],[-70.584153,-33.415768],[-70.584001,-33.416152],[-70.583791,-33.416575],[-70.583604,-33.416933],[-70.583571,-33.417009]]]}},{"type":"Feature","properties":{"zona":"UVO/EAm4","nombre":"UVO/EAm4 Zona de Uso de Vivienda y Equipamiento de Oficina/ Edificación Aislada Media N°4","upref":"Mixto","uperm":"Residencial; equipamiento.","uproh":"Actividad productiva; infraestructura; espacio público y áreas verdes.","url":"http://www.observatoriourbano.cl/Ipt/cehu_resultado_decreto.asp?r=0&c=193&i=25"},"geometry":{"type":"Polygon","coordinates":[[[-70.583849,-33.4179],[-70.584439,-33.418081],[-70.584731,-33.417421],[-70.584757,-33.417358],[-70.584193,-33.417192],[-70.583849,-33.4179]]]}},{"type":"Feature","properties":{"zona":"AV","nombre":"AV Zona de Áreas Verdes","upref":"Area Verde","uperm":"Área verde.","uproh":"Todo uso no mencionado como permitido.","url":"http://www.observatoriourbano.cl/Ipt/cehu_resultado_decreto.asp?r=0&c=193&i=25"},"geometry":{"type":"Polygon","coordinates":[[[-70.592002,-33.414817],[-70.59204,-33.414824],[-70.592115,-33.414819],[-70.592128,-33.414819],[-70.59219,-33.414801],[-70.592214,-33.414773],[-70.592243,-33.414751],[-70.592271,-33.414688],[-70.592287,-33.414639],[-70.592348,-33.414326],[-70.592426,-33.413982],[-70.592577,-33.413308],[-70.592581,-33.41329],[-70.592587,-33.413259],[-70.592586,-33.413233],[-70.592581,-33.413207],[-70.592574,-33.413187],[-70.592554,-33.413156],[-70.59254,-33.413141],[-70.592517,-33.413123],[-70.592379,-33.413058],[-70.592156,-33.413045],[-70.592114,-33.413224],[-70.592075,-33.413411],[-70.592066,-33.413454],[-70.592065,-33.413457],[-70.592007,-33.413732],[-70.5919,-33.414242],[-70.591892,-33.414278],[-70.591817,-33.414633],[-70.59178,-33.414791],[-70.591885,-33.414798],[-70.591919,-33.414804],[-70.592002,-33.414817]]]}},{"type":"Feature","properties":{"zona":"UV2/EAm2","nombre":"UV2/EAm2 Zona de Uso de Vivienda N°2 Equipamiento (Media Intensidad)/ Edificación Aislada Media N°2","upref":"Mixto","uperm":"Residencial; equipamiento.","uproh":"Actividad productiva; infraestructura; espacio público y áreas verdes.","url":"http://www.observatoriourbano.cl/Ipt/cehu_resultado_decreto.asp?r=0&c=193&i=25"},"geometry":{"type":"Polygon","coordinates":[[[-70.548056,-33.39069],[-70.547902,-33.390869],[-70.547829,-33.390951],[-70.547783,-33.391002],[-70.547733,-33.39108],[-70.547667,-33.391058],[-70.54741,-33.39154],[-70.547147,-33.392072],[-70.546949,-33.392431],[-70.546524,-33.392946],[-70.545995,-33.393587],[-70.546069,-33.393631],[-70.546139,-33.393661],[-70.546251,-33.393714],[-70.546284,-33.39373],[-70.546402,-33.393786],[-70.547036,-33.393052],[-70.547318,-33.392702],[-70.547627,-33.392107],[-70.547701,-33.392135],[-70.548179,-33.391243],[-70.548418,-33.39082],[-70.548457,-33.390834],[-70.549075,-33.391059],[-70.549158,-33.391088],[-70.549334,-33.390749],[-70.549452,-33.390522],[-70.548773,-33.390265],[-70.548765,-33.390262],[-70.548308,-33.390089],[-70.548217,-33.3903],[-70.548143,-33.390473],[-70.548056,-33.39069]]]}},{"type":"Feature","properties":{"zona":"UEe5/Ee5","nombre":"UEe5/Ee5 Zona Especial 5 Uso de Interés Patrimonial/ Edificación Espacial N°5 Áreas de Interés Patrimonial","upref":"Equipamiento","uperm":"Equipamiento de comercio, culto, deporte, educación, salud, servicios y social.","uproh":"Residencial; actividad productiva; infraestructura; espacio público y áreas verdes.","url":"http://www.observatoriourbano.cl/Ipt/cehu_resultado_decreto.asp?r=0&c=193&i=25"},"geometry":{"type":"Polygon","coordinates":[[[-70.572785,-33.410305],[-70.573419,-33.410491],[-70.573828,-33.409664],[-70.573216,-33.40944],[-70.573192,-33.409486],[-70.572785,-33.410305]]]}},{"type":"Feature","properties":{"zona":"UEe5/Ee5","nombre":"UEe5/Ee5 Zona Especial 5 Uso de Interés Patrimonial/ Edificación Espacial N°5 Áreas de Interés Patrimonial","upref":"Equipamiento","uperm":"Equipamiento de comercio, culto, deporte, educación, salud, servicios y social.","uproh":"Residencial; actividad productiva; infraestructura; espacio público y áreas verdes.","url":"http://www.observatoriourbano.cl/Ipt/cehu_resultado_decreto.asp?r=0&c=193&i=25"},"geometry":{"type":"Polygon","coordinates":[[[-70.569695,-33.425811],[-70.57023,-33.425859],[-70.57024,-33.425759],[-70.570283,-33.425427],[-70.569482,-33.425364],[-70.569453,-33.425784],[-70.569695,-33.425811]]]}},{"type":"Feature","properties":{"zona":"UEe2/Ee2","nombre":"UEe2/Ee2 Zona Especial 2 Equipamiento Recreacional Deportivo/ Edificación Especial N°2, Equipamiento Recreacional Deportivo","upref":"Equipamiento","uperm":"Equipamiento de deporte.","uproh":"Residencial; equipamiento de comercio, culto, educación, esparcimiento, salud, seguridad y servicio, actividad productiva; infraestructura; espacio público y áreas verdes.","url":"http://www.observatoriourbano.cl/Ipt/cehu_resultado_decreto.asp?r=0&c=193&i=25"},"geometry":{"type":"Polygon","coordinates":[[[-70.577478,-33.416232],[-70.577764,-33.416328],[-70.579247,-33.414172],[-70.578676,-33.413982],[-70.577791,-33.413691],[-70.577704,-33.413663],[-70.576921,-33.413417],[-70.576349,-33.413226],[-70.576051,-33.41313],[-70.574941,-33.415462],[-70.575174,-33.41553],[-70.575715,-33.415694],[-70.576333,-33.415885],[-70.576959,-33.416076],[-70.577478,-33.416232]]]}},{"type":"Feature","properties":{"zona":"UEe5/Ee5","nombre":"UEe5/Ee5 Zona Especial 5 Uso de Interés Patrimonial/ Edificación Espacial N°5 Áreas de Interés Patrimonial","upref":"Equipamiento","uperm":"Equipamiento de comercio, culto, deporte, educación, salud, servicios y social.","uproh":"Residencial; actividad productiva; infraestructura; espacio público y áreas verdes.","url":"http://www.observatoriourbano.cl/Ipt/cehu_resultado_decreto.asp?r=0&c=193&i=25"},"geometry":{"type":"Polygon","coordinates":[[[-70.591164,-33.414172],[-70.591892,-33.414278],[-70.5919,-33.414242],[-70.592007,-33.413732],[-70.592065,-33.413457],[-70.592066,-33.413454],[-70.592075,-33.413411],[-70.591441,-33.413326],[-70.591239,-33.413493],[-70.591139,-33.41362],[-70.59109,-33.413978],[-70.591164,-33.414172]]]}},{"type":"Feature","properties":{"zona":"UEe5/Ee5","nombre":"UEe5/Ee5 Zona Especial 5 Uso de Interés Patrimonial/ Edificación Espacial N°5 Áreas de Interés Patrimonial","upref":"Equipamiento","uperm":"Equipamiento de comercio, culto, deporte, educación, salud, servicios y social.","uproh":"Residencial; actividad productiva; infraestructura; espacio público y áreas verdes.","url":"http://www.observatoriourbano.cl/Ipt/cehu_resultado_decreto.asp?r=0&c=193&i=25"},"geometry":{"type":"Polygon","coordinates":[[[-70.590721,-33.417006],[-70.591453,-33.417164],[-70.591546,-33.416844],[-70.591615,-33.416604],[-70.591622,-33.416582],[-70.591632,-33.416548],[-70.590501,-33.416307],[-70.590272,-33.416258],[-70.590224,-33.416248],[-70.59006,-33.416863],[-70.590106,-33.416873],[-70.590721,-33.417006]]]}},{"type":"Feature","properties":{"zona":"UEe5/Ee5","nombre":"UEe5/Ee5 Zona Especial 5 Uso de Interés Patrimonial/ Edificación Espacial N°5 Áreas de Interés Patrimonial","upref":"Equipamiento","uperm":"Equipamiento de comercio, culto, deporte, educación, salud, servicios y social.","uproh":"Residencial; actividad productiva; infraestructura; espacio público y áreas verdes.","url":"http://www.observatoriourbano.cl/Ipt/cehu_resultado_decreto.asp?r=0&c=193&i=25"},"geometry":{"type":"Polygon","coordinates":[[[-70.590833,-33.415582],[-70.591743,-33.415771],[-70.591858,-33.415244],[-70.590901,-33.415073],[-70.590825,-33.415059],[-70.590696,-33.415554],[-70.590725,-33.41556],[-70.590833,-33.415582]]]}},{"type":"Feature","properties":{"zona":"UEe1/Ee1","nombre":"UEe1/Ee1 Zona Especial 1 Equipamientos Intercomunales y Comunal/ Edificación Especial N°1, Equipamientos","upref":"Equipamiento","uperm":"Equipamiento de todo tipo.","uproh":"Residencial; actividad productiva.","url":"http://www.observatoriourbano.cl/Ipt/cehu_resultado_decreto.asp?r=0&c=193&i=25"},"geometry":{"type":"Polygon","coordinates":[[[-70.586098,-33.419813],[-70.585994,-33.420163],[-70.585469,-33.420055],[-70.585442,-33.420051],[-70.585412,-33.420144],[-70.585407,-33.42016],[-70.584946,-33.4216],[-70.58442,-33.421437],[-70.58413,-33.422134],[-70.584112,-33.422178],[-70.586099,-33.422633],[-70.586188,-33.422608],[-70.58677,-33.422741],[-70.586799,-33.4227],[-70.587061,-33.42226],[-70.586961,-33.422201],[-70.586922,-33.422173],[-70.586578,-33.421962],[-70.586776,-33.421712],[-70.587397,-33.421036],[-70.587499,-33.420805],[-70.587558,-33.420585],[-70.58701,-33.420486],[-70.587136,-33.420021],[-70.58667,-33.419923],[-70.586596,-33.419915],[-70.586157,-33.419825],[-70.586098,-33.419813]]]}},{"type":"Feature","properties":{"zona":"UEe5/Ee5","nombre":"UEe5/Ee5 Zona Especial 5 Uso de Interés Patrimonial/ Edificación Espacial N°5 Áreas de Interés Patrimonial","upref":"Equipamiento","uperm":"Equipamiento de comercio, culto, deporte, educación, salud, servicios y social.","uproh":"Residencial; actividad productiva; infraestructura; espacio público y áreas verdes.","url":"http://www.observatoriourbano.cl/Ipt/cehu_resultado_decreto.asp?r=0&c=193&i=25"},"geometry":{"type":"Polygon","coordinates":[[[-70.532599,-33.417272],[-70.533579,-33.417334],[-70.533595,-33.417274],[-70.533686,-33.41699],[-70.532665,-33.41689],[-70.532599,-33.417272]]]}},{"type":"Feature","properties":{"zona":"UEe5/Ee5","nombre":"UEe5/Ee5 Zona Especial 5 Uso de Interés Patrimonial/ Edificación Espacial N°5 Áreas de Interés Patrimonial","upref":"Equipamiento","uperm":"Equipamiento de comercio, culto, deporte, educación, salud, servicios y social.","uproh":"Residencial; actividad productiva; infraestructura; espacio público y áreas verdes.","url":"http://www.observatoriourbano.cl/Ipt/cehu_resultado_decreto.asp?r=0&c=193&i=25"},"geometry":{"type":"Polygon","coordinates":[[[-70.537951,-33.419411],[-70.54035,-33.419816],[-70.540445,-33.419369],[-70.54054,-33.418866],[-70.540658,-33.418316],[-70.540994,-33.416702],[-70.541004,-33.416659],[-70.540404,-33.416588],[-70.539238,-33.41642],[-70.539006,-33.416387],[-70.539002,-33.416483],[-70.538969,-33.416557],[-70.538632,-33.417299],[-70.53861,-33.417351],[-70.538605,-33.417365],[-70.538467,-33.417701],[-70.53823,-33.418285],[-70.538139,-33.418567],[-70.53807,-33.418792],[-70.537993,-33.419167],[-70.537991,-33.419173],[-70.537971,-33.419273],[-70.537951,-33.419411]]]}},{"type":"Feature","properties":{"zona":"UC1/EAm1","nombre":"UC1/EAm1 Zona de Uso de Comercio N°1 e Instituciones Comunal/ Edificación Aislada Media N°1","upref":"Equipamiento","uperm":"Equipamiento de comercio.","uproh":"Residencial; equipamiento de culto, deporte, educación, esparcimiento, salud, seguridad y servicio, actividad productiva; infraestructura; espacio público y áreas verdes.","url":"http://www.observatoriourbano.cl/Ipt/cehu_resultado_decreto.asp?r=0&c=193&i=25"},"geometry":{"type":"Polygon","coordinates":[[[-70.500712,-33.369014],[-70.500716,-33.369016],[-70.501458,-33.368627],[-70.501483,-33.368582],[-70.501492,-33.368548],[-70.501507,-33.368503],[-70.501473,-33.368428],[-70.501249,-33.368167],[-70.501011,-33.368052],[-70.500701,-33.368557],[-70.500775,-33.368589],[-70.500537,-33.368935],[-70.500678,-33.369004],[-70.500686,-33.369006],[-70.500696,-33.369009],[-70.500705,-33.369011],[-70.500712,-33.369014]]]}},{"type":"Feature","properties":{"zona":"AV","nombre":"AV Zona de Áreas Verdes","upref":"Area Verde","uperm":"Área verde.","uproh":"Todo uso no mencionado como permitido.","url":"http://www.observatoriourbano.cl/Ipt/cehu_resultado_decreto.asp?r=0&c=193&i=25"},"geometry":{"type":"Polygon","coordinates":[[[-70.552826,-33.430317],[-70.55306,-33.430342],[-70.553065,-33.430342],[-70.553209,-33.430355],[-70.554612,-33.430481],[-70.554612,-33.430448],[-70.554605,-33.430409],[-70.554566,-33.430372],[-70.554534,-33.430356],[-70.554487,-33.430337],[-70.554422,-33.430313],[-70.554371,-33.430302],[-70.554306,-33.430298],[-70.554139,-33.430317],[-70.553943,-33.430299],[-70.55371,-33.430264],[-70.553438,-33.430201],[-70.553328,-33.430181],[-70.552754,-33.430133],[-70.552207,-33.430076],[-70.551623,-33.430013],[-70.551515,-33.430006],[-70.550871,-33.429934],[-70.550313,-33.429876],[-70.54992,-33.429837],[-70.549885,-33.429833],[-70.549749,-33.429819],[-70.549187,-33.429761],[-70.548049,-33.429644],[-70.547564,-33.429587],[-70.547462,-33.429572],[-70.546838,-33.429502],[-70.546309,-33.429441],[-70.545768,-33.429379],[-70.545235,-33.429316],[-70.5447,-33.429257],[-70.544158,-33.429194],[-70.543625,-33.429131],[-70.543315,-33.429095],[-70.541737,-33.428908],[-70.541594,-33.42889],[-70.539673,-33.428675],[-70.539179,-33.428621],[-70.539213,-33.428767],[-70.5406,-33.428925],[-70.541597,-33.429039],[-70.543578,-33.429277],[-70.546939,-33.429681],[-70.546979,-33.429685],[-70.547443,-33.429741],[-70.551529,-33.430179],[-70.551635,-33.43019],[-70.551637,-33.43019],[-70.552031,-33.430232],[-70.552826,-33.430317]]]}},{"type":"Feature","properties":{"zona":"UV2/EAa1","nombre":"UV2/EAa1 Zona de Uso de Vivienda N°2 Equipamiento (Media Intensidad)/ Edificación Aislada Alta N°1","upref":"Mixto","uperm":"Residencial; equipamiento.","uproh":"Actividad productiva; infraestructura; espacio público y áreas verdes.","url":"http://www.observatoriourbano.cl/Ipt/cehu_resultado_decreto.asp?r=0&c=193&i=25"},"geometry":{"type":"Polygon","coordinates":[[[-70.592151,-33.416972],[-70.591775,-33.41827],[-70.591574,-33.418233],[-70.591563,-33.418274],[-70.591422,-33.418774],[-70.592028,-33.418899],[-70.593188,-33.419135],[-70.594431,-33.419398],[-70.594489,-33.419322],[-70.594962,-33.41943],[-70.595529,-33.41893],[-70.595563,-33.418964],[-70.597064,-33.420451],[-70.597133,-33.420395],[-70.598366,-33.419519],[-70.598364,-33.41942],[-70.598216,-33.419383],[-70.598712,-33.418101],[-70.598713,-33.418099],[-70.59787,-33.417842],[-70.595458,-33.417307],[-70.593828,-33.417001],[-70.592148,-33.41665],[-70.592067,-33.416954],[-70.592121,-33.416966],[-70.592151,-33.416972]]]}},{"type":"Feature","properties":{"zona":"UV2/EAb2","nombre":"UV2/EAb2 Zona de Uso de Vivienda N°2 Equipamiento (Media Intensidad)/ Edificación Aislada Baja N°2","upref":"Mixto","uperm":"Residencial; equipamiento.","uproh":"Actividad productiva; infraestructura; espacio público y áreas verdes.","url":"http://www.observatoriourbano.cl/Ipt/cehu_resultado_decreto.asp?r=0&c=193&i=25"},"geometry":{"type":"Polygon","coordinates":[[[-70.591289,-33.420138],[-70.591242,-33.420312],[-70.59159,-33.420385],[-70.591593,-33.420373],[-70.591631,-33.420243],[-70.592139,-33.420345],[-70.592152,-33.420296],[-70.592194,-33.420303],[-70.592413,-33.420346],[-70.592371,-33.420516],[-70.592431,-33.420527],[-70.592779,-33.420602],[-70.592832,-33.420414],[-70.593325,-33.420504],[-70.593263,-33.420751],[-70.593323,-33.420761],[-70.593567,-33.420803],[-70.593545,-33.420881],[-70.594276,-33.421042],[-70.594509,-33.421034],[-70.594636,-33.421074],[-70.594965,-33.421085],[-70.593764,-33.420237],[-70.593774,-33.420217],[-70.593794,-33.420191],[-70.593798,-33.420187],[-70.594001,-33.419932],[-70.594431,-33.419398],[-70.593188,-33.419135],[-70.592028,-33.418899],[-70.591422,-33.418774],[-70.591293,-33.419234],[-70.591358,-33.419247],[-70.591394,-33.419255],[-70.591298,-33.419594],[-70.591356,-33.419605],[-70.591387,-33.419611],[-70.591236,-33.420127],[-70.591289,-33.420138]]]}},{"type":"Feature","properties":{"zona":"AV","nombre":"AV Zona de Áreas Verdes","upref":"Area Verde","uperm":"Área verde.","uproh":"Todo uso no mencionado como permitido.","url":"http://www.observatoriourbano.cl/Ipt/cehu_resultado_decreto.asp?r=0&c=193&i=25"},"geometry":{"type":"Polygon","coordinates":[[[-70.547441,-33.403851],[-70.546754,-33.404053],[-70.546636,-33.404387],[-70.547342,-33.404863],[-70.547338,-33.405325],[-70.547607,-33.405345],[-70.54775,-33.40535],[-70.547731,-33.40583],[-70.54789,-33.40584],[-70.548023,-33.405848],[-70.548015,-33.406326],[-70.548121,-33.406333],[-70.548103,-33.40681],[-70.548194,-33.406816],[-70.548112,-33.40732],[-70.548233,-33.407329],[-70.548263,-33.407256],[-70.548309,-33.407161],[-70.548385,-33.407066],[-70.5485,-33.40697],[-70.548645,-33.406921],[-70.548797,-33.40689],[-70.548942,-33.406898],[-70.549064,-33.406921],[-70.549125,-33.406947],[-70.549202,-33.406978],[-70.54927,-33.407024],[-70.549331,-33.407081],[-70.549385,-33.407153],[-70.549415,-33.40723],[-70.549453,-33.407344],[-70.549608,-33.407332],[-70.549562,-33.407],[-70.549508,-33.406831],[-70.549293,-33.406593],[-70.549105,-33.406406],[-70.548938,-33.406232],[-70.5488,-33.406346],[-70.548409,-33.405961],[-70.548494,-33.405908],[-70.548577,-33.405852],[-70.548219,-33.405486],[-70.548334,-33.405408],[-70.547966,-33.405017],[-70.548067,-33.404952],[-70.547732,-33.404602],[-70.547828,-33.404529],[-70.547965,-33.404436],[-70.547601,-33.40406],[-70.54762,-33.404042],[-70.547691,-33.403991],[-70.547609,-33.40391],[-70.547533,-33.403964],[-70.547441,-33.403851]]]}},{"type":"Feature","properties":{"zona":"AV","nombre":"AV Zona de Áreas Verdes","upref":"Area Verde","uperm":"Área verde.","uproh":"Todo uso no mencionado como permitido.","url":"http://www.observatoriourbano.cl/Ipt/cehu_resultado_decreto.asp?r=0&c=193&i=25"},"geometry":{"type":"Polygon","coordinates":[[[-70.561274,-33.407406],[-70.561186,-33.407464],[-70.561324,-33.407463],[-70.56163,-33.407471],[-70.561957,-33.4075],[-70.562533,-33.407635],[-70.562807,-33.407703],[-70.562827,-33.407708],[-70.563236,-33.40781],[-70.563343,-33.407839],[-70.563377,-33.407745],[-70.562886,-33.407622],[-70.562657,-33.407552],[-70.562754,-33.407242],[-70.562413,-33.407251],[-70.562382,-33.407252],[-70.562309,-33.407235],[-70.562279,-33.407397],[-70.561887,-33.407258],[-70.56154,-33.407086],[-70.56144,-33.407019],[-70.561263,-33.406923],[-70.561217,-33.407122],[-70.561335,-33.407254],[-70.561328,-33.407324],[-70.561312,-33.407359],[-70.561274,-33.407406]]]}},{"type":"Feature","properties":{"zona":"AV","nombre":"AV Zona de Áreas Verdes","upref":"Area Verde","uperm":"Área verde.","uproh":"Todo uso no mencionado como permitido.","url":"http://www.observatoriourbano.cl/Ipt/cehu_resultado_decreto.asp?r=0&c=193&i=25"},"geometry":{"type":"Polygon","coordinates":[[[-70.552082,-33.409662],[-70.552101,-33.409724],[-70.552214,-33.409698],[-70.552208,-33.409646],[-70.552202,-33.409575],[-70.552186,-33.409465],[-70.552185,-33.409385],[-70.552188,-33.409326],[-70.552201,-33.409223],[-70.552232,-33.40912],[-70.552296,-33.408996],[-70.552296,-33.408992],[-70.552383,-33.408873],[-70.552439,-33.408817],[-70.552494,-33.40876],[-70.55262,-33.408676],[-70.552708,-33.408623],[-70.552778,-33.408567],[-70.552811,-33.408511],[-70.552847,-33.408452],[-70.552688,-33.408448],[-70.552587,-33.408446],[-70.551822,-33.408407],[-70.551843,-33.408464],[-70.551941,-33.408984],[-70.551971,-33.409157],[-70.551974,-33.409174],[-70.55198,-33.409213],[-70.552025,-33.409469],[-70.552082,-33.409662]]]}},{"type":"Feature","properties":{"zona":"UEe1/Ee1","nombre":"UEe1/Ee1 Zona Especial 1 Equipamientos Intercomunales y Comunal/ Edificación Especial N°1, Equipamientos","upref":"Equipamiento","uperm":"Equipamiento de todo tipo.","uproh":"Residencial; actividad productiva.","url":"http://www.observatoriourbano.cl/Ipt/cehu_resultado_decreto.asp?r=0&c=193&i=25"},"geometry":{"type":"Polygon","coordinates":[[[-70.536918,-33.403046],[-70.536407,-33.403459],[-70.536379,-33.403437],[-70.536364,-33.403426],[-70.535872,-33.403873],[-70.536514,-33.404225],[-70.53696,-33.404431],[-70.537236,-33.403946],[-70.537293,-33.40396],[-70.537436,-33.403887],[-70.537753,-33.4044],[-70.537796,-33.404458],[-70.537892,-33.404417],[-70.538043,-33.404351],[-70.538184,-33.404398],[-70.538628,-33.403515],[-70.538715,-33.403341],[-70.538567,-33.403394],[-70.538368,-33.403453],[-70.538249,-33.403466],[-70.538114,-33.403449],[-70.537841,-33.403372],[-70.537613,-33.40327],[-70.537469,-33.403163],[-70.536667,-33.40248],[-70.536513,-33.402408],[-70.536601,-33.402538],[-70.536795,-33.402847],[-70.536888,-33.402998],[-70.536918,-33.403046]]]}},{"type":"Feature","properties":{"zona":"AV","nombre":"AV Zona de Áreas Verdes","upref":"Area Verde","uperm":"Área verde.","uproh":"Todo uso no mencionado como permitido.","url":"http://www.observatoriourbano.cl/Ipt/cehu_resultado_decreto.asp?r=0&c=193&i=25"},"geometry":{"type":"Polygon","coordinates":[[[-70.537436,-33.403887],[-70.537293,-33.40396],[-70.537236,-33.403946],[-70.53696,-33.404431],[-70.537124,-33.404507],[-70.537615,-33.404702],[-70.538321,-33.404966],[-70.538341,-33.404917],[-70.538514,-33.404564],[-70.538522,-33.404549],[-70.538537,-33.404518],[-70.538184,-33.404398],[-70.538043,-33.404351],[-70.537892,-33.404417],[-70.537796,-33.404458],[-70.537753,-33.4044],[-70.537436,-33.403887]]]}},{"type":"Feature","properties":{"zona":"AV","nombre":"AV Zona de Áreas Verdes","upref":"Area Verde","uperm":"Área verde.","uproh":"Todo uso no mencionado como permitido.","url":"http://www.observatoriourbano.cl/Ipt/cehu_resultado_decreto.asp?r=0&c=193&i=25"},"geometry":{"type":"Polygon","coordinates":[[[-70.510256,-33.399657],[-70.510976,-33.399852],[-70.510598,-33.399682],[-70.510517,-33.399619],[-70.510362,-33.399473],[-70.510255,-33.399351],[-70.510157,-33.399177],[-70.510044,-33.399198],[-70.509356,-33.399306],[-70.509319,-33.399317],[-70.509297,-33.39933],[-70.509284,-33.399347],[-70.509281,-33.399367],[-70.509298,-33.399516],[-70.50959,-33.399527],[-70.509754,-33.399548],[-70.509897,-33.399573],[-70.510143,-33.399631],[-70.5102,-33.399644],[-70.510256,-33.399657]]]}},{"type":"Feature","properties":{"zona":"UVO/EAm2","nombre":"UVO/EAm2 Zona de Uso de Vivienda y Equipamiento de Oficina/ Edificación Aislada Media N°2","upref":"Mixto","uperm":"Residencial; equipamiento.","uproh":"Actividad productiva; infraestructura; espacio público y áreas verdes.","url":"http://www.observatoriourbano.cl/Ipt/cehu_resultado_decreto.asp?r=0&c=193&i=25"},"geometry":{"type":"Polygon","coordinates":[[[-70.562902,-33.410203],[-70.563118,-33.410415],[-70.56369,-33.410007],[-70.563759,-33.409957],[-70.563995,-33.409786],[-70.563542,-33.409338],[-70.563284,-33.409227],[-70.562922,-33.409019],[-70.562852,-33.409173],[-70.562707,-33.409353],[-70.562548,-33.409439],[-70.562432,-33.409488],[-70.56254,-33.409756],[-70.562587,-33.409845],[-70.562625,-33.409908],[-70.562686,-33.409991],[-70.562902,-33.410203]]]}},{"type":"Feature","properties":{"zona":"UVO/EAa1","nombre":"UVO/EAa1 Zona de Uso de Vivienda y Equipamiento de Oficina/ Edificación Aislada Alta N°1","upref":"Mixto","uperm":"Residencial; equipamiento.","uproh":"Actividad productiva; infraestructura; espacio público y áreas verdes.","url":"http://www.observatoriourbano.cl/Ipt/cehu_resultado_decreto.asp?r=0&c=193&i=25"},"geometry":{"type":"Polygon","coordinates":[[[-70.581998,-33.417911],[-70.582579,-33.418101],[-70.583031,-33.417152],[-70.583169,-33.416861],[-70.583203,-33.416787],[-70.583515,-33.41614],[-70.583647,-33.415867],[-70.583456,-33.415799],[-70.58308,-33.415673],[-70.581998,-33.417911]]]}},{"type":"Feature","properties":{"zona":"UV1/EAa1","nombre":"UV1/EAa1 Zona de Uso de Vivienda N°1 Equipamiento en (baja intensidad)/ Edificación Aislada Alta Nº1","upref":"Mixto","uperm":"Residencial; equipamiento.","uproh":"Actividad productiva; infraestructura; espacio público y áreas verdes.","url":"http://www.observatoriourbano.cl/Ipt/cehu_resultado_decreto.asp?r=0&c=193&i=25"},"geometry":{"type":"Polygon","coordinates":[[[-70.576828,-33.424929],[-70.576914,-33.424991],[-70.577134,-33.42477],[-70.576981,-33.424662],[-70.577021,-33.42462],[-70.577258,-33.424366],[-70.577439,-33.42423],[-70.577783,-33.423875],[-70.577761,-33.423867],[-70.577429,-33.423727],[-70.577256,-33.423612],[-70.577097,-33.42347],[-70.575456,-33.421175],[-70.575029,-33.421161],[-70.574777,-33.42115],[-70.574083,-33.421119],[-70.573541,-33.421097],[-70.574899,-33.422977],[-70.575082,-33.423217],[-70.575631,-33.423976],[-70.57583,-33.424198],[-70.575967,-33.424316],[-70.576364,-33.424598],[-70.576497,-33.42469],[-70.576623,-33.424781],[-70.576828,-33.424929]]]}},{"type":"Feature","properties":{"zona":"UV1/EAb2","nombre":"UV1/EAb2 Zona de Uso de Vivienda N°1 Equipamiento en (Baja Intensidad)/ Edificación Aislada Baja Nº2","upref":"Mixto","uperm":"Residencial; equipamiento.","uproh":"Actividad productiva; infraestructura; espacio público y áreas verdes.","url":"http://www.observatoriourbano.cl/Ipt/cehu_resultado_decreto.asp?r=0&c=193&i=25"},"geometry":{"type":"Polygon","coordinates":[[[-70.566788,-33.420425],[-70.566811,-33.420543],[-70.566827,-33.420776],[-70.565949,-33.420787],[-70.565606,-33.420799],[-70.565358,-33.420804],[-70.565223,-33.420807],[-70.565102,-33.425357],[-70.565148,-33.425361],[-70.565324,-33.425376],[-70.565202,-33.426364],[-70.564799,-33.42633],[-70.565033,-33.427296],[-70.565256,-33.428219],[-70.565352,-33.428614],[-70.565356,-33.42863],[-70.565476,-33.429126],[-70.566575,-33.429187],[-70.567101,-33.429214],[-70.567196,-33.429219],[-70.569162,-33.429317],[-70.569543,-33.429336],[-70.570116,-33.429363],[-70.570225,-33.429368],[-70.571722,-33.429456],[-70.573732,-33.429573],[-70.57381,-33.429572],[-70.573929,-33.429579],[-70.573965,-33.428782],[-70.573785,-33.428769],[-70.57375,-33.428767],[-70.573757,-33.428398],[-70.573791,-33.428399],[-70.574006,-33.428405],[-70.574051,-33.428002],[-70.574151,-33.42717],[-70.574247,-33.426252],[-70.574293,-33.426249],[-70.574345,-33.426238],[-70.574525,-33.426173],[-70.574819,-33.426073],[-70.574844,-33.426065],[-70.575021,-33.426032],[-70.574829,-33.425789],[-70.575791,-33.425253],[-70.57612,-33.425062],[-70.576623,-33.424781],[-70.576497,-33.42469],[-70.576364,-33.424598],[-70.575967,-33.424316],[-70.57583,-33.424198],[-70.575631,-33.423976],[-70.575082,-33.423217],[-70.574899,-33.422977],[-70.573541,-33.421097],[-70.573419,-33.421092],[-70.573014,-33.421062],[-70.572526,-33.421012],[-70.572099,-33.420928],[-70.571702,-33.420833],[-70.571031,-33.420616],[-70.571065,-33.420675],[-70.571065,-33.420692],[-70.570891,-33.421332],[-70.570811,-33.421262],[-70.570558,-33.421073],[-70.570512,-33.421047],[-70.570161,-33.420764],[-70.570186,-33.420711],[-70.5702,-33.42066],[-70.570275,-33.420291],[-70.570199,-33.420261],[-70.569756,-33.420127],[-70.568978,-33.419883],[-70.568047,-33.419597],[-70.568028,-33.419643],[-70.567784,-33.420236],[-70.567727,-33.420333],[-70.567666,-33.42042],[-70.567602,-33.420245],[-70.567331,-33.419655],[-70.567319,-33.419619],[-70.567312,-33.419575],[-70.567312,-33.419534],[-70.56732,-33.419482],[-70.567345,-33.419383],[-70.566445,-33.419113],[-70.566399,-33.419204],[-70.566384,-33.419277],[-70.566376,-33.419357],[-70.566407,-33.419475],[-70.566788,-33.420425]],[[-70.57024,-33.425759],[-70.57023,-33.425859],[-70.569695,-33.425811],[-70.569453,-33.425784],[-70.569482,-33.425364],[-70.570283,-33.425427],[-70.57024,-33.425759]],[[-70.570131,-33.427394],[-70.570386,-33.427431],[-70.570369,-33.427431],[-70.570443,-33.427436],[-70.570582,-33.427443],[-70.570557,-33.427756],[-70.570451,-33.427749],[-70.570535,-33.427864],[-70.570596,-33.428012],[-70.570611,-33.428157],[-70.570581,-33.428276],[-70.570512,-33.428379],[-70.570486,-33.428403],[-70.570463,-33.428418],[-70.57043,-33.428436],[-70.570395,-33.428452],[-70.570361,-33.428465],[-70.570333,-33.428474],[-70.570303,-33.42848],[-70.570259,-33.428487],[-70.570233,-33.428488],[-70.570199,-33.428488],[-70.570157,-33.428484],[-70.570084,-33.428474],[-70.570044,-33.428468],[-70.569999,-33.428461],[-70.569953,-33.428451],[-70.569905,-33.428438],[-70.569864,-33.428423],[-70.569799,-33.428397],[-70.569717,-33.428358],[-70.569682,-33.428339],[-70.569619,-33.428298],[-70.569497,-33.428199],[-70.56939,-33.428028],[-70.569345,-33.427867],[-70.569352,-33.42773],[-70.569383,-33.427635],[-70.569414,-33.427588],[-70.569433,-33.42757],[-70.569463,-33.427547],[-70.569492,-33.427527],[-70.569528,-33.427506],[-70.569565,-33.427487],[-70.5696,-33.427471],[-70.56963,-33.427461],[-70.569662,-33.427454],[-70.569704,-33.427447],[-70.569747,-33.427443],[-70.569781,-33.427442],[-70.569819,-33.427444],[-70.569858,-33.427446],[-70.569892,-33.427449],[-70.56993,-33.427454],[-70.570013,-33.427467],[-70.570116,-33.427508],[-70.570131,-33.427394]]]}},{"type":"Feature","properties":{"zona":"UV1/EAm4","nombre":"UV1/EAm4 Zona de Uso de Vivienda N°1 Equipamiento en (baja Intensidad)/ Edificación Aislada Media N°4","upref":"Mixto","uperm":"Residencial; equipamiento.","uproh":"Actividad productiva; infraestructura; espacio público y áreas verdes.","url":"http://www.observatoriourbano.cl/Ipt/cehu_resultado_decreto.asp?r=0&c=193&i=25"},"geometry":{"type":"Polygon","coordinates":[[[-70.565389,-33.41766],[-70.565337,-33.417777],[-70.565265,-33.417766],[-70.565204,-33.417972],[-70.565205,-33.418724],[-70.565252,-33.418738],[-70.565377,-33.418777],[-70.566352,-33.419083],[-70.566445,-33.419113],[-70.567345,-33.419383],[-70.568047,-33.419597],[-70.568978,-33.419883],[-70.569756,-33.420127],[-70.570199,-33.420261],[-70.570275,-33.420291],[-70.570489,-33.420379],[-70.571031,-33.420616],[-70.571702,-33.420833],[-70.572099,-33.420928],[-70.572526,-33.421012],[-70.573014,-33.421062],[-70.573419,-33.421092],[-70.573541,-33.421097],[-70.574083,-33.421119],[-70.574777,-33.42115],[-70.575029,-33.421161],[-70.575456,-33.421175],[-70.574884,-33.420405],[-70.573105,-33.419874],[-70.572449,-33.419649],[-70.57156,-33.419385],[-70.569462,-33.418762],[-70.567773,-33.418212],[-70.566945,-33.417957],[-70.565857,-33.417645],[-70.565438,-33.417537],[-70.565437,-33.417541],[-70.565389,-33.41766]]]}},{"type":"Feature","properties":{"zona":"UV1/EAm2","nombre":"UV1/EAm2 Zona de Uso de Vivienda N°1 Equipamiento en (baja Intensidad)/ Edificación Aislada Media N°2","upref":"Mixto","uperm":"Residencial; equipamiento.","uproh":"Actividad productiva; infraestructura; espacio público y áreas verdes.","url":"http://www.observatoriourbano.cl/Ipt/cehu_resultado_decreto.asp?r=0&c=193&i=25"},"geometry":{"type":"MultiPolygon","coordinates":[[[[-70.573965,-33.428782],[-70.573929,-33.429579],[-70.57381,-33.429572],[-70.573732,-33.429573],[-70.571722,-33.429456],[-70.570225,-33.429368],[-70.570116,-33.429363],[-70.569543,-33.429336],[-70.569162,-33.429317],[-70.567196,-33.429219],[-70.567101,-33.429214],[-70.566575,-33.429187],[-70.565476,-33.429126],[-70.565968,-33.430968],[-70.566451,-33.430985],[-70.566896,-33.430997],[-70.568075,-33.431029],[-70.568336,-33.431037],[-70.569788,-33.431077],[-70.570063,-33.431084],[-70.570167,-33.431087],[-70.570583,-33.431099],[-70.570713,-33.431103],[-70.571112,-33.431115],[-70.571475,-33.431125],[-70.571789,-33.431135],[-70.572071,-33.431143],[-70.572146,-33.431145],[-70.572771,-33.431163],[-70.573742,-33.43119],[-70.573957,-33.431196],[-70.573971,-33.430832],[-70.573997,-33.430625],[-70.573794,-33.430612],[-70.573817,-33.430369],[-70.574091,-33.430381],[-70.574126,-33.42959],[-70.574298,-33.429599],[-70.574336,-33.428809],[-70.574059,-33.428789],[-70.573965,-33.428782]]],[[[-70.574006,-33.428405],[-70.574069,-33.428407],[-70.574071,-33.42838],[-70.57409,-33.428005],[-70.574051,-33.428002],[-70.574006,-33.428405]]],[[[-70.574247,-33.426252],[-70.574151,-33.42717],[-70.574357,-33.427189],[-70.574834,-33.427235],[-70.574837,-33.427196],[-70.574868,-33.426802],[-70.574872,-33.426746],[-70.574991,-33.426754],[-70.574995,-33.426711],[-70.575181,-33.42673],[-70.575203,-33.426504],[-70.575467,-33.426515],[-70.575507,-33.425984],[-70.575724,-33.425967],[-70.575804,-33.425954],[-70.575891,-33.425932],[-70.575956,-33.425916],[-70.576143,-33.425867],[-70.576008,-33.4255],[-70.575791,-33.425253],[-70.574829,-33.425789],[-70.575021,-33.426032],[-70.574844,-33.426065],[-70.574819,-33.426073],[-70.574525,-33.426173],[-70.574345,-33.426238],[-70.574293,-33.426249],[-70.574247,-33.426252]]],[[[-70.57612,-33.425062],[-70.576201,-33.425227],[-70.576256,-33.425201],[-70.576828,-33.424929],[-70.576623,-33.424781],[-70.57612,-33.425062]]]]}},{"type":"Feature","properties":{"zona":"UVO/EAa1","nombre":"UVO/EAa1 Zona de Uso de Vivienda y Equipamiento de Oficina/ Edificación Aislada Alta N°1","upref":"Mixto","uperm":"Residencial; equipamiento.","uproh":"Actividad productiva; infraestructura; espacio público y áreas verdes.","url":"http://www.observatoriourbano.cl/Ipt/cehu_resultado_decreto.asp?r=0&c=193&i=25"},"geometry":{"type":"Polygon","coordinates":[[[-70.580993,-33.420012],[-70.580769,-33.42031],[-70.580703,-33.420269],[-70.580027,-33.421193],[-70.580068,-33.421217],[-70.579819,-33.421558],[-70.579721,-33.421507],[-70.579688,-33.42149],[-70.579384,-33.421678],[-70.579468,-33.421765],[-70.579274,-33.421932],[-70.579167,-33.421831],[-70.578863,-33.421985],[-70.579177,-33.422048],[-70.57932,-33.422094],[-70.579189,-33.422377],[-70.57919,-33.422458],[-70.578875,-33.42236],[-70.578665,-33.422677],[-70.578902,-33.422727],[-70.57875,-33.422903],[-70.578756,-33.42296],[-70.578519,-33.423338],[-70.578432,-33.423321],[-70.578215,-33.423272],[-70.578099,-33.423237],[-70.578004,-33.423206],[-70.57792,-33.423396],[-70.577732,-33.423523],[-70.577717,-33.423533],[-70.577889,-33.423744],[-70.577898,-33.423756],[-70.577783,-33.423875],[-70.577439,-33.42423],[-70.577258,-33.424366],[-70.577021,-33.42462],[-70.576981,-33.424662],[-70.577134,-33.42477],[-70.576914,-33.424991],[-70.577136,-33.425151],[-70.577231,-33.425211],[-70.577273,-33.425162],[-70.578062,-33.424354],[-70.578125,-33.424285],[-70.57851,-33.423888],[-70.578871,-33.423526],[-70.578963,-33.423428],[-70.579286,-33.423023],[-70.579568,-33.42265],[-70.580133,-33.421901],[-70.580257,-33.421733],[-70.580325,-33.421664],[-70.581139,-33.420553],[-70.581357,-33.420251],[-70.581524,-33.420029],[-70.581678,-33.419828],[-70.581794,-33.419662],[-70.581882,-33.41952],[-70.581932,-33.419419],[-70.581944,-33.419394],[-70.582026,-33.419228],[-70.582078,-33.41912],[-70.581664,-33.418968],[-70.581631,-33.418956],[-70.581475,-33.419256],[-70.580942,-33.419981],[-70.580993,-33.420012]]]}},{"type":"Feature","properties":{"zona":"UVO/EAa2","nombre":"UVO/EAa2 Zona de Uso de Vivienda y Equipamiento de Oficina/ Edificación Aislada Alta N°2","upref":"Mixto","uperm":"Residencial; equipamiento.","uproh":"Actividad productiva; infraestructura; espacio público y áreas verdes.","url":"http://www.observatoriourbano.cl/Ipt/cehu_resultado_decreto.asp?r=0&c=193&i=25"},"geometry":{"type":"Polygon","coordinates":[[[-70.573785,-33.428769],[-70.573965,-33.428782],[-70.574006,-33.428405],[-70.573791,-33.428399],[-70.573757,-33.428398],[-70.57375,-33.428767],[-70.573785,-33.428769]]]}},{"type":"Feature","properties":{"zona":"UVO/EAm2","nombre":"UVO/EAm2 Zona de Uso de Vivienda y Equipamiento de Oficina/ Edificación Aislada Media N°2","upref":"Mixto","uperm":"Residencial; equipamiento.","uproh":"Actividad productiva; infraestructura; espacio público y áreas verdes.","url":"http://www.observatoriourbano.cl/Ipt/cehu_resultado_decreto.asp?r=0&c=193&i=25"},"geometry":{"type":"Polygon","coordinates":[[[-70.576256,-33.425201],[-70.576201,-33.425227],[-70.57612,-33.425062],[-70.575791,-33.425253],[-70.576008,-33.4255],[-70.576143,-33.425867],[-70.575956,-33.425916],[-70.575891,-33.425932],[-70.575804,-33.425954],[-70.575724,-33.425967],[-70.575507,-33.425984],[-70.575467,-33.426515],[-70.575203,-33.426504],[-70.575181,-33.42673],[-70.574995,-33.426711],[-70.574991,-33.426754],[-70.574872,-33.426746],[-70.574868,-33.426802],[-70.574837,-33.427196],[-70.574834,-33.427235],[-70.574357,-33.427189],[-70.574151,-33.42717],[-70.574051,-33.428002],[-70.57409,-33.428005],[-70.574071,-33.42838],[-70.574069,-33.428407],[-70.574006,-33.428405],[-70.573965,-33.428782],[-70.574059,-33.428789],[-70.574336,-33.428809],[-70.574298,-33.429599],[-70.574126,-33.42959],[-70.574091,-33.430381],[-70.573817,-33.430369],[-70.573794,-33.430612],[-70.573997,-33.430625],[-70.573971,-33.430832],[-70.573957,-33.431196],[-70.574001,-33.431197],[-70.574007,-33.431197],[-70.574292,-33.431205],[-70.574307,-33.431205],[-70.574385,-33.431207],[-70.574394,-33.431167],[-70.574474,-33.430725],[-70.57451,-33.430523],[-70.574519,-33.430393],[-70.574569,-33.430043],[-70.57462,-33.429692],[-70.574629,-33.429611],[-70.574648,-33.429523],[-70.574754,-33.42891],[-70.574753,-33.428839],[-70.574775,-33.42878],[-70.57479,-33.428699],[-70.574896,-33.428065],[-70.574909,-33.428],[-70.574927,-33.427932],[-70.574943,-33.427875],[-70.575002,-33.427723],[-70.575045,-33.427619],[-70.575105,-33.427505],[-70.575154,-33.427424],[-70.575257,-33.427276],[-70.575332,-33.427182],[-70.575364,-33.427141],[-70.575432,-33.427062],[-70.575529,-33.426967],[-70.575625,-33.426871],[-70.575735,-33.426756],[-70.576042,-33.426443],[-70.576138,-33.426347],[-70.576183,-33.426295],[-70.576274,-33.426203],[-70.576469,-33.426005],[-70.576606,-33.425856],[-70.576707,-33.425739],[-70.576845,-33.425631],[-70.576908,-33.425565],[-70.577231,-33.425211],[-70.577136,-33.425151],[-70.576914,-33.424991],[-70.576828,-33.424929],[-70.576256,-33.425201]]]}},{"type":"Feature","properties":{"zona":"UVO/EAm4","nombre":"UVO/EAm4 Zona de Uso de Vivienda y Equipamiento de Oficina/ Edificación Aislada Media N°4","upref":"Mixto","uperm":"Residencial; equipamiento.","uproh":"Actividad productiva; infraestructura; espacio público y áreas verdes.","url":"http://www.observatoriourbano.cl/Ipt/cehu_resultado_decreto.asp?r=0&c=193&i=25"},"geometry":{"type":"Polygon","coordinates":[[[-70.581288,-33.419396],[-70.579721,-33.421507],[-70.579819,-33.421558],[-70.580068,-33.421217],[-70.580027,-33.421193],[-70.580703,-33.420269],[-70.580769,-33.42031],[-70.580993,-33.420012],[-70.580942,-33.419981],[-70.581475,-33.419256],[-70.581631,-33.418956],[-70.581517,-33.418914],[-70.581288,-33.419396]]]}},{"type":"Feature","properties":{"zona":"UV2/EAm4","nombre":"UV2/EAm4 Zona de Uso de Vivienda N°2 Equipamiento (Media Intensidad)/ Edificación Aislada Media N°4","upref":"Mixto","uperm":"Residencial; equipamiento.","uproh":"Actividad productiva; infraestructura; espacio público y áreas verdes.","url":"http://www.observatoriourbano.cl/Ipt/cehu_resultado_decreto.asp?r=0&c=193&i=25"},"geometry":{"type":"Polygon","coordinates":[[[-70.590036,-33.425221],[-70.589829,-33.425891],[-70.589785,-33.425881],[-70.589373,-33.425784],[-70.589174,-33.426446],[-70.589978,-33.426631],[-70.590586,-33.426158],[-70.590693,-33.426093],[-70.590822,-33.425964],[-70.591382,-33.425516],[-70.590064,-33.425227],[-70.590036,-33.425221]]]}},{"type":"Feature","properties":{"zona":"UV2/EAa1","nombre":"UV2/EAa1 Zona de Uso de Vivienda N°2 Equipamiento (Media Intensidad)/ Edificación Aislada Alta N°1","upref":"Mixto","uperm":"Residencial; equipamiento.","uproh":"Actividad productiva; infraestructura; espacio público y áreas verdes.","url":"http://www.observatoriourbano.cl/Ipt/cehu_resultado_decreto.asp?r=0&c=193&i=25"},"geometry":{"type":"Polygon","coordinates":[[[-70.580567,-33.423368],[-70.580547,-33.423395],[-70.580164,-33.423302],[-70.580119,-33.423291],[-70.579994,-33.423664],[-70.580153,-33.423699],[-70.579993,-33.42425],[-70.57954,-33.424154],[-70.579512,-33.42425],[-70.581312,-33.424664],[-70.583638,-33.425186],[-70.588043,-33.426184],[-70.589174,-33.426446],[-70.589373,-33.425784],[-70.589785,-33.425881],[-70.589829,-33.425891],[-70.590036,-33.425221],[-70.588085,-33.42478],[-70.588011,-33.424763],[-70.587938,-33.424747],[-70.586033,-33.424313],[-70.584653,-33.424031],[-70.581551,-33.423315],[-70.581547,-33.423314],[-70.580783,-33.423151],[-70.580726,-33.423139],[-70.580567,-33.423368]]]}},{"type":"Feature","properties":{"zona":"UV3/Ee5","nombre":"UV3/Ee5 Zona de Uso de Vivienda N°3 y Equipamiento de Oficina Restringido (Media Intensidad)/ Edificación Espacial Áreas de Interés Patrimonial","upref":"Mixto","uperm":"Residencial; equipamiento; actividad productiva; infraestructura; espacio público y áreas verdes.","uproh":"Equipamiento de servicio.","url":"http://www.observatoriourbano.cl/Ipt/cehu_resultado_decreto.asp?r=0&c=193&i=25"},"geometry":{"type":"Polygon","coordinates":[[[-70.584742,-33.419234],[-70.585084,-33.41933],[-70.585279,-33.419378],[-70.585915,-33.419507],[-70.586644,-33.419655],[-70.58674,-33.419658],[-70.588363,-33.42],[-70.588473,-33.419615],[-70.587814,-33.419495],[-70.58775,-33.419484],[-70.587817,-33.419263],[-70.587639,-33.419228],[-70.587583,-33.419218],[-70.587525,-33.419411],[-70.587261,-33.419357],[-70.587218,-33.419498],[-70.586812,-33.419418],[-70.586894,-33.419143],[-70.586083,-33.418974],[-70.586042,-33.418966],[-70.58596,-33.419228],[-70.585954,-33.419247],[-70.585373,-33.419148],[-70.585383,-33.419124],[-70.585402,-33.419078],[-70.584892,-33.418938],[-70.584814,-33.418916],[-70.584846,-33.418833],[-70.58485,-33.418821],[-70.584201,-33.418619],[-70.584067,-33.418921],[-70.584011,-33.419023],[-70.584096,-33.419049],[-70.584346,-33.41912],[-70.584514,-33.41917],[-70.584742,-33.419234]]]}},{"type":"Feature","properties":{"zona":"UV3/EAa1","nombre":"UV3/EAa1 Zona de Uso de Vivienda N°3 y Equipamiento de Oficina Restringido (Media Intensidad)/ Edificación Aislada Alta N°1","upref":"Mixto","uperm":"Residencial; equipamiento; actividad productiva; infraestructura; espacio público y áreas verdes.","uproh":"Equipamiento de servicio.","url":"http://www.observatoriourbano.cl/Ipt/cehu_resultado_decreto.asp?r=0&c=193&i=25"},"geometry":{"type":"Polygon","coordinates":[[[-70.583385,-33.418804],[-70.583407,-33.418811],[-70.583651,-33.418307],[-70.583044,-33.418123],[-70.582986,-33.418242],[-70.582809,-33.418612],[-70.583231,-33.418752],[-70.583385,-33.418804]]]}},{"type":"Feature","properties":{"zona":"UV3/EAm4","nombre":"UV3/EAm4 Zona de Uso de Vivienda N°3 y Equipamiento de Oficina Restringido (Media Intensidad)/ Edificación Aislada Media N°4","upref":"Mixto","uperm":"Residencial; equipamiento; actividad productiva; infraestructura; espacio público y áreas verdes.","uproh":"Equipamiento de servicio.","url":"http://www.observatoriourbano.cl/Ipt/cehu_resultado_decreto.asp?r=0&c=193&i=25"},"geometry":{"type":"Polygon","coordinates":[[[-70.583928,-33.418987],[-70.584011,-33.419023],[-70.584067,-33.418921],[-70.584201,-33.418619],[-70.584217,-33.418582],[-70.584258,-33.418491],[-70.583651,-33.418307],[-70.583407,-33.418811],[-70.58345,-33.418826],[-70.583928,-33.418987]]]}},{"type":"Feature","properties":{"zona":"UV3/Ee5","nombre":"UV3/Ee5 Zona de Uso de Vivienda N°3 y Equipamiento de Oficina Restringido (Media Intensidad)/ Edificación Espacial Áreas de Interés Patrimonial","upref":"Mixto","uperm":"Residencial; equipamiento; actividad productiva; infraestructura; espacio público y áreas verdes.","uproh":"Equipamiento de servicio.","url":"http://www.observatoriourbano.cl/Ipt/cehu_resultado_decreto.asp?r=0&c=193&i=25"},"geometry":{"type":"Polygon","coordinates":[[[-70.590613,-33.41811],[-70.590477,-33.418583],[-70.590353,-33.419014],[-70.590188,-33.418987],[-70.590138,-33.418977],[-70.590035,-33.419328],[-70.590154,-33.41936],[-70.590104,-33.419528],[-70.590659,-33.419641],[-70.590602,-33.419843],[-70.590042,-33.419736],[-70.590003,-33.41987],[-70.58957,-33.419782],[-70.589537,-33.419897],[-70.589467,-33.420141],[-70.589444,-33.420212],[-70.590476,-33.420432],[-70.591256,-33.420583],[-70.591286,-33.420589],[-70.591516,-33.420633],[-70.59159,-33.420385],[-70.591242,-33.420312],[-70.591289,-33.420138],[-70.591236,-33.420127],[-70.591387,-33.419611],[-70.591356,-33.419605],[-70.591298,-33.419594],[-70.591394,-33.419255],[-70.591358,-33.419247],[-70.591293,-33.419234],[-70.591422,-33.418774],[-70.591563,-33.418274],[-70.591574,-33.418233],[-70.591124,-33.418149],[-70.591109,-33.4182],[-70.591069,-33.418193],[-70.590649,-33.418117],[-70.590613,-33.41811]]]}},{"type":"Feature","properties":{"zona":"UV3/Ee5","nombre":"UV3/Ee5 Zona de Uso de Vivienda N°3 y Equipamiento de Oficina Restringido (Media Intensidad)/ Edificación Espacial Áreas de Interés Patrimonial","upref":"Mixto","uperm":"Residencial; equipamiento; actividad productiva; infraestructura; espacio público y áreas verdes.","uproh":"Equipamiento de servicio.","url":"http://www.observatoriourbano.cl/Ipt/cehu_resultado_decreto.asp?r=0&c=193&i=25"},"geometry":{"type":"Polygon","coordinates":[[[-70.592139,-33.420345],[-70.592032,-33.420737],[-70.592515,-33.420835],[-70.592703,-33.42087],[-70.593501,-33.421035],[-70.593482,-33.421103],[-70.593675,-33.421209],[-70.593444,-33.421235],[-70.593201,-33.421232],[-70.593046,-33.421222],[-70.592622,-33.421135],[-70.592484,-33.421112],[-70.592438,-33.42109],[-70.591444,-33.420884],[-70.590394,-33.420675],[-70.589887,-33.420571],[-70.589837,-33.420561],[-70.589701,-33.421042],[-70.589768,-33.421056],[-70.590254,-33.421156],[-70.590325,-33.420918],[-70.590622,-33.420973],[-70.590578,-33.421137],[-70.591192,-33.421259],[-70.591436,-33.421258],[-70.591815,-33.421325],[-70.59202,-33.421433],[-70.592069,-33.421272],[-70.592374,-33.421329],[-70.592366,-33.421362],[-70.592334,-33.421456],[-70.592803,-33.421547],[-70.592786,-33.421613],[-70.593005,-33.421654],[-70.593056,-33.421479],[-70.59337,-33.42154],[-70.593381,-33.421498],[-70.593877,-33.421585],[-70.593817,-33.421755],[-70.593896,-33.421748],[-70.594084,-33.421731],[-70.594297,-33.421704],[-70.594528,-33.421639],[-70.59456,-33.421669],[-70.594695,-33.421796],[-70.594717,-33.421779],[-70.594752,-33.421752],[-70.59482,-33.421691],[-70.594875,-33.421626],[-70.594881,-33.421619],[-70.59492,-33.42155],[-70.594935,-33.421477],[-70.59495,-33.421386],[-70.595251,-33.421404],[-70.595266,-33.421298],[-70.595212,-33.42126],[-70.594985,-33.4211],[-70.594965,-33.421085],[-70.594636,-33.421074],[-70.594509,-33.421034],[-70.594276,-33.421042],[-70.593545,-33.420881],[-70.593567,-33.420803],[-70.593323,-33.420761],[-70.593263,-33.420751],[-70.593325,-33.420504],[-70.592832,-33.420414],[-70.592779,-33.420602],[-70.592431,-33.420527],[-70.592371,-33.420516],[-70.592413,-33.420346],[-70.592194,-33.420303],[-70.592152,-33.420296],[-70.592139,-33.420345]]]}},{"type":"Feature","properties":{"zona":"UV3/EAm1","nombre":"UV3/EAm1 Zona de Uso de Vivienda N°3 y Equipamiento de Oficina Restringido (Media Intensidad)/ Edificación Aislada Media N°1","upref":"Mixto","uperm":"Residencial; equipamiento; actividad productiva; infraestructura; espacio público y áreas verdes.","uproh":"Equipamiento de servicio.","url":"http://www.observatoriourbano.cl/Ipt/cehu_resultado_decreto.asp?r=0&c=193&i=25"},"geometry":{"type":"Polygon","coordinates":[[[-70.594875,-33.421626],[-70.595241,-33.421928],[-70.595299,-33.421881],[-70.595375,-33.421819],[-70.5954,-33.421813],[-70.595854,-33.421704],[-70.59606,-33.421892],[-70.596129,-33.421838],[-70.596454,-33.421587],[-70.596514,-33.421541],[-70.596629,-33.421489],[-70.595251,-33.421404],[-70.59495,-33.421386],[-70.594935,-33.421477],[-70.59492,-33.42155],[-70.594881,-33.421619],[-70.594875,-33.421626]]]}},{"type":"Feature","properties":{"zona":"UEe1/Ee1","nombre":"UEe1/Ee1 Zona Especial 1 Equipamientos Intercomunales y Comunal/ Edificación Especial N°1, Equipamientos","upref":"Equipamiento","uperm":"Equipamiento de todo tipo.","uproh":"Residencial; actividad productiva.","url":"http://www.observatoriourbano.cl/Ipt/cehu_resultado_decreto.asp?r=0&c=193&i=25"},"geometry":{"type":"Polygon","coordinates":[[[-70.58877,-33.421535],[-70.589519,-33.421685],[-70.589701,-33.421042],[-70.589837,-33.420561],[-70.589434,-33.420478],[-70.589367,-33.420474],[-70.589289,-33.420464],[-70.588286,-33.420263],[-70.588237,-33.420456],[-70.58817,-33.420685],[-70.588167,-33.420695],[-70.58815,-33.420753],[-70.588104,-33.420883],[-70.588036,-33.421032],[-70.587934,-33.421215],[-70.587854,-33.421333],[-70.587931,-33.421355],[-70.588027,-33.421376],[-70.58877,-33.421535]]]}},{"type":"Feature","properties":{"zona":"UV3/Ee5","nombre":"UV3/Ee5 Zona de Uso de Vivienda N°3 y Equipamiento de Oficina Restringido (Media Intensidad)/ Edificación Espacial Áreas de Interés Patrimonial","upref":"Mixto","uperm":"Residencial; equipamiento; actividad productiva; infraestructura; espacio público y áreas verdes.","uproh":"Equipamiento de servicio.","url":"http://www.observatoriourbano.cl/Ipt/cehu_resultado_decreto.asp?r=0&c=193&i=25"},"geometry":{"type":"Polygon","coordinates":[[[-70.587558,-33.420585],[-70.588167,-33.420695],[-70.58817,-33.420685],[-70.588237,-33.420456],[-70.588286,-33.420263],[-70.587364,-33.420069],[-70.587351,-33.420066],[-70.587171,-33.420028],[-70.587136,-33.420021],[-70.58701,-33.420486],[-70.587558,-33.420585]]]}},{"type":"Feature","properties":{"zona":"UV3/Ee5","nombre":"UV3/Ee5 Zona de Uso de Vivienda N°3 y Equipamiento de Oficina Restringido (Media Intensidad)/ Edificación Espacial Áreas de Interés Patrimonial","upref":"Mixto","uperm":"Residencial; equipamiento; actividad productiva; infraestructura; espacio público y áreas verdes.","uproh":"Equipamiento de servicio.","url":"http://www.observatoriourbano.cl/Ipt/cehu_resultado_decreto.asp?r=0&c=193&i=25"},"geometry":{"type":"Polygon","coordinates":[[[-70.583345,-33.419663],[-70.584405,-33.419992],[-70.584422,-33.419939],[-70.584972,-33.420102],[-70.584996,-33.420043],[-70.585412,-33.420144],[-70.585442,-33.420051],[-70.585469,-33.420055],[-70.585994,-33.420163],[-70.586098,-33.419813],[-70.585827,-33.419758],[-70.585174,-33.419626],[-70.585077,-33.419608],[-70.5849,-33.419562],[-70.584548,-33.419466],[-70.584159,-33.41936],[-70.583969,-33.419299],[-70.583902,-33.419273],[-70.5837,-33.419205],[-70.583637,-33.419184],[-70.583582,-33.419165],[-70.583345,-33.419663]]]}},{"type":"Feature","properties":{"zona":"UV3/EAm4","nombre":"UV3/EAm4 Zona de Uso de Vivienda N°3 y Equipamiento de Oficina Restringido (Media Intensidad)/ Edificación Aislada Media N°4","upref":"Mixto","uperm":"Residencial; equipamiento; actividad productiva; infraestructura; espacio público y áreas verdes.","uproh":"Equipamiento de servicio.","url":"http://www.observatoriourbano.cl/Ipt/cehu_resultado_decreto.asp?r=0&c=193&i=25"},"geometry":{"type":"Polygon","coordinates":[[[-70.583008,-33.419558],[-70.583345,-33.419663],[-70.583582,-33.419165],[-70.583386,-33.419098],[-70.583218,-33.419039],[-70.583191,-33.41903],[-70.582966,-33.419545],[-70.583008,-33.419558]]]}},{"type":"Feature","properties":{"zona":"UV3/EAb2","nombre":"UV3/EAb2 Zona de Uso de Vivienda N°3 y Equipamiento de Oficina Restringido (Media Intensidad)/ Edificación Aislada Baja N°2","upref":"Mixto","uperm":"Residencial; equipamiento; actividad productiva; infraestructura; espacio público y áreas verdes.","uproh":"Equipamiento de servicio.","url":"http://www.observatoriourbano.cl/Ipt/cehu_resultado_decreto.asp?r=0&c=193&i=25"},"geometry":{"type":"Polygon","coordinates":[[[-70.597849,-33.412158],[-70.597567,-33.412169],[-70.596339,-33.412066],[-70.596194,-33.41207],[-70.596027,-33.412079],[-70.596017,-33.412079],[-70.595293,-33.412132],[-70.595157,-33.412142],[-70.595121,-33.412145],[-70.595092,-33.412145],[-70.595063,-33.41214],[-70.595038,-33.412132],[-70.595014,-33.412122],[-70.594994,-33.412112],[-70.593793,-33.411864],[-70.593633,-33.412372],[-70.593654,-33.412376],[-70.594103,-33.412467],[-70.594713,-33.412585],[-70.594889,-33.412608],[-70.594996,-33.412616],[-70.595493,-33.412595],[-70.59643,-33.412589],[-70.597514,-33.412585],[-70.597941,-33.412551],[-70.598528,-33.412436],[-70.598811,-33.412379],[-70.598994,-33.412341],[-70.599383,-33.412261],[-70.599307,-33.412028],[-70.599299,-33.41196],[-70.599291,-33.411803],[-70.599322,-33.411689],[-70.599329,-33.411651],[-70.599338,-33.411606],[-70.599345,-33.41157],[-70.599215,-33.411635],[-70.59849,-33.41204],[-70.59842,-33.412064],[-70.598345,-33.412089],[-70.597849,-33.412158]]]}},{"type":"Feature","properties":{"zona":"UVO/EAa1","nombre":"UVO/EAa1 Zona de Uso de Vivienda y Equipamiento de Oficina/ Edificación Aislada Alta N°1","upref":"Mixto","uperm":"Residencial; equipamiento.","uproh":"Actividad productiva; infraestructura; espacio público y áreas verdes.","url":"http://www.observatoriourbano.cl/Ipt/cehu_resultado_decreto.asp?r=0&c=193&i=25"},"geometry":{"type":"Polygon","coordinates":[[[-70.580418,-33.405429],[-70.580551,-33.405548],[-70.580608,-33.405508],[-70.58073,-33.405578],[-70.580873,-33.405448],[-70.581299,-33.405607],[-70.5813,-33.405646],[-70.581773,-33.405842],[-70.58183,-33.40583],[-70.581948,-33.405876],[-70.581686,-33.406354],[-70.58174,-33.406398],[-70.581634,-33.406581],[-70.581526,-33.40655],[-70.581506,-33.406589],[-70.581556,-33.406615],[-70.581412,-33.406745],[-70.581313,-33.406752],[-70.581323,-33.406937],[-70.581248,-33.407005],[-70.581477,-33.407175],[-70.583154,-33.408378],[-70.583792,-33.408831],[-70.584647,-33.409441],[-70.58555,-33.410089],[-70.585718,-33.410194],[-70.5858,-33.410237],[-70.586279,-33.410417],[-70.586747,-33.409437],[-70.587034,-33.408806],[-70.587072,-33.408692],[-70.587096,-33.408588],[-70.587119,-33.40844],[-70.587136,-33.408296],[-70.587142,-33.408083],[-70.587136,-33.407982],[-70.587014,-33.407943],[-70.586779,-33.407846],[-70.586046,-33.407542],[-70.585375,-33.407256],[-70.584642,-33.406951],[-70.583757,-33.406585],[-70.582155,-33.405929],[-70.582173,-33.405893],[-70.581682,-33.405686],[-70.580844,-33.405334],[-70.580418,-33.405429]]]}},{"type":"Feature","properties":{"zona":"UEe3/Ee3","nombre":"UEe3/Ee3 Zona Especial 3 Área de Parques","upref":"Equipamiento","uperm":"Equipamiento de esparcimiento.","uproh":"Residencial; equipamiento de comercio, culto, culto, deporte, educación, salud, seguridad, servicio y social; actividad productiva; infraestructura; espacio público y áreas verdes.","url":"http://www.observatoriourbano.cl/Ipt/cehu_resultado_decreto.asp?r=0&c=193&i=25"},"geometry":{"type":"Polygon","coordinates":[[[-70.569388,-33.402243],[-70.56954,-33.402299],[-70.569583,-33.402198],[-70.569624,-33.402067],[-70.570043,-33.4009],[-70.570101,-33.400743],[-70.570185,-33.400509],[-70.570087,-33.40047],[-70.569706,-33.400311],[-70.56923,-33.400069],[-70.568836,-33.399852],[-70.568601,-33.399723],[-70.568117,-33.399454],[-70.567792,-33.39921],[-70.567426,-33.398797],[-70.567147,-33.398375],[-70.566537,-33.398684],[-70.565575,-33.399157],[-70.565694,-33.399358],[-70.565825,-33.399574],[-70.565933,-33.399755],[-70.566,-33.399846],[-70.566106,-33.399989],[-70.566228,-33.400152],[-70.5664,-33.400345],[-70.566621,-33.400554],[-70.566849,-33.400763],[-70.567055,-33.400931],[-70.567225,-33.401059],[-70.567071,-33.401267],[-70.567153,-33.401317],[-70.567651,-33.401529],[-70.568076,-33.401696],[-70.56829,-33.401788],[-70.569388,-33.402243]]]}},{"type":"Feature","properties":{"zona":"UEe3/Ee3","nombre":"UEe3/Ee3 Zona Especial 3 Área de Parques","upref":"Equipamiento","uperm":"Equipamiento de esparcimiento.","uproh":"Residencial; equipamiento de comercio, culto, culto, deporte, educación, salud, seguridad, servicio y social; actividad productiva; infraestructura; espacio público y áreas verdes.","url":"http://www.observatoriourbano.cl/Ipt/cehu_resultado_decreto.asp?r=0&c=193&i=25"},"geometry":{"type":"Polygon","coordinates":[[[-70.578554,-33.405633],[-70.578548,-33.405693],[-70.578957,-33.405602],[-70.579179,-33.405558],[-70.580185,-33.405333],[-70.581525,-33.40503],[-70.581808,-33.404966],[-70.58171,-33.404836],[-70.580926,-33.404527],[-70.580008,-33.404137],[-70.579673,-33.403998],[-70.579647,-33.403987],[-70.578965,-33.403705],[-70.575607,-33.402316],[-70.57551,-33.402284],[-70.574057,-33.401662],[-70.574047,-33.401659],[-70.573586,-33.401461],[-70.573083,-33.401255],[-70.572648,-33.401072],[-70.572379,-33.400973],[-70.572275,-33.400944],[-70.571981,-33.400877],[-70.570367,-33.400556],[-70.570328,-33.400637],[-70.569873,-33.401932],[-70.569742,-33.402261],[-70.569714,-33.402373],[-70.570094,-33.402537],[-70.5707,-33.402789],[-70.571175,-33.402991],[-70.572271,-33.403449],[-70.57339,-33.403896],[-70.574357,-33.404279],[-70.574953,-33.404515],[-70.575971,-33.404929],[-70.576812,-33.405221],[-70.577119,-33.405303],[-70.577346,-33.405334],[-70.577485,-33.405349],[-70.577592,-33.40536],[-70.577689,-33.405406],[-70.577836,-33.405434],[-70.578065,-33.405463],[-70.578517,-33.405521],[-70.578537,-33.405564],[-70.578552,-33.405606],[-70.578554,-33.405633]]]}},{"type":"Feature","properties":{"zona":"UEe3/Ee3","nombre":"UEe3/Ee3 Zona Especial 3 Área de Parques","upref":"Equipamiento","uperm":"Equipamiento de esparcimiento.","uproh":"Residencial; equipamiento de comercio, culto, culto, deporte, educación, salud, seguridad, servicio y social; actividad productiva; infraestructura; espacio público y áreas verdes.","url":"http://www.observatoriourbano.cl/Ipt/cehu_resultado_decreto.asp?r=0&c=193&i=25"},"geometry":{"type":"Polygon","coordinates":[[[-70.583757,-33.406585],[-70.584642,-33.406951],[-70.585375,-33.407256],[-70.586046,-33.407542],[-70.586779,-33.407846],[-70.587014,-33.407943],[-70.587136,-33.407982],[-70.587127,-33.407851],[-70.587036,-33.407469],[-70.586998,-33.407375],[-70.586938,-33.407224],[-70.586878,-33.407098],[-70.586709,-33.406826],[-70.586644,-33.406847],[-70.586537,-33.406884],[-70.58645,-33.406904],[-70.586353,-33.406919],[-70.586264,-33.406921],[-70.586166,-33.40691],[-70.586078,-33.406894],[-70.585991,-33.406864],[-70.585913,-33.406832],[-70.584718,-33.406337],[-70.583673,-33.405898],[-70.583463,-33.405818],[-70.582982,-33.405612],[-70.582967,-33.405606],[-70.582875,-33.405566],[-70.58225,-33.405308],[-70.581991,-33.405185],[-70.58195,-33.40516],[-70.581899,-33.4051],[-70.580949,-33.405311],[-70.580844,-33.405334],[-70.581682,-33.405686],[-70.582173,-33.405893],[-70.582155,-33.405929],[-70.583757,-33.406585]]]}},{"type":"Feature","properties":{"zona":"UC1/EAm1p","nombre":"UC1/EAm1p Zona de Uso de Comercio N°1 e Instituciones Comunal/ Edificación Aislada Media N°1 Prima","upref":"Equipamiento","uperm":"Equipamiento de comercio.","uproh":"Residencial; equipamiento de culto, deporte, educación, esparcimiento, salud, seguridad y servicio, actividad productiva; infraestructura; espacio público y áreas verdes.","url":"http://www.observatoriourbano.cl/Ipt/cehu_resultado_decreto.asp?r=0&c=193&i=25"},"geometry":{"type":"Polygon","coordinates":[[[-70.556975,-33.407074],[-70.556678,-33.407153],[-70.556656,-33.407115],[-70.556152,-33.407222],[-70.555725,-33.40731],[-70.555237,-33.407413],[-70.555198,-33.407343],[-70.554092,-33.407765],[-70.553907,-33.407398],[-70.553816,-33.407432],[-70.553782,-33.407367],[-70.553228,-33.407574],[-70.553633,-33.408342],[-70.553612,-33.408346],[-70.553235,-33.408419],[-70.552946,-33.408454],[-70.552847,-33.408452],[-70.552811,-33.408511],[-70.552778,-33.408567],[-70.552708,-33.408623],[-70.55262,-33.408676],[-70.552494,-33.40876],[-70.552439,-33.408817],[-70.552383,-33.408873],[-70.552296,-33.408992],[-70.552296,-33.408996],[-70.552232,-33.40912],[-70.552201,-33.409223],[-70.552188,-33.409326],[-70.552185,-33.409385],[-70.552186,-33.409465],[-70.552202,-33.409575],[-70.552208,-33.409646],[-70.552214,-33.409698],[-70.552406,-33.409663],[-70.552963,-33.40953],[-70.553078,-33.409507],[-70.55381,-33.409328],[-70.554352,-33.409183],[-70.554771,-33.40908],[-70.555252,-33.408969],[-70.55632,-33.40871],[-70.556112,-33.408515],[-70.555745,-33.408168],[-70.555665,-33.408082],[-70.555612,-33.408034],[-70.555562,-33.407983],[-70.556858,-33.407761],[-70.55689,-33.407806],[-70.556879,-33.407893],[-70.556475,-33.408484],[-70.556463,-33.408501],[-70.556455,-33.408512],[-70.558466,-33.408279],[-70.558455,-33.408298],[-70.558345,-33.408482],[-70.558341,-33.408524],[-70.558341,-33.408559],[-70.55901,-33.408433],[-70.559362,-33.408647],[-70.559385,-33.4086],[-70.559445,-33.408478],[-70.560154,-33.408547],[-70.560259,-33.408178],[-70.5603,-33.408184],[-70.560419,-33.407713],[-70.560478,-33.407481],[-70.560426,-33.407483],[-70.560421,-33.407483],[-70.559881,-33.407514],[-70.559552,-33.407537],[-70.559549,-33.407487],[-70.55954,-33.407347],[-70.559544,-33.407239],[-70.559555,-33.406943],[-70.559716,-33.406608],[-70.559807,-33.406474],[-70.559998,-33.406245],[-70.559977,-33.406233],[-70.559486,-33.405941],[-70.55896,-33.405639],[-70.557825,-33.404968],[-70.557729,-33.404911],[-70.557218,-33.405271],[-70.557236,-33.405307],[-70.557572,-33.405925],[-70.557717,-33.4062],[-70.557846,-33.406436],[-70.557907,-33.40655],[-70.557945,-33.406603],[-70.557989,-33.406684],[-70.558003,-33.40671],[-70.557302,-33.406958],[-70.556975,-33.407074]]]}},{"type":"Feature","properties":{"zona":"UC1/EAb2","nombre":"UC1/EAb2 Zona de Uso de Comercio N°1 e Instituciones Comunal/ Edificación Aislada Baja N°2","upref":"Equipamiento","uperm":"Equipamiento de comercio.","uproh":"Residencial; equipamiento de culto, deporte, educación, esparcimiento, salud, seguridad y servicio, actividad productiva; infraestructura; espacio público y áreas verdes.","url":"http://www.observatoriourbano.cl/Ipt/cehu_resultado_decreto.asp?r=0&c=193&i=25"},"geometry":{"type":"Polygon","coordinates":[[[-70.556455,-33.408512],[-70.55632,-33.40871],[-70.556352,-33.408776],[-70.556604,-33.408691],[-70.557527,-33.408524],[-70.557613,-33.40872],[-70.558341,-33.408559],[-70.558341,-33.408524],[-70.558345,-33.408482],[-70.558455,-33.408298],[-70.558466,-33.408279],[-70.556455,-33.408512]]]}},{"type":"Feature","properties":{"zona":"UVO/EAm1p","nombre":"UVO/EAm1p Zona de Uso de Vivienda y Equipamiento de Oficina/ Edificación Aislada Media N°1 Prima","upref":"Mixto","uperm":"Residencial; equipamiento.","uproh":"Actividad productiva; infraestructura; espacio público y áreas verdes.","url":"http://www.observatoriourbano.cl/Ipt/cehu_resultado_decreto.asp?r=0&c=193&i=25"},"geometry":{"type":"Polygon","coordinates":[[[-70.544696,-33.396107],[-70.544759,-33.396212],[-70.547469,-33.394968],[-70.547336,-33.394923],[-70.546943,-33.394801],[-70.546394,-33.394603],[-70.546294,-33.394558],[-70.544676,-33.395315],[-70.544601,-33.39545],[-70.544525,-33.395628],[-70.544504,-33.395688],[-70.544462,-33.395821],[-70.544498,-33.395829],[-70.544509,-33.395833],[-70.544516,-33.395837],[-70.544523,-33.395841],[-70.544538,-33.395853],[-70.54455,-33.395865],[-70.544559,-33.395875],[-70.544565,-33.395883],[-70.54457,-33.395891],[-70.544582,-33.395909],[-70.544626,-33.395991],[-70.544696,-33.396107]]]}},{"type":"Feature","properties":{"zona":"AV","nombre":"AV Zona de Áreas Verdes","upref":"Area Verde","uperm":"Área verde.","uproh":"Todo uso no mencionado como permitido.","url":"http://www.observatoriourbano.cl/Ipt/cehu_resultado_decreto.asp?r=0&c=193&i=25"},"geometry":{"type":"Polygon","coordinates":[[[-70.537283,-33.392599],[-70.537378,-33.392616],[-70.537387,-33.392615],[-70.537496,-33.39261],[-70.537601,-33.392594],[-70.537799,-33.392549],[-70.537874,-33.392529],[-70.538022,-33.392468],[-70.538178,-33.392403],[-70.53824,-33.392379],[-70.538323,-33.392361],[-70.538385,-33.39233],[-70.538912,-33.392069],[-70.538995,-33.392026],[-70.539059,-33.391993],[-70.539273,-33.391887],[-70.539522,-33.39176],[-70.539854,-33.391589],[-70.540009,-33.391508],[-70.540051,-33.391492],[-70.540356,-33.391341],[-70.540436,-33.391306],[-70.54047,-33.391288],[-70.540508,-33.391254],[-70.540756,-33.391071],[-70.540434,-33.391159],[-70.539931,-33.391399],[-70.539722,-33.391508],[-70.53935,-33.391701],[-70.539291,-33.391731],[-70.539069,-33.39184],[-70.53893,-33.391914],[-70.538784,-33.391986],[-70.538309,-33.39222],[-70.538243,-33.392248],[-70.538166,-33.392289],[-70.537979,-33.392376],[-70.537963,-33.392382],[-70.537832,-33.392433],[-70.537697,-33.392475],[-70.537549,-33.392512],[-70.537407,-33.39255],[-70.537283,-33.392599]]]}},{"type":"Feature","properties":{"zona":"AV","nombre":"AV Zona de Áreas Verdes","upref":"Area Verde","uperm":"Área verde.","uproh":"Todo uso no mencionado como permitido.","url":"http://www.observatoriourbano.cl/Ipt/cehu_resultado_decreto.asp?r=0&c=193&i=25"},"geometry":{"type":"Polygon","coordinates":[[[-70.532881,-33.394515],[-70.532836,-33.394687],[-70.533406,-33.394556],[-70.533363,-33.394443],[-70.533271,-33.394202],[-70.533156,-33.393893],[-70.533103,-33.39379],[-70.53308,-33.393981],[-70.533049,-33.394122],[-70.532927,-33.394412],[-70.532881,-33.394515]]]}},{"type":"Feature","properties":{"zona":"UC1/EAm4","nombre":"UC1/EAm4 Zona de Uso de Comercio N°1 e Instituciones Comunal/ Edificación Aislada Media N°4","upref":"Equipamiento","uperm":"Equipamiento de comercio.","uproh":"Residencial; equipamiento de culto, deporte, educación, esparcimiento, salud, seguridad y servicio, actividad productiva; infraestructura; espacio público y áreas verdes.","url":"http://www.observatoriourbano.cl/Ipt/cehu_resultado_decreto.asp?r=0&c=193&i=25"},"geometry":{"type":"Polygon","coordinates":[[[-70.539558,-33.423896],[-70.540084,-33.423957],[-70.540092,-33.423351],[-70.540107,-33.422768],[-70.538964,-33.422736],[-70.538887,-33.421845],[-70.538957,-33.420796],[-70.53778,-33.420723],[-70.537704,-33.421466],[-70.537643,-33.42197],[-70.53765,-33.422088],[-70.537736,-33.422505],[-70.537738,-33.422515],[-70.53778,-33.422718],[-70.538017,-33.423706],[-70.538171,-33.423725],[-70.538802,-33.423801],[-70.539558,-33.423896]]]}},{"type":"Feature","properties":{"zona":"AV","nombre":"AV Zona de Áreas Verdes","upref":"Area Verde","uperm":"Área verde.","uproh":"Todo uso no mencionado como permitido.","url":"http://www.observatoriourbano.cl/Ipt/cehu_resultado_decreto.asp?r=0&c=193&i=25"},"geometry":{"type":"Polygon","coordinates":[[[-70.516351,-33.405693],[-70.516316,-33.405778],[-70.516157,-33.405718],[-70.515931,-33.405627],[-70.515733,-33.405533],[-70.515558,-33.405443],[-70.515297,-33.405296],[-70.515096,-33.405158],[-70.514891,-33.405003],[-70.514706,-33.404852],[-70.514539,-33.404714],[-70.514327,-33.404532],[-70.513863,-33.40408],[-70.513712,-33.403944],[-70.513329,-33.403595],[-70.513186,-33.403498],[-70.513118,-33.403439],[-70.513211,-33.403243],[-70.513389,-33.402866],[-70.513433,-33.402767],[-70.513314,-33.402776],[-70.513005,-33.402801],[-70.512723,-33.402822],[-70.512615,-33.402832],[-70.512525,-33.402828],[-70.512419,-33.402809],[-70.512312,-33.402783],[-70.512181,-33.402734],[-70.512078,-33.402685],[-70.511987,-33.402633],[-70.511708,-33.402489],[-70.511662,-33.402467],[-70.511061,-33.402134],[-70.510559,-33.401863],[-70.510041,-33.401584],[-70.509952,-33.401641],[-70.509791,-33.401727],[-70.509747,-33.401762],[-70.509711,-33.401799],[-70.509677,-33.401835],[-70.509632,-33.401904],[-70.509609,-33.401938],[-70.509567,-33.402047],[-70.510411,-33.402485],[-70.510916,-33.402772],[-70.511017,-33.402817],[-70.511264,-33.402947],[-70.511524,-33.403085],[-70.511682,-33.403174],[-70.51188,-33.403292],[-70.512044,-33.40339],[-70.512073,-33.403408],[-70.512172,-33.403467],[-70.512222,-33.403509],[-70.512264,-33.403545],[-70.512343,-33.403592],[-70.512344,-33.403593],[-70.512348,-33.403595],[-70.512659,-33.403821],[-70.512766,-33.403898],[-70.512847,-33.403988],[-70.512962,-33.404073],[-70.513192,-33.404294],[-70.513414,-33.404501],[-70.513612,-33.404694],[-70.513664,-33.404745],[-70.513805,-33.404876],[-70.514272,-33.405287],[-70.514653,-33.405568],[-70.514889,-33.40572],[-70.515219,-33.405902],[-70.515409,-33.405999],[-70.515687,-33.406123],[-70.516021,-33.406269],[-70.515683,-33.406819],[-70.515487,-33.407137],[-70.514933,-33.407934],[-70.513997,-33.40915],[-70.51424,-33.409277],[-70.514353,-33.409112],[-70.514662,-33.408718],[-70.515158,-33.408054],[-70.515507,-33.407556],[-70.515669,-33.407325],[-70.516119,-33.4066],[-70.516243,-33.406403],[-70.516487,-33.405977],[-70.516565,-33.40585],[-70.516628,-33.405676],[-70.516742,-33.405294],[-70.516867,-33.40493],[-70.516973,-33.404684],[-70.517138,-33.404344],[-70.517342,-33.403953],[-70.51742,-33.403784],[-70.517487,-33.403622],[-70.517515,-33.403521],[-70.517544,-33.403411],[-70.517561,-33.40325],[-70.517583,-33.403116],[-70.517576,-33.403075],[-70.517567,-33.403005],[-70.517483,-33.402685],[-70.517481,-33.402678],[-70.517428,-33.40247],[-70.517358,-33.402173],[-70.517344,-33.402076],[-70.517348,-33.401936],[-70.517358,-33.401784],[-70.517381,-33.401649],[-70.517423,-33.401454],[-70.517462,-33.401267],[-70.517302,-33.401252],[-70.517209,-33.40124],[-70.517177,-33.401353],[-70.517147,-33.401522],[-70.517104,-33.401741],[-70.517087,-33.401927],[-70.517096,-33.402095],[-70.517106,-33.40223],[-70.517149,-33.402438],[-70.517228,-33.402729],[-70.517284,-33.40296],[-70.517303,-33.403064],[-70.517319,-33.40312],[-70.517307,-33.403207],[-70.517275,-33.403411],[-70.517241,-33.40354],[-70.517202,-33.40365],[-70.517111,-33.403848],[-70.517002,-33.404057],[-70.516963,-33.40414],[-70.516892,-33.404287],[-70.516791,-33.404492],[-70.516774,-33.404527],[-70.516673,-33.404746],[-70.516606,-33.404879],[-70.516541,-33.405084],[-70.516466,-33.405306],[-70.516406,-33.40552],[-70.516351,-33.405693]]]}},{"type":"Feature","properties":{"zona":"UV/EAb4p","nombre":"UV/EAb4p Zona de Uso de Suelo de Vivienda/ Edificación Aislada Baja Nº4 Prima","upref":"Residencial","uperm":"Residencial.","uproh":"Equipamiento; actividad productiva; infraestructura; espacio público y áreas verdes.","url":"http://www.observatoriourbano.cl/Ipt/cehu_resultado_decreto.asp?r=0&c=193&i=25"},"geometry":{"type":"Polygon","coordinates":[[[-70.516157,-33.405718],[-70.516316,-33.405778],[-70.516351,-33.405693],[-70.516406,-33.40552],[-70.516466,-33.405306],[-70.516541,-33.405084],[-70.516606,-33.404879],[-70.516673,-33.404746],[-70.516774,-33.404527],[-70.516791,-33.404492],[-70.516892,-33.404287],[-70.516963,-33.40414],[-70.517002,-33.404057],[-70.517111,-33.403848],[-70.517202,-33.40365],[-70.517241,-33.40354],[-70.517275,-33.403411],[-70.517307,-33.403207],[-70.517319,-33.40312],[-70.517303,-33.403064],[-70.517284,-33.40296],[-70.517201,-33.402944],[-70.516595,-33.402819],[-70.516057,-33.40271],[-70.515961,-33.402688],[-70.515855,-33.40267],[-70.515714,-33.402653],[-70.515579,-33.402641],[-70.515471,-33.402636],[-70.515307,-33.402638],[-70.515231,-33.402636],[-70.515073,-33.402647],[-70.514111,-33.402715],[-70.513433,-33.402767],[-70.513389,-33.402866],[-70.513211,-33.403243],[-70.513118,-33.403439],[-70.513186,-33.403498],[-70.513329,-33.403595],[-70.513712,-33.403944],[-70.513863,-33.40408],[-70.514327,-33.404532],[-70.514539,-33.404714],[-70.514706,-33.404852],[-70.514891,-33.405003],[-70.515096,-33.405158],[-70.515297,-33.405296],[-70.515558,-33.405443],[-70.515733,-33.405533],[-70.515931,-33.405627],[-70.516157,-33.405718]]]}},{"type":"Feature","properties":{"zona":"UM/EAb4","nombre":"UM/EAb4 Zona de Usos Comercio y Equipamiento de Escala Metropolitana Instituciones/ Edificación Aislada Baja N° 4","upref":"Equipamiento","uperm":"Equipamiento de comercio.","uproh":"Residencial; equipamiento; actividad productiva; infraestructura; espacio público y áreas verdes.","url":"http://www.observatoriourbano.cl/Ipt/cehu_resultado_decreto.asp?r=0&c=193&i=25"},"geometry":{"type":"Polygon","coordinates":[[[-70.496562,-33.387551],[-70.496914,-33.388052],[-70.497313,-33.388565],[-70.497876,-33.389224],[-70.49798,-33.389285],[-70.498705,-33.389673],[-70.499906,-33.390165],[-70.50031,-33.389529],[-70.500691,-33.388957],[-70.500989,-33.388358],[-70.501048,-33.387971],[-70.501069,-33.387804],[-70.500537,-33.387647],[-70.500361,-33.387597],[-70.500119,-33.387553],[-70.499889,-33.387534],[-70.499368,-33.387549],[-70.499282,-33.387551],[-70.499086,-33.387548],[-70.498874,-33.38752],[-70.498687,-33.387492],[-70.498319,-33.387397],[-70.498095,-33.387338],[-70.498026,-33.387316],[-70.497739,-33.387156],[-70.497564,-33.387016],[-70.497429,-33.386871],[-70.497317,-33.386718],[-70.497105,-33.386278],[-70.496832,-33.385733],[-70.496747,-33.385581],[-70.496717,-33.385526],[-70.496642,-33.385441],[-70.496524,-33.385319],[-70.496372,-33.385223],[-70.496228,-33.385158],[-70.496079,-33.385112],[-70.495851,-33.385061],[-70.495637,-33.385058],[-70.495643,-33.385525],[-70.495649,-33.385867],[-70.495687,-33.385973],[-70.495747,-33.386117],[-70.495838,-33.386335],[-70.495964,-33.38658],[-70.496169,-33.386933],[-70.496562,-33.387551]]]}},{"type":"Feature","properties":{"zona":"UM/EAb4","nombre":"UM/EAb4 Zona de Usos Comercio y Equipamiento de Escala Metropolitana Instituciones/ Edificación Aislada Baja N° 4","upref":"Equipamiento","uperm":"Equipamiento de comercio.","uproh":"Residencial; equipamiento; actividad productiva; infraestructura; espacio público y áreas verdes.","url":"http://www.observatoriourbano.cl/Ipt/cehu_resultado_decreto.asp?r=0&c=193&i=25"},"geometry":{"type":"Polygon","coordinates":[[[-70.498309,-33.389952],[-70.498118,-33.390008],[-70.497947,-33.389993],[-70.497454,-33.390255],[-70.496994,-33.390362],[-70.496689,-33.390396],[-70.496774,-33.390552],[-70.497012,-33.390988],[-70.497026,-33.391094],[-70.497032,-33.39114],[-70.497054,-33.391205],[-70.497416,-33.391789],[-70.497451,-33.391961],[-70.497506,-33.392091],[-70.497519,-33.392085],[-70.497817,-33.391949],[-70.498109,-33.391779],[-70.498236,-33.391707],[-70.498259,-33.391691],[-70.49954,-33.392312],[-70.499816,-33.392434],[-70.500346,-33.392668],[-70.500626,-33.392787],[-70.500777,-33.39286],[-70.501094,-33.392975],[-70.501301,-33.393173],[-70.501457,-33.393106],[-70.501775,-33.39341],[-70.501841,-33.393505],[-70.502702,-33.39308],[-70.503067,-33.392904],[-70.503309,-33.3928],[-70.503478,-33.392751],[-70.503594,-33.392728],[-70.503525,-33.392629],[-70.50331,-33.39242],[-70.50244,-33.391845],[-70.501908,-33.39151],[-70.500909,-33.390975],[-70.49976,-33.390389],[-70.499087,-33.390128],[-70.498826,-33.390014],[-70.498763,-33.389987],[-70.498443,-33.389829],[-70.498309,-33.389952]]]}},{"type":"Feature","properties":{"zona":"UEe5/Ee5","nombre":"UEe5/Ee5 Zona Especial 5 Uso de Interés Patrimonial/ Edificación Espacial N°5 Áreas de Interés Patrimonial","upref":"Equipamiento","uperm":"Equipamiento de comercio, culto, deporte, educación, salud, servicios y social.","uproh":"Residencial; actividad productiva; infraestructura; espacio público y áreas verdes.","url":"http://www.observatoriourbano.cl/Ipt/cehu_resultado_decreto.asp?r=0&c=193&i=25"},"geometry":{"type":"Polygon","coordinates":[[[-70.584238,-33.416576],[-70.585002,-33.416807],[-70.585003,-33.416803],[-70.585115,-33.416552],[-70.585121,-33.416539],[-70.585154,-33.416465],[-70.585313,-33.416108],[-70.584535,-33.415885],[-70.584238,-33.416576]]]}},{"type":"Feature","properties":{"zona":"UEe5/Ee5","nombre":"UEe5/Ee5 Zona Especial 5 Uso de Interés Patrimonial/ Edificación Espacial N°5 Áreas de Interés Patrimonial","upref":"Equipamiento","uperm":"Equipamiento de comercio, culto, deporte, educación, salud, servicios y social.","uproh":"Residencial; actividad productiva; infraestructura; espacio público y áreas verdes.","url":"http://www.observatoriourbano.cl/Ipt/cehu_resultado_decreto.asp?r=0&c=193&i=25"},"geometry":{"type":"Polygon","coordinates":[[[-70.583651,-33.418307],[-70.584258,-33.418491],[-70.584279,-33.418443],[-70.584439,-33.418081],[-70.583849,-33.4179],[-70.583244,-33.417715],[-70.583071,-33.418068],[-70.583044,-33.418123],[-70.583651,-33.418307]]]}},{"type":"Feature","properties":{"zona":"UEe1/Ee1","nombre":"UEe1/Ee1 Zona Especial 1 Equipamientos Intercomunales y Comunal/ Edificación Especial N°1, Equipamientos","upref":"Equipamiento","uperm":"Equipamiento de todo tipo.","uproh":"Residencial; actividad productiva.","url":"http://www.observatoriourbano.cl/Ipt/cehu_resultado_decreto.asp?r=0&c=193&i=25"},"geometry":{"type":"Polygon","coordinates":[[[-70.589234,-33.420187],[-70.58937,-33.420214],[-70.589444,-33.420212],[-70.589467,-33.420141],[-70.589537,-33.419897],[-70.58957,-33.419782],[-70.58966,-33.419467],[-70.588574,-33.419264],[-70.588473,-33.419615],[-70.588363,-33.42],[-70.589046,-33.420147],[-70.589053,-33.420148],[-70.589234,-33.420187]]]}},{"type":"Feature","properties":{"zona":"UEe5/Ee5","nombre":"UEe5/Ee5 Zona Especial 5 Uso de Interés Patrimonial/ Edificación Espacial N°5 Áreas de Interés Patrimonial","upref":"Equipamiento","uperm":"Equipamiento de comercio, culto, deporte, educación, salud, servicios y social.","uproh":"Residencial; actividad productiva; infraestructura; espacio público y áreas verdes.","url":"http://www.observatoriourbano.cl/Ipt/cehu_resultado_decreto.asp?r=0&c=193&i=25"},"geometry":{"type":"Polygon","coordinates":[[[-70.590042,-33.419736],[-70.590602,-33.419843],[-70.590659,-33.419641],[-70.590104,-33.419528],[-70.590042,-33.419736]]]}},{"type":"Feature","properties":{"zona":"UEe5/Ee5","nombre":"UEe5/Ee5 Zona Especial 5 Uso de Interés Patrimonial/ Edificación Espacial N°5 Áreas de Interés Patrimonial","upref":"Equipamiento","uperm":"Equipamiento de comercio, culto, deporte, educación, salud, servicios y social.","uproh":"Residencial; actividad productiva; infraestructura; espacio público y áreas verdes.","url":"http://www.observatoriourbano.cl/Ipt/cehu_resultado_decreto.asp?r=0&c=193&i=25"},"geometry":{"type":"Polygon","coordinates":[[[-70.591516,-33.420633],[-70.592032,-33.420737],[-70.592139,-33.420345],[-70.591631,-33.420243],[-70.591593,-33.420373],[-70.59159,-33.420385],[-70.591516,-33.420633]]]}},{"type":"Feature","properties":{"zona":"UVO/EAm4","nombre":"UVO/EAm4 Zona de Uso de Vivienda y Equipamiento de Oficina/ Edificación Aislada Media N°4","upref":"Mixto","uperm":"Residencial; equipamiento.","uproh":"Actividad productiva; infraestructura; espacio público y áreas verdes.","url":"http://www.observatoriourbano.cl/Ipt/cehu_resultado_decreto.asp?r=0&c=193&i=25"},"geometry":{"type":"Polygon","coordinates":[[[-70.58278,-33.419914],[-70.582234,-33.420665],[-70.582162,-33.420638],[-70.58188,-33.421115],[-70.581765,-33.421376],[-70.581642,-33.421676],[-70.581521,-33.422035],[-70.581531,-33.422037],[-70.581964,-33.422138],[-70.582521,-33.42076],[-70.582445,-33.420737],[-70.582966,-33.419545],[-70.583191,-33.41903],[-70.583175,-33.419024],[-70.582729,-33.419899],[-70.58278,-33.419914]]]}},{"type":"Feature","properties":{"zona":"UVO/EAm2","nombre":"UVO/EAm2 Zona de Uso de Vivienda y Equipamiento de Oficina/ Edificación Aislada Media N°2","upref":"Mixto","uperm":"Residencial; equipamiento.","uproh":"Actividad productiva; infraestructura; espacio público y áreas verdes.","url":"http://www.observatoriourbano.cl/Ipt/cehu_resultado_decreto.asp?r=0&c=193&i=25"},"geometry":{"type":"Polygon","coordinates":[[[-70.577406,-33.425641],[-70.577166,-33.425888],[-70.577103,-33.425948],[-70.577027,-33.426032],[-70.57651,-33.426568],[-70.576447,-33.42663],[-70.57592,-33.427176],[-70.575758,-33.427354],[-70.575621,-33.427505],[-70.575594,-33.427543],[-70.57553,-33.427667],[-70.575463,-33.427805],[-70.57535,-33.428126],[-70.575427,-33.42815],[-70.575516,-33.428184],[-70.575559,-33.428208],[-70.575601,-33.428241],[-70.576007,-33.427935],[-70.575972,-33.427907],[-70.576001,-33.427853],[-70.576076,-33.427755],[-70.576183,-33.427624],[-70.576302,-33.427489],[-70.576195,-33.427395],[-70.57641,-33.427218],[-70.576489,-33.42728],[-70.576715,-33.427075],[-70.576853,-33.426982],[-70.577225,-33.426708],[-70.577103,-33.426595],[-70.577491,-33.426288],[-70.577446,-33.426247],[-70.578006,-33.42578],[-70.578171,-33.425713],[-70.578288,-33.425738],[-70.57841,-33.425363],[-70.578158,-33.425306],[-70.578064,-33.425287],[-70.57799,-33.425279],[-70.577889,-33.42527],[-70.577833,-33.42527],[-70.577757,-33.425275],[-70.577647,-33.425393],[-70.577406,-33.425641]]]}},{"type":"Feature","properties":{"zona":"UVO/EAa1","nombre":"UVO/EAa1 Zona de Uso de Vivienda y Equipamiento de Oficina/ Edificación Aislada Alta N°1","upref":"Mixto","uperm":"Residencial; equipamiento.","uproh":"Actividad productiva; infraestructura; espacio público y áreas verdes.","url":"http://www.observatoriourbano.cl/Ipt/cehu_resultado_decreto.asp?r=0&c=193&i=25"},"geometry":{"type":"Polygon","coordinates":[[[-70.581687,-33.420523],[-70.581243,-33.421126],[-70.580781,-33.421749],[-70.580704,-33.421854],[-70.580534,-33.422095],[-70.579433,-33.423533],[-70.579339,-33.42362],[-70.578949,-33.424042],[-70.578658,-33.424345],[-70.578609,-33.424399],[-70.578294,-33.424726],[-70.577862,-33.425173],[-70.577757,-33.425275],[-70.577833,-33.42527],[-70.577889,-33.42527],[-70.57799,-33.425279],[-70.578064,-33.425287],[-70.578158,-33.425306],[-70.57841,-33.425363],[-70.578485,-33.42538],[-70.578584,-33.425044],[-70.578545,-33.425042],[-70.5786,-33.424867],[-70.579022,-33.424958],[-70.579157,-33.424524],[-70.579417,-33.424583],[-70.579512,-33.42425],[-70.57954,-33.424154],[-70.579993,-33.42425],[-70.580153,-33.423699],[-70.579994,-33.423664],[-70.580119,-33.423291],[-70.580164,-33.423302],[-70.580547,-33.423395],[-70.580567,-33.423368],[-70.580726,-33.423139],[-70.58076,-33.423096],[-70.58041,-33.422892],[-70.580461,-33.422828],[-70.580882,-33.422287],[-70.580885,-33.42222],[-70.580924,-33.422237],[-70.581238,-33.422376],[-70.581258,-33.422313],[-70.581354,-33.421996],[-70.581521,-33.422035],[-70.581642,-33.421676],[-70.581765,-33.421376],[-70.58188,-33.421115],[-70.582162,-33.420638],[-70.582234,-33.420665],[-70.58278,-33.419914],[-70.582729,-33.419899],[-70.583175,-33.419024],[-70.582964,-33.418951],[-70.582689,-33.418854],[-70.582484,-33.419267],[-70.58245,-33.419356],[-70.582438,-33.419381],[-70.582358,-33.419545],[-70.582294,-33.419666],[-70.582256,-33.41973],[-70.582203,-33.419813],[-70.582132,-33.419919],[-70.582008,-33.420089],[-70.58188,-33.420271],[-70.581803,-33.42037],[-70.581737,-33.420446],[-70.581687,-33.420523]]]}},{"type":"Feature","properties":{"zona":"UEe1/Ee1","nombre":"UEe1/Ee1 Zona Especial 1 Equipamientos Intercomunales y Comunal/ Edificación Especial N°1, Equipamientos","upref":"Equipamiento","uperm":"Equipamiento de todo tipo.","uproh":"Residencial; actividad productiva.","url":"http://www.observatoriourbano.cl/Ipt/cehu_resultado_decreto.asp?r=0&c=193&i=25"},"geometry":{"type":"Polygon","coordinates":[[[-70.580248,-33.405466],[-70.579365,-33.405669],[-70.579762,-33.405928],[-70.57983,-33.405977],[-70.580776,-33.406655],[-70.581248,-33.407005],[-70.581323,-33.406937],[-70.581313,-33.406752],[-70.581412,-33.406745],[-70.581556,-33.406615],[-70.581506,-33.406589],[-70.581526,-33.40655],[-70.581634,-33.406581],[-70.58174,-33.406398],[-70.581686,-33.406354],[-70.581948,-33.405876],[-70.58183,-33.40583],[-70.581773,-33.405842],[-70.5813,-33.405646],[-70.581299,-33.405607],[-70.580873,-33.405448],[-70.58073,-33.405578],[-70.580608,-33.405508],[-70.580551,-33.405548],[-70.580418,-33.405429],[-70.580248,-33.405466]]]}},{"type":"Feature","properties":{"zona":"UEe1/Ee1","nombre":"UEe1/Ee1 Zona Especial 1 Equipamientos Intercomunales y Comunal/ Edificación Especial N°1, Equipamientos","upref":"Equipamiento","uperm":"Equipamiento de todo tipo.","uproh":"Residencial; actividad productiva.","url":"http://www.observatoriourbano.cl/Ipt/cehu_resultado_decreto.asp?r=0&c=193&i=25"},"geometry":{"type":"Polygon","coordinates":[[[-70.566,-33.399846],[-70.564829,-33.400341],[-70.564703,-33.400288],[-70.564608,-33.400459],[-70.564499,-33.40041],[-70.564444,-33.40053],[-70.564498,-33.400551],[-70.564502,-33.400587],[-70.564187,-33.401104],[-70.564147,-33.401095],[-70.564078,-33.401215],[-70.564674,-33.40147],[-70.565234,-33.40051],[-70.565438,-33.400596],[-70.565827,-33.400752],[-70.566216,-33.400908],[-70.56659,-33.401076],[-70.567071,-33.401267],[-70.567225,-33.401059],[-70.567055,-33.400931],[-70.566849,-33.400763],[-70.566621,-33.400554],[-70.5664,-33.400345],[-70.566228,-33.400152],[-70.566106,-33.399989],[-70.566,-33.399846]]]}},{"type":"Feature","properties":{"zona":"UEe1/Ee1","nombre":"UEe1/Ee1 Zona Especial 1 Equipamientos Intercomunales y Comunal/ Edificación Especial N°1, Equipamientos","upref":"Equipamiento","uperm":"Equipamiento de todo tipo.","uproh":"Residencial; actividad productiva.","url":"http://www.observatoriourbano.cl/Ipt/cehu_resultado_decreto.asp?r=0&c=193&i=25"},"geometry":{"type":"Polygon","coordinates":[[[-70.564927,-33.403548],[-70.565537,-33.403823],[-70.5663,-33.402549],[-70.565819,-33.402347],[-70.565453,-33.402198],[-70.565064,-33.402038],[-70.564683,-33.401873],[-70.564121,-33.401638],[-70.563401,-33.40287],[-70.563721,-33.403014],[-70.564324,-33.403277],[-70.564927,-33.403548]]]}},{"type":"Feature","properties":{"zona":"UEe5/Ee5","nombre":"UEe5/Ee5 Zona Especial 5 Uso de Interés Patrimonial/ Edificación Espacial N°5 Áreas de Interés Patrimonial","upref":"Equipamiento","uperm":"Equipamiento de comercio, culto, deporte, educación, salud, servicios y social.","uproh":"Residencial; actividad productiva; infraestructura; espacio público y áreas verdes.","url":"http://www.observatoriourbano.cl/Ipt/cehu_resultado_decreto.asp?r=0&c=193&i=25"},"geometry":{"type":"Polygon","coordinates":[[[-70.573769,-33.418911],[-70.573599,-33.419297],[-70.573706,-33.41933],[-70.573868,-33.418942],[-70.574078,-33.419004],[-70.574181,-33.418759],[-70.574307,-33.418461],[-70.573805,-33.418303],[-70.573671,-33.418606],[-70.573563,-33.41885],[-70.573769,-33.418911]]]}},{"type":"Feature","properties":{"zona":"UV2/EAa1","nombre":"UV2/EAa1 Zona de Uso de Vivienda N°2 Equipamiento (Media Intensidad)/ Edificación Aislada Alta N°1","upref":"Mixto","uperm":"Residencial; equipamiento.","uproh":"Actividad productiva; infraestructura; espacio público y áreas verdes.","url":"http://www.observatoriourbano.cl/Ipt/cehu_resultado_decreto.asp?r=0&c=193&i=25"},"geometry":{"type":"Polygon","coordinates":[[[-70.569462,-33.418762],[-70.57156,-33.419385],[-70.572449,-33.419649],[-70.573105,-33.419874],[-70.574884,-33.420405],[-70.575456,-33.421175],[-70.577097,-33.42347],[-70.577256,-33.423612],[-70.577429,-33.423727],[-70.577761,-33.423867],[-70.577783,-33.423875],[-70.577898,-33.423756],[-70.577889,-33.423744],[-70.577717,-33.423533],[-70.577732,-33.423523],[-70.57792,-33.423396],[-70.578004,-33.423206],[-70.578099,-33.423237],[-70.578215,-33.423272],[-70.578432,-33.423321],[-70.578519,-33.423338],[-70.578756,-33.42296],[-70.57875,-33.422903],[-70.578902,-33.422727],[-70.578665,-33.422677],[-70.578338,-33.422607],[-70.577142,-33.420966],[-70.576158,-33.419614],[-70.576037,-33.419491],[-70.576006,-33.419459],[-70.575265,-33.419827],[-70.575059,-33.419746],[-70.57443,-33.419552],[-70.574397,-33.419542],[-70.574687,-33.418914],[-70.574183,-33.41876],[-70.574181,-33.418759],[-70.574078,-33.419004],[-70.573868,-33.418942],[-70.573706,-33.41933],[-70.573599,-33.419297],[-70.573769,-33.418911],[-70.573563,-33.41885],[-70.573671,-33.418606],[-70.572919,-33.418381],[-70.57213,-33.418133],[-70.570905,-33.417764],[-70.569095,-33.417183],[-70.568396,-33.416972],[-70.56764,-33.416736],[-70.566402,-33.416376],[-70.565837,-33.416219],[-70.565138,-33.416002],[-70.565132,-33.416024],[-70.565129,-33.416035],[-70.564967,-33.416652],[-70.564676,-33.417306],[-70.565438,-33.417537],[-70.565857,-33.417645],[-70.566945,-33.417957],[-70.567773,-33.418212],[-70.569462,-33.418762]]]}},{"type":"Feature","properties":{"zona":"UV2/EAm4","nombre":"UV2/EAm4 Zona de Uso de Vivienda N°2 Equipamiento (Media Intensidad)/ Edificación Aislada Media N°4","upref":"Mixto","uperm":"Residencial; equipamiento.","uproh":"Actividad productiva; infraestructura; espacio público y áreas verdes.","url":"http://www.observatoriourbano.cl/Ipt/cehu_resultado_decreto.asp?r=0&c=193&i=25"},"geometry":{"type":"Polygon","coordinates":[[[-70.564531,-33.41765],[-70.564493,-33.417807],[-70.564477,-33.417918],[-70.564462,-33.418124],[-70.564456,-33.418351],[-70.564459,-33.418507],[-70.564843,-33.418613],[-70.565205,-33.418724],[-70.565204,-33.417972],[-70.565265,-33.417766],[-70.565337,-33.417777],[-70.565389,-33.41766],[-70.565437,-33.417541],[-70.565438,-33.417537],[-70.564676,-33.417306],[-70.564662,-33.417336],[-70.564662,-33.417337],[-70.56459,-33.417502],[-70.564531,-33.41765]]]}},{"type":"Feature","properties":{"zona":"UV2/EAm2","nombre":"UV2/EAm2 Zona de Uso de Vivienda N°2 Equipamiento (Media Intensidad)/ Edificación Aislada Media N°2","upref":"Mixto","uperm":"Residencial; equipamiento.","uproh":"Actividad productiva; infraestructura; espacio público y áreas verdes.","url":"http://www.observatoriourbano.cl/Ipt/cehu_resultado_decreto.asp?r=0&c=193&i=25"},"geometry":{"type":"Polygon","coordinates":[[[-70.56456,-33.426325],[-70.56405,-33.426431],[-70.564055,-33.426524],[-70.564111,-33.426731],[-70.564221,-33.427175],[-70.564244,-33.427238],[-70.564378,-33.427786],[-70.564379,-33.427791],[-70.564415,-33.427935],[-70.564415,-33.427938],[-70.564471,-33.428165],[-70.564701,-33.429082],[-70.564723,-33.429192],[-70.564925,-33.429995],[-70.56514,-33.430897],[-70.565145,-33.430936],[-70.565609,-33.430955],[-70.565741,-33.430961],[-70.565742,-33.430961],[-70.565968,-33.430968],[-70.565476,-33.429126],[-70.565356,-33.42863],[-70.565352,-33.428614],[-70.565256,-33.428219],[-70.565033,-33.427296],[-70.564799,-33.42633],[-70.565202,-33.426364],[-70.565324,-33.425376],[-70.565148,-33.425361],[-70.565102,-33.425357],[-70.565223,-33.420807],[-70.565358,-33.420804],[-70.565606,-33.420799],[-70.565949,-33.420787],[-70.566827,-33.420776],[-70.566811,-33.420543],[-70.566788,-33.420425],[-70.566407,-33.419475],[-70.566376,-33.419357],[-70.566384,-33.419277],[-70.566399,-33.419204],[-70.566445,-33.419113],[-70.566352,-33.419083],[-70.565377,-33.418777],[-70.565252,-33.418738],[-70.565205,-33.418724],[-70.564843,-33.418613],[-70.564459,-33.418507],[-70.56446,-33.418532],[-70.564473,-33.419045],[-70.564484,-33.41958],[-70.564485,-33.419591],[-70.564491,-33.419903],[-70.564492,-33.420055],[-70.564495,-33.420237],[-70.564505,-33.420814],[-70.56451,-33.420914],[-70.564483,-33.421816],[-70.564477,-33.421946],[-70.564469,-33.422281],[-70.564437,-33.422932],[-70.564439,-33.42302],[-70.564424,-33.42336],[-70.56442,-33.423459],[-70.564409,-33.423701],[-70.564408,-33.42371],[-70.564391,-33.424098],[-70.564334,-33.42519],[-70.564301,-33.425281],[-70.564335,-33.425333],[-70.564349,-33.425373],[-70.564544,-33.42606],[-70.564546,-33.42607],[-70.564591,-33.426228],[-70.564629,-33.426315],[-70.56456,-33.426325]]]}},{"type":"Feature","properties":{"zona":"UV2/EAm4","nombre":"UV2/EAm4 Zona de Uso de Vivienda N°2 Equipamiento (Media Intensidad)/ Edificación Aislada Media N°4","upref":"Mixto","uperm":"Residencial; equipamiento.","uproh":"Actividad productiva; infraestructura; espacio público y áreas verdes.","url":"http://www.observatoriourbano.cl/Ipt/cehu_resultado_decreto.asp?r=0&c=193&i=25"},"geometry":{"type":"Polygon","coordinates":[[[-70.565138,-33.416002],[-70.565837,-33.416219],[-70.566216,-33.414993],[-70.566102,-33.414962],[-70.566009,-33.414934],[-70.565516,-33.414786],[-70.565432,-33.415052],[-70.565349,-33.415311],[-70.565301,-33.415461],[-70.565182,-33.415836],[-70.565138,-33.416002]]]}},{"type":"Feature","properties":{"zona":"UV2/EAm2","nombre":"UV2/EAm2 Zona de Uso de Vivienda N°2 Equipamiento (Media Intensidad)/ Edificación Aislada Media N°2","upref":"Mixto","uperm":"Residencial; equipamiento.","uproh":"Actividad productiva; infraestructura; espacio público y áreas verdes.","url":"http://www.observatoriourbano.cl/Ipt/cehu_resultado_decreto.asp?r=0&c=193&i=25"},"geometry":{"type":"Polygon","coordinates":[[[-70.566102,-33.414962],[-70.566216,-33.414993],[-70.566566,-33.413783],[-70.56691,-33.412595],[-70.566842,-33.412517],[-70.566211,-33.412388],[-70.565961,-33.41329],[-70.565801,-33.413862],[-70.565516,-33.414786],[-70.566009,-33.414934],[-70.566102,-33.414962]]]}},{"type":"Feature","properties":{"zona":"UV2/EAa1","nombre":"UV2/EAa1 Zona de Uso de Vivienda N°2 Equipamiento (Media Intensidad)/ Edificación Aislada Alta N°1","upref":"Mixto","uperm":"Residencial; equipamiento.","uproh":"Actividad productiva; infraestructura; espacio público y áreas verdes.","url":"http://www.observatoriourbano.cl/Ipt/cehu_resultado_decreto.asp?r=0&c=193&i=25"},"geometry":{"type":"Polygon","coordinates":[[[-70.563308,-33.416646],[-70.563173,-33.416669],[-70.563016,-33.415999],[-70.562766,-33.416054],[-70.559101,-33.41665],[-70.556073,-33.417172],[-70.555518,-33.417258],[-70.555624,-33.417777],[-70.555642,-33.417903],[-70.555659,-33.417986],[-70.555809,-33.418588],[-70.55749,-33.418304],[-70.558692,-33.4181],[-70.56075,-33.417751],[-70.563646,-33.417261],[-70.5639,-33.417225],[-70.56415,-33.417222],[-70.564425,-33.417277],[-70.564434,-33.417261],[-70.564723,-33.416582],[-70.56483,-33.416268],[-70.5649,-33.416036],[-70.56493,-33.415937],[-70.564936,-33.415919],[-70.564542,-33.41585],[-70.564371,-33.415837],[-70.564128,-33.415853],[-70.563862,-33.415886],[-70.564023,-33.416522],[-70.563319,-33.416644],[-70.563308,-33.416646]]]}},{"type":"Feature","properties":{"zona":"UV2/EAm2","nombre":"UV2/EAm2 Zona de Uso de Vivienda N°2 Equipamiento (Media Intensidad)/ Edificación Aislada Media N°2","upref":"Mixto","uperm":"Residencial; equipamiento.","uproh":"Actividad productiva; infraestructura; espacio público y áreas verdes.","url":"http://www.observatoriourbano.cl/Ipt/cehu_resultado_decreto.asp?r=0&c=193&i=25"},"geometry":{"type":"Polygon","coordinates":[[[-70.565175,-33.414685],[-70.565288,-33.414716],[-70.565553,-33.413807],[-70.565558,-33.413791],[-70.565721,-33.413234],[-70.565983,-33.41235],[-70.566003,-33.412281],[-70.565487,-33.412187],[-70.565324,-33.412155],[-70.565245,-33.412141],[-70.564641,-33.414291],[-70.564576,-33.414525],[-70.564815,-33.414576],[-70.565175,-33.414685]]]}},{"type":"Feature","properties":{"zona":"UV2/EAm4","nombre":"UV2/EAm4 Zona de Uso de Vivienda N°2 Equipamiento (Media Intensidad)/ Edificación Aislada Media N°4","upref":"Mixto","uperm":"Residencial; equipamiento.","uproh":"Actividad productiva; infraestructura; espacio público y áreas verdes.","url":"http://www.observatoriourbano.cl/Ipt/cehu_resultado_decreto.asp?r=0&c=193&i=25"},"geometry":{"type":"Polygon","coordinates":[[[-70.563851,-33.415842],[-70.563862,-33.415886],[-70.564128,-33.415853],[-70.564371,-33.415837],[-70.564542,-33.41585],[-70.564936,-33.415919],[-70.564971,-33.415804],[-70.565061,-33.415481],[-70.565081,-33.415363],[-70.565288,-33.414716],[-70.565175,-33.414685],[-70.564815,-33.414576],[-70.564576,-33.414525],[-70.564552,-33.41452],[-70.5645,-33.414514],[-70.564447,-33.414513],[-70.564392,-33.414514],[-70.56434,-33.41452],[-70.564129,-33.414552],[-70.563836,-33.414603],[-70.563549,-33.41465],[-70.563851,-33.415842]]]}},{"type":"Feature","properties":{"zona":"UV2/EAm4","nombre":"UV2/EAm4 Zona de Uso de Vivienda N°2 Equipamiento (Media Intensidad)/ Edificación Aislada Media N°4","upref":"Mixto","uperm":"Residencial; equipamiento.","uproh":"Actividad productiva; infraestructura; espacio público y áreas verdes.","url":"http://www.observatoriourbano.cl/Ipt/cehu_resultado_decreto.asp?r=0&c=193&i=25"},"geometry":{"type":"Polygon","coordinates":[[[-70.56347,-33.418191],[-70.563479,-33.419058],[-70.564223,-33.419046],[-70.564219,-33.41886],[-70.564219,-33.418854],[-70.564207,-33.418351],[-70.564204,-33.418195],[-70.564212,-33.418038],[-70.564238,-33.417838],[-70.564268,-33.417697],[-70.564303,-33.417573],[-70.564337,-33.417462],[-70.56439,-33.417345],[-70.564425,-33.417277],[-70.56415,-33.417222],[-70.5639,-33.417225],[-70.563646,-33.417261],[-70.563533,-33.417668],[-70.563481,-33.418094],[-70.56347,-33.418191]]]}},{"type":"Feature","properties":{"zona":"UV2/EAm2","nombre":"UV2/EAm2 Zona de Uso de Vivienda N°2 Equipamiento (Media Intensidad)/ Edificación Aislada Media N°2","upref":"Mixto","uperm":"Residencial; equipamiento.","uproh":"Actividad productiva; infraestructura; espacio público y áreas verdes.","url":"http://www.observatoriourbano.cl/Ipt/cehu_resultado_decreto.asp?r=0&c=193&i=25"},"geometry":{"type":"Polygon","coordinates":[[[-70.562909,-33.424735],[-70.562821,-33.425125],[-70.562688,-33.42511],[-70.562264,-33.425048],[-70.562298,-33.425128],[-70.562747,-33.426976],[-70.562783,-33.427089],[-70.563261,-33.427141],[-70.563297,-33.427145],[-70.564235,-33.430904],[-70.564726,-33.43092],[-70.564799,-33.430923],[-70.564993,-33.430929],[-70.564987,-33.430889],[-70.564876,-33.430423],[-70.564798,-33.430091],[-70.564714,-33.429758],[-70.564629,-33.42941],[-70.564542,-33.429076],[-70.564292,-33.428052],[-70.564187,-33.427636],[-70.564082,-33.42722],[-70.563967,-33.42676],[-70.563558,-33.425201],[-70.563574,-33.425125],[-70.563617,-33.42491],[-70.563731,-33.424622],[-70.563793,-33.424527],[-70.563872,-33.424405],[-70.564031,-33.424147],[-70.56406,-33.424087],[-70.564091,-33.423989],[-70.564121,-33.423883],[-70.564147,-33.423784],[-70.564156,-33.423725],[-70.564161,-33.423692],[-70.564167,-33.423616],[-70.564169,-33.423488],[-70.564173,-33.423355],[-70.564173,-33.423348],[-70.564184,-33.423016],[-70.5642,-33.422685],[-70.564215,-33.422269],[-70.564226,-33.421934],[-70.564235,-33.42169],[-70.564261,-33.42091],[-70.564259,-33.42082],[-70.564241,-33.419899],[-70.564223,-33.419046],[-70.563479,-33.419058],[-70.563519,-33.420828],[-70.563473,-33.42193],[-70.563404,-33.423612],[-70.563378,-33.423831],[-70.563155,-33.42418],[-70.563025,-33.424387],[-70.562909,-33.424735]]]}},{"type":"Feature","properties":{"zona":"UEe1/Ee1","nombre":"UEe1/Ee1 Zona Especial 1 Equipamientos Intercomunales y Comunal/ Edificación Especial N°1, Equipamientos","upref":"Equipamiento","uperm":"Equipamiento de todo tipo.","uproh":"Residencial; actividad productiva.","url":"http://www.observatoriourbano.cl/Ipt/cehu_resultado_decreto.asp?r=0&c=193&i=25"},"geometry":{"type":"Polygon","coordinates":[[[-70.560579,-33.4055],[-70.560369,-33.405761],[-70.559977,-33.406233],[-70.559998,-33.406245],[-70.560107,-33.406282],[-70.560178,-33.406316],[-70.560552,-33.405862],[-70.560781,-33.406052],[-70.561378,-33.405927],[-70.561359,-33.405814],[-70.561328,-33.405662],[-70.561295,-33.405551],[-70.5607,-33.40565],[-70.560646,-33.40565],[-70.560616,-33.405623],[-70.560601,-33.405589],[-70.560585,-33.405526],[-70.560579,-33.4055]]]}},{"type":"Feature","properties":{"zona":"UEe5/Ee5","nombre":"UEe5/Ee5 Zona Especial 5 Uso de Interés Patrimonial/ Edificación Espacial N°5 Áreas de Interés Patrimonial","upref":"Equipamiento","uperm":"Equipamiento de comercio, culto, deporte, educación, salud, servicios y social.","uproh":"Residencial; actividad productiva; infraestructura; espacio público y áreas verdes.","url":"http://www.observatoriourbano.cl/Ipt/cehu_resultado_decreto.asp?r=0&c=193&i=25"},"geometry":{"type":"Polygon","coordinates":[[[-70.526382,-33.386825],[-70.526267,-33.386921],[-70.526068,-33.38713],[-70.525932,-33.387258],[-70.525787,-33.387372],[-70.525669,-33.387453],[-70.52653,-33.388102],[-70.526483,-33.388142],[-70.526791,-33.38841],[-70.52804,-33.387382],[-70.52772,-33.387135],[-70.527412,-33.386828],[-70.527391,-33.386842],[-70.527326,-33.386786],[-70.527355,-33.386757],[-70.526951,-33.386397],[-70.526803,-33.386506],[-70.526497,-33.386735],[-70.526382,-33.386825]]]}},{"type":"Feature","properties":{"zona":"UEe1/Ee1","nombre":"UEe1/Ee1 Zona Especial 1 Equipamientos Intercomunales y Comunal/ Edificación Especial N°1, Equipamientos","upref":"Equipamiento","uperm":"Equipamiento de todo tipo.","uproh":"Residencial; actividad productiva.","url":"http://www.observatoriourbano.cl/Ipt/cehu_resultado_decreto.asp?r=0&c=193&i=25"},"geometry":{"type":"Polygon","coordinates":[[[-70.555435,-33.395701],[-70.555504,-33.395716],[-70.555557,-33.395568],[-70.555931,-33.394702],[-70.55594,-33.39468],[-70.554994,-33.394823],[-70.554936,-33.394832],[-70.553958,-33.39498],[-70.554047,-33.395392],[-70.555435,-33.395701]]]}},{"type":"Feature","properties":{"zona":"UEe1/Ee1","nombre":"UEe1/Ee1 Zona Especial 1 Equipamientos Intercomunales y Comunal/ Edificación Especial N°1, Equipamientos","upref":"Equipamiento","uperm":"Equipamiento de todo tipo.","uproh":"Residencial; actividad productiva.","url":"http://www.observatoriourbano.cl/Ipt/cehu_resultado_decreto.asp?r=0&c=193&i=25"},"geometry":{"type":"Polygon","coordinates":[[[-70.553825,-33.394385],[-70.55387,-33.394586],[-70.554845,-33.394444],[-70.554714,-33.393882],[-70.55374,-33.394003],[-70.553825,-33.394385]]]}},{"type":"Feature","properties":{"zona":"UV2/EAa2","nombre":"UV2/EAa2 Zona de Uso de Vivienda N°2 Equipamiento (Media Intensidad)/ Edificación Aislada Alta N°2","upref":"Mixto","uperm":"Residencial; equipamiento.","uproh":"Actividad productiva; infraestructura; espacio público y áreas verdes.","url":"http://www.observatoriourbano.cl/Ipt/cehu_resultado_decreto.asp?r=0&c=193&i=25"},"geometry":{"type":"Polygon","coordinates":[[[-70.553947,-33.394931],[-70.553958,-33.39498],[-70.554936,-33.394832],[-70.554845,-33.394444],[-70.55387,-33.394586],[-70.553907,-33.394749],[-70.553947,-33.394931]]]}},{"type":"Feature","properties":{"zona":"UEe1/Ee1","nombre":"UEe1/Ee1 Zona Especial 1 Equipamientos Intercomunales y Comunal/ Edificación Especial N°1, Equipamientos","upref":"Equipamiento","uperm":"Equipamiento de todo tipo.","uproh":"Residencial; actividad productiva.","url":"http://www.observatoriourbano.cl/Ipt/cehu_resultado_decreto.asp?r=0&c=193&i=25"},"geometry":{"type":"Polygon","coordinates":[[[-70.558289,-33.421939],[-70.558299,-33.421994],[-70.559504,-33.421797],[-70.559472,-33.421681],[-70.559419,-33.421433],[-70.559372,-33.42126],[-70.558182,-33.421455],[-70.558289,-33.421939]]]}},{"type":"Feature","properties":{"zona":"UEe1/Ee1","nombre":"UEe1/Ee1 Zona Especial 1 Equipamientos Intercomunales y Comunal/ Edificación Especial N°1, Equipamientos","upref":"Equipamiento","uperm":"Equipamiento de todo tipo.","uproh":"Residencial; actividad productiva.","url":"http://www.observatoriourbano.cl/Ipt/cehu_resultado_decreto.asp?r=0&c=193&i=25"},"geometry":{"type":"Polygon","coordinates":[[[-70.549774,-33.425926],[-70.550888,-33.426044],[-70.551025,-33.425125],[-70.549919,-33.425003],[-70.549855,-33.425437],[-70.549774,-33.425926]]]}},{"type":"Feature","properties":{"zona":"AV","nombre":"AV Zona de Áreas Verdes","upref":"Area Verde","uperm":"Área verde.","uproh":"Todo uso no mencionado como permitido.","url":"http://www.observatoriourbano.cl/Ipt/cehu_resultado_decreto.asp?r=0&c=193&i=25"},"geometry":{"type":"Polygon","coordinates":[[[-70.538388,-33.426848],[-70.538374,-33.427058],[-70.538597,-33.427054],[-70.538642,-33.427059],[-70.5388,-33.427056],[-70.538672,-33.426559],[-70.538441,-33.425567],[-70.538338,-33.424909],[-70.538337,-33.424899],[-70.538288,-33.424593],[-70.538256,-33.424379],[-70.538255,-33.424371],[-70.538199,-33.423996],[-70.538017,-33.423706],[-70.537959,-33.423724],[-70.53792,-33.423731],[-70.537858,-33.423734],[-70.537824,-33.423735],[-70.537911,-33.424229],[-70.537903,-33.424231],[-70.537899,-33.424236],[-70.537897,-33.424244],[-70.537903,-33.424304],[-70.537916,-33.424447],[-70.53792,-33.424488],[-70.537926,-33.424529],[-70.537949,-33.424692],[-70.537954,-33.424728],[-70.537955,-33.424732],[-70.53797,-33.424828],[-70.537975,-33.424864],[-70.537981,-33.424901],[-70.538035,-33.425243],[-70.53804,-33.425281],[-70.538066,-33.425444],[-70.538127,-33.425531],[-70.538151,-33.42578],[-70.538264,-33.426232],[-70.53832,-33.426504],[-70.538322,-33.426513],[-70.538349,-33.426641],[-70.538388,-33.426848]]]}},{"type":"Feature","properties":{"zona":"UEe1/Ee1","nombre":"UEe1/Ee1 Zona Especial 1 Equipamientos Intercomunales y Comunal/ Edificación Especial N°1, Equipamientos","upref":"Equipamiento","uperm":"Equipamiento de todo tipo.","uproh":"Residencial; actividad productiva.","url":"http://www.observatoriourbano.cl/Ipt/cehu_resultado_decreto.asp?r=0&c=193&i=25"},"geometry":{"type":"Polygon","coordinates":[[[-70.534277,-33.415626],[-70.534236,-33.415629],[-70.534184,-33.415629],[-70.53416,-33.415694],[-70.534116,-33.415893],[-70.53409,-33.416048],[-70.534083,-33.416095],[-70.534351,-33.416095],[-70.53505,-33.416094],[-70.535423,-33.416101],[-70.535426,-33.416101],[-70.53556,-33.416104],[-70.535895,-33.416113],[-70.536301,-33.415622],[-70.536296,-33.415565],[-70.53643,-33.41554],[-70.536384,-33.415265],[-70.536361,-33.415137],[-70.535708,-33.415224],[-70.535734,-33.415429],[-70.53532,-33.415489],[-70.534878,-33.415553],[-70.534743,-33.415569],[-70.534277,-33.415626]]]}},{"type":"Feature","properties":{"zona":"AV","nombre":"AV Zona de Áreas Verdes","upref":"Area Verde","uperm":"Área verde.","uproh":"Todo uso no mencionado como permitido.","url":"http://www.observatoriourbano.cl/Ipt/cehu_resultado_decreto.asp?r=0&c=193&i=25"},"geometry":{"type":"Polygon","coordinates":[[[-70.541386,-33.414435],[-70.541764,-33.414655],[-70.541394,-33.415551],[-70.541355,-33.415674],[-70.541112,-33.416307],[-70.541043,-33.416664],[-70.541049,-33.416664],[-70.541342,-33.416705],[-70.541349,-33.416665],[-70.541378,-33.416549],[-70.54142,-33.416389],[-70.541462,-33.416263],[-70.541503,-33.416152],[-70.541586,-33.415944],[-70.541778,-33.415482],[-70.54184,-33.415365],[-70.541887,-33.415275],[-70.542129,-33.414974],[-70.541975,-33.414815],[-70.541967,-33.414799],[-70.541965,-33.414778],[-70.54197,-33.414749],[-70.541995,-33.414679],[-70.542043,-33.414556],[-70.542058,-33.414519],[-70.541838,-33.414446],[-70.54181,-33.414543],[-70.541477,-33.414351],[-70.541366,-33.4141],[-70.54132,-33.414092],[-70.54129,-33.414073],[-70.541015,-33.413905],[-70.54096,-33.413882],[-70.54079,-33.413797],[-70.54059,-33.413697],[-70.540478,-33.413643],[-70.540369,-33.413591],[-70.540326,-33.41357],[-70.540174,-33.413794],[-70.540454,-33.41391],[-70.54071,-33.413907],[-70.540875,-33.414002],[-70.540904,-33.414019],[-70.540921,-33.414029],[-70.541282,-33.414238],[-70.541386,-33.414435]]]}},{"type":"Feature","properties":{"zona":"UEe1/Ee1","nombre":"UEe1/Ee1 Zona Especial 1 Equipamientos Intercomunales y Comunal/ Edificación Especial N°1, Equipamientos","upref":"Equipamiento","uperm":"Equipamiento de todo tipo.","uproh":"Residencial; actividad productiva.","url":"http://www.observatoriourbano.cl/Ipt/cehu_resultado_decreto.asp?r=0&c=193&i=25"},"geometry":{"type":"Polygon","coordinates":[[[-70.546633,-33.419569],[-70.546521,-33.419581],[-70.546495,-33.419581],[-70.546395,-33.419581],[-70.546388,-33.419717],[-70.546383,-33.420202],[-70.546382,-33.420286],[-70.547212,-33.420388],[-70.547256,-33.42012],[-70.547355,-33.419624],[-70.546852,-33.419565],[-70.54676,-33.419562],[-70.546688,-33.419561],[-70.546633,-33.419569]]]}},{"type":"Feature","properties":{"zona":"UEe1/Ee1","nombre":"UEe1/Ee1 Zona Especial 1 Equipamientos Intercomunales y Comunal/ Edificación Especial N°1, Equipamientos","upref":"Equipamiento","uperm":"Equipamiento de todo tipo.","uproh":"Residencial; actividad productiva.","url":"http://www.observatoriourbano.cl/Ipt/cehu_resultado_decreto.asp?r=0&c=193&i=25"},"geometry":{"type":"Polygon","coordinates":[[[-70.535705,-33.420726],[-70.536605,-33.420723],[-70.536602,-33.420619],[-70.536602,-33.420061],[-70.536605,-33.420028],[-70.535811,-33.41986],[-70.535705,-33.420726]]]}},{"type":"Feature","properties":{"zona":"UEe1/Ee1","nombre":"UEe1/Ee1 Zona Especial 1 Equipamientos Intercomunales y Comunal/ Edificación Especial N°1, Equipamientos","upref":"Equipamiento","uperm":"Equipamiento de todo tipo.","uproh":"Residencial; actividad productiva.","url":"http://www.observatoriourbano.cl/Ipt/cehu_resultado_decreto.asp?r=0&c=193&i=25"},"geometry":{"type":"Polygon","coordinates":[[[-70.531119,-33.425041],[-70.531135,-33.42577],[-70.531998,-33.425758],[-70.532418,-33.425407],[-70.531508,-33.424686],[-70.531119,-33.425041]]]}},{"type":"Feature","properties":{"zona":"AV","nombre":"AV Zona de Áreas Verdes","upref":"Area Verde","uperm":"Área verde.","uproh":"Todo uso no mencionado como permitido.","url":"http://www.observatoriourbano.cl/Ipt/cehu_resultado_decreto.asp?r=0&c=193&i=25"},"geometry":{"type":"Polygon","coordinates":[[[-70.535086,-33.406581],[-70.534853,-33.406782],[-70.534714,-33.406911],[-70.534784,-33.40694],[-70.535143,-33.407067],[-70.53545,-33.407164],[-70.535571,-33.407202],[-70.536081,-33.407348],[-70.53617,-33.407373],[-70.536378,-33.406824],[-70.535728,-33.406636],[-70.535631,-33.406649],[-70.535168,-33.406508],[-70.535086,-33.406581]]]}},{"type":"Feature","properties":{"zona":"UEe1/Ee1","nombre":"UEe1/Ee1 Zona Especial 1 Equipamientos Intercomunales y Comunal/ Edificación Especial N°1, Equipamientos","upref":"Equipamiento","uperm":"Equipamiento de todo tipo.","uproh":"Residencial; actividad productiva.","url":"http://www.observatoriourbano.cl/Ipt/cehu_resultado_decreto.asp?r=0&c=193&i=25"},"geometry":{"type":"Polygon","coordinates":[[[-70.521623,-33.410817],[-70.521702,-33.411472],[-70.522204,-33.411401],[-70.522326,-33.411391],[-70.522335,-33.411252],[-70.522197,-33.411182],[-70.522247,-33.411117],[-70.522684,-33.411186],[-70.522835,-33.411263],[-70.523088,-33.411353],[-70.52356,-33.411491],[-70.523565,-33.411519],[-70.52384,-33.411616],[-70.523946,-33.411622],[-70.524006,-33.411593],[-70.524069,-33.411531],[-70.524101,-33.411448],[-70.524099,-33.411337],[-70.524076,-33.411252],[-70.524063,-33.410983],[-70.524041,-33.410908],[-70.523883,-33.410678],[-70.523872,-33.410553],[-70.523867,-33.410478],[-70.523792,-33.410389],[-70.523732,-33.410322],[-70.523607,-33.410302],[-70.523393,-33.410236],[-70.523362,-33.410205],[-70.523276,-33.410152],[-70.523228,-33.410056],[-70.523149,-33.409946],[-70.52308,-33.409907],[-70.522951,-33.409862],[-70.522882,-33.40982],[-70.522717,-33.409668],[-70.522562,-33.409563],[-70.522467,-33.409528],[-70.522317,-33.409498],[-70.522008,-33.409405],[-70.521911,-33.409678],[-70.521663,-33.410401],[-70.521625,-33.410637],[-70.521623,-33.410817]]]}},{"type":"Feature","properties":{"zona":"UEe1/Ee1","nombre":"UEe1/Ee1 Zona Especial 1 Equipamientos Intercomunales y Comunal/ Edificación Especial N°1, Equipamientos","upref":"Equipamiento","uperm":"Equipamiento de todo tipo.","uproh":"Residencial; actividad productiva.","url":"http://www.observatoriourbano.cl/Ipt/cehu_resultado_decreto.asp?r=0&c=193&i=25"},"geometry":{"type":"Polygon","coordinates":[[[-70.520135,-33.401443],[-70.520243,-33.402825],[-70.521965,-33.402675],[-70.52183,-33.401448],[-70.521773,-33.401454],[-70.521391,-33.401466],[-70.520857,-33.401466],[-70.520537,-33.401431],[-70.520414,-33.401429],[-70.520292,-33.401427],[-70.520135,-33.401443]]]}},{"type":"Feature","properties":{"zona":"UV/EAb4","nombre":"UV/EAb4 Zona de Uso de Suelo de Vivienda/ Edificación Aislada Baja Nº4","upref":"Residencial","uperm":"Residencial.","uproh":"Equipamiento; actividad productiva; infraestructura; espacio público y áreas verdes.","url":"http://www.observatoriourbano.cl/Ipt/cehu_resultado_decreto.asp?r=0&c=193&i=25"},"geometry":{"type":"Polygon","coordinates":[[[-70.502147,-33.40492],[-70.50221,-33.40544],[-70.504252,-33.404709],[-70.504504,-33.404071],[-70.504569,-33.403905],[-70.504832,-33.403209],[-70.505021,-33.402702],[-70.505075,-33.402571],[-70.505131,-33.40247],[-70.505191,-33.402378],[-70.505273,-33.402272],[-70.50538,-33.402158],[-70.505508,-33.402043],[-70.50562,-33.401959],[-70.505744,-33.40187],[-70.505805,-33.401821],[-70.505913,-33.401714],[-70.505968,-33.401653],[-70.506007,-33.401605],[-70.506077,-33.401509],[-70.506109,-33.40146],[-70.506136,-33.401416],[-70.506168,-33.401352],[-70.506044,-33.401428],[-70.505786,-33.401554],[-70.505546,-33.401669],[-70.505431,-33.401722],[-70.50526,-33.401794],[-70.505142,-33.401838],[-70.504974,-33.40189],[-70.504784,-33.401942],[-70.504483,-33.40201],[-70.504062,-33.402088],[-70.503532,-33.402186],[-70.502999,-33.402293],[-70.501576,-33.402579],[-70.501747,-33.403169],[-70.501947,-33.403873],[-70.502147,-33.40492]]]}},{"type":"Feature","properties":{"zona":"UM/EAb4","nombre":"UM/EAb4 Zona de Usos Comercio y Equipamiento de Escala Metropolitana Instituciones/ Edificación Aislada Baja N° 4","upref":"Equipamiento","uperm":"Equipamiento de comercio.","uproh":"Residencial; equipamiento; actividad productiva; infraestructura; espacio público y áreas verdes.","url":"http://www.observatoriourbano.cl/Ipt/cehu_resultado_decreto.asp?r=0&c=193&i=25"},"geometry":{"type":"Polygon","coordinates":[[[-70.504674,-33.394808],[-70.505353,-33.396139],[-70.505434,-33.396123],[-70.505892,-33.39604],[-70.505862,-33.395949],[-70.505569,-33.395371],[-70.505152,-33.394639],[-70.504674,-33.394808]]]}},{"type":"Feature","properties":{"zona":"UEe1/Ee1","nombre":"UEe1/Ee1 Zona Especial 1 Equipamientos Intercomunales y Comunal/ Edificación Especial N°1, Equipamientos","upref":"Equipamiento","uperm":"Equipamiento de todo tipo.","uproh":"Residencial; actividad productiva.","url":"http://www.observatoriourbano.cl/Ipt/cehu_resultado_decreto.asp?r=0&c=193&i=25"},"geometry":{"type":"Polygon","coordinates":[[[-70.504987,-33.393829],[-70.505003,-33.393843],[-70.505457,-33.393663],[-70.504646,-33.392456],[-70.504512,-33.392522],[-70.50439,-33.392567],[-70.504163,-33.392631],[-70.503965,-33.392675],[-70.503837,-33.392689],[-70.50388,-33.392753],[-70.50394,-33.392822],[-70.504308,-33.393171],[-70.504369,-33.393242],[-70.504441,-33.393293],[-70.504691,-33.393539],[-70.504987,-33.393829]]]}},{"type":"Feature","properties":{"zona":"UEe1/Ee1","nombre":"UEe1/Ee1 Zona Especial 1 Equipamientos Intercomunales y Comunal/ Edificación Especial N°1, Equipamientos","upref":"Equipamiento","uperm":"Equipamiento de todo tipo.","uproh":"Residencial; actividad productiva.","url":"http://www.observatoriourbano.cl/Ipt/cehu_resultado_decreto.asp?r=0&c=193&i=25"},"geometry":{"type":"Polygon","coordinates":[[[-70.51347,-33.39644],[-70.51364,-33.398025],[-70.514082,-33.398036],[-70.514219,-33.398048],[-70.514258,-33.397759],[-70.515044,-33.397823],[-70.515018,-33.397514],[-70.514951,-33.396867],[-70.514867,-33.396485],[-70.514192,-33.395952],[-70.513708,-33.396392],[-70.513593,-33.39643],[-70.51347,-33.39644]]]}},{"type":"Feature","properties":{"zona":"UEe1/Ee1","nombre":"UEe1/Ee1 Zona Especial 1 Equipamientos Intercomunales y Comunal/ Edificación Especial N°1, Equipamientos","upref":"Equipamiento","uperm":"Equipamiento de todo tipo.","uproh":"Residencial; actividad productiva.","url":"http://www.observatoriourbano.cl/Ipt/cehu_resultado_decreto.asp?r=0&c=193&i=25"},"geometry":{"type":"Polygon","coordinates":[[[-70.508085,-33.391534],[-70.508139,-33.391612],[-70.508217,-33.391585],[-70.508555,-33.392064],[-70.508446,-33.39212],[-70.508464,-33.392117],[-70.508478,-33.392119],[-70.508492,-33.392129],[-70.508544,-33.392205],[-70.50871,-33.392444],[-70.508762,-33.392529],[-70.508879,-33.392471],[-70.510084,-33.39188],[-70.50907,-33.390371],[-70.50903,-33.390384],[-70.508706,-33.390512],[-70.508575,-33.390578],[-70.508275,-33.390718],[-70.507984,-33.390857],[-70.50772,-33.390989],[-70.508085,-33.391534]]]}},{"type":"Feature","properties":{"zona":"UEe3/Ee3","nombre":"UEe3/Ee3 Zona Especial 3 Área de Parques","upref":"Equipamiento","uperm":"Equipamiento de esparcimiento.","uproh":"Residencial; equipamiento de comercio, culto, culto, deporte, educación, salud, seguridad, servicio y social; actividad productiva; infraestructura; espacio público y áreas verdes.","url":"http://www.observatoriourbano.cl/Ipt/cehu_resultado_decreto.asp?r=0&c=193&i=25"},"geometry":{"type":"Polygon","coordinates":[[[-70.479721,-33.364408],[-70.479338,-33.364457],[-70.478829,-33.364463],[-70.478641,-33.36445],[-70.478508,-33.364463],[-70.478101,-33.364493],[-70.477893,-33.364524],[-70.477671,-33.364537],[-70.477323,-33.364529],[-70.477235,-33.364525],[-70.477271,-33.365272],[-70.47728,-33.365468],[-70.477503,-33.365485],[-70.477557,-33.365456],[-70.477605,-33.365431],[-70.477832,-33.365346],[-70.477982,-33.365345],[-70.47814,-33.365439],[-70.478341,-33.365558],[-70.478534,-33.365651],[-70.478554,-33.365639],[-70.4788,-33.365489],[-70.478966,-33.365486],[-70.479108,-33.365605],[-70.479166,-33.365649],[-70.479203,-33.365677],[-70.479339,-33.365744],[-70.479402,-33.365763],[-70.479551,-33.365753],[-70.4797,-33.365744],[-70.479909,-33.365739],[-70.480011,-33.365792],[-70.480027,-33.365809],[-70.480079,-33.365862],[-70.480084,-33.365947],[-70.480028,-33.366086],[-70.479918,-33.366197],[-70.479813,-33.366288],[-70.479737,-33.36644],[-70.479695,-33.366522],[-70.479506,-33.36677],[-70.479245,-33.367058],[-70.479795,-33.367314],[-70.479948,-33.367386],[-70.480052,-33.367467],[-70.480194,-33.367674],[-70.480307,-33.367808],[-70.480341,-33.367886],[-70.480524,-33.367868],[-70.480643,-33.367856],[-70.480786,-33.36787],[-70.480935,-33.367896],[-70.481165,-33.367915],[-70.481273,-33.367833],[-70.481356,-33.36777],[-70.481481,-33.367699],[-70.481589,-33.367686],[-70.481844,-33.367711],[-70.481977,-33.367709],[-70.482014,-33.367708],[-70.48221,-33.36767],[-70.482422,-33.367663],[-70.482529,-33.367708],[-70.482652,-33.36778],[-70.482713,-33.367907],[-70.482751,-33.368034],[-70.482858,-33.368085],[-70.482895,-33.368104],[-70.482981,-33.368187],[-70.483072,-33.368322],[-70.483114,-33.368369],[-70.483228,-33.368553],[-70.483258,-33.36859],[-70.483811,-33.368473],[-70.483857,-33.368422],[-70.483932,-33.368338],[-70.48401,-33.36829],[-70.484144,-33.368259],[-70.484212,-33.368219],[-70.484302,-33.368169],[-70.484509,-33.368055],[-70.48453,-33.368044],[-70.484527,-33.367934],[-70.48451,-33.36789],[-70.484441,-33.367808],[-70.484444,-33.367676],[-70.484504,-33.36759],[-70.484548,-33.367324],[-70.484536,-33.366943],[-70.484533,-33.366854],[-70.48456,-33.366787],[-70.484705,-33.366854],[-70.484858,-33.366962],[-70.484995,-33.367103],[-70.485215,-33.367529],[-70.48543,-33.36768],[-70.485547,-33.367775],[-70.485671,-33.367912],[-70.485837,-33.368113],[-70.485855,-33.368602],[-70.486239,-33.368539],[-70.486324,-33.368526],[-70.48644,-33.368525],[-70.486646,-33.368523],[-70.486671,-33.368497],[-70.486745,-33.368419],[-70.48685,-33.368337],[-70.486965,-33.368292],[-70.487269,-33.368068],[-70.487382,-33.368032],[-70.487793,-33.36812],[-70.487875,-33.368121],[-70.48819,-33.368124],[-70.48823,-33.368],[-70.488267,-33.367887],[-70.488347,-33.367752],[-70.488429,-33.367714],[-70.488553,-33.367732],[-70.488648,-33.367774],[-70.488698,-33.367797],[-70.488838,-33.36783],[-70.488934,-33.367801],[-70.489001,-33.367781],[-70.489231,-33.367712],[-70.489356,-33.36764],[-70.489661,-33.367531],[-70.489854,-33.367448],[-70.49003,-33.367427],[-70.490354,-33.367403],[-70.490485,-33.367314],[-70.490492,-33.367294],[-70.490877,-33.367302],[-70.490727,-33.367398],[-70.490507,-33.367408],[-70.490406,-33.367584],[-70.490349,-33.367637],[-70.490112,-33.367761],[-70.4899,-33.367853],[-70.489899,-33.368043],[-70.489866,-33.368073],[-70.489652,-33.368314],[-70.489696,-33.368388],[-70.489691,-33.368521],[-70.48979,-33.368659],[-70.489839,-33.368748],[-70.490004,-33.368861],[-70.490007,-33.36888],[-70.490014,-33.368923],[-70.489831,-33.369028],[-70.489739,-33.369105],[-70.489626,-33.369199],[-70.489479,-33.369307],[-70.489286,-33.369411],[-70.489173,-33.36949],[-70.489032,-33.369564],[-70.488984,-33.369566],[-70.488931,-33.369567],[-70.488886,-33.369594],[-70.48889,-33.36967],[-70.488893,-33.369725],[-70.488875,-33.369775],[-70.488739,-33.369786],[-70.488605,-33.369744],[-70.488572,-33.369755],[-70.488503,-33.36978],[-70.488483,-33.369882],[-70.488444,-33.369977],[-70.488466,-33.369987],[-70.488511,-33.370007],[-70.488532,-33.370052],[-70.488524,-33.370086],[-70.48844,-33.370255],[-70.488624,-33.370257],[-70.488871,-33.370254],[-70.488886,-33.370687],[-70.488843,-33.370895],[-70.488798,-33.370949],[-70.488741,-33.370998],[-70.488715,-33.371093],[-70.488617,-33.371177],[-70.488556,-33.371208],[-70.488495,-33.371238],[-70.488489,-33.37127],[-70.488633,-33.371298],[-70.488794,-33.371321],[-70.488968,-33.371326],[-70.489198,-33.371538],[-70.489425,-33.3717],[-70.489725,-33.371819],[-70.490006,-33.371879],[-70.490071,-33.371893],[-70.490066,-33.371931],[-70.489883,-33.371975],[-70.489641,-33.372032],[-70.489511,-33.372137],[-70.489265,-33.372144],[-70.489112,-33.372236],[-70.488798,-33.372254],[-70.488565,-33.372322],[-70.488429,-33.372342],[-70.488118,-33.372432],[-70.487936,-33.372453],[-70.487212,-33.372669],[-70.487016,-33.372762],[-70.486913,-33.372833],[-70.486826,-33.372879],[-70.486613,-33.372944],[-70.486424,-33.373008],[-70.486319,-33.372995],[-70.486255,-33.372954],[-70.486106,-33.372861],[-70.485954,-33.372923],[-70.485975,-33.373037],[-70.485991,-33.373087],[-70.485899,-33.373316],[-70.48584,-33.373365],[-70.485615,-33.373428],[-70.48545,-33.373588],[-70.485326,-33.373649],[-70.485338,-33.373682],[-70.485385,-33.373757],[-70.485383,-33.373849],[-70.485478,-33.373902],[-70.485745,-33.374035],[-70.485904,-33.374198],[-70.486069,-33.374344],[-70.486238,-33.374421],[-70.486382,-33.374385],[-70.486459,-33.37442],[-70.486599,-33.374591],[-70.486677,-33.374647],[-70.486791,-33.374657],[-70.486919,-33.374639],[-70.487032,-33.374623],[-70.487155,-33.374641],[-70.487229,-33.374678],[-70.487355,-33.37474],[-70.487337,-33.374849],[-70.487453,-33.37498],[-70.487486,-33.37506],[-70.487441,-33.375606],[-70.487387,-33.375785],[-70.487405,-33.376039],[-70.487361,-33.376257],[-70.487416,-33.376485],[-70.487469,-33.37656],[-70.487596,-33.37647],[-70.487663,-33.376422],[-70.487828,-33.376377],[-70.488071,-33.376363],[-70.488455,-33.376401],[-70.488795,-33.376304],[-70.488614,-33.376707],[-70.488403,-33.377083],[-70.488465,-33.377454],[-70.488875,-33.37747],[-70.489047,-33.37753],[-70.489254,-33.377716],[-70.489446,-33.377911],[-70.489701,-33.377851],[-70.489942,-33.377722],[-70.490253,-33.377718],[-70.490316,-33.377747],[-70.490631,-33.37785],[-70.490675,-33.377913],[-70.490718,-33.377975],[-70.490765,-33.377974],[-70.490884,-33.377906],[-70.491115,-33.377741],[-70.491183,-33.377764],[-70.491394,-33.377838],[-70.491486,-33.377798],[-70.491602,-33.377756],[-70.491707,-33.377687],[-70.491843,-33.377628],[-70.492165,-33.377531],[-70.492283,-33.377571],[-70.492417,-33.377617],[-70.492528,-33.377787],[-70.492498,-33.37788],[-70.492175,-33.378129],[-70.492035,-33.37817],[-70.491917,-33.378291],[-70.491664,-33.378431],[-70.491478,-33.37851],[-70.491196,-33.378749],[-70.491092,-33.378911],[-70.491121,-33.378617],[-70.490904,-33.37887],[-70.490944,-33.37922],[-70.491136,-33.379504],[-70.49154,-33.379642],[-70.491613,-33.379687],[-70.491749,-33.379866],[-70.491954,-33.379911],[-70.492291,-33.379977],[-70.492524,-33.380066],[-70.492693,-33.380209],[-70.492946,-33.380314],[-70.493054,-33.380373],[-70.493057,-33.380441],[-70.493066,-33.380637],[-70.493041,-33.380689],[-70.492919,-33.380936],[-70.492611,-33.381398],[-70.492444,-33.381629],[-70.492286,-33.381846],[-70.492124,-33.381905],[-70.492002,-33.381949],[-70.491701,-33.382129],[-70.491566,-33.382217],[-70.491396,-33.382214],[-70.491313,-33.382191],[-70.49126,-33.382287],[-70.491206,-33.382386],[-70.491049,-33.382452],[-70.490958,-33.382463],[-70.490849,-33.382476],[-70.490842,-33.382555],[-70.490746,-33.382678],[-70.490653,-33.382753],[-70.490302,-33.382628],[-70.49035,-33.382943],[-70.490356,-33.383272],[-70.49019,-33.383378],[-70.490115,-33.383483],[-70.489947,-33.383593],[-70.48971,-33.383721],[-70.489607,-33.383722],[-70.489274,-33.383923],[-70.489159,-33.383927],[-70.489099,-33.383929],[-70.48914,-33.383961],[-70.489224,-33.383999],[-70.489196,-33.384114],[-70.489074,-33.384213],[-70.488977,-33.384292],[-70.489101,-33.384272],[-70.489266,-33.384199],[-70.489379,-33.384093],[-70.489591,-33.384005],[-70.48974,-33.384021],[-70.489844,-33.384091],[-70.489847,-33.384249],[-70.489814,-33.384571],[-70.489746,-33.384738],[-70.489727,-33.384911],[-70.489621,-33.385043],[-70.48944,-33.3851],[-70.489307,-33.385179],[-70.48939,-33.385158],[-70.489513,-33.385169],[-70.489484,-33.38522],[-70.489395,-33.385289],[-70.489284,-33.385279],[-70.489256,-33.385311],[-70.489204,-33.385338],[-70.489218,-33.385395],[-70.489251,-33.385358],[-70.489358,-33.38535],[-70.489532,-33.385312],[-70.489766,-33.385233],[-70.489848,-33.385249],[-70.489988,-33.385424],[-70.489991,-33.385579],[-70.490028,-33.385729],[-70.490147,-33.38585],[-70.490347,-33.386122],[-70.490541,-33.386422],[-70.490565,-33.386517],[-70.490605,-33.386572],[-70.490735,-33.38674],[-70.49074,-33.3869],[-70.490926,-33.387075],[-70.49102,-33.387208],[-70.491038,-33.387243],[-70.491051,-33.387393],[-70.491144,-33.387455],[-70.491171,-33.387507],[-70.491345,-33.387705],[-70.49146,-33.387987],[-70.49146,-33.388123],[-70.491417,-33.388158],[-70.491488,-33.388211],[-70.491511,-33.388306],[-70.491567,-33.388385],[-70.491657,-33.388446],[-70.491683,-33.388501],[-70.491709,-33.388766],[-70.491622,-33.388825],[-70.491605,-33.388904],[-70.491631,-33.388983],[-70.491678,-33.389025],[-70.491675,-33.389092],[-70.491671,-33.38919],[-70.491626,-33.389224],[-70.4915,-33.389277],[-70.491286,-33.389259],[-70.491369,-33.389329],[-70.491502,-33.389381],[-70.49163,-33.389403],[-70.491653,-33.389445],[-70.491663,-33.389531],[-70.491664,-33.389616],[-70.491548,-33.389724],[-70.491633,-33.389813],[-70.491664,-33.389909],[-70.491596,-33.389986],[-70.491636,-33.390045],[-70.491689,-33.39014],[-70.491687,-33.390278],[-70.49168,-33.390352],[-70.491604,-33.390417],[-70.491588,-33.390444],[-70.491568,-33.390475],[-70.49165,-33.390481],[-70.491716,-33.390485],[-70.491741,-33.390534],[-70.491706,-33.39056],[-70.491756,-33.39058],[-70.491788,-33.390617],[-70.491805,-33.390637],[-70.491818,-33.390742],[-70.491773,-33.390757],[-70.491777,-33.39082],[-70.491711,-33.39085],[-70.491618,-33.390891],[-70.49152,-33.390996],[-70.491469,-33.391057],[-70.491571,-33.391056],[-70.491657,-33.391006],[-70.491757,-33.390985],[-70.491854,-33.391021],[-70.492071,-33.39124],[-70.492382,-33.391458],[-70.492675,-33.391648],[-70.492681,-33.39202],[-70.492538,-33.392645],[-70.492509,-33.392902],[-70.492507,-33.393173],[-70.492547,-33.393423],[-70.49259,-33.393573],[-70.492592,-33.393592],[-70.492584,-33.393804],[-70.492671,-33.393851],[-70.492754,-33.393924],[-70.492779,-33.394046],[-70.492707,-33.394112],[-70.492825,-33.394187],[-70.492915,-33.394264],[-70.492947,-33.39432],[-70.492973,-33.394364],[-70.493007,-33.394465],[-70.492972,-33.394536],[-70.493015,-33.394638],[-70.493059,-33.394743],[-70.493185,-33.394913],[-70.493297,-33.395008],[-70.493427,-33.395082],[-70.493582,-33.395241],[-70.493634,-33.395337],[-70.493951,-33.395773],[-70.494095,-33.395943],[-70.494198,-33.396251],[-70.494355,-33.396524],[-70.494496,-33.396763],[-70.494608,-33.396943],[-70.49467,-33.396997],[-70.494678,-33.397024],[-70.494647,-33.397047],[-70.49462,-33.397078],[-70.494652,-33.397118],[-70.494699,-33.397119],[-70.494786,-33.397122],[-70.494864,-33.397251],[-70.494944,-33.397348],[-70.495051,-33.397434],[-70.495204,-33.397462],[-70.495284,-33.397444],[-70.495332,-33.397412],[-70.495412,-33.397404],[-70.495505,-33.397493],[-70.495628,-33.3976],[-70.495692,-33.397607],[-70.495869,-33.397773],[-70.496081,-33.3982],[-70.49636,-33.39854],[-70.496672,-33.398823],[-70.496911,-33.399285],[-70.496966,-33.399647],[-70.496795,-33.399727],[-70.496645,-33.39968],[-70.49654,-33.39967],[-70.496424,-33.399672],[-70.496279,-33.399729],[-70.496196,-33.399774],[-70.496146,-33.399898],[-70.496103,-33.399968],[-70.496102,-33.400015],[-70.496225,-33.400016],[-70.496294,-33.399999],[-70.496386,-33.399978],[-70.496489,-33.399976],[-70.496671,-33.400024],[-70.496825,-33.400066],[-70.496983,-33.400276],[-70.496978,-33.400332],[-70.496988,-33.400838],[-70.496988,-33.400921],[-70.497056,-33.400926],[-70.497043,-33.400981],[-70.49702,-33.401132],[-70.496988,-33.401157],[-70.496931,-33.401225],[-70.496921,-33.401307],[-70.496958,-33.40132],[-70.497064,-33.401277],[-70.497142,-33.401295],[-70.497225,-33.401342],[-70.497225,-33.401391],[-70.497139,-33.401427],[-70.497021,-33.401457],[-70.496898,-33.401526],[-70.496813,-33.40162],[-70.496753,-33.40168],[-70.496762,-33.401851],[-70.496805,-33.401866],[-70.496819,-33.401845],[-70.496827,-33.401798],[-70.496896,-33.40171],[-70.497,-33.401657],[-70.497384,-33.40165],[-70.497421,-33.401682],[-70.497417,-33.401733],[-70.497394,-33.401774],[-70.497446,-33.401819],[-70.497479,-33.401839],[-70.497527,-33.401868],[-70.497559,-33.401913],[-70.497532,-33.40197],[-70.497513,-33.402055],[-70.49755,-33.402187],[-70.497625,-33.402268],[-70.497744,-33.402368],[-70.497827,-33.402481],[-70.498135,-33.403021],[-70.498209,-33.40335],[-70.498776,-33.404028],[-70.498797,-33.404266],[-70.498898,-33.404673],[-70.49913,-33.405002],[-70.499323,-33.40557],[-70.499421,-33.405826],[-70.499283,-33.406207],[-70.499118,-33.406575],[-70.499257,-33.406723],[-70.499161,-33.407047],[-70.498983,-33.40765],[-70.499026,-33.408143],[-70.498918,-33.408331],[-70.498578,-33.408428],[-70.498144,-33.408462],[-70.498334,-33.408617],[-70.498535,-33.408636],[-70.498779,-33.408764],[-70.499058,-33.409016],[-70.499392,-33.409098],[-70.499506,-33.409247],[-70.499255,-33.409551],[-70.499502,-33.409562],[-70.499738,-33.409522],[-70.499777,-33.409623],[-70.500015,-33.410079],[-70.500107,-33.410457],[-70.499941,-33.410731],[-70.500257,-33.410739],[-70.500487,-33.410849],[-70.501306,-33.411346],[-70.501701,-33.411556],[-70.501918,-33.411775],[-70.502234,-33.412078],[-70.502691,-33.412308],[-70.503408,-33.412786],[-70.504131,-33.413448],[-70.504591,-33.414125],[-70.504807,-33.414734],[-70.504818,-33.415361],[-70.504637,-33.415847],[-70.504421,-33.416179],[-70.503957,-33.416493],[-70.503108,-33.416732],[-70.502453,-33.416919],[-70.501729,-33.416985],[-70.501067,-33.417222],[-70.500866,-33.417432],[-70.501195,-33.41744],[-70.501334,-33.417376],[-70.501523,-33.417407],[-70.501695,-33.417481],[-70.50207,-33.417457],[-70.502642,-33.417637],[-70.502875,-33.417591],[-70.503155,-33.417702],[-70.503323,-33.417829],[-70.503462,-33.417985],[-70.503834,-33.418095],[-70.503987,-33.41805],[-70.504214,-33.418061],[-70.504291,-33.418213],[-70.504476,-33.418407],[-70.504665,-33.418428],[-70.504933,-33.418473],[-70.505139,-33.418532],[-70.505472,-33.4187],[-70.505668,-33.418865],[-70.505779,-33.419002],[-70.506007,-33.41907],[-70.506338,-33.419124],[-70.506585,-33.41924],[-70.506667,-33.419354],[-70.507024,-33.419593],[-70.507193,-33.419519],[-70.507463,-33.419673],[-70.508322,-33.419629],[-70.508474,-33.419561],[-70.508586,-33.419454],[-70.508584,-33.419302],[-70.50873,-33.419209],[-70.508836,-33.419069],[-70.508897,-33.418997],[-70.508993,-33.418972],[-70.509066,-33.418876],[-70.509488,-33.418923],[-70.509767,-33.418963],[-70.509903,-33.418918],[-70.510056,-33.418833],[-70.510159,-33.418719],[-70.510194,-33.418659],[-70.510207,-33.418626],[-70.510303,-33.418625],[-70.510488,-33.418605],[-70.510587,-33.418565],[-70.510724,-33.418479],[-70.510793,-33.41838],[-70.510802,-33.418246],[-70.510841,-33.418066],[-70.510916,-33.418051],[-70.511146,-33.41797],[-70.511279,-33.417897],[-70.511379,-33.417908],[-70.511517,-33.417873],[-70.511739,-33.417721],[-70.511752,-33.417683],[-70.511924,-33.417504],[-70.511936,-33.417418],[-70.512046,-33.417387],[-70.512226,-33.417289],[-70.512341,-33.417183],[-70.512435,-33.417236],[-70.512397,-33.417311],[-70.512395,-33.417424],[-70.512373,-33.417553],[-70.512361,-33.417684],[-70.51233,-33.417783],[-70.512176,-33.417925],[-70.512117,-33.418212],[-70.512222,-33.418318],[-70.512193,-33.418488],[-70.512099,-33.418782],[-70.512089,-33.418972],[-70.512094,-33.419069],[-70.511937,-33.419103],[-70.511812,-33.419128],[-70.511555,-33.419263],[-70.511322,-33.419475],[-70.511242,-33.419579],[-70.511291,-33.419678],[-70.511328,-33.419674],[-70.511393,-33.419646],[-70.511897,-33.41944],[-70.512703,-33.418661],[-70.512771,-33.418198],[-70.512697,-33.418117],[-70.513008,-33.417809],[-70.512908,-33.417706],[-70.512929,-33.417448],[-70.513,-33.417333],[-70.513154,-33.417145],[-70.513267,-33.416986],[-70.513299,-33.416849],[-70.51328,-33.416753],[-70.513273,-33.416621],[-70.513438,-33.416497],[-70.513444,-33.416357],[-70.51349,-33.416299],[-70.513518,-33.416224],[-70.513881,-33.416223],[-70.514144,-33.416105],[-70.514178,-33.415883],[-70.51416,-33.415794],[-70.514094,-33.415691],[-70.514075,-33.415609],[-70.514052,-33.415487],[-70.51402,-33.41538],[-70.513972,-33.415324],[-70.51407,-33.415043],[-70.514167,-33.414974],[-70.514234,-33.414909],[-70.514374,-33.414886],[-70.514433,-33.414828],[-70.514575,-33.414808],[-70.514625,-33.414831],[-70.514725,-33.41486],[-70.514868,-33.414876],[-70.515074,-33.41485],[-70.515228,-33.414758],[-70.515334,-33.414703],[-70.515374,-33.414512],[-70.515458,-33.414445],[-70.515557,-33.41445],[-70.515677,-33.414377],[-70.515919,-33.414368],[-70.516188,-33.414311],[-70.5164,-33.414237],[-70.516528,-33.414205],[-70.516522,-33.414271],[-70.516467,-33.414397],[-70.516455,-33.414523],[-70.51648,-33.414707],[-70.516644,-33.414777],[-70.51671,-33.414883],[-70.516719,-33.414997],[-70.516638,-33.415218],[-70.516547,-33.415321],[-70.516429,-33.415459],[-70.51641,-33.415609],[-70.516307,-33.415855],[-70.516296,-33.416034],[-70.516348,-33.416146],[-70.51628,-33.416338],[-70.516296,-33.416451],[-70.516434,-33.416587],[-70.516619,-33.416738],[-70.516614,-33.416822],[-70.516718,-33.41705],[-70.516764,-33.417233],[-70.517687,-33.417555],[-70.517942,-33.417607],[-70.517725,-33.417421],[-70.517726,-33.417309],[-70.517662,-33.417231],[-70.517541,-33.417127],[-70.517475,-33.4171],[-70.51739,-33.417081],[-70.517305,-33.417078],[-70.517295,-33.417003],[-70.517242,-33.4169],[-70.517236,-33.416818],[-70.51721,-33.416786],[-70.517208,-33.416675],[-70.517185,-33.416593],[-70.517145,-33.416511],[-70.517067,-33.416408],[-70.516981,-33.416363],[-70.516886,-33.416332],[-70.516953,-33.416231],[-70.516938,-33.416134],[-70.516915,-33.416038],[-70.51685,-33.41596],[-70.51692,-33.415798],[-70.516959,-33.415608],[-70.517118,-33.415441],[-70.517224,-33.415147],[-70.517259,-33.414956],[-70.51723,-33.41476],[-70.517159,-33.414621],[-70.517089,-33.414504],[-70.517016,-33.414469],[-70.51709,-33.414311],[-70.517123,-33.414224],[-70.517121,-33.414103],[-70.517506,-33.413948],[-70.517566,-33.413943],[-70.517669,-33.413971],[-70.517709,-33.414056],[-70.517982,-33.414085],[-70.518084,-33.414037],[-70.518242,-33.414043],[-70.518423,-33.413919],[-70.518561,-33.41372],[-70.518587,-33.413784],[-70.518701,-33.413912],[-70.518791,-33.413928],[-70.518975,-33.413951],[-70.519203,-33.413823],[-70.519219,-33.413773],[-70.519253,-33.413747],[-70.519415,-33.413749],[-70.519548,-33.41379],[-70.519714,-33.413788],[-70.519885,-33.413815],[-70.520131,-33.413719],[-70.520181,-33.413621],[-70.520248,-33.41356],[-70.520422,-33.413479],[-70.520625,-33.413461],[-70.520857,-33.413506],[-70.520964,-33.413516],[-70.521658,-33.413517],[-70.521847,-33.413574],[-70.522184,-33.413722],[-70.522425,-33.413886],[-70.522601,-33.413983],[-70.52278,-33.414025],[-70.522972,-33.414008],[-70.523118,-33.414042],[-70.523255,-33.414133],[-70.523601,-33.414203],[-70.523981,-33.414368],[-70.524156,-33.414423],[-70.524502,-33.414481],[-70.524645,-33.414491],[-70.524786,-33.414466],[-70.52489,-33.414494],[-70.525108,-33.414539],[-70.525303,-33.41451],[-70.525523,-33.41451],[-70.525895,-33.414598],[-70.526012,-33.414591],[-70.526021,-33.41468],[-70.526183,-33.414821],[-70.526491,-33.414898],[-70.526863,-33.415019],[-70.526996,-33.415098],[-70.527174,-33.415137],[-70.527369,-33.415108],[-70.527825,-33.415126],[-70.528093,-33.415227],[-70.528223,-33.415342],[-70.528345,-33.415376],[-70.528698,-33.415643],[-70.529028,-33.41578],[-70.529328,-33.415874],[-70.529553,-33.415889],[-70.529554,-33.41586],[-70.529558,-33.415685],[-70.529565,-33.415447],[-70.529365,-33.415416],[-70.529101,-33.415309],[-70.528894,-33.415173],[-70.528709,-33.415018],[-70.528555,-33.414963],[-70.528313,-33.414823],[-70.528061,-33.414716],[-70.527866,-33.414661],[-70.527707,-33.414663],[-70.527491,-33.414651],[-70.527212,-33.41465],[-70.526805,-33.414502],[-70.526536,-33.414429],[-70.526523,-33.414286],[-70.52647,-33.414234],[-70.526463,-33.414139],[-70.526433,-33.414058],[-70.526335,-33.413974],[-70.526243,-33.413917],[-70.526178,-33.413775],[-70.52609,-33.413633],[-70.526124,-33.413478],[-70.526094,-33.413449],[-70.525932,-33.413219],[-70.525811,-33.413011],[-70.525631,-33.412657],[-70.525377,-33.412148],[-70.524497,-33.412155],[-70.524508,-33.412222],[-70.524518,-33.412246],[-70.524535,-33.412281],[-70.524856,-33.412853],[-70.524886,-33.412917],[-70.525031,-33.412935],[-70.52513,-33.413106],[-70.525216,-33.413128],[-70.525257,-33.41319],[-70.525238,-33.413419],[-70.52528,-33.4135],[-70.525493,-33.413674],[-70.525593,-33.413854],[-70.525687,-33.41401],[-70.525694,-33.414082],[-70.525557,-33.414055],[-70.52525,-33.414059],[-70.525176,-33.414088],[-70.524959,-33.414029],[-70.524788,-33.414016],[-70.524674,-33.414037],[-70.524509,-33.414034],[-70.524349,-33.413988],[-70.524223,-33.413947],[-70.523839,-33.413799],[-70.523513,-33.413708],[-70.523375,-33.4136],[-70.523227,-33.413578],[-70.523016,-33.413561],[-70.522828,-33.413568],[-70.522747,-33.413502],[-70.522569,-33.413404],[-70.522506,-33.413348],[-70.522402,-33.413297],[-70.522052,-33.413134],[-70.521939,-33.41313],[-70.521795,-33.413056],[-70.520936,-33.413057],[-70.520656,-33.412998],[-70.520332,-33.41304],[-70.52007,-33.413034],[-70.519981,-33.413159],[-70.51984,-33.413233],[-70.519745,-33.41331],[-70.519563,-33.413312],[-70.51946,-33.413285],[-70.519329,-33.413277],[-70.519147,-33.413298],[-70.518966,-33.413348],[-70.518897,-33.413282],[-70.518668,-33.413223],[-70.518351,-33.413298],[-70.518153,-33.413406],[-70.518075,-33.413493],[-70.518014,-33.413579],[-70.517848,-33.41351],[-70.517746,-33.413511],[-70.517654,-33.413465],[-70.517449,-33.413477],[-70.517138,-33.413604],[-70.516935,-33.413683],[-70.516576,-33.413688],[-70.515931,-33.413906],[-70.515755,-33.413917],[-70.51563,-33.413943],[-70.5155,-33.413939],[-70.515381,-33.413998],[-70.515267,-33.41399],[-70.51519,-33.413838],[-70.515093,-33.413787],[-70.515046,-33.413687],[-70.514885,-33.413637],[-70.514686,-33.41362],[-70.514693,-33.413725],[-70.514597,-33.413764],[-70.514504,-33.41366],[-70.514314,-33.413515],[-70.514038,-33.413323],[-70.513425,-33.413096],[-70.513242,-33.413046],[-70.513076,-33.412981],[-70.512743,-33.412724],[-70.51262,-33.412629],[-70.512169,-33.412544],[-70.510873,-33.412283],[-70.50988,-33.412113],[-70.50915,-33.412027],[-70.508728,-33.411999],[-70.507805,-33.411924],[-70.507309,-33.411839],[-70.506662,-33.411656],[-70.50606,-33.411368],[-70.505968,-33.411289],[-70.505846,-33.411184],[-70.505544,-33.410796],[-70.505417,-33.410717],[-70.504953,-33.410527],[-70.504661,-33.410406],[-70.504449,-33.410342],[-70.503701,-33.410203],[-70.502847,-33.410058],[-70.502719,-33.409868],[-70.502812,-33.409867],[-70.502908,-33.409851],[-70.503028,-33.409804],[-70.503119,-33.409753],[-70.503208,-33.409752],[-70.503305,-33.409786],[-70.503575,-33.409783],[-70.503721,-33.409784],[-70.503812,-33.409902],[-70.503865,-33.409902],[-70.50393,-33.409967],[-70.504022,-33.410013],[-70.504211,-33.410078],[-70.504331,-33.410086],[-70.504573,-33.410283],[-70.504717,-33.410363],[-70.50495,-33.410374],[-70.505157,-33.410467],[-70.505334,-33.410503],[-70.505488,-33.410506],[-70.505612,-33.410457],[-70.505708,-33.410408],[-70.50584,-33.410459],[-70.505976,-33.410471],[-70.506058,-33.410561],[-70.50614,-33.410602],[-70.506224,-33.410645],[-70.506418,-33.410647],[-70.506469,-33.410666],[-70.506571,-33.410631],[-70.50677,-33.410614],[-70.507219,-33.410609],[-70.507408,-33.41065],[-70.507562,-33.410672],[-70.507943,-33.410658],[-70.508098,-33.410742],[-70.508206,-33.410769],[-70.508303,-33.410758],[-70.508412,-33.410785],[-70.50872,-33.410853],[-70.508811,-33.410852],[-70.508924,-33.410822],[-70.509061,-33.410825],[-70.509181,-33.410867],[-70.509405,-33.410964],[-70.509612,-33.411095],[-70.50967,-33.411171],[-70.509831,-33.411269],[-70.510015,-33.411353],[-70.510078,-33.411386],[-70.510175,-33.411432],[-70.510309,-33.411516],[-70.510443,-33.411576],[-70.51069,-33.411594],[-70.510781,-33.411647],[-70.511025,-33.411708],[-70.511077,-33.41175],[-70.511227,-33.411802],[-70.51136,-33.411815],[-70.511438,-33.411871],[-70.511579,-33.411884],[-70.511639,-33.41193],[-70.511863,-33.412002],[-70.513103,-33.412226],[-70.513351,-33.411882],[-70.51339,-33.411827],[-70.511996,-33.411564],[-70.511841,-33.411494],[-70.511725,-33.41146],[-70.511631,-33.411425],[-70.511498,-33.411377],[-70.511374,-33.411364],[-70.511304,-33.411315],[-70.511184,-33.411266],[-70.51103,-33.411239],[-70.510875,-33.411159],[-70.510776,-33.411142],[-70.510627,-33.411133],[-70.510541,-33.411077],[-70.510416,-33.411028],[-70.510334,-33.410972],[-70.510154,-33.410913],[-70.510106,-33.410882],[-70.510063,-33.410836],[-70.509946,-33.410741],[-70.509795,-33.410639],[-70.509562,-33.410523],[-70.509257,-33.410406],[-70.509093,-33.410368],[-70.509009,-33.410353],[-70.508876,-33.410357],[-70.508784,-33.410382],[-70.50873,-33.410335],[-70.508577,-33.410334],[-70.508491,-33.410308],[-70.508324,-33.410304],[-70.508124,-33.410229],[-70.508,-33.410216],[-70.507839,-33.41021],[-70.507642,-33.410201],[-70.50727,-33.410179],[-70.507115,-33.410171],[-70.506997,-33.410165],[-70.506951,-33.410163],[-70.506632,-33.410182],[-70.506408,-33.410194],[-70.506335,-33.410113],[-70.506247,-33.410035],[-70.506139,-33.409998],[-70.505997,-33.410014],[-70.505854,-33.409987],[-70.505609,-33.409952],[-70.505467,-33.409972],[-70.505354,-33.410026],[-70.505051,-33.409915],[-70.504885,-33.409903],[-70.504597,-33.409673],[-70.504443,-33.409641],[-70.5043,-33.409609],[-70.504201,-33.409553],[-70.504107,-33.409447],[-70.504002,-33.409386],[-70.503745,-33.409305],[-70.503631,-33.409319],[-70.5034,-33.409327],[-70.503151,-33.40928],[-70.502913,-33.409339],[-70.502789,-33.409374],[-70.502671,-33.409301],[-70.502535,-33.409257],[-70.502459,-33.409208],[-70.502366,-33.409131],[-70.502247,-33.409085],[-70.502178,-33.409062],[-70.50209,-33.40893],[-70.501863,-33.408551],[-70.501859,-33.408343],[-70.502106,-33.407316],[-70.502198,-33.406767],[-70.502241,-33.406246],[-70.50221,-33.40544],[-70.502147,-33.40492],[-70.501947,-33.403873],[-70.501747,-33.403169],[-70.501576,-33.402579],[-70.50152,-33.402164],[-70.50149,-33.401723],[-70.501386,-33.400869],[-70.501428,-33.400826],[-70.501428,-33.400825],[-70.50152,-33.400737],[-70.501679,-33.400763],[-70.50181,-33.400767],[-70.50201,-33.400807],[-70.502102,-33.400844],[-70.502313,-33.40087],[-70.50246,-33.400849],[-70.502668,-33.401],[-70.503029,-33.401181],[-70.503143,-33.401194],[-70.503207,-33.40127],[-70.503311,-33.401335],[-70.503448,-33.401377],[-70.503552,-33.40149],[-70.503668,-33.401574],[-70.50389,-33.401581],[-70.503981,-33.401585],[-70.504089,-33.401617],[-70.504165,-33.401721],[-70.504303,-33.401801],[-70.504508,-33.401812],[-70.504666,-33.401744],[-70.504792,-33.401776],[-70.504985,-33.401745],[-70.505155,-33.401728],[-70.505433,-33.401653],[-70.506168,-33.401352],[-70.506337,-33.401268],[-70.506478,-33.401226],[-70.506664,-33.401172],[-70.506806,-33.40115],[-70.506943,-33.401135],[-70.50739,-33.401143],[-70.507565,-33.401151],[-70.507667,-33.401216],[-70.507816,-33.401257],[-70.507992,-33.40125],[-70.50814,-33.401176],[-70.508437,-33.401188],[-70.508664,-33.401304],[-70.508655,-33.401404],[-70.508696,-33.401518],[-70.508778,-33.401617],[-70.508898,-33.401664],[-70.509047,-33.401695],[-70.509144,-33.401742],[-70.509253,-33.401764],[-70.509384,-33.401777],[-70.509632,-33.401904],[-70.509677,-33.401835],[-70.509711,-33.401799],[-70.509747,-33.401762],[-70.509791,-33.401727],[-70.509952,-33.401641],[-70.510041,-33.401584],[-70.509957,-33.40151],[-70.509691,-33.401382],[-70.509507,-33.401325],[-70.509344,-33.401298],[-70.509185,-33.401243],[-70.509153,-33.401096],[-70.508932,-33.400913],[-70.508739,-33.400826],[-70.508519,-33.400732],[-70.508352,-33.400705],[-70.508148,-33.400736],[-70.507982,-33.400745],[-70.507872,-33.400779],[-70.507768,-33.400712],[-70.507579,-33.400621],[-70.507301,-33.400603],[-70.507203,-33.400612],[-70.50711,-33.400641],[-70.506917,-33.400622],[-70.506734,-33.400628],[-70.506388,-33.400751],[-70.506221,-33.40081],[-70.506055,-33.40088],[-70.505861,-33.400989],[-70.505759,-33.400998],[-70.505589,-33.401043],[-70.505452,-33.401034],[-70.505337,-33.401064],[-70.505237,-33.401158],[-70.50517,-33.401252],[-70.505072,-33.401275],[-70.504931,-33.401273],[-70.504808,-33.401303],[-70.504701,-33.40129],[-70.504518,-33.401317],[-70.504436,-33.401239],[-70.50429,-33.401198],[-70.504213,-33.401185],[-70.504092,-33.401125],[-70.503883,-33.401106],[-70.503826,-33.401028],[-70.503714,-33.400958],[-70.503594,-33.400927],[-70.503516,-33.400846],[-70.503373,-33.400758],[-70.503258,-33.40072],[-70.503142,-33.4007],[-70.503022,-33.400644],[-70.502836,-33.400518],[-70.502728,-33.40044],[-70.502595,-33.400396],[-70.502403,-33.400398],[-70.502253,-33.400392],[-70.502163,-33.400354],[-70.502018,-33.400338],[-70.50194,-33.400296],[-70.501774,-33.400298],[-70.501628,-33.400282],[-70.501449,-33.400273],[-70.501334,-33.400312],[-70.501319,-33.400318],[-70.501293,-33.400107],[-70.501217,-33.399749],[-70.501092,-33.399429],[-70.500963,-33.399099],[-70.500817,-33.398783],[-70.500719,-33.39857],[-70.500432,-33.398012],[-70.500199,-33.397673],[-70.499841,-33.397303],[-70.499289,-33.396775],[-70.498501,-33.396069],[-70.498194,-33.395844],[-70.497898,-33.395659],[-70.497626,-33.39549],[-70.496686,-33.394934],[-70.496125,-33.394613],[-70.495625,-33.394376],[-70.495031,-33.394105],[-70.494413,-33.393782],[-70.493936,-33.393488],[-70.493448,-33.3931],[-70.493371,-33.393008],[-70.493295,-33.392795],[-70.493269,-33.392654],[-70.493805,-33.391336],[-70.493804,-33.390266],[-70.494401,-33.390219],[-70.494712,-33.390198],[-70.494976,-33.390187],[-70.495088,-33.390211],[-70.495533,-33.390302],[-70.495875,-33.390341],[-70.496293,-33.390368],[-70.49666,-33.390353],[-70.496689,-33.390396],[-70.496994,-33.390362],[-70.497454,-33.390255],[-70.497947,-33.389993],[-70.498118,-33.390008],[-70.498309,-33.389952],[-70.498443,-33.389829],[-70.497859,-33.389526],[-70.497544,-33.389641],[-70.497247,-33.389752],[-70.496868,-33.389864],[-70.49676,-33.389886],[-70.496533,-33.389908],[-70.496391,-33.38992],[-70.496129,-33.389904],[-70.495727,-33.389873],[-70.495082,-33.389749],[-70.494593,-33.389753],[-70.494346,-33.389775],[-70.493869,-33.389813],[-70.493775,-33.389816],[-70.493786,-33.389501],[-70.493665,-33.389395],[-70.493498,-33.389139],[-70.493407,-33.388811],[-70.493382,-33.388346],[-70.493325,-33.387982],[-70.49327,-33.387739],[-70.493225,-33.387611],[-70.493522,-33.38755],[-70.49365,-33.387505],[-70.493301,-33.386565],[-70.493235,-33.386229],[-70.492909,-33.385111],[-70.49315,-33.385024],[-70.493363,-33.385004],[-70.493624,-33.384917],[-70.493744,-33.384868],[-70.49387,-33.384759],[-70.494097,-33.384703],[-70.494238,-33.384647],[-70.49458,-33.384673],[-70.49497,-33.384633],[-70.495099,-33.384691],[-70.495277,-33.384689],[-70.495413,-33.384729],[-70.495477,-33.384734],[-70.495571,-33.384798],[-70.495699,-33.384845],[-70.49587,-33.384837],[-70.495991,-33.384829],[-70.496127,-33.384905],[-70.496349,-33.384968],[-70.496563,-33.385019],[-70.496755,-33.385011],[-70.496848,-33.385057],[-70.49692,-33.385104],[-70.497048,-33.385127],[-70.49719,-33.385119],[-70.497352,-33.385033],[-70.498436,-33.384764],[-70.498528,-33.384751],[-70.498664,-33.384791],[-70.498763,-33.38479],[-70.498871,-33.384854],[-70.499,-33.3849],[-70.499182,-33.384934],[-70.49932,-33.384896],[-70.499389,-33.384928],[-70.499552,-33.385021],[-70.49974,-33.385002],[-70.500089,-33.384969],[-70.500151,-33.384957],[-70.500217,-33.384996],[-70.500575,-33.385109],[-70.500667,-33.385147],[-70.500733,-33.385146],[-70.500831,-33.385142],[-70.500938,-33.385154],[-70.501133,-33.385145],[-70.501253,-33.385196],[-70.501683,-33.385224],[-70.501586,-33.385345],[-70.502081,-33.385547],[-70.50222,-33.385509],[-70.502336,-33.38546],[-70.502466,-33.385258],[-70.502573,-33.385197],[-70.502743,-33.385145],[-70.502978,-33.385099],[-70.503057,-33.385074],[-70.503167,-33.38498],[-70.503277,-33.384967],[-70.503662,-33.384919],[-70.503693,-33.384911],[-70.503826,-33.384889],[-70.503942,-33.384878],[-70.503981,-33.384876],[-70.504058,-33.384872],[-70.504214,-33.38486],[-70.504365,-33.384849],[-70.504486,-33.384828],[-70.504596,-33.384807],[-70.504769,-33.384761],[-70.504896,-33.384716],[-70.50504,-33.384656],[-70.505166,-33.384605],[-70.505275,-33.384536],[-70.505407,-33.384447],[-70.505562,-33.384323],[-70.505596,-33.384292],[-70.505834,-33.384068],[-70.506,-33.384026],[-70.506216,-33.383944],[-70.506539,-33.383829],[-70.506606,-33.383771],[-70.506826,-33.383686],[-70.507068,-33.38358],[-70.507168,-33.383435],[-70.507272,-33.383273],[-70.507399,-33.383236],[-70.507418,-33.38325],[-70.507586,-33.383327],[-70.507917,-33.38339],[-70.507957,-33.383404],[-70.508237,-33.3835],[-70.508687,-33.383716],[-70.510551,-33.384611],[-70.511475,-33.385054],[-70.51155,-33.385135],[-70.511708,-33.385318],[-70.511824,-33.385427],[-70.512007,-33.385616],[-70.512298,-33.385921],[-70.512432,-33.386084],[-70.512241,-33.385589],[-70.512229,-33.385375],[-70.512246,-33.385146],[-70.512284,-33.384862],[-70.512544,-33.384347],[-70.51255,-33.38419],[-70.512661,-33.383984],[-70.512805,-33.383893],[-70.512977,-33.383769],[-70.513253,-33.383648],[-70.513552,-33.383662],[-70.513793,-33.383806],[-70.513998,-33.383836],[-70.51429,-33.383943],[-70.51466,-33.384089],[-70.514952,-33.384211],[-70.515391,-33.384416],[-70.515738,-33.384749],[-70.515868,-33.384865],[-70.516182,-33.385044],[-70.516581,-33.385372],[-70.516737,-33.38552],[-70.51691,-33.38593],[-70.51692,-33.386106],[-70.517027,-33.385932],[-70.51705,-33.385901],[-70.517173,-33.385553],[-70.517067,-33.385355],[-70.516879,-33.385138],[-70.516659,-33.384997],[-70.516572,-33.384956],[-70.516455,-33.384925],[-70.516232,-33.384826],[-70.516097,-33.384754],[-70.515773,-33.384449],[-70.515603,-33.384277],[-70.515416,-33.384253],[-70.515127,-33.384088],[-70.515004,-33.384038],[-70.514475,-33.38386],[-70.513196,-33.38323],[-70.512936,-33.382982],[-70.51382,-33.382057],[-70.513672,-33.381962],[-70.513269,-33.381702],[-70.512995,-33.381521],[-70.512764,-33.381368],[-70.512385,-33.381143],[-70.51168,-33.380796],[-70.511577,-33.38075],[-70.511478,-33.38071],[-70.511347,-33.380668],[-70.511321,-33.380698],[-70.511312,-33.380711],[-70.511278,-33.380746],[-70.51125,-33.380765],[-70.511228,-33.380776],[-70.511074,-33.38084],[-70.510999,-33.380872],[-70.510834,-33.380937],[-70.51069,-33.380998],[-70.510579,-33.381062],[-70.510504,-33.381099],[-70.510451,-33.381136],[-70.510356,-33.381191],[-70.510265,-33.381241],[-70.510196,-33.381278],[-70.510182,-33.381285],[-70.510143,-33.381301],[-70.510058,-33.381343],[-70.509967,-33.38138],[-70.509866,-33.381426],[-70.509728,-33.381487],[-70.509637,-33.381528],[-70.509557,-33.381565],[-70.509515,-33.381584],[-70.509414,-33.381639],[-70.509329,-33.381685],[-70.509228,-33.381745],[-70.509132,-33.381809],[-70.509015,-33.381887],[-70.508915,-33.381947],[-70.508824,-33.381993],[-70.508728,-33.382039],[-70.508632,-33.382081],[-70.508494,-33.382127],[-70.508392,-33.38216],[-70.508186,-33.382239],[-70.50816,-33.382267],[-70.507984,-33.382339],[-70.507898,-33.382374],[-70.507764,-33.382426],[-70.507718,-33.382444],[-70.507632,-33.382482],[-70.507453,-33.382575],[-70.507353,-33.382631],[-70.507316,-33.382652],[-70.507207,-33.382727],[-70.507025,-33.382858],[-70.506966,-33.382909],[-70.50691,-33.382948],[-70.506763,-33.383062],[-70.506645,-33.383152],[-70.506578,-33.383213],[-70.506558,-33.383232],[-70.506529,-33.383253],[-70.50651,-33.383261],[-70.506487,-33.383261],[-70.50642,-33.383339],[-70.506289,-33.38339],[-70.506226,-33.383451],[-70.506108,-33.383492],[-70.505815,-33.383596],[-70.505569,-33.38366],[-70.505311,-33.38382],[-70.505096,-33.383973],[-70.505089,-33.384049],[-70.505047,-33.384078],[-70.505009,-33.384118],[-70.504903,-33.384165],[-70.504823,-33.384213],[-70.504738,-33.384232],[-70.504611,-33.384262],[-70.50444,-33.384268],[-70.504189,-33.384299],[-70.504079,-33.384336],[-70.503901,-33.384417],[-70.503773,-33.384426],[-70.503697,-33.384463],[-70.503556,-33.384475],[-70.503415,-33.384427],[-70.503087,-33.384456],[-70.503088,-33.384527],[-70.502918,-33.384551],[-70.502816,-33.384606],[-70.502753,-33.384667],[-70.502659,-33.384654],[-70.502515,-33.384692],[-70.502139,-33.384686],[-70.502046,-33.384723],[-70.501978,-33.384759],[-70.501859,-33.384743],[-70.501722,-33.384748],[-70.501633,-33.384767],[-70.501534,-33.384739],[-70.501393,-33.384745],[-70.50126,-33.384689],[-70.501141,-33.384673],[-70.501025,-33.384678],[-70.500923,-33.384665],[-70.500774,-33.384688],[-70.500654,-33.384643],[-70.500538,-33.384619],[-70.500485,-33.384541],[-70.50034,-33.384493],[-70.500288,-33.384479],[-70.500084,-33.384489],[-70.499952,-33.38453],[-70.499679,-33.384544],[-70.499503,-33.384474],[-70.49925,-33.384416],[-70.499131,-33.38445],[-70.498942,-33.384356],[-70.498788,-33.38434],[-70.49863,-33.384295],[-70.498369,-33.384302],[-70.49732,-33.384572],[-70.497227,-33.38458],[-70.497074,-33.384639],[-70.4968,-33.384557],[-70.496578,-33.384552],[-70.496338,-33.384494],[-70.496216,-33.384396],[-70.496101,-33.384365],[-70.495854,-33.384382],[-70.495767,-33.384322],[-70.495723,-33.384311],[-70.495677,-33.384298],[-70.495515,-33.38429],[-70.495403,-33.384237],[-70.495224,-33.384239],[-70.495117,-33.384198],[-70.49481,-33.384212],[-70.494537,-33.384215],[-70.494251,-33.384208],[-70.494037,-33.384211],[-70.493868,-33.384299],[-70.493694,-33.384322],[-70.493528,-33.384371],[-70.493419,-33.384497],[-70.493245,-33.384535],[-70.493156,-33.384579],[-70.493054,-33.384591],[-70.492804,-33.384659],[-70.492753,-33.384663],[-70.492721,-33.384391],[-70.492735,-33.384176],[-70.492826,-33.383813],[-70.493,-33.383489],[-70.493209,-33.383232],[-70.493398,-33.383033],[-70.493497,-33.382878],[-70.493603,-33.382871],[-70.493782,-33.382706],[-70.493798,-33.382625],[-70.493945,-33.382571],[-70.494035,-33.382508],[-70.494119,-33.382425],[-70.494465,-33.382407],[-70.494629,-33.382309],[-70.494752,-33.382232],[-70.494962,-33.382191],[-70.4951,-33.38196],[-70.495316,-33.381934],[-70.495496,-33.381827],[-70.49578,-33.38178],[-70.496018,-33.381744],[-70.496174,-33.381551],[-70.496188,-33.381547],[-70.496327,-33.381502],[-70.49644,-33.381438],[-70.4965,-33.381337],[-70.496756,-33.381329],[-70.496858,-33.381295],[-70.496977,-33.381236],[-70.497169,-33.381157],[-70.497293,-33.381122],[-70.497394,-33.381002],[-70.49742,-33.380878],[-70.497537,-33.380752],[-70.497627,-33.380708],[-70.498039,-33.380517],[-70.498231,-33.380386],[-70.498269,-33.380323],[-70.498483,-33.380182],[-70.498585,-33.380157],[-70.500469,-33.379478],[-70.500911,-33.379295],[-70.501427,-33.379063],[-70.50202,-33.378818],[-70.502273,-33.378669],[-70.502764,-33.378379],[-70.502755,-33.378179],[-70.502708,-33.378103],[-70.502384,-33.378116],[-70.502101,-33.378206],[-70.50178,-33.37841],[-70.501561,-33.378501],[-70.500267,-33.379058],[-70.499594,-33.3793],[-70.499129,-33.379392],[-70.498766,-33.37942],[-70.498476,-33.379438],[-70.498259,-33.379402],[-70.498036,-33.379343],[-70.497802,-33.37925],[-70.49767,-33.379218],[-70.497516,-33.379199],[-70.49737,-33.379158],[-70.497081,-33.379193],[-70.496771,-33.379283],[-70.496605,-33.379303],[-70.49617,-33.379297],[-70.495942,-33.379221],[-70.49583,-33.379155],[-70.495719,-33.379117],[-70.495543,-33.379087],[-70.495385,-33.379057],[-70.495082,-33.379016],[-70.494915,-33.379015],[-70.494421,-33.379048],[-70.494079,-33.378974],[-70.493693,-33.378883],[-70.493498,-33.378874],[-70.493379,-33.378877],[-70.493369,-33.378866],[-70.493365,-33.378657],[-70.493533,-33.378446],[-70.493755,-33.378128],[-70.493913,-33.377816],[-70.493939,-33.377684],[-70.493906,-33.377392],[-70.493757,-33.377042],[-70.493547,-33.376824],[-70.493267,-33.376618],[-70.492816,-33.376439],[-70.492538,-33.3764],[-70.492267,-33.376398],[-70.491955,-33.376449],[-70.491545,-33.376567],[-70.491403,-33.376569],[-70.491339,-33.376546],[-70.491033,-33.37655],[-70.490854,-33.37648],[-70.490695,-33.376315],[-70.490656,-33.376119],[-70.490704,-33.376011],[-70.490864,-33.375836],[-70.491024,-33.375637],[-70.491133,-33.375343],[-70.49115,-33.375063],[-70.49111,-33.374849],[-70.490949,-33.374552],[-70.490754,-33.374358],[-70.490524,-33.374217],[-70.490259,-33.374113],[-70.489967,-33.374069],[-70.489696,-33.374066],[-70.489349,-33.374136],[-70.48908,-33.374199],[-70.489127,-33.374049],[-70.489105,-33.37396],[-70.489301,-33.373803],[-70.489491,-33.373717],[-70.489703,-33.373595],[-70.489901,-33.373539],[-70.490007,-33.373543],[-70.490208,-33.373648],[-70.490359,-33.373712],[-70.490487,-33.373747],[-70.490757,-33.37369],[-70.490942,-33.373753],[-70.491106,-33.373763],[-70.491385,-33.373855],[-70.491612,-33.373846],[-70.491662,-33.373816],[-70.491819,-33.37385],[-70.49211,-33.373822],[-70.492285,-33.373653],[-70.492406,-33.373688],[-70.492762,-33.373689],[-70.492889,-33.373652],[-70.493001,-33.373585],[-70.493224,-33.373702],[-70.49347,-33.373722],[-70.493537,-33.373728],[-70.493764,-33.373695],[-70.493877,-33.373622],[-70.493904,-33.373538],[-70.49388,-33.373401],[-70.493822,-33.373313],[-70.49375,-33.373272],[-70.493541,-33.373259],[-70.493415,-33.373252],[-70.493129,-33.373124],[-70.492908,-33.373109],[-70.492619,-33.373238],[-70.492519,-33.373227],[-70.492405,-33.373193],[-70.492177,-33.373195],[-70.492008,-33.373251],[-70.491832,-33.37339],[-70.491625,-33.373351],[-70.491448,-33.373377],[-70.491327,-33.373343],[-70.490813,-33.373224],[-70.491203,-33.373201],[-70.49172,-33.373076],[-70.492155,-33.372718],[-70.492303,-33.372347],[-70.492322,-33.37175],[-70.492061,-33.371152],[-70.49122,-33.370359],[-70.491741,-33.370025],[-70.491921,-33.369766],[-70.492141,-33.36931],[-70.492165,-33.369065],[-70.492167,-33.368859],[-70.492168,-33.36882],[-70.492574,-33.368428],[-70.492873,-33.368042],[-70.493045,-33.367301],[-70.49301,-33.367184],[-70.492804,-33.366498],[-70.49229,-33.365985],[-70.491823,-33.365711],[-70.491359,-33.365555],[-70.490888,-33.365489],[-70.490411,-33.365465],[-70.489887,-33.365537],[-70.489568,-33.365642],[-70.489335,-33.365687],[-70.488663,-33.365904],[-70.488044,-33.365893],[-70.486953,-33.366544],[-70.486776,-33.36657],[-70.486288,-33.365908],[-70.486233,-33.365905],[-70.486103,-33.365784],[-70.485963,-33.365714],[-70.485805,-33.3656],[-70.485619,-33.365524],[-70.485522,-33.36546],[-70.485,-33.365311],[-70.484687,-33.365282],[-70.484061,-33.36528],[-70.483632,-33.365518],[-70.483382,-33.365652],[-70.483171,-33.365813],[-70.483052,-33.365919],[-70.482882,-33.366174],[-70.482427,-33.366144],[-70.482114,-33.366124],[-70.481897,-33.366141],[-70.4819,-33.365709],[-70.481854,-33.365504],[-70.481779,-33.365251],[-70.481601,-33.365003],[-70.48138,-33.36477],[-70.481103,-33.364582],[-70.48087,-33.364483],[-70.48067,-33.364411],[-70.479991,-33.364389],[-70.479721,-33.364408]],[[-70.495034,-33.379464],[-70.495273,-33.379504],[-70.495513,-33.379535],[-70.495662,-33.379619],[-70.495983,-33.379729],[-70.496467,-33.379757],[-70.496927,-33.379718],[-70.497108,-33.379659],[-70.497334,-33.379613],[-70.497597,-33.379662],[-70.49774,-33.379737],[-70.498118,-33.379852],[-70.497836,-33.380027],[-70.497798,-33.380094],[-70.497663,-33.380172],[-70.497268,-33.380353],[-70.497139,-33.38046],[-70.496959,-33.380615],[-70.496904,-33.380692],[-70.496893,-33.380764],[-70.496814,-33.380784],[-70.496724,-33.380847],[-70.496617,-33.380881],[-70.496327,-33.380885],[-70.496152,-33.380987],[-70.496057,-33.381108],[-70.495893,-33.381167],[-70.495787,-33.381249],[-70.495714,-33.381331],[-70.495266,-33.381399],[-70.495103,-33.381511],[-70.494972,-33.381522],[-70.494859,-33.381547],[-70.494766,-33.381597],[-70.494767,-33.381593],[-70.494917,-33.38084],[-70.494918,-33.380476],[-70.494855,-33.380119],[-70.494809,-33.379934],[-70.494557,-33.379711],[-70.494392,-33.379617],[-70.494233,-33.379476],[-70.494346,-33.379491],[-70.49467,-33.379483],[-70.495034,-33.379464]],[[-70.513896,-33.413692],[-70.514079,-33.413779],[-70.514197,-33.413858],[-70.514435,-33.414023],[-70.514525,-33.414069],[-70.514653,-33.414071],[-70.514739,-33.414111],[-70.51475,-33.414159],[-70.51477,-33.414254],[-70.514853,-33.41431],[-70.514833,-33.414385],[-70.514704,-33.414356],[-70.514597,-33.414355],[-70.514497,-33.414311],[-70.514274,-33.414362],[-70.514115,-33.414462],[-70.513991,-33.414463],[-70.513827,-33.414621],[-70.513657,-33.414706],[-70.513598,-33.414773],[-70.513554,-33.414895],[-70.513479,-33.415072],[-70.51348,-33.415156],[-70.513379,-33.415273],[-70.513421,-33.41544],[-70.513459,-33.415553],[-70.513531,-33.415603],[-70.513547,-33.415734],[-70.51326,-33.41577],[-70.513157,-33.415783],[-70.513064,-33.415954],[-70.513006,-33.416092],[-70.51289,-33.416213],[-70.512888,-33.416287],[-70.512769,-33.416381],[-70.512734,-33.416643],[-70.512719,-33.416743],[-70.51275,-33.41684],[-70.512604,-33.41677],[-70.512402,-33.416708],[-70.512261,-33.416695],[-70.512143,-33.41674],[-70.511923,-33.416893],[-70.511831,-33.416958],[-70.51161,-33.417018],[-70.511445,-33.417131],[-70.511387,-33.4172],[-70.51137,-33.417257],[-70.511397,-33.417329],[-70.511326,-33.41738],[-70.511275,-33.417427],[-70.51102,-33.417459],[-70.51086,-33.417575],[-70.510762,-33.417608],[-70.510626,-33.417628],[-70.510477,-33.417683],[-70.510364,-33.417785],[-70.510332,-33.417936],[-70.510264,-33.418155],[-70.510105,-33.418135],[-70.509994,-33.418105],[-70.509823,-33.418132],[-70.509722,-33.418201],[-70.509612,-33.418245],[-70.509577,-33.418457],[-70.509419,-33.418462],[-70.509248,-33.418418],[-70.509073,-33.418416],[-70.508987,-33.418403],[-70.508813,-33.418441],[-70.508737,-33.418496],[-70.508662,-33.418579],[-70.508517,-33.418613],[-70.508408,-33.418714],[-70.508337,-33.41878],[-70.508343,-33.418891],[-70.508029,-33.418995],[-70.507989,-33.419181],[-70.507721,-33.419206],[-70.507581,-33.419025],[-70.507193,-33.419023],[-70.507082,-33.41906],[-70.506986,-33.418939],[-70.50653,-33.418687],[-70.506123,-33.418617],[-70.505932,-33.418462],[-70.505764,-33.418328],[-70.505586,-33.418251],[-70.505679,-33.418008],[-70.505878,-33.417146],[-70.505927,-33.416573],[-70.505934,-33.415986],[-70.505872,-33.415328],[-70.505697,-33.414621],[-70.505501,-33.414115],[-70.50521,-33.413582],[-70.503269,-33.410689],[-70.503199,-33.410583],[-70.503535,-33.410643],[-70.504203,-33.410759],[-70.504425,-33.410818],[-70.505142,-33.411105],[-70.50527,-33.411261],[-70.50552,-33.411564],[-70.505785,-33.411761],[-70.505991,-33.41186],[-70.506204,-33.411961],[-70.50665,-33.412127],[-70.507199,-33.412283],[-70.507593,-33.412354],[-70.507889,-33.41238],[-70.508767,-33.412445],[-70.50928,-33.412491],[-70.509782,-33.412562],[-70.510341,-33.412655],[-70.512466,-33.413071],[-70.512577,-33.413168],[-70.512845,-33.413401],[-70.513027,-33.413458],[-70.513228,-33.413521],[-70.513389,-33.413603],[-70.513614,-33.413636],[-70.51382,-33.413636],[-70.513896,-33.413692]]]}},{"type":"Feature","properties":{"zona":"UM/EAb4","nombre":"UM/EAb4 Zona de Usos Comercio y Equipamiento de Escala Metropolitana Instituciones/ Edificación Aislada Baja N° 4","upref":"Equipamiento","uperm":"Equipamiento de comercio.","uproh":"Residencial; equipamiento; actividad productiva; infraestructura; espacio público y áreas verdes.","url":"http://www.observatoriourbano.cl/Ipt/cehu_resultado_decreto.asp?r=0&c=193&i=25"},"geometry":{"type":"Polygon","coordinates":[[[-70.501386,-33.400869],[-70.50149,-33.401723],[-70.50152,-33.402164],[-70.501576,-33.402579],[-70.502999,-33.402293],[-70.503532,-33.402186],[-70.504062,-33.402088],[-70.504483,-33.40201],[-70.504784,-33.401942],[-70.504974,-33.40189],[-70.505142,-33.401838],[-70.50526,-33.401794],[-70.505431,-33.401722],[-70.505546,-33.401669],[-70.505786,-33.401554],[-70.506044,-33.401428],[-70.506168,-33.401352],[-70.505433,-33.401653],[-70.505155,-33.401728],[-70.504985,-33.401745],[-70.504792,-33.401776],[-70.504666,-33.401744],[-70.504508,-33.401812],[-70.504303,-33.401801],[-70.504165,-33.401721],[-70.504089,-33.401617],[-70.503981,-33.401585],[-70.50389,-33.401581],[-70.503668,-33.401574],[-70.503552,-33.40149],[-70.503448,-33.401377],[-70.503311,-33.401335],[-70.503207,-33.40127],[-70.503143,-33.401194],[-70.503029,-33.401181],[-70.502668,-33.401],[-70.50246,-33.400849],[-70.502313,-33.40087],[-70.502102,-33.400844],[-70.50201,-33.400807],[-70.50181,-33.400767],[-70.501679,-33.400763],[-70.50152,-33.400737],[-70.501428,-33.400825],[-70.501428,-33.400826],[-70.501386,-33.400869]]]}},{"type":"Feature","properties":{"zona":"UM/EAb4p","nombre":"UM/EAb4p Zona de Usos Comercio y Equipamiento de Escala Metropolitana Instituciones/ Edificación Aislada Baja N° 4 Prima","upref":"Equipamiento","uperm":"Equipamiento de comercio.","uproh":"Residencial; equipamiento; actividad productiva; infraestructura; espacio público y áreas verdes.","url":"http://www.observatoriourbano.cl/Ipt/cehu_resultado_decreto.asp?r=0&c=193&i=25"},"geometry":{"type":"Polygon","coordinates":[[[-70.511987,-33.402633],[-70.512078,-33.402685],[-70.512181,-33.402734],[-70.512312,-33.402783],[-70.512419,-33.402809],[-70.512525,-33.402828],[-70.512615,-33.402832],[-70.512723,-33.402822],[-70.513005,-33.402801],[-70.513314,-33.402776],[-70.513433,-33.402767],[-70.514111,-33.402715],[-70.515073,-33.402647],[-70.515231,-33.402636],[-70.515307,-33.402638],[-70.515471,-33.402636],[-70.515579,-33.402641],[-70.515714,-33.402653],[-70.515855,-33.40267],[-70.515961,-33.402688],[-70.516057,-33.40271],[-70.516595,-33.402819],[-70.517201,-33.402944],[-70.517284,-33.40296],[-70.517228,-33.402729],[-70.517149,-33.402438],[-70.517106,-33.40223],[-70.517096,-33.402095],[-70.517087,-33.401927],[-70.517104,-33.401741],[-70.517147,-33.401522],[-70.517177,-33.401353],[-70.517209,-33.40124],[-70.516386,-33.401164],[-70.515837,-33.401096],[-70.515308,-33.401038],[-70.515066,-33.401004],[-70.514356,-33.400939],[-70.51421,-33.400933],[-70.514021,-33.400917],[-70.513904,-33.400906],[-70.513809,-33.400893],[-70.513707,-33.400873],[-70.513574,-33.400764],[-70.513569,-33.400654],[-70.513264,-33.400522],[-70.512716,-33.400359],[-70.512388,-33.40026],[-70.511747,-33.400069],[-70.511587,-33.400027],[-70.510976,-33.399852],[-70.510256,-33.399657],[-70.5102,-33.399644],[-70.510143,-33.399631],[-70.510158,-33.400275],[-70.51016,-33.400906],[-70.51016,-33.401127],[-70.510158,-33.401236],[-70.510147,-33.401304],[-70.510124,-33.401352],[-70.510092,-33.401393],[-70.509957,-33.40151],[-70.510041,-33.401584],[-70.510559,-33.401863],[-70.511061,-33.402134],[-70.511662,-33.402467],[-70.511708,-33.402489],[-70.511987,-33.402633]]]}},{"type":"Feature","properties":{"zona":"UM/EAb2","nombre":"UM/EAb2 Zona de Usos Comercio y Equipamiento de Escala Metropolitana Instituciones/ Edificación Aislada Baja N° 2","upref":"Equipamiento","uperm":"Equipamiento de comercio.","uproh":"Residencial; equipamiento; actividad productiva; infraestructura; espacio público y áreas verdes.","url":"http://www.observatoriourbano.cl/Ipt/cehu_resultado_decreto.asp?r=0&c=193&i=25"},"geometry":{"type":"Polygon","coordinates":[[[-70.506425,-33.400524],[-70.506395,-33.400721],[-70.506388,-33.400751],[-70.506734,-33.400628],[-70.506917,-33.400622],[-70.50711,-33.400641],[-70.507203,-33.400612],[-70.507301,-33.400603],[-70.507579,-33.400621],[-70.507768,-33.400712],[-70.507872,-33.400779],[-70.507982,-33.400745],[-70.508148,-33.400736],[-70.508352,-33.400705],[-70.508519,-33.400732],[-70.508739,-33.400826],[-70.508932,-33.400913],[-70.509153,-33.401096],[-70.509185,-33.401243],[-70.509344,-33.401298],[-70.509507,-33.401325],[-70.509691,-33.401382],[-70.509957,-33.40151],[-70.510092,-33.401393],[-70.510124,-33.401352],[-70.510147,-33.401304],[-70.510158,-33.401236],[-70.51016,-33.401127],[-70.51016,-33.400906],[-70.509217,-33.400852],[-70.509205,-33.399515],[-70.507947,-33.399493],[-70.507371,-33.399496],[-70.507162,-33.399507],[-70.506881,-33.399533],[-70.506759,-33.399544],[-70.50656,-33.399588],[-70.506521,-33.399858],[-70.506425,-33.400524]]]}},{"type":"Feature","properties":{"zona":"UM/EAb4","nombre":"UM/EAb4 Zona de Usos Comercio y Equipamiento de Escala Metropolitana Instituciones/ Edificación Aislada Baja N° 4","upref":"Equipamiento","uperm":"Equipamiento de comercio.","uproh":"Residencial; equipamiento; actividad productiva; infraestructura; espacio público y áreas verdes.","url":"http://www.observatoriourbano.cl/Ipt/cehu_resultado_decreto.asp?r=0&c=193&i=25"},"geometry":{"type":"Polygon","coordinates":[[[-70.503915,-33.400305],[-70.503811,-33.400312],[-70.501293,-33.400107],[-70.501319,-33.400318],[-70.501334,-33.400312],[-70.501449,-33.400273],[-70.501628,-33.400282],[-70.501774,-33.400298],[-70.50194,-33.400296],[-70.502018,-33.400338],[-70.502163,-33.400354],[-70.502253,-33.400392],[-70.502403,-33.400398],[-70.502595,-33.400396],[-70.502728,-33.40044],[-70.502836,-33.400518],[-70.503022,-33.400644],[-70.503142,-33.4007],[-70.503258,-33.40072],[-70.503373,-33.400758],[-70.503516,-33.400846],[-70.503594,-33.400927],[-70.503714,-33.400958],[-70.503826,-33.401028],[-70.503883,-33.401106],[-70.504092,-33.401125],[-70.504213,-33.401185],[-70.50429,-33.401198],[-70.504436,-33.401239],[-70.504518,-33.401317],[-70.504701,-33.40129],[-70.504808,-33.401303],[-70.504931,-33.401273],[-70.505072,-33.401275],[-70.50517,-33.401252],[-70.505237,-33.401158],[-70.505337,-33.401064],[-70.505452,-33.401034],[-70.505589,-33.401043],[-70.505759,-33.400998],[-70.505861,-33.400989],[-70.506055,-33.40088],[-70.506221,-33.40081],[-70.506388,-33.400751],[-70.506395,-33.400721],[-70.506425,-33.400524],[-70.506521,-33.399858],[-70.50656,-33.399588],[-70.506357,-33.399649],[-70.506172,-33.399704],[-70.505919,-33.399782],[-70.505728,-33.399842],[-70.50538,-33.399977],[-70.505142,-33.400085],[-70.504997,-33.400137],[-70.504839,-33.400184],[-70.504573,-33.400253],[-70.504229,-33.400282],[-70.503915,-33.400305]]]}},{"type":"Feature","properties":{"zona":"UEe1/Ee1","nombre":"UEe1/Ee1 Zona Especial 1 Equipamientos Intercomunales y Comunal/ Edificación Especial N°1, Equipamientos","upref":"Equipamiento","uperm":"Equipamiento de todo tipo.","uproh":"Residencial; actividad productiva.","url":"http://www.observatoriourbano.cl/Ipt/cehu_resultado_decreto.asp?r=0&c=193&i=25"},"geometry":{"type":"Polygon","coordinates":[[[-70.510997,-33.414158],[-70.511009,-33.414844],[-70.512188,-33.414829],[-70.512238,-33.414828],[-70.512224,-33.414276],[-70.512621,-33.414264],[-70.51289,-33.414252],[-70.512825,-33.414047],[-70.512639,-33.413462],[-70.512591,-33.413272],[-70.512578,-33.413193],[-70.512521,-33.41318],[-70.510975,-33.412866],[-70.510976,-33.413213],[-70.510174,-33.413227],[-70.510169,-33.414129],[-70.510839,-33.414124],[-70.510997,-33.414158]]]}},{"type":"Feature","properties":{"zona":"UV/EAb4","nombre":"UV/EAb4 Zona de Uso de Suelo de Vivienda/ Edificación Aislada Baja Nº4","upref":"Residencial","uperm":"Residencial.","uproh":"Equipamiento; actividad productiva; infraestructura; espacio público y áreas verdes.","url":"http://www.observatoriourbano.cl/Ipt/cehu_resultado_decreto.asp?r=0&c=193&i=25"},"geometry":{"type":"Polygon","coordinates":[[[-70.521336,-33.432308],[-70.520968,-33.432438],[-70.520548,-33.432383],[-70.520469,-33.432378],[-70.520442,-33.432456],[-70.520231,-33.43259],[-70.520103,-33.43261],[-70.519914,-33.432749],[-70.519642,-33.432848],[-70.519519,-33.432954],[-70.519277,-33.433139],[-70.519102,-33.433208],[-70.518994,-33.433209],[-70.518857,-33.433177],[-70.518653,-33.433232],[-70.518357,-33.43326],[-70.518195,-33.433405],[-70.517905,-33.433399],[-70.5177,-33.433416],[-70.517559,-33.433503],[-70.517429,-33.433534],[-70.517315,-33.43354],[-70.517145,-33.433599],[-70.517003,-33.433601],[-70.516792,-33.433556],[-70.516608,-33.433482],[-70.516475,-33.433369],[-70.516288,-33.433385],[-70.516123,-33.433373],[-70.51583,-33.433238],[-70.515755,-33.433191],[-70.515702,-33.433073],[-70.515457,-33.433095],[-70.515315,-33.433068],[-70.515189,-33.433031],[-70.515073,-33.432923],[-70.514937,-33.432963],[-70.51483,-33.433026],[-70.514645,-33.433205],[-70.51475,-33.433309],[-70.514843,-33.433417],[-70.514977,-33.433621],[-70.515072,-33.433815],[-70.515121,-33.43402],[-70.515153,-33.434239],[-70.515134,-33.434435],[-70.515092,-33.43456],[-70.515483,-33.43482],[-70.515699,-33.435046],[-70.515776,-33.435021],[-70.515902,-33.434963],[-70.515924,-33.434953],[-70.516494,-33.434714],[-70.516589,-33.434674],[-70.516753,-33.434557],[-70.516953,-33.434343],[-70.517329,-33.434159],[-70.517503,-33.434108],[-70.517516,-33.434104],[-70.517919,-33.433989],[-70.517982,-33.433878],[-70.517992,-33.43386],[-70.518417,-33.43367],[-70.518994,-33.433348],[-70.519362,-33.433248],[-70.519509,-33.433156],[-70.519727,-33.433054],[-70.519856,-33.433002],[-70.519884,-33.432991],[-70.520189,-33.432869],[-70.520306,-33.432822],[-70.5204,-33.432784],[-70.520611,-33.4327],[-70.520806,-33.432638],[-70.521065,-33.432562],[-70.521159,-33.432527],[-70.521362,-33.432452],[-70.521534,-33.432391],[-70.521728,-33.432277],[-70.521729,-33.432276],[-70.521845,-33.432213],[-70.521783,-33.431876],[-70.521679,-33.432],[-70.521646,-33.432101],[-70.521336,-33.432308]]]}},{"type":"Feature","properties":{"zona":"UEe3/Ee3","nombre":"UEe3/Ee3 Zona Especial 3 Área de Parques","upref":"Equipamiento","uperm":"Equipamiento de esparcimiento.","uproh":"Residencial; equipamiento de comercio, culto, culto, deporte, educación, salud, seguridad, servicio y social; actividad productiva; infraestructura; espacio público y áreas verdes.","url":"http://www.observatoriourbano.cl/Ipt/cehu_resultado_decreto.asp?r=0&c=193&i=25"},"geometry":{"type":"Polygon","coordinates":[[[-70.515138,-33.390078],[-70.515191,-33.390207],[-70.515277,-33.390178],[-70.51547,-33.390113],[-70.515547,-33.390086],[-70.515949,-33.389957],[-70.515975,-33.38923],[-70.515999,-33.389078],[-70.516037,-33.388844],[-70.516027,-33.388464],[-70.516063,-33.388371],[-70.516064,-33.388104],[-70.515989,-33.387671],[-70.515991,-33.387626],[-70.516004,-33.387587],[-70.516027,-33.387555],[-70.515665,-33.387509],[-70.515388,-33.387474],[-70.515025,-33.387442],[-70.514064,-33.387391],[-70.513483,-33.387349],[-70.513222,-33.387289],[-70.513254,-33.387348],[-70.513346,-33.387491],[-70.513488,-33.387667],[-70.513697,-33.387932],[-70.51382,-33.388077],[-70.514691,-33.389228],[-70.514756,-33.389312],[-70.514799,-33.389375],[-70.514988,-33.389774],[-70.515138,-33.390078]]]}},{"type":"Feature","properties":{"zona":"UEe3/Ee3","nombre":"UEe3/Ee3 Zona Especial 3 Área de Parques","upref":"Equipamiento","uperm":"Equipamiento de esparcimiento.","uproh":"Residencial; equipamiento de comercio, culto, culto, deporte, educación, salud, seguridad, servicio y social; actividad productiva; infraestructura; espacio público y áreas verdes.","url":"http://www.observatoriourbano.cl/Ipt/cehu_resultado_decreto.asp?r=0&c=193&i=25"},"geometry":{"type":"Polygon","coordinates":[[[-70.520972,-33.419074],[-70.520885,-33.419156],[-70.521214,-33.419512],[-70.521453,-33.419342],[-70.521538,-33.419332],[-70.521668,-33.419209],[-70.521832,-33.419207],[-70.521975,-33.419256],[-70.52211,-33.419269],[-70.522281,-33.419264],[-70.522506,-33.419359],[-70.523275,-33.419565],[-70.523609,-33.419546],[-70.52374,-33.419511],[-70.524164,-33.41959],[-70.524333,-33.41965],[-70.524612,-33.41976],[-70.524799,-33.419898],[-70.524856,-33.419897],[-70.524889,-33.419956],[-70.525187,-33.420078],[-70.525262,-33.420095],[-70.525563,-33.420223],[-70.525716,-33.420227],[-70.525763,-33.420277],[-70.52596,-33.420349],[-70.526098,-33.420335],[-70.526166,-33.420358],[-70.526321,-33.420443],[-70.526478,-33.420504],[-70.526759,-33.420512],[-70.527016,-33.42056],[-70.527493,-33.420396],[-70.527879,-33.420287],[-70.528027,-33.420165],[-70.528337,-33.420027],[-70.528433,-33.420011],[-70.528502,-33.420073],[-70.528807,-33.420036],[-70.528926,-33.419966],[-70.529616,-33.41995],[-70.529617,-33.419496],[-70.528879,-33.419511],[-70.52867,-33.419575],[-70.52843,-33.41954],[-70.528062,-33.419611],[-70.527554,-33.419894],[-70.527038,-33.419968],[-70.526932,-33.420088],[-70.526823,-33.420056],[-70.526632,-33.420056],[-70.526318,-33.419899],[-70.5261,-33.419887],[-70.525825,-33.419769],[-70.525654,-33.419753],[-70.525571,-33.419709],[-70.525299,-33.419596],[-70.525223,-33.419508],[-70.525051,-33.419462],[-70.524958,-33.419392],[-70.524628,-33.419274],[-70.524427,-33.41913],[-70.524253,-33.419141],[-70.523692,-33.419038],[-70.523523,-33.41909],[-70.523252,-33.419088],[-70.522762,-33.418951],[-70.522461,-33.41882],[-70.522419,-33.418809],[-70.522116,-33.418809],[-70.521984,-33.418775],[-70.521845,-33.41875],[-70.521624,-33.41875],[-70.52145,-33.418728],[-70.521281,-33.418855],[-70.521243,-33.418924],[-70.520972,-33.419074]]]}},{"type":"Feature","properties":{"zona":"UV/EAb4p","nombre":"UV/EAb4p Zona de Uso de Suelo de Vivienda/ Edificación Aislada Baja Nº4 Prima","upref":"Residencial","uperm":"Residencial.","uproh":"Equipamiento; actividad productiva; infraestructura; espacio público y áreas verdes.","url":"http://www.observatoriourbano.cl/Ipt/cehu_resultado_decreto.asp?r=0&c=193&i=25"},"geometry":{"type":"Polygon","coordinates":[[[-70.506121,-33.41261],[-70.506279,-33.413074],[-70.506895,-33.414194],[-70.507055,-33.414812],[-70.507118,-33.415151],[-70.507151,-33.415789],[-70.507114,-33.416165],[-70.507056,-33.416918],[-70.507133,-33.417263],[-70.507447,-33.4177],[-70.507794,-33.418006],[-70.508395,-33.418232],[-70.50895,-33.418267],[-70.508987,-33.418403],[-70.509073,-33.418416],[-70.509248,-33.418418],[-70.509419,-33.418462],[-70.509577,-33.418457],[-70.509612,-33.418245],[-70.509722,-33.418201],[-70.509823,-33.418132],[-70.509994,-33.418105],[-70.510105,-33.418135],[-70.510264,-33.418155],[-70.510332,-33.417936],[-70.510364,-33.417785],[-70.510477,-33.417683],[-70.510626,-33.417628],[-70.510762,-33.417608],[-70.51086,-33.417575],[-70.51102,-33.417459],[-70.511275,-33.417427],[-70.511326,-33.41738],[-70.511397,-33.417329],[-70.51137,-33.417257],[-70.511387,-33.4172],[-70.511445,-33.417131],[-70.51161,-33.417018],[-70.511831,-33.416958],[-70.511923,-33.416893],[-70.512143,-33.41674],[-70.512261,-33.416695],[-70.512402,-33.416708],[-70.512604,-33.41677],[-70.51275,-33.41684],[-70.512719,-33.416743],[-70.512734,-33.416643],[-70.512769,-33.416381],[-70.512888,-33.416287],[-70.51289,-33.416213],[-70.513006,-33.416092],[-70.513064,-33.415954],[-70.513157,-33.415783],[-70.51326,-33.41577],[-70.513231,-33.415765],[-70.51315,-33.415746],[-70.513087,-33.415722],[-70.513048,-33.4157],[-70.513016,-33.415678],[-70.512955,-33.415629],[-70.512833,-33.415522],[-70.512875,-33.415394],[-70.512921,-33.415234],[-70.512943,-33.41513],[-70.512958,-33.415036],[-70.512994,-33.41486],[-70.512984,-33.414637],[-70.512955,-33.414458],[-70.51289,-33.414252],[-70.512621,-33.414264],[-70.512224,-33.414276],[-70.512238,-33.414828],[-70.512188,-33.414829],[-70.511009,-33.414844],[-70.510997,-33.414158],[-70.510839,-33.414124],[-70.510169,-33.414129],[-70.510174,-33.413227],[-70.510976,-33.413213],[-70.510975,-33.412866],[-70.512521,-33.41318],[-70.512578,-33.413193],[-70.512576,-33.41318],[-70.512577,-33.413168],[-70.512466,-33.413071],[-70.510341,-33.412655],[-70.509782,-33.412562],[-70.50928,-33.412491],[-70.508767,-33.412445],[-70.507889,-33.41238],[-70.507593,-33.412354],[-70.507199,-33.412283],[-70.50665,-33.412127],[-70.506204,-33.411961],[-70.505991,-33.41186],[-70.506006,-33.412099],[-70.506121,-33.41261]]]}},{"type":"Feature","properties":{"zona":"UV/EAb4","nombre":"UV/EAb4 Zona de Uso de Suelo de Vivienda/ Edificación Aislada Baja Nº4","upref":"Residencial","uperm":"Residencial.","uproh":"Equipamiento; actividad productiva; infraestructura; espacio público y áreas verdes.","url":"http://www.observatoriourbano.cl/Ipt/cehu_resultado_decreto.asp?r=0&c=193&i=25"},"geometry":{"type":"Polygon","coordinates":[[[-70.506986,-33.418939],[-70.507082,-33.41906],[-70.507193,-33.419023],[-70.507581,-33.419025],[-70.507721,-33.419206],[-70.507989,-33.419181],[-70.508029,-33.418995],[-70.508343,-33.418891],[-70.508337,-33.41878],[-70.508408,-33.418714],[-70.508517,-33.418613],[-70.508662,-33.418579],[-70.508737,-33.418496],[-70.508813,-33.418441],[-70.508987,-33.418403],[-70.50895,-33.418267],[-70.508395,-33.418232],[-70.507794,-33.418006],[-70.507447,-33.4177],[-70.507133,-33.417263],[-70.507056,-33.416918],[-70.507114,-33.416165],[-70.507151,-33.415789],[-70.507118,-33.415151],[-70.507055,-33.414812],[-70.506895,-33.414194],[-70.506279,-33.413074],[-70.506121,-33.41261],[-70.506006,-33.412099],[-70.505991,-33.41186],[-70.505785,-33.411761],[-70.50552,-33.411564],[-70.50527,-33.411261],[-70.505142,-33.411105],[-70.504425,-33.410818],[-70.504203,-33.410759],[-70.503535,-33.410643],[-70.503199,-33.410583],[-70.503269,-33.410689],[-70.50521,-33.413582],[-70.505501,-33.414115],[-70.505697,-33.414621],[-70.505872,-33.415328],[-70.505934,-33.415986],[-70.505927,-33.416573],[-70.505878,-33.417146],[-70.505679,-33.418008],[-70.505586,-33.418251],[-70.505764,-33.418328],[-70.505932,-33.418462],[-70.506123,-33.418617],[-70.50653,-33.418687],[-70.506986,-33.418939]]]}},{"type":"Feature","properties":{"zona":"UV/EAb1","nombre":"UV/EAb1 Zona de Uso de Suelo de Vivienda/ Edificación Aislada Baja Nº1","upref":"Residencial","uperm":"Residencial.","uproh":"Equipamiento; actividad productiva; infraestructura; espacio público y áreas verdes.","url":"http://www.observatoriourbano.cl/Ipt/cehu_resultado_decreto.asp?r=0&c=193&i=25"},"geometry":{"type":"Polygon","coordinates":[[[-70.51289,-33.414252],[-70.512955,-33.414458],[-70.512984,-33.414637],[-70.512994,-33.41486],[-70.512958,-33.415036],[-70.512943,-33.41513],[-70.512921,-33.415234],[-70.512875,-33.415394],[-70.512833,-33.415522],[-70.512955,-33.415629],[-70.513016,-33.415678],[-70.513048,-33.4157],[-70.513087,-33.415722],[-70.51315,-33.415746],[-70.513231,-33.415765],[-70.51326,-33.41577],[-70.513547,-33.415734],[-70.513531,-33.415603],[-70.513459,-33.415553],[-70.513421,-33.41544],[-70.513379,-33.415273],[-70.51348,-33.415156],[-70.513479,-33.415072],[-70.513554,-33.414895],[-70.513598,-33.414773],[-70.513657,-33.414706],[-70.513827,-33.414621],[-70.513991,-33.414463],[-70.514115,-33.414462],[-70.514274,-33.414362],[-70.514497,-33.414311],[-70.514597,-33.414355],[-70.514704,-33.414356],[-70.514833,-33.414385],[-70.514853,-33.41431],[-70.51477,-33.414254],[-70.51475,-33.414159],[-70.514739,-33.414111],[-70.514653,-33.414071],[-70.514525,-33.414069],[-70.514435,-33.414023],[-70.514197,-33.413858],[-70.514079,-33.413779],[-70.513896,-33.413692],[-70.51382,-33.413636],[-70.513614,-33.413636],[-70.513389,-33.413603],[-70.513228,-33.413521],[-70.513027,-33.413458],[-70.512845,-33.413401],[-70.512577,-33.413168],[-70.512576,-33.41318],[-70.512578,-33.413193],[-70.512591,-33.413272],[-70.512639,-33.413462],[-70.512825,-33.414047],[-70.51289,-33.414252]]]}},{"type":"Feature","properties":{"zona":"UV/Ee1","nombre":"UV/Ee1 Zona de Uso de Suelo de Vivienda/ EdificaciónEspecial N°1, Equipamientos","upref":"Residencial","uperm":"Residencial.","uproh":"Equipamiento; actividad productiva; infraestructura; espacio público y áreas verdes.","url":"http://www.observatoriourbano.cl/Ipt/cehu_resultado_decreto.asp?r=0&c=193&i=25"},"geometry":{"type":"Polygon","coordinates":[[[-70.52632,-33.415767],[-70.526461,-33.416023],[-70.526623,-33.416494],[-70.526785,-33.416957],[-70.526882,-33.417289],[-70.527358,-33.416787],[-70.527347,-33.416688],[-70.527862,-33.416204],[-70.52793,-33.416077],[-70.527881,-33.416022],[-70.527904,-33.415906],[-70.527974,-33.415834],[-70.52813,-33.41593],[-70.528222,-33.415835],[-70.52861,-33.416017],[-70.528556,-33.416085],[-70.528747,-33.41617],[-70.52872,-33.416213],[-70.52923,-33.416451],[-70.529368,-33.416277],[-70.529444,-33.41617],[-70.529394,-33.416145],[-70.529224,-33.41606],[-70.528748,-33.415831],[-70.528626,-33.415772],[-70.528367,-33.415702],[-70.52799,-33.415589],[-70.527357,-33.415533],[-70.527083,-33.415457],[-70.526228,-33.415389],[-70.52632,-33.415767]]]}},{"type":"Feature","properties":{"zona":"UV/EAb4","nombre":"UV/EAb4 Zona de Uso de Suelo de Vivienda/ Edificación Aislada Baja Nº4","upref":"Residencial","uperm":"Residencial.","uproh":"Equipamiento; actividad productiva; infraestructura; espacio público y áreas verdes.","url":"http://www.observatoriourbano.cl/Ipt/cehu_resultado_decreto.asp?r=0&c=193&i=25"},"geometry":{"type":"Polygon","coordinates":[[[-70.520131,-33.413719],[-70.519885,-33.413815],[-70.519714,-33.413788],[-70.519548,-33.41379],[-70.519415,-33.413749],[-70.519253,-33.413747],[-70.519219,-33.413773],[-70.519203,-33.413823],[-70.518975,-33.413951],[-70.518791,-33.413928],[-70.518701,-33.413912],[-70.518587,-33.413784],[-70.518561,-33.41372],[-70.518423,-33.413919],[-70.518242,-33.414043],[-70.518084,-33.414037],[-70.517982,-33.414085],[-70.517709,-33.414056],[-70.517669,-33.413971],[-70.517566,-33.413943],[-70.517506,-33.413948],[-70.517121,-33.414103],[-70.517123,-33.414224],[-70.51709,-33.414311],[-70.517016,-33.414469],[-70.517089,-33.414504],[-70.517159,-33.414621],[-70.51723,-33.41476],[-70.517259,-33.414956],[-70.517224,-33.415147],[-70.517118,-33.415441],[-70.516959,-33.415608],[-70.51692,-33.415798],[-70.51685,-33.41596],[-70.516915,-33.416038],[-70.516938,-33.416134],[-70.516953,-33.416231],[-70.516886,-33.416332],[-70.516981,-33.416363],[-70.517067,-33.416408],[-70.517145,-33.416511],[-70.517185,-33.416593],[-70.517208,-33.416675],[-70.51721,-33.416786],[-70.517236,-33.416818],[-70.517242,-33.4169],[-70.517295,-33.417003],[-70.517305,-33.417078],[-70.51739,-33.417081],[-70.517475,-33.4171],[-70.517451,-33.416924],[-70.517436,-33.416714],[-70.51752,-33.416641],[-70.517741,-33.416553],[-70.517842,-33.416494],[-70.51798,-33.416583],[-70.518302,-33.416761],[-70.51839,-33.416884],[-70.518667,-33.417105],[-70.518697,-33.417209],[-70.518836,-33.417351],[-70.519027,-33.41753],[-70.519054,-33.417763],[-70.519176,-33.417924],[-70.519322,-33.418054],[-70.519488,-33.418202],[-70.519759,-33.418413],[-70.520089,-33.418629],[-70.520227,-33.418773],[-70.520239,-33.418923],[-70.520165,-33.41911],[-70.520245,-33.419309],[-70.520542,-33.419707],[-70.520744,-33.419976],[-70.520706,-33.420249],[-70.520631,-33.420851],[-70.520527,-33.421239],[-70.520326,-33.421463],[-70.519967,-33.421933],[-70.519827,-33.422264],[-70.519739,-33.42258],[-70.519728,-33.422931],[-70.51969,-33.423182],[-70.51957,-33.42415],[-70.519459,-33.424645],[-70.519295,-33.425012],[-70.518946,-33.425596],[-70.518706,-33.426],[-70.518631,-33.426122],[-70.51855,-33.426388],[-70.518411,-33.426748],[-70.51823,-33.427101],[-70.517924,-33.427684],[-70.517861,-33.427979],[-70.517801,-33.428466],[-70.517783,-33.428896],[-70.517588,-33.429972],[-70.517474,-33.430253],[-70.517293,-33.430565],[-70.516978,-33.430836],[-70.516707,-33.430944],[-70.516164,-33.431151],[-70.515767,-33.431213],[-70.515428,-33.431351],[-70.515225,-33.431468],[-70.515103,-33.431641],[-70.514561,-33.431877],[-70.514351,-33.431948],[-70.514322,-33.432289],[-70.514407,-33.432753],[-70.514685,-33.432557],[-70.515042,-33.432452],[-70.515238,-33.432464],[-70.515489,-33.432618],[-70.515675,-33.432552],[-70.515906,-33.432578],[-70.516036,-33.432655],[-70.516134,-33.432739],[-70.516205,-33.432891],[-70.516324,-33.432899],[-70.516483,-33.432854],[-70.51658,-33.432858],[-70.51664,-33.43288],[-70.516757,-33.432923],[-70.516861,-33.433007],[-70.516914,-33.433102],[-70.51704,-33.433139],[-70.517193,-33.433113],[-70.517335,-33.433054],[-70.517503,-33.432947],[-70.517976,-33.432932],[-70.518128,-33.432858],[-70.518241,-33.432809],[-70.518422,-33.432769],[-70.518508,-33.432787],[-70.518757,-33.432717],[-70.51907,-33.432694],[-70.519395,-33.432427],[-70.51965,-33.432329],[-70.519768,-33.432242],[-70.519943,-33.432158],[-70.520095,-33.432047],[-70.520207,-33.431969],[-70.520383,-33.431924],[-70.520599,-33.431921],[-70.520822,-33.431961],[-70.520981,-33.431945],[-70.521133,-33.431876],[-70.521255,-33.431703],[-70.521356,-33.431602],[-70.521493,-33.431304],[-70.521461,-33.431109],[-70.521504,-33.430932],[-70.521557,-33.430697],[-70.521662,-33.430558],[-70.521798,-33.430522],[-70.521865,-33.430504],[-70.521916,-33.430291],[-70.521936,-33.430216],[-70.521965,-33.429678],[-70.522531,-33.428372],[-70.523176,-33.42719],[-70.524117,-33.425815],[-70.524733,-33.425174],[-70.525671,-33.424343],[-70.526045,-33.424035],[-70.526711,-33.423804],[-70.527691,-33.423427],[-70.52963,-33.421956],[-70.529627,-33.421856],[-70.529625,-33.42169],[-70.529624,-33.421448],[-70.529624,-33.421433],[-70.529616,-33.420131],[-70.529616,-33.420009],[-70.529616,-33.41995],[-70.528926,-33.419966],[-70.528807,-33.420036],[-70.528502,-33.420073],[-70.528433,-33.420011],[-70.528337,-33.420027],[-70.528027,-33.420165],[-70.527879,-33.420287],[-70.527493,-33.420396],[-70.527016,-33.42056],[-70.526759,-33.420512],[-70.526478,-33.420504],[-70.526321,-33.420443],[-70.526166,-33.420358],[-70.526098,-33.420335],[-70.52596,-33.420349],[-70.525763,-33.420277],[-70.525716,-33.420227],[-70.525563,-33.420223],[-70.525262,-33.420095],[-70.525187,-33.420078],[-70.524889,-33.419956],[-70.524856,-33.419897],[-70.524799,-33.419898],[-70.524612,-33.41976],[-70.524333,-33.41965],[-70.524164,-33.41959],[-70.52374,-33.419511],[-70.523609,-33.419546],[-70.523275,-33.419565],[-70.522506,-33.419359],[-70.522281,-33.419264],[-70.52211,-33.419269],[-70.521975,-33.419256],[-70.521832,-33.419207],[-70.521668,-33.419209],[-70.521538,-33.419332],[-70.521453,-33.419342],[-70.521214,-33.419512],[-70.520885,-33.419156],[-70.520972,-33.419074],[-70.521243,-33.418924],[-70.521281,-33.418855],[-70.52145,-33.418728],[-70.521624,-33.41875],[-70.521845,-33.41875],[-70.521984,-33.418775],[-70.522116,-33.418809],[-70.522419,-33.418809],[-70.522461,-33.41882],[-70.522762,-33.418951],[-70.523252,-33.419088],[-70.523523,-33.41909],[-70.523692,-33.419038],[-70.524253,-33.419141],[-70.524427,-33.41913],[-70.524628,-33.419274],[-70.524958,-33.419392],[-70.525051,-33.419462],[-70.525223,-33.419508],[-70.525299,-33.419596],[-70.525571,-33.419709],[-70.525654,-33.419753],[-70.525825,-33.419769],[-70.5261,-33.419887],[-70.526318,-33.419899],[-70.526632,-33.420056],[-70.526823,-33.420056],[-70.526932,-33.420088],[-70.527038,-33.419968],[-70.527554,-33.419894],[-70.528062,-33.419611],[-70.52843,-33.41954],[-70.52867,-33.419575],[-70.528879,-33.419511],[-70.529617,-33.419496],[-70.529617,-33.419202],[-70.529621,-33.419018],[-70.529624,-33.418785],[-70.529624,-33.418609],[-70.52938,-33.418622],[-70.529036,-33.418727],[-70.52898,-33.418593],[-70.528969,-33.418565],[-70.527209,-33.418589],[-70.527168,-33.418316],[-70.527092,-33.417968],[-70.527042,-33.417749],[-70.526967,-33.417467],[-70.526882,-33.417289],[-70.526785,-33.416957],[-70.526623,-33.416494],[-70.526461,-33.416023],[-70.52632,-33.415767],[-70.526228,-33.415389],[-70.527083,-33.415457],[-70.527357,-33.415533],[-70.52799,-33.415589],[-70.528367,-33.415702],[-70.528626,-33.415772],[-70.528748,-33.415831],[-70.529224,-33.41606],[-70.529394,-33.416145],[-70.529444,-33.41617],[-70.529542,-33.416218],[-70.52955,-33.415966],[-70.529553,-33.415889],[-70.529328,-33.415874],[-70.529028,-33.41578],[-70.528698,-33.415643],[-70.528345,-33.415376],[-70.528223,-33.415342],[-70.528093,-33.415227],[-70.527825,-33.415126],[-70.527369,-33.415108],[-70.527174,-33.415137],[-70.526996,-33.415098],[-70.526863,-33.415019],[-70.526491,-33.414898],[-70.526183,-33.414821],[-70.526021,-33.41468],[-70.526012,-33.414591],[-70.525895,-33.414598],[-70.525523,-33.41451],[-70.525303,-33.41451],[-70.525108,-33.414539],[-70.52489,-33.414494],[-70.524786,-33.414466],[-70.524645,-33.414491],[-70.524502,-33.414481],[-70.524156,-33.414423],[-70.523981,-33.414368],[-70.523601,-33.414203],[-70.523255,-33.414133],[-70.523118,-33.414042],[-70.522972,-33.414008],[-70.52278,-33.414025],[-70.522601,-33.413983],[-70.522425,-33.413886],[-70.522184,-33.413722],[-70.521847,-33.413574],[-70.521658,-33.413517],[-70.520964,-33.413516],[-70.520857,-33.413506],[-70.520625,-33.413461],[-70.520422,-33.413479],[-70.520248,-33.41356],[-70.520181,-33.413621],[-70.520131,-33.413719]]]}},{"type":"Feature","properties":{"zona":"UV/EAb4","nombre":"UV/EAb4 Zona de Uso de Suelo de Vivienda/ Edificación Aislada Baja Nº4","upref":"Residencial","uperm":"Residencial.","uproh":"Equipamiento; actividad productiva; infraestructura; espacio público y áreas verdes.","url":"http://www.observatoriourbano.cl/Ipt/cehu_resultado_decreto.asp?r=0&c=193&i=25"},"geometry":{"type":"Polygon","coordinates":[[[-70.515677,-33.414377],[-70.515557,-33.41445],[-70.515458,-33.414445],[-70.515374,-33.414512],[-70.515334,-33.414703],[-70.515228,-33.414758],[-70.515074,-33.41485],[-70.514868,-33.414876],[-70.514725,-33.41486],[-70.514625,-33.414831],[-70.514575,-33.414808],[-70.514433,-33.414828],[-70.514374,-33.414886],[-70.514234,-33.414909],[-70.514167,-33.414974],[-70.51407,-33.415043],[-70.513972,-33.415324],[-70.51402,-33.41538],[-70.514052,-33.415487],[-70.514075,-33.415609],[-70.514094,-33.415691],[-70.51416,-33.415794],[-70.514178,-33.415883],[-70.514144,-33.416105],[-70.513881,-33.416223],[-70.513518,-33.416224],[-70.51349,-33.416299],[-70.513444,-33.416357],[-70.513438,-33.416497],[-70.513273,-33.416621],[-70.51328,-33.416753],[-70.513299,-33.416849],[-70.513267,-33.416986],[-70.513154,-33.417145],[-70.513,-33.417333],[-70.512929,-33.417448],[-70.512908,-33.417706],[-70.513008,-33.417809],[-70.512697,-33.418117],[-70.512771,-33.418198],[-70.512703,-33.418661],[-70.511897,-33.41944],[-70.511393,-33.419646],[-70.511352,-33.419702],[-70.511297,-33.419707],[-70.511263,-33.419702],[-70.511194,-33.419691],[-70.511106,-33.419721],[-70.511039,-33.419763],[-70.510937,-33.419828],[-70.510969,-33.419841],[-70.511105,-33.419776],[-70.511203,-33.419777],[-70.511379,-33.419852],[-70.51143,-33.419851],[-70.511554,-33.419788],[-70.51179,-33.419603],[-70.51192,-33.419544],[-70.512153,-33.419551],[-70.512283,-33.419478],[-70.512454,-33.4195],[-70.51252,-33.419394],[-70.512617,-33.419378],[-70.512713,-33.41932],[-70.512751,-33.419219],[-70.51281,-33.419033],[-70.512829,-33.418837],[-70.512879,-33.418721],[-70.513007,-33.418577],[-70.513226,-33.418426],[-70.513851,-33.418032],[-70.514206,-33.417841],[-70.514307,-33.417726],[-70.514441,-33.417595],[-70.514699,-33.417382],[-70.515151,-33.417186],[-70.515407,-33.417163],[-70.515713,-33.417117],[-70.51614,-33.417126],[-70.516415,-33.417237],[-70.516622,-33.417363],[-70.517454,-33.417711],[-70.517648,-33.417771],[-70.517931,-33.417982],[-70.517987,-33.417958],[-70.517731,-33.417641],[-70.517687,-33.417555],[-70.516764,-33.417233],[-70.516718,-33.41705],[-70.516614,-33.416822],[-70.516619,-33.416738],[-70.516434,-33.416587],[-70.516296,-33.416451],[-70.51628,-33.416338],[-70.516348,-33.416146],[-70.516296,-33.416034],[-70.516307,-33.415855],[-70.51641,-33.415609],[-70.516429,-33.415459],[-70.516547,-33.415321],[-70.516638,-33.415218],[-70.516719,-33.414997],[-70.51671,-33.414883],[-70.516644,-33.414777],[-70.51648,-33.414707],[-70.516455,-33.414523],[-70.516467,-33.414397],[-70.516522,-33.414271],[-70.516528,-33.414205],[-70.5164,-33.414237],[-70.516188,-33.414311],[-70.515919,-33.414368],[-70.515677,-33.414377]]]}},{"type":"Feature","properties":{"zona":"UV/EAb4","nombre":"UV/EAb4 Zona de Uso de Suelo de Vivienda/ Edificación Aislada Baja Nº4","upref":"Residencial","uperm":"Residencial.","uproh":"Equipamiento; actividad productiva; infraestructura; espacio público y áreas verdes.","url":"http://www.observatoriourbano.cl/Ipt/cehu_resultado_decreto.asp?r=0&c=193&i=25"},"geometry":{"type":"Polygon","coordinates":[[[-70.511517,-33.417873],[-70.511379,-33.417908],[-70.511279,-33.417897],[-70.511146,-33.41797],[-70.510916,-33.418051],[-70.510841,-33.418066],[-70.510802,-33.418246],[-70.510793,-33.41838],[-70.510724,-33.418479],[-70.510587,-33.418565],[-70.510488,-33.418605],[-70.510303,-33.418625],[-70.510207,-33.418626],[-70.510194,-33.418659],[-70.510159,-33.418719],[-70.510471,-33.418723],[-70.510637,-33.418704],[-70.510746,-33.418666],[-70.510964,-33.418639],[-70.511099,-33.418593],[-70.511201,-33.418544],[-70.511335,-33.418415],[-70.511416,-33.418368],[-70.511616,-33.418318],[-70.51168,-33.418319],[-70.511872,-33.418393],[-70.511942,-33.41847],[-70.511942,-33.418722],[-70.512089,-33.418972],[-70.512099,-33.418782],[-70.512193,-33.418488],[-70.512222,-33.418318],[-70.512117,-33.418212],[-70.512176,-33.417925],[-70.51233,-33.417783],[-70.512361,-33.417684],[-70.512373,-33.417553],[-70.512395,-33.417424],[-70.512397,-33.417311],[-70.512435,-33.417236],[-70.512341,-33.417183],[-70.512226,-33.417289],[-70.512046,-33.417387],[-70.511936,-33.417418],[-70.511924,-33.417504],[-70.511752,-33.417683],[-70.511739,-33.417721],[-70.511517,-33.417873]]]}},{"type":"Feature","properties":{"zona":"UVO/EAa2","nombre":"UVO/EAa2 Zona de Uso de Vivienda y Equipamiento de Oficina/ Edificación Aislada Alta N°2","upref":"Mixto","uperm":"Residencial; equipamiento.","uproh":"Actividad productiva; infraestructura; espacio público y áreas verdes.","url":"http://www.observatoriourbano.cl/Ipt/cehu_resultado_decreto.asp?r=0&c=193&i=25"},"geometry":{"type":"Polygon","coordinates":[[[-70.503981,-33.384876],[-70.504917,-33.385716],[-70.507216,-33.384428],[-70.50777,-33.38374],[-70.507198,-33.383619],[-70.507156,-33.383682],[-70.507086,-33.383716],[-70.50698,-33.383765],[-70.506705,-33.383866],[-70.506614,-33.383948],[-70.506278,-33.384069],[-70.506105,-33.38413],[-70.505899,-33.38418],[-70.505596,-33.384292],[-70.505562,-33.384323],[-70.505407,-33.384447],[-70.505275,-33.384536],[-70.505166,-33.384605],[-70.50504,-33.384656],[-70.504896,-33.384716],[-70.504769,-33.384761],[-70.504596,-33.384807],[-70.504486,-33.384828],[-70.504365,-33.384849],[-70.504214,-33.38486],[-70.504058,-33.384872],[-70.503981,-33.384876]]]}},{"type":"Feature","properties":{"zona":"UV/EAb4","nombre":"UV/EAb4 Zona de Uso de Suelo de Vivienda/ Edificación Aislada Baja Nº4","upref":"Residencial","uperm":"Residencial.","uproh":"Equipamiento; actividad productiva; infraestructura; espacio público y áreas verdes.","url":"http://www.observatoriourbano.cl/Ipt/cehu_resultado_decreto.asp?r=0&c=193&i=25"},"geometry":{"type":"Polygon","coordinates":[[[-70.49467,-33.379483],[-70.494346,-33.379491],[-70.494233,-33.379476],[-70.494392,-33.379617],[-70.494557,-33.379711],[-70.494809,-33.379934],[-70.494855,-33.380119],[-70.494918,-33.380476],[-70.494917,-33.38084],[-70.494767,-33.381593],[-70.494766,-33.381597],[-70.494859,-33.381547],[-70.494972,-33.381522],[-70.495103,-33.381511],[-70.495266,-33.381399],[-70.495714,-33.381331],[-70.495787,-33.381249],[-70.495893,-33.381167],[-70.496057,-33.381108],[-70.496152,-33.380987],[-70.496327,-33.380885],[-70.496617,-33.380881],[-70.496724,-33.380847],[-70.496814,-33.380784],[-70.496893,-33.380764],[-70.496904,-33.380692],[-70.496959,-33.380615],[-70.497139,-33.38046],[-70.497268,-33.380353],[-70.497663,-33.380172],[-70.497798,-33.380094],[-70.497836,-33.380027],[-70.498118,-33.379852],[-70.49774,-33.379737],[-70.497597,-33.379662],[-70.497334,-33.379613],[-70.497108,-33.379659],[-70.496927,-33.379718],[-70.496467,-33.379757],[-70.495983,-33.379729],[-70.495662,-33.379619],[-70.495513,-33.379535],[-70.495273,-33.379504],[-70.495034,-33.379464],[-70.49467,-33.379483]]]}},{"type":"Feature","properties":{"zona":"UV/EAb4","nombre":"UV/EAb4 Zona de Uso de Suelo de Vivienda/ Edificación Aislada Baja Nº4","upref":"Residencial","uperm":"Residencial.","uproh":"Equipamiento; actividad productiva; infraestructura; espacio público y áreas verdes.","url":"http://www.observatoriourbano.cl/Ipt/cehu_resultado_decreto.asp?r=0&c=193&i=25"},"geometry":{"type":"Polygon","coordinates":[[[-70.493804,-33.390266],[-70.493855,-33.390748],[-70.493908,-33.39132],[-70.493894,-33.391528],[-70.49383,-33.391775],[-70.493792,-33.392535],[-70.493845,-33.392638],[-70.493904,-33.39272],[-70.494001,-33.39273],[-70.494531,-33.392752],[-70.495133,-33.392726],[-70.495745,-33.392626],[-70.495787,-33.392922],[-70.495895,-33.393259],[-70.496125,-33.393499],[-70.496125,-33.393501],[-70.496172,-33.393573],[-70.496374,-33.393766],[-70.496633,-33.393945],[-70.496764,-33.394014],[-70.496984,-33.394129],[-70.497097,-33.394167],[-70.497225,-33.394182],[-70.497376,-33.394179],[-70.49751,-33.394217],[-70.497601,-33.394244],[-70.497691,-33.394265],[-70.497781,-33.394264],[-70.497917,-33.394244],[-70.498092,-33.39421],[-70.49822,-33.394212],[-70.498357,-33.394207],[-70.498698,-33.394134],[-70.498856,-33.3941],[-70.499056,-33.394044],[-70.499201,-33.393988],[-70.499336,-33.3939],[-70.49943,-33.393871],[-70.499741,-33.393788],[-70.499932,-33.393714],[-70.500212,-33.393585],[-70.500731,-33.393367],[-70.501136,-33.393243],[-70.501301,-33.393173],[-70.501094,-33.392975],[-70.500777,-33.39286],[-70.500626,-33.392787],[-70.500346,-33.392668],[-70.499816,-33.392434],[-70.49954,-33.392312],[-70.498259,-33.391691],[-70.498236,-33.391707],[-70.498109,-33.391779],[-70.497817,-33.391949],[-70.497519,-33.392085],[-70.497506,-33.392091],[-70.497451,-33.391961],[-70.497416,-33.391789],[-70.497054,-33.391205],[-70.497032,-33.39114],[-70.497026,-33.391094],[-70.497012,-33.390988],[-70.496774,-33.390552],[-70.496689,-33.390396],[-70.49666,-33.390353],[-70.496293,-33.390368],[-70.495875,-33.390341],[-70.495533,-33.390302],[-70.495088,-33.390211],[-70.494976,-33.390187],[-70.494712,-33.390198],[-70.494401,-33.390219],[-70.493804,-33.390266]]]}},{"type":"Feature","properties":{"zona":"UV/Ee3","nombre":"UV/Ee3 Zona de Uso de Suelo de Vivienda/ EdificaciónEspacial N°3 Parques Intercomunales","upref":"Residencial","uperm":"Residencial.","uproh":"Equipamiento; actividad productiva; infraestructura; espacio público y áreas verdes.","url":"http://www.observatoriourbano.cl/Ipt/cehu_resultado_decreto.asp?r=0&c=193&i=25"},"geometry":{"type":"Polygon","coordinates":[[[-70.49331,-33.392658],[-70.493904,-33.39272],[-70.493845,-33.392638],[-70.493792,-33.392535],[-70.49383,-33.391775],[-70.493894,-33.391528],[-70.493908,-33.39132],[-70.493855,-33.390748],[-70.493804,-33.390266],[-70.493805,-33.391336],[-70.493269,-33.392654],[-70.49331,-33.392658]]]}},{"type":"Feature","properties":{"zona":"UC1/EAm1","nombre":"UC1/EAm1 Zona de Uso de Comercio N°1 e Instituciones Comunal/ Edificación Aislada Media N°1","upref":"Equipamiento","uperm":"Equipamiento de comercio.","uproh":"Residencial; equipamiento de culto, deporte, educación, esparcimiento, salud, seguridad y servicio, actividad productiva; infraestructura; espacio público y áreas verdes.","url":"http://www.observatoriourbano.cl/Ipt/cehu_resultado_decreto.asp?r=0&c=193&i=25"},"geometry":{"type":"Polygon","coordinates":[[[-70.496722,-33.367395],[-70.497168,-33.367524],[-70.497245,-33.367506],[-70.497126,-33.367386],[-70.497139,-33.36702],[-70.49685,-33.367009],[-70.496336,-33.36698],[-70.496099,-33.366973],[-70.496076,-33.366972],[-70.495997,-33.367201],[-70.496022,-33.367323],[-70.496722,-33.367395]]]}},{"type":"Feature","properties":{"zona":"UC2/EAm1p","nombre":"UC2/EAm1p Zona de Uso de Comercio N°2 e Instituciones Metropolitanas/ Edificación Aislada Media Nº1 Prima","upref":"Equipamiento","uperm":"Equipamiento de comercio.","uproh":"Residencial; equipamiento de culto, deporte, educación, esparcimiento, salud, seguridad y servicio, actividad productiva; infraestructura; espacio público y áreas verdes.","url":"http://www.observatoriourbano.cl/Ipt/cehu_resultado_decreto.asp?r=0&c=193&i=25"},"geometry":{"type":"Polygon","coordinates":[[[-70.504068,-33.370248],[-70.505062,-33.370499],[-70.505354,-33.369899],[-70.505288,-33.369868],[-70.505228,-33.369846],[-70.505172,-33.369826],[-70.504993,-33.36976],[-70.504991,-33.369759],[-70.50443,-33.369551],[-70.504402,-33.369541],[-70.504336,-33.369517],[-70.50427,-33.369486],[-70.504136,-33.369421],[-70.503854,-33.369288],[-70.503825,-33.369275],[-70.503537,-33.369139],[-70.503146,-33.368957],[-70.502812,-33.368871],[-70.502573,-33.368768],[-70.502226,-33.368619],[-70.501995,-33.368593],[-70.50188,-33.36859],[-70.501759,-33.3686],[-70.501669,-33.368621],[-70.501584,-33.368667],[-70.501508,-33.368706],[-70.501154,-33.368887],[-70.502106,-33.369347],[-70.503153,-33.369883],[-70.504068,-33.370248]]]}},{"type":"Feature","properties":{"zona":"UEe1/Ee1","nombre":"UEe1/Ee1 Zona Especial 1 Equipamientos Intercomunales y Comunal/ Edificación Especial N°1, Equipamientos","upref":"Equipamiento","uperm":"Equipamiento de todo tipo.","uproh":"Residencial; actividad productiva.","url":"http://www.observatoriourbano.cl/Ipt/cehu_resultado_decreto.asp?r=0&c=193&i=25"},"geometry":{"type":"Polygon","coordinates":[[[-70.504889,-33.371754],[-70.505506,-33.371933],[-70.505947,-33.371089],[-70.505965,-33.371054],[-70.505467,-33.37086],[-70.505582,-33.37063],[-70.505747,-33.370302],[-70.505834,-33.370036],[-70.505818,-33.370033],[-70.505729,-33.370016],[-70.505662,-33.370003],[-70.505411,-33.369926],[-70.505354,-33.369899],[-70.505062,-33.370499],[-70.504886,-33.37086],[-70.504499,-33.371655],[-70.504889,-33.371754]]]}},{"type":"Feature","properties":{"zona":"UEe1/Ee1","nombre":"UEe1/Ee1 Zona Especial 1 Equipamientos Intercomunales y Comunal/ Edificación Especial N°1, Equipamientos","upref":"Equipamiento","uperm":"Equipamiento de todo tipo.","uproh":"Residencial; actividad productiva.","url":"http://www.observatoriourbano.cl/Ipt/cehu_resultado_decreto.asp?r=0&c=193&i=25"},"geometry":{"type":"Polygon","coordinates":[[[-70.507815,-33.371256],[-70.507992,-33.371325],[-70.508168,-33.37101],[-70.508566,-33.370296],[-70.508051,-33.370231],[-70.508028,-33.370228],[-70.507627,-33.370931],[-70.507589,-33.370997],[-70.50789,-33.371115],[-70.507815,-33.371256]]]}},{"type":"Feature","properties":{"zona":"UC2/EAm1p","nombre":"UC2/EAm1p Zona de Uso de Comercio N°2 e Instituciones Metropolitanas/ Edificación Aislada Media Nº1 Prima","upref":"Equipamiento","uperm":"Equipamiento de comercio.","uproh":"Residencial; equipamiento de culto, deporte, educación, esparcimiento, salud, seguridad y servicio, actividad productiva; infraestructura; espacio público y áreas verdes.","url":"http://www.observatoriourbano.cl/Ipt/cehu_resultado_decreto.asp?r=0&c=193&i=25"},"geometry":{"type":"Polygon","coordinates":[[[-70.507491,-33.370912],[-70.507627,-33.370931],[-70.508028,-33.370228],[-70.507865,-33.370207],[-70.50766,-33.370194],[-70.506909,-33.370147],[-70.506765,-33.370138],[-70.506656,-33.370128],[-70.506634,-33.370127],[-70.506566,-33.37012],[-70.506464,-33.370111],[-70.506305,-33.370097],[-70.506298,-33.370097],[-70.505948,-33.370058],[-70.505906,-33.37005],[-70.505834,-33.370036],[-70.505747,-33.370302],[-70.505582,-33.37063],[-70.505712,-33.370663],[-70.506339,-33.370775],[-70.507491,-33.370912]]]}},{"type":"Feature","properties":{"zona":"UEe1/Ee1","nombre":"UEe1/Ee1 Zona Especial 1 Equipamientos Intercomunales y Comunal/ Edificación Especial N°1, Equipamientos","upref":"Equipamiento","uperm":"Equipamiento de todo tipo.","uproh":"Residencial; actividad productiva.","url":"http://www.observatoriourbano.cl/Ipt/cehu_resultado_decreto.asp?r=0&c=193&i=25"},"geometry":{"type":"Polygon","coordinates":[[[-70.499141,-33.376131],[-70.499561,-33.376234],[-70.499687,-33.375937],[-70.499754,-33.375698],[-70.499914,-33.374843],[-70.500021,-33.374693],[-70.500313,-33.373707],[-70.499632,-33.373538],[-70.499433,-33.373511],[-70.498788,-33.373361],[-70.498917,-33.37362],[-70.49917,-33.374114],[-70.499248,-33.374312],[-70.499303,-33.374517],[-70.499317,-33.374652],[-70.499321,-33.374684],[-70.499323,-33.374821],[-70.499304,-33.374983],[-70.499264,-33.375239],[-70.499223,-33.375451],[-70.499225,-33.375556],[-70.499244,-33.375805],[-70.49926,-33.375904],[-70.499239,-33.375985],[-70.499211,-33.376054],[-70.499141,-33.376131]]]}},{"type":"Feature","properties":{"zona":"UEe1/Ee1","nombre":"UEe1/Ee1 Zona Especial 1 Equipamientos Intercomunales y Comunal/ Edificación Especial N°1, Equipamientos","upref":"Equipamiento","uperm":"Equipamiento de todo tipo.","uproh":"Residencial; actividad productiva.","url":"http://www.observatoriourbano.cl/Ipt/cehu_resultado_decreto.asp?r=0&c=193&i=25"},"geometry":{"type":"Polygon","coordinates":[[[-70.519215,-33.375102],[-70.520456,-33.375639],[-70.521203,-33.374682],[-70.521424,-33.374398],[-70.521174,-33.374299],[-70.520984,-33.374223],[-70.520951,-33.374209],[-70.520752,-33.374112],[-70.520229,-33.373859],[-70.520219,-33.373854],[-70.519718,-33.374477],[-70.519215,-33.375102]]]}},{"type":"Feature","properties":{"zona":"AV","nombre":"AV Zona de Áreas Verdes","upref":"Area Verde","uperm":"Área verde.","uproh":"Todo uso no mencionado como permitido.","url":"http://www.observatoriourbano.cl/Ipt/cehu_resultado_decreto.asp?r=0&c=193&i=25"},"geometry":{"type":"Polygon","coordinates":[[[-70.501483,-33.368582],[-70.501458,-33.368627],[-70.500716,-33.369016],[-70.500731,-33.369023],[-70.500742,-33.369031],[-70.50075,-33.369041],[-70.500755,-33.36905],[-70.50076,-33.36906],[-70.500764,-33.369068],[-70.500765,-33.369086],[-70.501154,-33.368887],[-70.501508,-33.368706],[-70.501584,-33.368667],[-70.501669,-33.368621],[-70.501759,-33.3686],[-70.50188,-33.36859],[-70.501995,-33.368593],[-70.502226,-33.368619],[-70.502573,-33.368768],[-70.502812,-33.368871],[-70.503146,-33.368957],[-70.502778,-33.368802],[-70.502709,-33.36877],[-70.50201,-33.368444],[-70.501686,-33.368293],[-70.501377,-33.36815],[-70.501104,-33.368023],[-70.500731,-33.367851],[-70.500826,-33.367963],[-70.501011,-33.368052],[-70.501249,-33.368167],[-70.501473,-33.368428],[-70.501507,-33.368503],[-70.501492,-33.368548],[-70.501483,-33.368582]]]}},{"type":"Feature","properties":{"zona":"UEe3/Ee3","nombre":"UEe3/Ee3 Zona Especial 3 Área de Parques","upref":"Equipamiento","uperm":"Equipamiento de esparcimiento.","uproh":"Residencial; equipamiento de comercio, culto, culto, deporte, educación, salud, seguridad, servicio y social; actividad productiva; infraestructura; espacio público y áreas verdes.","url":"http://www.observatoriourbano.cl/Ipt/cehu_resultado_decreto.asp?r=0&c=193&i=25"},"geometry":{"type":"Polygon","coordinates":[[[-70.60158,-33.417979],[-70.601458,-33.418178],[-70.601879,-33.417909],[-70.602339,-33.417655],[-70.602893,-33.417456],[-70.603364,-33.417384],[-70.603966,-33.417347],[-70.604414,-33.417275],[-70.604828,-33.417193],[-70.604944,-33.417141],[-70.606762,-33.41618],[-70.606905,-33.416164],[-70.60678,-33.416029],[-70.606466,-33.416107],[-70.605927,-33.416406],[-70.604861,-33.416984],[-70.604569,-33.417059],[-70.604232,-33.417122],[-70.604032,-33.417145],[-70.603459,-33.417193],[-70.603111,-33.417242],[-70.602863,-33.417303],[-70.602603,-33.417373],[-70.602202,-33.417525],[-70.601928,-33.417672],[-70.601831,-33.417729],[-70.601664,-33.417834],[-70.60158,-33.417979]]]}}]}